  0
SECTION
  2
HEADER
  9
$ANGBASE
  50
0.0
  9
$ANGDIR
  70
1
  9
$MEASUREMENT
  70
0
  0
ENDSEC
  0
SECTION
  2
TABLES
  0
TABLE
  2
LTYPE
  70
4
  0
LTYPE
  5
40F
  2
CONTINUOUS
  70
0
  3
Solid line
  72
65
  73
0
  40
0.0
  0
LTYPE
  5
410
  2
DASHDOT
 70
0
  3
Dash Dot ____ _ ____ _
 72
65
 73
4
 40
2.0
 49
1.25
 49
-0.25
 49
0.25
 49
-0.25
  0
LTYPE
  5
411
  2
DASHED
 70
0
  3
Dashed __ __ __ __ __
 72
65
 73
2
 40
0.75
 49
0.5
 49
-0.25
  0
LTYPE
  5
43B
  2
DOTTED
 70
0
  3
Dotted .  .  .  .
 72
65
 73
2
 40
0.2
 49
0.0
 49
-0.2
  0
ENDTAB
  0
TABLE
  2
STYLE
  70
4
  0
STYLE
  2
KICAD
  70
0
  40
0
  41
1
  42
1
  50
0
  71
0
  3
isocp.shx
  0
STYLE
  2
KICADB
  70
0
  40
0
  41
1
  42
1
  50
0
  71
0
  3
isocp.shx
  0
STYLE
  2
KICADI
  70
0
  40
0
  41
1
  42
1
  50
15
  71
0
  3
isocp.shx
  0
STYLE
  2
KICADBI
  70
0
  40
0
  41
1
  42
1
  50
15
  71
0
  3
isocp.shx
  0
ENDTAB
  0
TABLE
  2
LAYER
  70
1
  0
LAYER
  2
BLACK
  70
0
  62
7
  6
CONTINUOUS
  0
ENDTAB
  0
ENDSEC
  0
SECTION
  2
ENTITIES
0
LINE
8
BLACK
6
CONTINUOUS
10
3.7802687401574802
20
-3.5083755511811021
11
3.7802786614173227
21
-3.5083776377952756
0
LINE
8
BLACK
6
CONTINUOUS
10
3.7802786614173227
20
-3.5083776377952756
11
3.7802885826771653
21
-3.5083759842519684
0
LINE
8
BLACK
6
CONTINUOUS
10
3.7802885826771653
20
-3.5083759842519684
11
3.7823388976377954
21
-3.5084392125984252
0
LINE
8
BLACK
6
CONTINUOUS
10
3.7823388976377954
20
-3.5084392125984252
11
3.7823500000000001
21
-3.5084417716535432
0
LINE
8
BLACK
6
CONTINUOUS
10
3.7823500000000001
20
-3.5084417716535432
11
3.7823612992125986
21
-3.5084401574803148
0
LINE
8
BLACK
6
CONTINUOUS
10
3.7823612992125986
20
-3.5084401574803148
11
3.7843848031496061
21
-3.5085487795275592
0
LINE
8
BLACK
6
CONTINUOUS
10
3.7843848031496061
20
-3.5085487795275592
11
3.7843971259842517
21
-3.508551929133858
0
LINE
8
BLACK
6
CONTINUOUS
10
3.7843971259842517
20
-3.508551929133858
11
3.7844099212598423
21
-3.5085504330708659
0
LINE
8
BLACK
6
CONTINUOUS
10
3.7844099212598423
20
-3.5085504330708659
11
3.7864046062992127
21
-3.5087087401574801
0
LINE
8
BLACK
6
CONTINUOUS
10
3.7864046062992127
20
-3.5087087401574801
11
3.7864183858267717
21
-3.5087125984251966
0
LINE
8
BLACK
6
CONTINUOUS
10
3.7864183858267717
20
-3.5087125984251966
11
3.7864325590551182
21
-3.5087113779527557
0
LINE
8
BLACK
6
CONTINUOUS
10
3.7864325590551182
20
-3.5087113779527557
11
3.7883964960629921
21
-3.5089236614173229
0
LINE
8
BLACK
6
CONTINUOUS
10
3.7883964960629921
20
-3.5089236614173229
11
3.788411496062992
21
-3.5089283464566927
0
LINE
8
BLACK
6
CONTINUOUS
10
3.788411496062992
20
-3.5089283464566927
11
3.7884272440944882
21
-3.5089274803149606
0
LINE
8
BLACK
6
CONTINUOUS
10
3.7884272440944882
20
-3.5089274803149606
11
3.7901846456692914
21
-3.509173622047244
0
LINE
8
BLACK
6
CONTINUOUS
10
3.7901846456692914
20
-3.509173622047244
11
3.7909440944881889
21
-3.5090088188976378
0
LINE
8
BLACK
6
CONTINUOUS
10
3.7909440944881889
20
-3.5090088188976378
11
3.7909643307086611
21
-3.5090084645669291
0
LINE
8
BLACK
6
CONTINUOUS
10
3.7909643307086611
20
-3.5090084645669291
11
3.7909832677165354
21
-3.5090011417322833
0
LINE
8
BLACK
6
CONTINUOUS
10
3.7909832677165354
20
-3.5090011417322833
11
3.7919475590551182
21
-3.5088324803149606
0
LINE
8
BLACK
6
CONTINUOUS
10
3.7919475590551182
20
-3.5088324803149606
11
3.7919657480314961
21
-3.5088328740157482
0
LINE
8
BLACK
6
CONTINUOUS
10
3.7919657480314961
20
-3.5088328740157482
11
3.7919829133858265
21
-3.508826968503937
0
LINE
8
BLACK
6
CONTINUOUS
10
3.7919829133858265
20
-3.508826968503937
11
3.7929787795275591
21
-3.5086898425196851
0
LINE
8
BLACK
6
CONTINUOUS
10
3.7929787795275591
20
-3.5086898425196851
11
3.7929949606299211
21
-3.5086907874015747
0
LINE
8
BLACK
6
CONTINUOUS
10
3.7929949606299211
20
-3.5086907874015747
11
3.793010433070866
21
-3.508686023622047
0
LINE
8
BLACK
6
CONTINUOUS
10
3.793010433070866
20
-3.508686023622047
11
3.7940360629921259
21
-3.5085785826771652
0
LINE
8
BLACK
6
CONTINUOUS
10
3.7940360629921259
20
-3.5085785826771652
11
3.7940504330708662
21
-3.5085798818897636
0
LINE
8
BLACK
6
CONTINUOUS
10
3.7940504330708662
20
-3.5085798818897636
11
3.794064409448819
21
-3.5085760236220471
0
LINE
8
BLACK
6
CONTINUOUS
10
3.794064409448819
20
-3.5085760236220471
11
3.7951178346456693
21
-3.5084964173228346
0
LINE
8
BLACK
6
CONTINUOUS
10
3.7951178346456693
20
-3.5084964173228346
11
3.7951307086614174
21
-3.5084979527559055
0
LINE
8
BLACK
6
CONTINUOUS
10
3.7951307086614174
20
-3.5084979527559055
11
3.7951432283464568
21
-3.5084948425196849
0
LINE
8
BLACK
6
CONTINUOUS
10
3.7951432283464568
20
-3.5084948425196849
11
3.7962225984251967
21
-3.5084412598425194
0
LINE
8
BLACK
6
CONTINUOUS
10
3.7962225984251967
20
-3.5084412598425194
11
3.7962338582677164
21
-3.5084429133858266
0
LINE
8
BLACK
6
CONTINUOUS
10
3.7962338582677164
20
-3.5084429133858266
11
3.7962450393700786
21
-3.5084403937007873
0
LINE
8
BLACK
6
CONTINUOUS
10
3.7962450393700786
20
-3.5084403937007873
11
3.7973485826771651
21
-3.5084108661417321
0
LINE
8
BLACK
6
CONTINUOUS
10
3.7973485826771651
20
-3.5084108661417321
11
3.7973586614173227
21
-3.5084125590551181
0
LINE
8
BLACK
6
CONTINUOUS
10
3.7973586614173227
20
-3.5084125590551181
11
3.797368622047244
21
-3.5084105511811021
0
LINE
8
BLACK
6
CONTINUOUS
10
3.797368622047244
20
-3.5084105511811021
11
3.7984943700787399
21
-3.5084033464566931
0
LINE
8
BLACK
6
CONTINUOUS
10
3.7984943700787399
20
-3.5084033464566931
11
3.7985070472440943
21
-3.5084057480314961
0
LINE
8
BLACK
6
CONTINUOUS
10
3.7985070472440943
20
-3.5084057480314961
11
3.7985198031496061
21
-3.5084035039370076
0
LINE
8
BLACK
6
CONTINUOUS
10
3.7985198031496061
20
-3.5084035039370076
11
3.800830708661417
21
-3.5084484645669289
0
LINE
8
BLACK
6
CONTINUOUS
10
3.800830708661417
20
-3.5084484645669289
11
3.8008441732283464
21
-3.5084514173228345
0
LINE
8
BLACK
6
CONTINUOUS
10
3.8008441732283464
20
-3.5084514173228345
11
3.8008577952755904
21
-3.5084493700787402
0
LINE
8
BLACK
6
CONTINUOUS
10
3.8008577952755904
20
-3.5084493700787402
11
3.8032353937007874
21
-3.5085611417322835
0
LINE
8
BLACK
6
CONTINUOUS
10
3.8032353937007874
20
-3.5085611417322835
11
3.8032452755905513
21
-3.5085635826771653
0
LINE
8
BLACK
6
CONTINUOUS
10
3.8032452755905513
20
-3.5085635826771653
11
3.8032553937007871
21
-3.5085622834645669
0
LINE
8
BLACK
6
CONTINUOUS
10
3.8032553937007871
20
-3.5085622834645669
11
3.8056847637795275
21
-3.508726062992126
0
LINE
8
BLACK
6
CONTINUOUS
10
3.8056847637795275
20
-3.508726062992126
11
3.8056915354330707
21
-3.5087278740157481
0
LINE
8
BLACK
6
CONTINUOUS
10
3.8056915354330707
20
-3.5087278740157481
11
3.8056985039370077
21
-3.5087270866141731
0
LINE
8
BLACK
6
CONTINUOUS
10
3.8056985039370077
20
-3.5087270866141731
11
3.8081648425196848
21
-3.5089280314960627
0
LINE
8
BLACK
6
CONTINUOUS
10
3.8081648425196848
20
-3.5089280314960627
11
3.8085341732283462
21
-3.5090332677165352
0
LINE
8
BLACK
6
CONTINUOUS
10
3.8085341732283462
20
-3.5090332677165352
11
3.8085561811023623
21
-3.5090591732283465
0
LINE
8
BLACK
6
CONTINUOUS
10
3.8085561811023623
20
-3.5090591732283465
11
3.8085897637795276
21
-3.5090641338582675
0
LINE
8
BLACK
6
CONTINUOUS
10
3.8085897637795276
20
-3.5090641338582675
11
3.8087966141732283
21
-3.5093422834645667
0
LINE
8
BLACK
6
CONTINUOUS
10
3.8087966141732283
20
-3.5093422834645667
11
3.809021811023622
21
-3.5096074015748031
0
LINE
8
BLACK
6
CONTINUOUS
10
3.809021811023622
20
-3.5096074015748031
11
3.8090190157480315
21
-3.5096412992125985
0
LINE
8
BLACK
6
CONTINUOUS
10
3.8090190157480315
20
-3.5096412992125985
11
3.8090392913385824
21
-3.5096685433070864
0
LINE
8
BLACK
6
CONTINUOUS
10
3.8090392913385824
20
-3.5096685433070864
11
3.809058661417323
21
-3.5100520866141731
0
LINE
8
BLACK
6
CONTINUOUS
10
3.809058661417323
20
-3.5100520866141731
11
3.8088647637795274
21
-3.5113715354330708
0
LINE
8
BLACK
6
CONTINUOUS
10
3.8088647637795274
20
-3.5113715354330708
11
3.8087056299212598
21
-3.5126881889763779
0
LINE
8
BLACK
6
CONTINUOUS
10
3.8087056299212598
20
-3.5126881889763779
11
3.8085797244094488
21
-3.5140173228346456
0
LINE
8
BLACK
6
CONTINUOUS
10
3.8085797244094488
20
-3.5140173228346456
11
3.808488149606299
21
-3.5153556692913384
0
LINE
8
BLACK
6
CONTINUOUS
10
3.808488149606299
20
-3.5153556692913384
11
3.8084314960629921
21
-3.5167030708661415
0
LINE
8
BLACK
6
CONTINUOUS
10
3.8084314960629921
20
-3.5167030708661415
11
3.8084103543307086
21
-3.5180612598425194
0
LINE
8
BLACK
6
CONTINUOUS
10
3.8084103543307086
20
-3.5180612598425194
11
3.8084255511811023
21
-3.5194271653543305
0
LINE
8
BLACK
6
CONTINUOUS
10
3.8084255511811023
20
-3.5194271653543305
11
3.8084781889763777
21
-3.5208175196850391
0
LINE
8
BLACK
6
CONTINUOUS
10
3.8084781889763777
20
-3.5208175196850391
11
3.8084677952755905
21
-3.520882401574803
0
LINE
8
BLACK
6
CONTINUOUS
10
3.8084677952755905
20
-3.520882401574803
11
3.8084744881889763
21
-3.5209479921259841
0
LINE
8
BLACK
6
CONTINUOUS
10
3.8084744881889763
20
-3.5209479921259841
11
3.8082757480314959
21
-3.523035748031496
0
LINE
8
BLACK
6
CONTINUOUS
10
3.8082757480314959
20
-3.523035748031496
11
3.8080989763779525
21
-3.5251425984251967
0
LINE
8
BLACK
6
CONTINUOUS
10
3.8080989763779525
20
-3.5251425984251967
11
3.8079444881889764
21
-3.5272836220472441
0
LINE
8
BLACK
6
CONTINUOUS
10
3.8079444881889764
20
-3.5272836220472441
11
3.8078148818897639
21
-3.5294487795275589
0
LINE
8
BLACK
6
CONTINUOUS
10
3.8078148818897639
20
-3.5294487795275589
11
3.8077120472440944
21
-3.5316350787401576
0
LINE
8
BLACK
6
CONTINUOUS
10
3.8077120472440944
20
-3.5316350787401576
11
3.8076378346456692
21
-3.5338452755905512
0
LINE
8
BLACK
6
CONTINUOUS
10
3.8076378346456692
20
-3.5338452755905512
11
3.80759437007874
21
-3.5360678346456691
0
LINE
8
BLACK
6
CONTINUOUS
10
3.80759437007874
20
-3.5360678346456691
11
3.8075835039370078
21
-3.5383155118110237
0
LINE
8
BLACK
6
CONTINUOUS
10
3.8075835039370078
20
-3.5383155118110237
11
3.8075751574803149
21
-3.538356377952756
0
LINE
8
BLACK
6
CONTINUOUS
10
3.8075751574803149
20
-3.538356377952756
11
3.8075796456692914
21
-3.5383978346456693
0
LINE
8
BLACK
6
CONTINUOUS
10
3.8075796456692914
20
-3.5383978346456693
11
3.7995424409448817
21
-3.6288734645669289
0
LINE
8
BLACK
6
CONTINUOUS
10
3.7995424409448817
20
-3.6288734645669289
11
3.7995424803149604
21
-3.6288735039370077
0
LINE
8
BLACK
6
CONTINUOUS
10
3.7995424803149604
20
-3.6288735039370077
11
3.7918327559055118
21
-3.7193635039370077
0
LINE
8
BLACK
6
CONTINUOUS
10
3.7918327559055118
20
-3.7193635039370077
11
3.791761929133858
21
-3.7196085039370077
0
LINE
8
BLACK
6
CONTINUOUS
10
3.791761929133858
20
-3.7196085039370077
11
3.7917620078740155
21
-3.7196550787401574
0
LINE
8
BLACK
6
CONTINUOUS
10
3.7917620078740155
20
-3.7196550787401574
11
3.7917380708661415
21
-3.7196910236220471
0
LINE
8
BLACK
6
CONTINUOUS
10
3.7917380708661415
20
-3.7196910236220471
11
3.7917261023622046
21
-3.719732440944882
0
LINE
8
BLACK
6
CONTINUOUS
10
3.7917261023622046
20
-3.719732440944882
11
3.7916905511811021
21
-3.719762401574803
0
LINE
8
BLACK
6
CONTINUOUS
10
3.7916905511811021
20
-3.719762401574803
11
3.7915492125984249
21
-3.7199747244094485
0
LINE
8
BLACK
6
CONTINUOUS
10
3.7915492125984249
20
-3.7199747244094485
11
3.7884588976377951
21
-3.7230754724409447
0
LINE
8
BLACK
6
CONTINUOUS
10
3.7884588976377951
20
-3.7230754724409447
11
3.7854153937007875
21
-3.7262355511811021
0
LINE
8
BLACK
6
CONTINUOUS
10
3.7854153937007875
20
-3.7262355511811021
11
3.7794147637795277
21
-3.7327146456692915
0
LINE
8
BLACK
6
CONTINUOUS
10
3.7794147637795277
20
-3.7327146456692915
11
3.767608307086614
21
-3.7459416535433072
0
LINE
8
BLACK
6
CONTINUOUS
10
3.767608307086614
20
-3.7459416535433072
11
3.7676063385826772
21
-3.7459431102362202
0
LINE
8
BLACK
6
CONTINUOUS
10
3.7676063385826772
20
-3.7459431102362202
11
3.7676050787401576
21
-3.7459452755905511
0
LINE
8
BLACK
6
CONTINUOUS
10
3.7676050787401576
20
-3.7459452755905511
11
3.7617051181102363
21
-3.7524900787401574
0
LINE
8
BLACK
6
CONTINUOUS
10
3.7617051181102363
20
-3.7524900787401574
11
3.761697401574803
21
-3.7524957874015747
0
LINE
8
BLACK
6
CONTINUOUS
10
3.761697401574803
20
-3.7524957874015747
11
3.7616924015748032
21
-3.7525038976377951
0
LINE
8
BLACK
6
CONTINUOUS
10
3.7616924015748032
20
-3.7525038976377951
11
3.755729566929134
21
-3.7588698818897637
0
LINE
8
BLACK
6
CONTINUOUS
10
3.755729566929134
20
-3.7588698818897637
11
3.7557205511811023
21
-3.7588762992125981
0
LINE
8
BLACK
6
CONTINUOUS
10
3.7557205511811023
20
-3.7588762992125981
11
3.7557145275590549
21
-3.7588855905511811
0
LINE
8
BLACK
6
CONTINUOUS
10
3.7557145275590549
20
-3.7588855905511811
11
3.75269374015748
21
-3.7619708661417324
0
LINE
8
BLACK
6
CONTINUOUS
10
3.75269374015748
20
-3.7619708661417324
11
3.7526858267716534
21
-3.761976220472441
0
LINE
8
BLACK
6
CONTINUOUS
10
3.7526858267716534
20
-3.761976220472441
11
3.7526804724409448
21
-3.7619841732283463
0
LINE
8
BLACK
6
CONTINUOUS
10
3.7526804724409448
20
-3.7619841732283463
11
3.7496250787401575
21
-3.7649879527559054
0
LINE
8
BLACK
6
CONTINUOUS
10
3.7496250787401575
20
-3.7649879527559054
11
3.74961562992126
21
-3.7649941338582678
0
LINE
8
BLACK
6
CONTINUOUS
10
3.74961562992126
20
-3.7649941338582678
11
3.7496090944881888
21
-3.765003307086614
0
LINE
8
BLACK
6
CONTINUOUS
10
3.7496090944881888
20
-3.765003307086614
11
3.7465128740157478
21
-3.7679132677165352
0
LINE
8
BLACK
6
CONTINUOUS
10
3.7465128740157478
20
-3.7679132677165352
11
3.7465018110236219
21
-3.767920118110236
0
LINE
8
BLACK
6
CONTINUOUS
10
3.7465018110236219
20
-3.767920118110236
11
3.7464939763779528
21
-3.7679305905511811
0
LINE
8
BLACK
6
CONTINUOUS
10
3.7464939763779528
20
-3.7679305905511811
11
3.7433538582677164
21
-3.7707315354330708
0
LINE
8
BLACK
6
CONTINUOUS
10
3.7433538582677164
20
-3.7707315354330708
11
3.739864842519685
21
-3.7739100393700786
0
LINE
8
BLACK
6
CONTINUOUS
10
3.739864842519685
20
-3.7739100393700786
11
3.7398624015748032
21
-3.773911496062992
0
LINE
8
BLACK
6
CONTINUOUS
10
3.7398624015748032
20
-3.773911496062992
11
3.7398606299212598
21
-3.7739138976377951
0
LINE
8
BLACK
6
CONTINUOUS
10
3.7398606299212598
20
-3.7739138976377951
11
3.7362514960629922
21
-3.7771637007874013
0
LINE
8
BLACK
6
CONTINUOUS
10
3.7362514960629922
20
-3.7771637007874013
11
3.7362511023622047
21
-3.777163897637795
0
LINE
8
BLACK
6
CONTINUOUS
10
3.7362511023622047
20
-3.777163897637795
11
3.7362509055118109
21
-3.7771642125984251
0
LINE
8
BLACK
6
CONTINUOUS
10
3.7362509055118109
20
-3.7771642125984251
11
3.7287862598425194
21
-3.7838750393700789
0
LINE
8
BLACK
6
CONTINUOUS
10
3.7287862598425194
20
-3.7838750393700789
11
3.7285301968503934
21
-3.7840270866141732
0
LINE
8
BLACK
6
CONTINUOUS
10
3.7285301968503934
20
-3.7840270866141732
11
3.7285049212598422
21
-3.7840524015748032
0
LINE
8
BLACK
6
CONTINUOUS
10
3.7285049212598422
20
-3.7840524015748032
11
3.7284788976377952
21
-3.784057559055118
0
LINE
8
BLACK
6
CONTINUOUS
10
3.7284788976377952
20
-3.784057559055118
11
3.7284560629921257
21
-3.7840711417322832
0
LINE
8
BLACK
6
CONTINUOUS
10
3.7284560629921257
20
-3.7840711417322832
11
3.7284202755905511
21
-3.7840692125984252
0
LINE
8
BLACK
6
CONTINUOUS
10
3.7284202755905511
20
-3.7840692125984252
11
3.7281282677165355
21
-3.7841273228346455
0
LINE
8
BLACK
6
CONTINUOUS
10
3.7281282677165355
20
-3.7841273228346455
11
3.6660224803149606
21
-3.7841273228346455
0
LINE
8
BLACK
6
CONTINUOUS
10
3.6660224803149606
20
-3.7841273228346455
11
3.6660224803149606
21
-3.8039764566929133
0
LINE
8
BLACK
6
CONTINUOUS
10
3.6660224803149606
20
-3.8039764566929133
11
3.6660224803149606
21
-3.8635061811023621
0
LINE
8
BLACK
6
CONTINUOUS
10
3.6660224803149606
20
-3.8635061811023621
11
3.6659475590551178
21
-3.8638828346456693
0
LINE
8
BLACK
6
CONTINUOUS
10
3.6659475590551178
20
-3.8638828346456693
11
3.6654149212598424
21
-3.8644154724409447
0
LINE
8
BLACK
6
CONTINUOUS
10
3.6654149212598424
20
-3.8644154724409447
11
3.6650382677165352
21
-3.8644903937007875
0
LINE
8
BLACK
6
CONTINUOUS
10
3.6650382677165352
20
-3.8644903937007875
11
3.189351220472441
21
-3.8644903937007875
0
LINE
8
BLACK
6
CONTINUOUS
10
3.189351220472441
20
-3.8644903937007875
11
3.1889745669291338
21
-3.8644154724409447
0
LINE
8
BLACK
6
CONTINUOUS
10
3.1889745669291338
20
-3.8644154724409447
11
3.1888920078740157
21
-3.8643329133858266
0
LINE
8
BLACK
6
CONTINUOUS
10
3.1888920078740157
20
-3.8643329133858266
11
3.1887783464566928
21
-3.864306496062992
0
LINE
8
BLACK
6
CONTINUOUS
10
3.1887783464566928
20
-3.864306496062992
11
3.1886344488188976
21
-3.8640753543307085
0
LINE
8
BLACK
6
CONTINUOUS
10
3.1886344488188976
20
-3.8640753543307085
11
3.1884419291338584
21
-3.8638828346456693
0
LINE
8
BLACK
6
CONTINUOUS
10
3.1884419291338584
20
-3.8638828346456693
11
3.1884419291338584
21
-3.8637660629921258
0
LINE
8
BLACK
6
CONTINUOUS
10
3.1884419291338584
20
-3.8637660629921258
11
3.1883802362204725
21
-3.8636669685039369
0
LINE
8
BLACK
6
CONTINUOUS
10
3.1883802362204725
20
-3.8636669685039369
11
3.1884419291338584
21
-3.8634017322834646
0
LINE
8
BLACK
6
CONTINUOUS
10
3.1884419291338584
20
-3.8634017322834646
11
3.1884419291338584
21
-3.8631295275590549
0
LINE
8
BLACK
6
CONTINUOUS
10
3.1884419291338584
20
-3.8631295275590549
11
3.1885244488188977
21
-3.8630469685039368
0
LINE
8
BLACK
6
CONTINUOUS
10
3.1885244488188977
20
-3.8630469685039368
11
3.1885509055118111
21
-3.8629333070866139
0
LINE
8
BLACK
6
CONTINUOUS
10
3.1885509055118111
20
-3.8629333070866139
11
3.1888311023622045
21
-3.8626706299212596
0
LINE
8
BLACK
6
CONTINUOUS
10
3.1888311023622045
20
-3.8626706299212596
11
3.7560305905511808
21
-3.5095822440944882
0
LINE
8
BLACK
6
CONTINUOUS
10
3.7560305905511808
20
-3.5095822440944882
11
3.7560940944881889
21
-3.5095582677165353
0
LINE
8
BLACK
6
CONTINUOUS
10
3.7560940944881889
20
-3.5095582677165353
11
3.756113622047244
21
-3.5095359842519684
0
LINE
8
BLACK
6
CONTINUOUS
10
3.756113622047244
20
-3.5095359842519684
11
3.7562538582677165
21
-3.5094980708661416
0
LINE
8
BLACK
6
CONTINUOUS
10
3.7562538582677165
20
-3.5094980708661416
11
3.7563899606299214
21
-3.5094468110236221
0
LINE
8
BLACK
6
CONTINUOUS
10
3.7563899606299214
20
-3.5094468110236221
11
3.7564188188976377
21
-3.5094535039370078
0
LINE
8
BLACK
6
CONTINUOUS
10
3.7564188188976377
20
-3.5094535039370078
11
3.75648437007874
21
-3.5094358267716537
0
LINE
8
BLACK
6
CONTINUOUS
10
3.75648437007874
20
-3.5094358267716537
11
3.7652612992125984
21
-3.508842677165354
0
LINE
8
BLACK
6
CONTINUOUS
10
3.7652612992125984
20
-3.508842677165354
11
3.7652661023622045
21
-3.5088432677165353
0
LINE
8
BLACK
6
CONTINUOUS
10
3.7652661023622045
20
-3.5088432677165353
11
3.7652709842519685
21
-3.5088420472440944
0
LINE
8
BLACK
6
CONTINUOUS
10
3.7652709842519685
20
-3.5088420472440944
11
3.7696178346456692
21
-3.5085914173228345
0
LINE
8
BLACK
6
CONTINUOUS
10
3.7696178346456692
20
-3.5085914173228345
11
3.7696263385826771
21
-3.5085925984251967
0
LINE
8
BLACK
6
CONTINUOUS
10
3.7696263385826771
20
-3.5085925984251967
11
3.7696347244094488
21
-3.5085905905511812
0
LINE
8
BLACK
6
CONTINUOUS
10
3.7696347244094488
20
-3.5085905905511812
11
3.7739264566929132
21
-3.5084170078740158
0
LINE
8
BLACK
6
CONTINUOUS
10
3.7739264566929132
20
-3.5084170078740158
11
3.7739330314960631
21
-3.5084180314960629
0
LINE
8
BLACK
6
CONTINUOUS
10
3.7739330314960631
20
-3.5084180314960629
11
3.7739442913385828
21
-3.5084155511811024
0
LINE
8
BLACK
6
CONTINUOUS
10
3.7739442913385828
20
-3.5084155511811024
11
3.7760631496062991
21
-3.508368346456693
0
LINE
8
BLACK
6
CONTINUOUS
10
3.7760631496062991
20
-3.508368346456693
11
3.7760707480314961
21
-3.5083696456692914
0
LINE
8
BLACK
6
CONTINUOUS
10
3.7760707480314961
20
-3.5083696456692914
11
3.7760781889763777
21
-3.5083681496062993
0
LINE
8
BLACK
6
CONTINUOUS
10
3.7760781889763777
20
-3.5083681496062993
11
3.7781761417322834
21
-3.5083534251968502
0
LINE
8
BLACK
6
CONTINUOUS
10
3.7781761417322834
20
-3.5083534251968502
11
3.7781847637795276
21
-3.5083550787401574
0
LINE
8
BLACK
6
CONTINUOUS
10
3.7781847637795276
20
-3.5083550787401574
11
3.7781935826771651
21
-3.5083534251968502
0
LINE
8
BLACK
6
CONTINUOUS
10
3.7781935826771651
20
-3.5083534251968502
11
3.7802687401574802
21
-3.5083755511811021
0
LINE
8
BLACK
6
CONTINUOUS
10
3.7761009448818896
20
-3.5103364173228346
11
3.7740094094488188
21
-3.5103829921259844
0
LINE
8
BLACK
6
CONTINUOUS
10
3.7740094094488188
20
-3.5103829921259844
11
3.7740059842519682
21
-3.5103838582677165
0
LINE
8
BLACK
6
CONTINUOUS
10
3.7740059842519682
20
-3.5103838582677165
11
3.7697227952755905
21
-3.5105570866141731
0
LINE
8
BLACK
6
CONTINUOUS
10
3.7697227952755905
20
-3.5105570866141731
11
3.7653870078740157
21
-3.5108070472440942
0
LINE
8
BLACK
6
CONTINUOUS
10
3.7653870078740157
20
-3.5108070472440942
11
3.7568622440944881
21
-3.511383188976378
0
LINE
8
BLACK
6
CONTINUOUS
10
3.7568622440944881
20
-3.511383188976378
11
3.1927946062992127
21
-3.8625219685039371
0
LINE
8
BLACK
6
CONTINUOUS
10
3.1927946062992127
20
-3.8625219685039371
11
3.6640540551181102
21
-3.8625219685039371
0
LINE
8
BLACK
6
CONTINUOUS
10
3.6640540551181102
20
-3.8625219685039371
11
3.6640540551181102
21
-3.8039764566929133
0
LINE
8
BLACK
6
CONTINUOUS
10
3.6640540551181102
20
-3.8039764566929133
11
3.6640540551181102
21
-3.7831431102362205
0
LINE
8
BLACK
6
CONTINUOUS
10
3.6640540551181102
20
-3.7831431102362205
11
3.6641289763779525
21
-3.7827664566929133
0
LINE
8
BLACK
6
CONTINUOUS
10
3.6641289763779525
20
-3.7827664566929133
11
3.6646616141732284
21
-3.7822338188976379
0
LINE
8
BLACK
6
CONTINUOUS
10
3.6646616141732284
20
-3.7822338188976379
11
3.6650382677165352
21
-3.7821588976377951
0
LINE
8
BLACK
6
CONTINUOUS
10
3.6650382677165352
20
-3.7821588976377951
11
3.7277509055118108
21
-3.7821588976377951
0
LINE
8
BLACK
6
CONTINUOUS
10
3.7277509055118108
20
-3.7821588976377951
11
3.7349342519685038
21
-3.7757009055118109
0
LINE
8
BLACK
6
CONTINUOUS
10
3.7349342519685038
20
-3.7757009055118109
11
3.7349343307086613
21
-3.7757008661417322
0
LINE
8
BLACK
6
CONTINUOUS
10
3.7349343307086613
20
-3.7757008661417322
11
3.7385434645669289
21
-3.772451062992126
0
LINE
8
BLACK
6
CONTINUOUS
10
3.7385434645669289
20
-3.772451062992126
11
3.7385435039370076
21
-3.7724510236220472
0
LINE
8
BLACK
6
CONTINUOUS
10
3.7385435039370076
20
-3.7724510236220472
11
3.7420325196850395
21
-3.7692725590551182
0
LINE
8
BLACK
6
CONTINUOUS
10
3.7420325196850395
20
-3.7692725590551182
11
3.742036929133858
21
-3.7692698818897639
0
LINE
8
BLACK
6
CONTINUOUS
10
3.742036929133858
20
-3.7692698818897639
11
3.7420401574803148
21
-3.7692656299212599
0
LINE
8
BLACK
6
CONTINUOUS
10
3.7420401574803148
20
-3.7692656299212599
11
3.7451736614173226
21
-3.7664705511811021
0
LINE
8
BLACK
6
CONTINUOUS
10
3.7451736614173226
20
-3.7664705511811021
11
3.7482526771653544
21
-3.7635767322834646
0
LINE
8
BLACK
6
CONTINUOUS
10
3.7482526771653544
20
-3.7635767322834646
11
3.751294094488189
21
-3.7605867322834645
0
LINE
8
BLACK
6
CONTINUOUS
10
3.751294094488189
20
-3.7605867322834645
11
3.7543004724409448
21
-3.7575161417322835
0
LINE
8
BLACK
6
CONTINUOUS
10
3.7543004724409448
20
-3.7575161417322835
11
3.7602488582677163
21
-3.7511655905511812
0
LINE
8
BLACK
6
CONTINUOUS
10
3.7602488582677163
20
-3.7511655905511812
11
3.7661399212598425
21
-3.7446307086614175
0
LINE
8
BLACK
6
CONTINUOUS
10
3.7661399212598425
20
-3.7446307086614175
11
3.7779524409448819
21
-3.7313969685039368
0
LINE
8
BLACK
6
CONTINUOUS
10
3.7779524409448819
20
-3.7313969685039368
11
3.7779597637795277
21
-3.7313914173228344
0
LINE
8
BLACK
6
CONTINUOUS
10
3.7779597637795277
20
-3.7313914173228344
11
3.7779646062992125
21
-3.7313835826771653
0
LINE
8
BLACK
6
CONTINUOUS
10
3.7779646062992125
20
-3.7313835826771653
11
3.7839780314960629
21
-3.7248906692913386
0
LINE
8
BLACK
6
CONTINUOUS
10
3.7839780314960629
20
-3.7248906692913386
11
3.7839859055118108
21
-3.7248849212598425
0
LINE
8
BLACK
6
CONTINUOUS
10
3.7839859055118108
20
-3.7248849212598425
11
3.7839912204724411
21
-3.7248766929133859
0
LINE
8
BLACK
6
CONTINUOUS
10
3.7839912204724411
20
-3.7248766929133859
11
3.7870467322834647
21
-3.7217041338582675
0
LINE
8
BLACK
6
CONTINUOUS
10
3.7870467322834647
20
-3.7217041338582675
11
3.7870537401574804
21
-3.7216992125984252
0
LINE
8
BLACK
6
CONTINUOUS
10
3.7870537401574804
20
-3.7216992125984252
11
3.7870585039370077
21
-3.7216921259842519
0
LINE
8
BLACK
6
CONTINUOUS
10
3.7870585039370077
20
-3.7216921259842519
11
3.7899018503937008
21
-3.7188391338582676
0
LINE
8
BLACK
6
CONTINUOUS
10
3.7899018503937008
20
-3.7188391338582676
11
3.7975811417322833
21
-3.6287064173228347
0
LINE
8
BLACK
6
CONTINUOUS
10
3.7975811417322833
20
-3.6287064173228347
11
3.7975816141732284
21
-3.6287046456692913
0
LINE
8
BLACK
6
CONTINUOUS
10
3.7975816141732284
20
-3.6287046456692913
11
3.7975814566929134
21
-3.6287028740157479
0
LINE
8
BLACK
6
CONTINUOUS
10
3.7975814566929134
20
-3.6287028740157479
11
3.8056152755905512
21
-3.538264842519685
0
LINE
8
BLACK
6
CONTINUOUS
10
3.8056152755905512
20
-3.538264842519685
11
3.8056259842519684
21
-3.5360524409448817
0
LINE
8
BLACK
6
CONTINUOUS
10
3.8056259842519684
20
-3.5360524409448817
11
3.8056274409448818
21
-3.5360451574803147
0
LINE
8
BLACK
6
CONTINUOUS
10
3.8056274409448818
20
-3.5360451574803147
11
3.8056261811023622
21
-3.5360379527559056
0
LINE
8
BLACK
6
CONTINUOUS
10
3.8056261811023622
20
-3.5360379527559056
11
3.8056699606299214
21
-3.5337990551181102
0
LINE
8
BLACK
6
CONTINUOUS
10
3.8056699606299214
20
-3.5337990551181102
11
3.8056714566929135
21
-3.5337922047244095
0
LINE
8
BLACK
6
CONTINUOUS
10
3.8056714566929135
20
-3.5337922047244095
11
3.8056703149606297
21
-3.5337852755905512
0
LINE
8
BLACK
6
CONTINUOUS
10
3.8056703149606297
20
-3.5337852755905512
11
3.8057449212598424
21
-3.531563897637795
0
LINE
8
BLACK
6
CONTINUOUS
10
3.8057449212598424
20
-3.531563897637795
11
3.8057464566929133
21
-3.5315572834645668
0
LINE
8
BLACK
6
CONTINUOUS
10
3.8057464566929133
20
-3.5315572834645668
11
3.805745472440945
21
-3.5315507086614173
0
LINE
8
BLACK
6
CONTINUOUS
10
3.805745472440945
20
-3.5315507086614173
11
3.8058489763779528
21
-3.5293497244094487
0
LINE
8
BLACK
6
CONTINUOUS
10
3.8058489763779528
20
-3.5293497244094487
11
3.8058505118110237
21
-3.5293435039370076
0
LINE
8
BLACK
6
CONTINUOUS
10
3.8058505118110237
20
-3.5293435039370076
11
3.8058496456692912
21
-3.5293371653543306
0
LINE
8
BLACK
6
CONTINUOUS
10
3.8058496456692912
20
-3.5293371653543306
11
3.8059799999999999
21
-3.5271595669291336
0
LINE
8
BLACK
6
CONTINUOUS
10
3.8059799999999999
20
-3.5271595669291336
11
3.8059815354330708
21
-3.5271536220472441
0
LINE
8
BLACK
6
CONTINUOUS
10
3.8059815354330708
20
-3.5271536220472441
11
3.8059807874015745
21
-3.527147559055118
0
LINE
8
BLACK
6
CONTINUOUS
10
3.8059807874015745
20
-3.527147559055118
11
3.8061360236220469
21
-3.524996220472441
0
LINE
8
BLACK
6
CONTINUOUS
10
3.8061360236220469
20
-3.524996220472441
11
3.8061375590551179
21
-3.5249905118110236
0
LINE
8
BLACK
6
CONTINUOUS
10
3.8061375590551179
20
-3.5249905118110236
11
3.8061369291338583
21
-3.5249847637795275
0
LINE
8
BLACK
6
CONTINUOUS
10
3.8061369291338583
20
-3.5249847637795275
11
3.8063150000000001
21
-3.5228625590551181
0
LINE
8
BLACK
6
CONTINUOUS
10
3.8063150000000001
20
-3.5228625590551181
11
3.8063164960629918
21
-3.5228572440944883
0
LINE
8
BLACK
6
CONTINUOUS
10
3.8063164960629918
20
-3.5228572440944883
11
3.8063159448818897
21
-3.5228515748031497
0
LINE
8
BLACK
6
CONTINUOUS
10
3.8063159448818897
20
-3.5228515748031497
11
3.8065086614173227
21
-3.5208263779527558
0
LINE
8
BLACK
6
CONTINUOUS
10
3.8065086614173227
20
-3.5208263779527558
11
3.8064580708661415
21
-3.5194890551181102
0
LINE
8
BLACK
6
CONTINUOUS
10
3.8064580708661415
20
-3.5194890551181102
11
3.806460157480315
21
-3.5194757874015745
0
LINE
8
BLACK
6
CONTINUOUS
10
3.806460157480315
20
-3.5194757874015745
11
3.8064574409448819
21
-3.5194627165354331
0
LINE
8
BLACK
6
CONTINUOUS
10
3.8064574409448819
20
-3.5194627165354331
11
3.806441968503937
21
-3.5180693307086615
0
LINE
8
BLACK
6
CONTINUOUS
10
3.806441968503937
20
-3.5180693307086615
11
3.8064444094488188
21
-3.5180562204724408
0
LINE
8
BLACK
6
CONTINUOUS
10
3.8064444094488188
20
-3.5180562204724408
11
3.8064420078740158
21
-3.5180430708661414
0
LINE
8
BLACK
6
CONTINUOUS
10
3.8064420078740158
20
-3.5180430708661414
11
3.8064635433070864
21
-3.5166594094488186
0
LINE
8
BLACK
6
CONTINUOUS
10
3.8064635433070864
20
-3.5166594094488186
11
3.8064662992125982
21
-3.5166464566929134
0
LINE
8
BLACK
6
CONTINUOUS
10
3.8064662992125982
20
-3.5166464566929134
11
3.8064642913385827
21
-3.5166333858267715
0
LINE
8
BLACK
6
CONTINUOUS
10
3.8064642913385827
20
-3.5166333858267715
11
3.8065220472440946
21
-3.5152596456692913
0
LINE
8
BLACK
6
CONTINUOUS
10
3.8065220472440946
20
-3.5152596456692913
11
3.806525118110236
21
-3.5152468503937007
0
LINE
8
BLACK
6
CONTINUOUS
10
3.806525118110236
20
-3.5152468503937007
11
3.8065234645669292
21
-3.5152337795275588
0
LINE
8
BLACK
6
CONTINUOUS
10
3.8065234645669292
20
-3.5152337795275588
11
3.8066167716535433
21
-3.5138701181102361
0
LINE
8
BLACK
6
CONTINUOUS
10
3.8066167716535433
20
-3.5138701181102361
11
3.8066201574803147
21
-3.5138574803149605
0
LINE
8
BLACK
6
CONTINUOUS
10
3.8066201574803147
20
-3.5138574803149605
11
3.8066188582677163
21
-3.5138445275590549
0
LINE
8
BLACK
6
CONTINUOUS
10
3.8066188582677163
20
-3.5138445275590549
11
3.8067470472440945
21
-3.5124911811023622
0
LINE
8
BLACK
6
CONTINUOUS
10
3.8067470472440945
20
-3.5124911811023622
11
3.8067507480314959
21
-3.5124787007874017
0
LINE
8
BLACK
6
CONTINUOUS
10
3.8067507480314959
20
-3.5124787007874017
11
3.8067498031496063
21
-3.512465905511811
0
LINE
8
BLACK
6
CONTINUOUS
10
3.8067498031496063
20
-3.512465905511811
11
3.8069120866141732
21
-3.5111230708661418
0
LINE
8
BLACK
6
CONTINUOUS
10
3.8069120866141732
20
-3.5111230708661418
11
3.8069160629921259
21
-3.5111108661417321
0
LINE
8
BLACK
6
CONTINUOUS
10
3.8069160629921259
20
-3.5111108661417321
11
3.8069154330708659
21
-3.5110980708661415
0
LINE
8
BLACK
6
CONTINUOUS
10
3.8069154330708659
20
-3.5110980708661415
11
3.8069585433070867
21
-3.5108046456692912
0
LINE
8
BLACK
6
CONTINUOUS
10
3.8069585433070867
20
-3.5108046456692912
11
3.8055457480314958
21
-3.5106895275590548
0
LINE
8
BLACK
6
CONTINUOUS
10
3.8055457480314958
20
-3.5106895275590548
11
3.8031327952755904
21
-3.5105268503937008
0
LINE
8
BLACK
6
CONTINUOUS
10
3.8031327952755904
20
-3.5105268503937008
11
3.80077905511811
21
-3.510416220472441
0
LINE
8
BLACK
6
CONTINUOUS
10
3.80077905511811
20
-3.510416220472441
11
3.7984938976377953
21
-3.5103717716535434
0
LINE
8
BLACK
6
CONTINUOUS
10
3.7984938976377953
20
-3.5103717716535434
11
3.797392086614173
21
-3.5103788188976379
0
LINE
8
BLACK
6
CONTINUOUS
10
3.797392086614173
20
-3.5103788188976379
11
3.7963086220472442
21
-3.5104077952755905
0
LINE
8
BLACK
6
CONTINUOUS
10
3.7963086220472442
20
-3.5104077952755905
11
3.7952539370078737
21
-3.5104601574803147
0
LINE
8
BLACK
6
CONTINUOUS
10
3.7952539370078737
20
-3.5104601574803147
11
3.7942269291338584
21
-3.5105377559055118
0
LINE
8
BLACK
6
CONTINUOUS
10
3.7942269291338584
20
-3.5105377559055118
11
3.793230866141732
21
-3.5106421259842517
0
LINE
8
BLACK
6
CONTINUOUS
10
3.793230866141732
20
-3.5106421259842517
11
3.7922693700787402
21
-3.5107744488188977
0
LINE
8
BLACK
6
CONTINUOUS
10
3.7922693700787402
20
-3.5107744488188977
11
3.7913421653543304
21
-3.5109366535433071
0
LINE
8
BLACK
6
CONTINUOUS
10
3.7913421653543304
20
-3.5109366535433071
11
3.7904306692913385
21
-3.5111344881889761
0
LINE
8
BLACK
6
CONTINUOUS
10
3.7904306692913385
20
-3.5111344881889761
11
3.7902577952755903
21
-3.5111374803149604
0
LINE
8
BLACK
6
CONTINUOUS
10
3.7902577952755903
20
-3.5111374803149604
11
3.7900853937007875
21
-3.5111473622047242
0
LINE
8
BLACK
6
CONTINUOUS
10
3.7900853937007875
20
-3.5111473622047242
11
3.788169527559055
21
-3.5108789763779527
0
LINE
8
BLACK
6
CONTINUOUS
10
3.788169527559055
20
-3.5108789763779527
11
3.7862356692913384
21
-3.510669960629921
0
LINE
8
BLACK
6
CONTINUOUS
10
3.7862356692913384
20
-3.510669960629921
11
3.7842660236220471
21
-3.5105136220472439
0
LINE
8
BLACK
6
CONTINUOUS
10
3.7842660236220471
20
-3.5105136220472439
11
3.7822668503937007
21
-3.5104063385826771
0
LINE
8
BLACK
6
CONTINUOUS
10
3.7822668503937007
20
-3.5104063385826771
11
3.7802388188976379
21
-3.5103437795275592
0
LINE
8
BLACK
6
CONTINUOUS
10
3.7802388188976379
20
-3.5103437795275592
11
3.7781794488188973
21
-3.5103218110236218
0
LINE
8
BLACK
6
CONTINUOUS
10
3.7781794488188973
20
-3.5103218110236218
11
3.7761009448818896
21
-3.5103364173228346
0
LINE
8
BLACK
6
CONTINUOUS
10
4.0351233070866144
20
-3.3697637007874013
11
4.035135708661417
21
-3.3697637007874013
0
LINE
8
BLACK
6
CONTINUOUS
10
4.035135708661417
20
-3.3697637007874013
11
4.0352699212598422
21
-3.3697903937007871
0
LINE
8
BLACK
6
CONTINUOUS
10
4.0352699212598422
20
-3.3697903937007871
11
4.0353340944881886
21
-3.3697955511811024
0
LINE
8
BLACK
6
CONTINUOUS
10
4.0353340944881886
20
-3.3697955511811024
11
4.0353647637795271
21
-3.3697907086614172
0
LINE
8
BLACK
6
CONTINUOUS
10
4.0353647637795271
20
-3.3697907086614172
11
4.0353841338582672
21
-3.3697996062992126
0
LINE
8
BLACK
6
CONTINUOUS
10
4.0353841338582672
20
-3.3697996062992126
11
4.0353925984251964
21
-3.3698003149606297
0
LINE
8
BLACK
6
CONTINUOUS
10
4.0353925984251964
20
-3.3698003149606297
11
4.0354022440944881
21
-3.3698079527559055
0
LINE
8
BLACK
6
CONTINUOUS
10
4.0354022440944881
20
-3.3698079527559055
11
4.035435748031496
21
-3.3698233858267717
0
LINE
8
BLACK
6
CONTINUOUS
10
4.035435748031496
20
-3.3698233858267717
11
4.0355123622047246
21
-3.369838622047244
0
LINE
8
BLACK
6
CONTINUOUS
10
4.0355123622047246
20
-3.369838622047244
11
4.0355427559055119
21
-3.3698690157480313
0
LINE
8
BLACK
6
CONTINUOUS
10
4.0355427559055119
20
-3.3698690157480313
11
4.0355705511811024
21
-3.369871220472441
0
LINE
8
BLACK
6
CONTINUOUS
10
4.0355705511811024
20
-3.369871220472441
11
4.0355723228346454
21
-3.369873307086614
0
LINE
8
BLACK
6
CONTINUOUS
10
4.0355723228346454
20
-3.369873307086614
11
4.0355774015748027
21
-3.3698737795275591
0
LINE
8
BLACK
6
CONTINUOUS
10
4.0355774015748027
20
-3.3698737795275591
11
4.0355975984251966
21
-3.3698978346456694
0
LINE
8
BLACK
6
CONTINUOUS
10
4.0355975984251966
20
-3.3698978346456694
11
4.035713661417323
21
-3.3699512598425194
0
LINE
8
BLACK
6
CONTINUOUS
10
4.035713661417323
20
-3.3699512598425194
11
4.2771363385826771
21
-3.545091062992126
0
LINE
8
BLACK
6
CONTINUOUS
10
4.2771363385826771
20
-3.545091062992126
11
4.5189273228346458
21
-3.7196609448818898
0
LINE
8
BLACK
6
CONTINUOUS
10
4.5189273228346458
20
-3.7196609448818898
11
4.519020196850394
21
-3.7197608267716533
0
LINE
8
BLACK
6
CONTINUOUS
10
4.519020196850394
20
-3.7197608267716533
11
4.5191239370078735
21
-3.7198493700787401
0
LINE
8
BLACK
6
CONTINUOUS
10
4.5191239370078735
20
-3.7198493700787401
11
4.519550118110236
21
-3.7203896062992126
0
LINE
8
BLACK
6
CONTINUOUS
10
4.519550118110236
20
-3.7203896062992126
11
4.5199824409448821
21
-3.7209248425196848
0
LINE
8
BLACK
6
CONTINUOUS
10
4.5199824409448821
20
-3.7209248425196848
11
4.5204181102362204
21
-3.7214513385826771
0
LINE
8
BLACK
6
CONTINUOUS
10
4.5204181102362204
20
-3.7214513385826771
11
4.5208645669291334
21
-3.7219776771653543
0
LINE
8
BLACK
6
CONTINUOUS
10
4.5208645669291334
20
-3.7219776771653543
11
4.5213174015748034
21
-3.7224979921259842
0
LINE
8
BLACK
6
CONTINUOUS
10
4.5213174015748034
20
-3.7224979921259842
11
4.5217778740157479
21
-3.7230135039370076
0
LINE
8
BLACK
6
CONTINUOUS
10
4.5217778740157479
20
-3.7230135039370076
11
4.5222481496062992
21
-3.7235260629921259
0
LINE
8
BLACK
6
CONTINUOUS
10
4.5222481496062992
20
-3.7235260629921259
11
4.5227287401574801
21
-3.7240357086614173
0
LINE
8
BLACK
6
CONTINUOUS
10
4.5227287401574801
20
-3.7240357086614173
11
4.5227533070866137
21
-3.7240749212598425
0
LINE
8
BLACK
6
CONTINUOUS
10
4.5227533070866137
20
-3.7240749212598425
11
4.5227884645669292
21
-3.7241052362204723
0
LINE
8
BLACK
6
CONTINUOUS
10
4.5227884645669292
20
-3.7241052362204723
11
4.5323625590551178
21
-3.7363670472440944
0
LINE
8
BLACK
6
CONTINUOUS
10
4.5323625590551178
20
-3.7363670472440944
11
4.5323654330708658
21
-3.7363727559055118
0
LINE
8
BLACK
6
CONTINUOUS
10
4.5323654330708658
20
-3.7363727559055118
11
4.5323702362204727
21
-3.7363770078740157
0
LINE
8
BLACK
6
CONTINUOUS
10
4.5323702362204727
20
-3.7363770078740157
11
4.541792362204724
21
-3.7487670472440944
0
LINE
8
BLACK
6
CONTINUOUS
10
4.541792362204724
20
-3.7487670472440944
11
4.5417947244094483
21
-3.7487719291338584
0
LINE
8
BLACK
6
CONTINUOUS
10
4.5417947244094483
20
-3.7487719291338584
11
4.5417987795275589
21
-3.748775590551181
0
LINE
8
BLACK
6
CONTINUOUS
10
4.5417987795275589
20
-3.748775590551181
11
4.5510917322834645
21
-3.76127562992126
0
LINE
8
BLACK
6
CONTINUOUS
10
4.5510917322834645
20
-3.76127562992126
11
4.5510936220472438
21
-3.7612796456692914
0
LINE
8
BLACK
6
CONTINUOUS
10
4.5510936220472438
20
-3.7612796456692914
11
4.5510970078740156
21
-3.7612827559055115
0
LINE
8
BLACK
6
CONTINUOUS
10
4.5510970078740156
20
-3.7612827559055115
11
4.5602835039370078
21
-3.7738745275590548
0
LINE
8
BLACK
6
CONTINUOUS
10
4.5602835039370078
20
-3.7738745275590548
11
4.5603411811023618
21
-3.77399905511811
0
LINE
8
BLACK
6
CONTINUOUS
10
4.5603411811023618
20
-3.77399905511811
11
4.5603768897637798
21
-3.7740312204724407
0
LINE
8
BLACK
6
CONTINUOUS
10
4.5603768897637798
20
-3.7740312204724407
11
4.5603794881889765
21
-3.7740817322834643
0
LINE
8
BLACK
6
CONTINUOUS
10
4.5603794881889765
20
-3.7740817322834643
11
4.5604449606299209
21
-3.774222992125984
0
LINE
8
BLACK
6
CONTINUOUS
10
4.5604449606299209
20
-3.774222992125984
11
4.5604013385826772
21
-3.7745017322834644
0
LINE
8
BLACK
6
CONTINUOUS
10
4.5604013385826772
20
-3.7745017322834644
11
4.5604160236220475
21
-3.7747835039370079
0
LINE
8
BLACK
6
CONTINUOUS
10
4.5604160236220475
20
-3.7747835039370079
11
4.5603449606299211
21
-3.7748623228346454
0
LINE
8
BLACK
6
CONTINUOUS
10
4.5603449606299211
20
-3.7748623228346454
11
4.5603285826771653
21
-3.7749672047244092
0
LINE
8
BLACK
6
CONTINUOUS
10
4.5603285826771653
20
-3.7749672047244092
11
4.5601006299212594
21
-3.7751334645669292
0
LINE
8
BLACK
6
CONTINUOUS
10
4.5601006299212594
20
-3.7751334645669292
11
4.5599117716535433
21
-3.7753431102362205
0
LINE
8
BLACK
6
CONTINUOUS
10
4.5599117716535433
20
-3.7753431102362205
11
4.5597609055118111
21
-3.7753813385826769
0
LINE
8
BLACK
6
CONTINUOUS
10
4.5597609055118111
20
-3.7753813385826769
11
4.5597200393700783
21
-3.7754111811023621
0
LINE
8
BLACK
6
CONTINUOUS
10
4.5597200393700783
20
-3.7754111811023621
11
4.5596725196850389
21
-3.77540374015748
0
LINE
8
BLACK
6
CONTINUOUS
10
4.5596725196850389
20
-3.77540374015748
11
4.5595395275590551
21
-3.7754374803149604
0
LINE
8
BLACK
6
CONTINUOUS
10
4.5595395275590551
20
-3.7754374803149604
11
4.3702045275590553
21
-3.7852863385826772
0
LINE
8
BLACK
6
CONTINUOUS
10
4.3702045275590553
20
-3.7852863385826772
11
4.2755902362204727
21
-3.7906212992125985
0
LINE
8
BLACK
6
CONTINUOUS
10
4.2755902362204727
20
-3.7906212992125985
11
4.1810293700787398
21
-3.7964736220472441
0
LINE
8
BLACK
6
CONTINUOUS
10
4.1810293700787398
20
-3.7964736220472441
11
4.1808176377952755
21
-3.7964449606299211
0
LINE
8
BLACK
6
CONTINUOUS
10
4.1808176377952755
20
-3.7964449606299211
11
4.1807666535433068
21
-3.7964545669291336
0
LINE
8
BLACK
6
CONTINUOUS
10
4.1807666535433068
20
-3.7964545669291336
11
4.1807099212598429
21
-3.7964303937007875
0
LINE
8
BLACK
6
CONTINUOUS
10
4.1807099212598429
20
-3.7964303937007875
11
4.1806488188976374
21
-3.7964221259842517
0
LINE
8
BLACK
6
CONTINUOUS
10
4.1806488188976374
20
-3.7964221259842517
11
4.1806098818897635
21
-3.7963877165354329
0
LINE
8
BLACK
6
CONTINUOUS
10
4.1806098818897635
20
-3.7963877165354329
11
4.1804133858267711
21
-3.7963039763779527
0
LINE
8
BLACK
6
CONTINUOUS
10
4.1804133858267711
20
-3.7963039763779527
11
4.180177283464567
21
-3.7961426771653541
0
LINE
8
BLACK
6
CONTINUOUS
10
4.180177283464567
20
-3.7961426771653541
11
4.1800962598425198
21
-3.796059960629921
0
LINE
8
BLACK
6
CONTINUOUS
10
4.1800962598425198
20
-3.796059960629921
11
4.1800554330708657
21
-3.7960443307086615
0
LINE
8
BLACK
6
CONTINUOUS
10
4.1800554330708657
20
-3.7960443307086615
11
4.17998905511811
21
-3.7959505118110237
0
LINE
8
BLACK
6
CONTINUOUS
10
4.17998905511811
20
-3.7959505118110237
11
4.1799085433070866
21
-3.7958683464566927
0
LINE
8
BLACK
6
CONTINUOUS
10
4.1799085433070866
20
-3.7958683464566927
11
4.1799004330708662
21
-3.7958252755905511
0
LINE
8
BLACK
6
CONTINUOUS
10
4.1799004330708662
20
-3.7958252755905511
11
4.1798335826771655
21
-3.7957308267716536
0
LINE
8
BLACK
6
CONTINUOUS
10
4.1798335826771655
20
-3.7957308267716536
11
4.1747355511811026
21
-3.7842988582677166
0
LINE
8
BLACK
6
CONTINUOUS
10
4.1747355511811026
20
-3.7842988582677166
11
4.1694482283464565
21
-3.7729342913385824
0
LINE
8
BLACK
6
CONTINUOUS
10
4.1694482283464565
20
-3.7729342913385824
11
4.1586693307086611
21
-3.7502412992125982
0
LINE
8
BLACK
6
CONTINUOUS
10
4.1586693307086611
20
-3.7502412992125982
11
4.1586683464566931
21
-3.7502374409448818
0
LINE
8
BLACK
6
CONTINUOUS
10
4.1586683464566931
20
-3.7502374409448818
11
4.158665984251968
21
-3.7502342125984249
0
LINE
8
BLACK
6
CONTINUOUS
10
4.158665984251968
20
-3.7502342125984249
11
4.1533700393700785
21
-3.7388520472440945
0
LINE
8
BLACK
6
CONTINUOUS
10
4.1533700393700785
20
-3.7388520472440945
11
4.1533681496062993
21
-3.7388442913385824
0
LINE
8
BLACK
6
CONTINUOUS
10
4.1533681496062993
20
-3.7388442913385824
11
4.1533635433070861
21
-3.7388377952755905
0
LINE
8
BLACK
6
CONTINUOUS
10
4.1533635433070861
20
-3.7388377952755905
11
4.1482579921259841
21
-3.7273910236220473
0
LINE
8
BLACK
6
CONTINUOUS
10
4.1482579921259841
20
-3.7273910236220473
11
4.1482553149606298
21
-3.7273792913385826
0
LINE
8
BLACK
6
CONTINUOUS
10
4.1482553149606298
20
-3.7273792913385826
11
4.1482486220472437
21
-3.7273693307086613
0
LINE
8
BLACK
6
CONTINUOUS
10
4.1482486220472437
20
-3.7273693307086613
11
4.1434292125984253
21
-3.7158266141732281
0
LINE
8
BLACK
6
CONTINUOUS
10
4.1434292125984253
20
-3.7158266141732281
11
4.1434260236220473
21
-3.7158108267716536
0
LINE
8
BLACK
6
CONTINUOUS
10
4.1434260236220473
20
-3.7158108267716536
11
4.1434174803149606
21
-3.7157972047244092
0
LINE
8
BLACK
6
CONTINUOUS
10
4.1434174803149606
20
-3.7157972047244092
11
4.1389898818897635
21
-3.7041532283464567
0
LINE
8
BLACK
6
CONTINUOUS
10
4.1389898818897635
20
-3.7041532283464567
11
4.1281583070866139
21
-3.679909842519685
0
LINE
8
BLACK
6
CONTINUOUS
10
4.1281583070866139
20
-3.679909842519685
11
4.1281566535433072
21
-3.679902716535433
0
LINE
8
BLACK
6
CONTINUOUS
10
4.1281566535433072
20
-3.679902716535433
11
4.1281525984251966
21
-3.6798967716535431
0
LINE
8
BLACK
6
CONTINUOUS
10
4.1281525984251966
20
-3.6798967716535431
11
4.1176417716535436
21
-3.6554272440944882
0
LINE
8
BLACK
6
CONTINUOUS
10
4.1176417716535436
20
-3.6554272440944882
11
4.1176408267716536
21
-3.6554228740157479
0
LINE
8
BLACK
6
CONTINUOUS
10
4.1176408267716536
20
-3.6554228740157479
11
4.1176384251968505
21
-3.6554192913385828
0
LINE
8
BLACK
6
CONTINUOUS
10
4.1176384251968505
20
-3.6554192913385828
11
4.0970182283464567
21
-3.6062294881889763
0
LINE
8
BLACK
6
CONTINUOUS
10
4.0970182283464567
20
-3.6062294881889763
11
4.0866106692913382
21
-3.5816828346456693
0
LINE
8
BLACK
6
CONTINUOUS
10
4.0866106692913382
20
-3.5816828346456693
11
4.0759429921259844
21
-3.5572927559055119
0
LINE
8
BLACK
6
CONTINUOUS
10
4.0759429921259844
20
-3.5572927559055119
11
4.0648656299212593
21
-3.5331438582677164
0
LINE
8
BLACK
6
CONTINUOUS
10
4.0648656299212593
20
-3.5331438582677164
11
4.0532206299212596
21
-3.5093037401574803
0
LINE
8
BLACK
6
CONTINUOUS
10
4.0532206299212596
20
-3.5093037401574803
11
4.0531800787401577
21
-3.509150157480315
0
LINE
8
BLACK
6
CONTINUOUS
10
4.0531800787401577
20
-3.509150157480315
11
4.053129094488189
21
-3.5089997244094486
0
LINE
8
BLACK
6
CONTINUOUS
10
4.053129094488189
20
-3.5089997244094486
11
4.0529316929133854
21
-3.5074942519685037
0
LINE
8
BLACK
6
CONTINUOUS
10
4.0529316929133854
20
-3.5074942519685037
11
4.0526944094488186
21
-3.5060104724409449
0
LINE
8
BLACK
6
CONTINUOUS
10
4.0526944094488186
20
-3.5060104724409449
11
4.0524147244094486
21
-3.5045339763779526
0
LINE
8
BLACK
6
CONTINUOUS
10
4.0524147244094486
20
-3.5045339763779526
11
4.0520927165354328
21
-3.5030672047244096
0
LINE
8
BLACK
6
CONTINUOUS
10
4.0520927165354328
20
-3.5030672047244096
11
4.0517270078740157
21
-3.5016073622047243
0
LINE
8
BLACK
6
CONTINUOUS
10
4.0517270078740157
20
-3.5016073622047243
11
4.0513183464566929
21
-3.5001595669291339
0
LINE
8
BLACK
6
CONTINUOUS
10
4.0513183464566929
20
-3.5001595669291339
11
4.050865787401575
21
-3.4987227165354331
0
LINE
8
BLACK
6
CONTINUOUS
10
4.050865787401575
20
-3.4987227165354331
11
4.0503688582677162
21
-3.4972974803149603
0
LINE
8
BLACK
6
CONTINUOUS
10
4.0503688582677162
20
-3.4972974803149603
11
4.0498272440944882
21
-3.4958849606299212
0
LINE
8
BLACK
6
CONTINUOUS
10
4.0498272440944882
20
-3.4958849606299212
11
4.0492405511811027
21
-3.4944859448818897
0
LINE
8
BLACK
6
CONTINUOUS
10
4.0492405511811027
20
-3.4944859448818897
11
4.0486079921259845
21
-3.4931004330708659
0
LINE
8
BLACK
6
CONTINUOUS
10
4.0486079921259845
20
-3.4931004330708659
11
4.0479305118110238
21
-3.4917321259842518
0
LINE
8
BLACK
6
CONTINUOUS
10
4.0479305118110238
20
-3.4917321259842518
11
4.0472056692913387
21
-3.4903777952755903
0
LINE
8
BLACK
6
CONTINUOUS
10
4.0472056692913387
20
-3.4903777952755903
11
4.0464341338582672
21
-3.4890405118110235
0
LINE
8
BLACK
6
CONTINUOUS
10
4.0464341338582672
20
-3.4890405118110235
11
4.0456157874015748
21
-3.4877213779527558
0
LINE
8
BLACK
6
CONTINUOUS
10
4.0456157874015748
20
-3.4877213779527558
11
4.0447407874015751
21
-3.486407086614173
0
LINE
8
BLACK
6
CONTINUOUS
10
4.0447407874015751
20
-3.486407086614173
11
4.0447129527559058
21
-3.4863396062992127
0
LINE
8
BLACK
6
CONTINUOUS
10
4.0447129527559058
20
-3.4863396062992127
11
4.0446696062992125
21
-3.4862809448818899
0
LINE
8
BLACK
6
CONTINUOUS
10
4.0446696062992125
20
-3.4862809448818899
11
4.0431292125984255
21
-3.4830095669291339
0
LINE
8
BLACK
6
CONTINUOUS
10
4.0431292125984255
20
-3.4830095669291339
11
4.0431270866141729
21
-3.483001062992126
0
LINE
8
BLACK
6
CONTINUOUS
10
4.0431270866141729
20
-3.483001062992126
11
4.0431220078740155
21
-3.482993937007874
0
LINE
8
BLACK
6
CONTINUOUS
10
4.0431220078740155
20
-3.482993937007874
11
4.0416154330708665
21
-3.4796436220472442
0
LINE
8
BLACK
6
CONTINUOUS
10
4.0416154330708665
20
-3.4796436220472442
11
4.0416137795275588
21
-3.4796365748031497
0
LINE
8
BLACK
6
CONTINUOUS
10
4.0416137795275588
20
-3.4796365748031497
11
4.0416098031496066
21
-3.4796307874015748
0
LINE
8
BLACK
6
CONTINUOUS
10
4.0416098031496066
20
-3.4796307874015748
11
4.0401301574803146
21
-3.4762110236220471
0
LINE
8
BLACK
6
CONTINUOUS
10
4.0401301574803146
20
-3.4762110236220471
11
4.0401289763779529
21
-3.4762055905511811
0
LINE
8
BLACK
6
CONTINUOUS
10
4.0401289763779529
20
-3.4762055905511811
11
4.0401257874015748
21
-3.4762008661417321
0
LINE
8
BLACK
6
CONTINUOUS
10
4.0401257874015748
20
-3.4762008661417321
11
4.0386663385826767
21
-3.4727210629921257
0
LINE
8
BLACK
6
CONTINUOUS
10
4.0386663385826767
20
-3.4727210629921257
11
4.0386651968503937
21
-3.4727155118110233
0
LINE
8
BLACK
6
CONTINUOUS
10
4.0386651968503937
20
-3.4727155118110233
11
4.0386621653543306
21
-3.4727109055118111
0
LINE
8
BLACK
6
CONTINUOUS
10
4.0386621653543306
20
-3.4727109055118111
11
4.0357762598425193
21
-3.4656088582677165
0
LINE
8
BLACK
6
CONTINUOUS
10
4.0357762598425193
20
-3.4656088582677165
11
4.0357756692913389
21
-3.4656059448818897
0
LINE
8
BLACK
6
CONTINUOUS
10
4.0357756692913389
20
-3.4656059448818897
11
4.03577405511811
21
-3.4656034251968504
0
LINE
8
BLACK
6
CONTINUOUS
10
4.03577405511811
20
-3.4656034251968504
11
4.0328865354330707
21
-3.4583743307086614
0
LINE
8
BLACK
6
CONTINUOUS
10
4.0328865354330707
20
-3.4583743307086614
11
4.0328524409448816
21
-3.4581907874015747
0
LINE
8
BLACK
6
CONTINUOUS
10
4.0328524409448816
20
-3.4581907874015747
11
4.032816338582677
21
-3.4580092519685039
0
LINE
8
BLACK
6
CONTINUOUS
10
4.032816338582677
20
-3.4580092519685039
11
4.032816338582677
21
-3.387451181102362
0
LINE
8
BLACK
6
CONTINUOUS
10
4.032816338582677
20
-3.387451181102362
11
4.0328240157480311
21
-3.3874125590551181
0
LINE
8
BLACK
6
CONTINUOUS
10
4.0328240157480311
20
-3.3874125590551181
11
4.0328194094488188
21
-3.3873734645669291
0
LINE
8
BLACK
6
CONTINUOUS
10
4.0328194094488188
20
-3.3873734645669291
11
4.0341421653543303
21
-3.3706702362204726
0
LINE
8
BLACK
6
CONTINUOUS
10
4.0341421653543303
20
-3.3706702362204726
11
4.0341431889763779
21
-3.370666496062992
0
LINE
8
BLACK
6
CONTINUOUS
10
4.0341431889763779
20
-3.370666496062992
11
4.0341427952755904
21
-3.3706626377952755
0
LINE
8
BLACK
6
CONTINUOUS
10
4.0341427952755904
20
-3.3706626377952755
11
4.0341428740157479
21
-3.3706617322834647
0
LINE
8
BLACK
6
CONTINUOUS
10
4.0341428740157479
20
-3.3706617322834647
11
4.034176653543307
21
-3.3705455511811024
0
LINE
8
BLACK
6
CONTINUOUS
10
4.034176653543307
20
-3.3705455511811024
11
4.0341688976377954
21
-3.3704787007874013
0
LINE
8
BLACK
6
CONTINUOUS
10
4.0341688976377954
20
-3.3704787007874013
11
4.034206299212598
21
-3.3704314566929132
0
LINE
8
BLACK
6
CONTINUOUS
10
4.034206299212598
20
-3.3704314566929132
11
4.034206299212598
21
-3.3703712598425195
0
LINE
8
BLACK
6
CONTINUOUS
10
4.034206299212598
20
-3.3703712598425195
11
4.0342346062992123
21
-3.3703429133858265
0
LINE
8
BLACK
6
CONTINUOUS
10
4.0342346062992123
20
-3.3703429133858265
11
4.0342465748031495
21
-3.3703006692913386
0
LINE
8
BLACK
6
CONTINUOUS
10
4.0342465748031495
20
-3.3703006692913386
11
4.0342483464566925
21
-3.3702991338582677
0
LINE
8
BLACK
6
CONTINUOUS
10
4.0342483464566925
20
-3.3702991338582677
11
4.0342501574803151
21
-3.3702929921259841
0
LINE
8
BLACK
6
CONTINUOUS
10
4.0342501574803151
20
-3.3702929921259841
11
4.0344466535433066
21
-3.3701279133858266
0
LINE
8
BLACK
6
CONTINUOUS
10
4.0344466535433066
20
-3.3701279133858266
11
4.0346365354330711
21
-3.3698881496062993
0
LINE
8
BLACK
6
CONTINUOUS
10
4.0346365354330711
20
-3.3698881496062993
11
4.034714566929134
21
-3.3698629527559056
0
LINE
8
BLACK
6
CONTINUOUS
10
4.034714566929134
20
-3.3698629527559056
11
4.0347389370078739
21
-3.369838622047244
0
LINE
8
BLACK
6
CONTINUOUS
10
4.0347389370078739
20
-3.369838622047244
11
4.0348030314960628
21
-3.3698258661417322
0
LINE
8
BLACK
6
CONTINUOUS
10
4.0348030314960628
20
-3.3698258661417322
11
4.0348196062992123
21
-3.3698117322834644
0
LINE
8
BLACK
6
CONTINUOUS
10
4.0348196062992123
20
-3.3698117322834644
11
4.0348227559055116
21
-3.3698119685039369
0
LINE
8
BLACK
6
CONTINUOUS
10
4.0348227559055116
20
-3.3698119685039369
11
4.0348269291338585
21
-3.3698085039370076
0
LINE
8
BLACK
6
CONTINUOUS
10
4.0348269291338585
20
-3.3698085039370076
11
4.0348710236220473
21
-3.3698123228346457
0
LINE
8
BLACK
6
CONTINUOUS
10
4.0348710236220473
20
-3.3698123228346457
11
4.0348724015748028
21
-3.3698120472440944
0
LINE
8
BLACK
6
CONTINUOUS
10
4.0348724015748028
20
-3.3698120472440944
11
4.0350020078740156
21
-3.3697702755905512
0
LINE
8
BLACK
6
CONTINUOUS
10
4.0350020078740156
20
-3.3697702755905512
11
4.035009803149606
21
-3.3697693700787399
0
LINE
8
BLACK
6
CONTINUOUS
10
4.035009803149606
20
-3.3697693700787399
11
4.0350647244094491
21
-3.3697737795275589
0
LINE
8
BLACK
6
CONTINUOUS
10
4.0350647244094491
20
-3.3697737795275589
11
4.0351155905511806
21
-3.3697637007874013
0
LINE
8
BLACK
6
CONTINUOUS
10
4.0351155905511806
20
-3.3697637007874013
11
4.0351233070866144
21
-3.3697637007874013
0
LINE
8
BLACK
6
CONTINUOUS
10
4.0347847637795278
20
-3.3874901181102359
11
4.0347847637795278
21
-3.4578198818897636
0
LINE
8
BLACK
6
CONTINUOUS
10
4.0347847637795278
20
-3.4578198818897636
11
4.0376018897637795
21
-3.4648728346456692
0
LINE
8
BLACK
6
CONTINUOUS
10
4.0376018897637795
20
-3.4648728346456692
11
4.0404830708661414
21
-3.4719632283464565
0
LINE
8
BLACK
6
CONTINUOUS
10
4.0404830708661414
20
-3.4719632283464565
11
4.0419402755905507
21
-3.4754376377952756
0
LINE
8
BLACK
6
CONTINUOUS
10
4.0419402755905507
20
-3.4754376377952756
11
4.0434127165354328
21
-3.4788407874015745
0
LINE
8
BLACK
6
CONTINUOUS
10
4.0434127165354328
20
-3.4788407874015745
11
4.0449139763779529
21
-3.4821792913385825
0
LINE
8
BLACK
6
CONTINUOUS
10
4.0449139763779529
20
-3.4821792913385825
11
4.0464195275590553
21
-3.4853766535433071
0
LINE
8
BLACK
6
CONTINUOUS
10
4.0464195275590553
20
-3.4853766535433071
11
4.0472631102362202
21
-3.4866437401574801
0
LINE
8
BLACK
6
CONTINUOUS
10
4.0472631102362202
20
-3.4866437401574801
11
4.0472692125984251
21
-3.4866585433070867
0
LINE
8
BLACK
6
CONTINUOUS
10
4.0472692125984251
20
-3.4866585433070867
11
4.0472801968503935
21
-3.4866703149606297
0
LINE
8
BLACK
6
CONTINUOUS
10
4.0472801968503935
20
-3.4866703149606297
11
4.0481153937007877
21
-3.488016653543307
0
LINE
8
BLACK
6
CONTINUOUS
10
4.0481153937007877
20
-3.488016653543307
11
4.04812094488189
21
-3.4880314960629919
0
LINE
8
BLACK
6
CONTINUOUS
10
4.04812094488189
20
-3.4880314960629919
11
4.0481315748031497
21
-3.4880436220472442
0
LINE
8
BLACK
6
CONTINUOUS
10
4.0481315748031497
20
-3.4880436220472442
11
4.0489186220472444
21
-3.4894078346456694
0
LINE
8
BLACK
6
CONTINUOUS
10
4.0489186220472444
20
-3.4894078346456694
11
4.0489237401574805
21
-3.4894229527559055
0
LINE
8
BLACK
6
CONTINUOUS
10
4.0489237401574805
20
-3.4894229527559055
11
4.0489338582677163
21
-3.4894352755905511
0
LINE
8
BLACK
6
CONTINUOUS
10
4.0489338582677163
20
-3.4894352755905511
11
4.0496731102362205
21
-3.4908165354330709
0
LINE
8
BLACK
6
CONTINUOUS
10
4.0496731102362205
20
-3.4908165354330709
11
4.0496777165354327
21
-3.4908317322834646
0
LINE
8
BLACK
6
CONTINUOUS
10
4.0496777165354327
20
-3.4908317322834646
11
4.0496873622047245
21
-3.4908442519685039
0
LINE
8
BLACK
6
CONTINUOUS
10
4.0496873622047245
20
-3.4908442519685039
11
4.0503792519685042
21
-3.4922416141732282
0
LINE
8
BLACK
6
CONTINUOUS
10
4.0503792519685042
20
-3.4922416141732282
11
4.050383307086614
21
-3.4922567716535431
0
LINE
8
BLACK
6
CONTINUOUS
10
4.050383307086614
20
-3.4922567716535431
11
4.0503925590551182
21
-3.4922695669291337
0
LINE
8
BLACK
6
CONTINUOUS
10
4.0503925590551182
20
-3.4922695669291337
11
4.0510375590551178
21
-3.4936823622047242
0
LINE
8
BLACK
6
CONTINUOUS
10
4.0510375590551178
20
-3.4936823622047242
11
4.0510411023622046
21
-3.4936974803149607
0
LINE
8
BLACK
6
CONTINUOUS
10
4.0510411023622046
20
-3.4936974803149607
11
4.0510498818897638
21
-3.4937104724409447
0
LINE
8
BLACK
6
CONTINUOUS
10
4.0510498818897638
20
-3.4937104724409447
11
4.0516483858267716
21
-3.4951376377952754
0
LINE
8
BLACK
6
CONTINUOUS
10
4.0516483858267716
20
-3.4951376377952754
11
4.0516514566929134
21
-3.4951527952755903
0
LINE
8
BLACK
6
CONTINUOUS
10
4.0516514566929134
20
-3.4951527952755903
11
4.0516597244094488
21
-3.4951659055118109
0
LINE
8
BLACK
6
CONTINUOUS
10
4.0516597244094488
20
-3.4951659055118109
11
4.052212165354331
21
-3.4966067322834644
0
LINE
8
BLACK
6
CONTINUOUS
10
4.052212165354331
20
-3.4966067322834644
11
4.0522147244094491
21
-3.4966218110236218
0
LINE
8
BLACK
6
CONTINUOUS
10
4.0522147244094491
20
-3.4966218110236218
11
4.0522225196850394
21
-3.4966350393700787
0
LINE
8
BLACK
6
CONTINUOUS
10
4.0522225196850394
20
-3.4966350393700787
11
4.0527293307086616
21
-3.4980885433070865
0
LINE
8
BLACK
6
CONTINUOUS
10
4.0527293307086616
20
-3.4980885433070865
11
4.0527314173228346
21
-3.4981035826771651
0
LINE
8
BLACK
6
CONTINUOUS
10
4.0527314173228346
20
-3.4981035826771651
11
4.0527387401574799
21
-3.4981169291338583
0
LINE
8
BLACK
6
CONTINUOUS
10
4.0527387401574799
20
-3.4981169291338583
11
4.0532003149606295
21
-3.4995823622047242
0
LINE
8
BLACK
6
CONTINUOUS
10
4.0532003149606295
20
-3.4995823622047242
11
4.0532019291338583
21
-3.4995972440944882
0
LINE
8
BLACK
6
CONTINUOUS
10
4.0532019291338583
20
-3.4995972440944882
11
4.0532087795275586
21
-3.4996106692913385
0
LINE
8
BLACK
6
CONTINUOUS
10
4.0532087795275586
20
-3.4996106692913385
11
4.0536255118110232
21
-3.5010870866141732
0
LINE
8
BLACK
6
CONTINUOUS
10
4.0536255118110232
20
-3.5010870866141732
11
4.053626653543307
21
-3.5011018110236218
0
LINE
8
BLACK
6
CONTINUOUS
10
4.053626653543307
20
-3.5011018110236218
11
4.0536330314960631
21
-3.5011152755905512
0
LINE
8
BLACK
6
CONTINUOUS
10
4.0536330314960631
20
-3.5011152755905512
11
4.0540054330708664
21
-3.5026019291338581
0
LINE
8
BLACK
6
CONTINUOUS
10
4.0540054330708664
20
-3.5026019291338581
11
4.054006141732283
21
-3.5026166141732284
0
LINE
8
BLACK
6
CONTINUOUS
10
4.054006141732283
20
-3.5026166141732284
11
4.0540120078740154
21
-3.5026299999999999
0
LINE
8
BLACK
6
CONTINUOUS
10
4.0540120078740154
20
-3.5026299999999999
11
4.0543404330708661
21
-3.5041258661417323
0
LINE
8
BLACK
6
CONTINUOUS
10
4.0543404330708661
20
-3.5041258661417323
11
4.0543407086614174
21
-3.5041403149606301
0
LINE
8
BLACK
6
CONTINUOUS
10
4.0543407086614174
20
-3.5041403149606301
11
4.0543461417322835
21
-3.504153779527559
0
LINE
8
BLACK
6
CONTINUOUS
10
4.0543461417322835
20
-3.504153779527559
11
4.0546310629921258
21
-3.5056581102362205
0
LINE
8
BLACK
6
CONTINUOUS
10
4.0546310629921258
20
-3.5056581102362205
11
4.0546309055118108
21
-3.5056724015748029
0
LINE
8
BLACK
6
CONTINUOUS
10
4.0546309055118108
20
-3.5056724015748029
11
4.0546359055118106
21
-3.5056858267716535
0
LINE
8
BLACK
6
CONTINUOUS
10
4.0546359055118106
20
-3.5056858267716535
11
4.0548777165354331
21
-3.5071977165354329
0
LINE
8
BLACK
6
CONTINUOUS
10
4.0548777165354331
20
-3.5071977165354329
11
4.0548771653543305
21
-3.5072117716535431
0
LINE
8
BLACK
6
CONTINUOUS
10
4.0548771653543305
20
-3.5072117716535431
11
4.054881732283464
21
-3.5072251968503938
0
LINE
8
BLACK
6
CONTINUOUS
10
4.054881732283464
20
-3.5072251968503938
11
4.0550599212598426
21
-3.5085844094488188
0
LINE
8
BLACK
6
CONTINUOUS
10
4.0550599212598426
20
-3.5085844094488188
11
4.0666389763779529
21
-3.5322893700787401
0
LINE
8
BLACK
6
CONTINUOUS
10
4.0666389763779529
20
-3.5322893700787401
11
4.0666420866141735
21
-3.5323011811023619
0
LINE
8
BLACK
6
CONTINUOUS
10
4.0666420866141735
20
-3.5323011811023619
11
4.066649212598425
21
-3.532311023622047
0
LINE
8
BLACK
6
CONTINUOUS
10
4.066649212598425
20
-3.532311023622047
11
4.0777362992125985
21
-3.5564810236220472
0
LINE
8
BLACK
6
CONTINUOUS
10
4.0777362992125985
20
-3.5564810236220472
11
4.0777383464566928
21
-3.5564896850393701
0
LINE
8
BLACK
6
CONTINUOUS
10
4.0777383464566928
20
-3.5564896850393701
11
4.0777434251968501
21
-3.5564969685039367
0
LINE
8
BLACK
6
CONTINUOUS
10
4.0777434251968501
20
-3.5564969685039367
11
4.0884169685039371
21
-3.5809005118110235
0
LINE
8
BLACK
6
CONTINUOUS
10
4.0884169685039371
20
-3.5809005118110235
11
4.0884181496062988
21
-3.5809060236220471
0
LINE
8
BLACK
6
CONTINUOUS
10
4.0884181496062988
20
-3.5809060236220471
11
4.0884213779527556
21
-3.5809107480314961
0
LINE
8
BLACK
6
CONTINUOUS
10
4.0884213779527556
20
-3.5809107480314961
11
4.0988305118110233
21
-3.6054611023622045
0
LINE
8
BLACK
6
CONTINUOUS
10
4.0988305118110233
20
-3.6054611023622045
11
4.0988309055118108
21
-3.6054630708661417
0
LINE
8
BLACK
6
CONTINUOUS
10
4.0988309055118108
20
-3.6054630708661417
11
4.0988320472440947
21
-3.6054647637795276
0
LINE
8
BLACK
6
CONTINUOUS
10
4.0988320472440947
20
-3.6054647637795276
11
4.1194504330708659
21
-3.6546503149606298
0
LINE
8
BLACK
6
CONTINUOUS
10
4.1194504330708659
20
-3.6546503149606298
11
4.1299574015748028
21
-3.6791109842519685
0
LINE
8
BLACK
6
CONTINUOUS
10
4.1299574015748028
20
-3.6791109842519685
11
4.1407985039370079
21
-3.7033757874015749
0
LINE
8
BLACK
6
CONTINUOUS
10
4.1407985039370079
20
-3.7033757874015749
11
4.1408047637795278
21
-3.7034033858267716
0
LINE
8
BLACK
6
CONTINUOUS
10
4.1408047637795278
20
-3.7034033858267716
11
4.1408198818897635
21
-3.7034274803149607
0
LINE
8
BLACK
6
CONTINUOUS
10
4.1408198818897635
20
-3.7034274803149607
11
4.1452518110236216
21
-3.7150829133858267
0
LINE
8
BLACK
6
CONTINUOUS
10
4.1452518110236216
20
-3.7150829133858267
11
4.1500605905511811
21
-3.7266001574803149
0
LINE
8
BLACK
6
CONTINUOUS
10
4.1500605905511811
20
-3.7266001574803149
11
4.155157677165354
21
-3.7380279527559055
0
LINE
8
BLACK
6
CONTINUOUS
10
4.155157677165354
20
-3.7380279527559055
11
4.1604497637795275
21
-3.749401771653543
0
LINE
8
BLACK
6
CONTINUOUS
10
4.1604497637795275
20
-3.749401771653543
11
4.1712277952755903
21
-3.7720929921259843
0
LINE
8
BLACK
6
CONTINUOUS
10
4.1712277952755903
20
-3.7720929921259843
11
4.1712287401574804
21
-3.7720968110236219
0
LINE
8
BLACK
6
CONTINUOUS
10
4.1712287401574804
20
-3.7720968110236219
11
4.1712311417322834
21
-3.7721000787401575
0
LINE
8
BLACK
6
CONTINUOUS
10
4.1712311417322834
20
-3.7721000787401575
11
4.1765242125984248
21
-3.7834769685039369
0
LINE
8
BLACK
6
CONTINUOUS
10
4.1765242125984248
20
-3.7834769685039369
11
4.1765260629921261
21
-3.7834846456692914
0
LINE
8
BLACK
6
CONTINUOUS
10
4.1765260629921261
20
-3.7834846456692914
11
4.1765307480314959
21
-3.7834912598425197
0
LINE
8
BLACK
6
CONTINUOUS
10
4.1765307480314959
20
-3.7834912598425197
11
4.1814296062992122
21
-3.794476653543307
0
LINE
8
BLACK
6
CONTINUOUS
10
4.1814296062992122
20
-3.794476653543307
11
4.2754701968503932
21
-3.7886565748031495
0
LINE
8
BLACK
6
CONTINUOUS
10
4.2754701968503932
20
-3.7886565748031495
11
4.2754729133858262
21
-3.7886569291338583
0
LINE
8
BLACK
6
CONTINUOUS
10
4.2754729133858262
20
-3.7886569291338583
11
4.2754755905511814
21
-3.7886562598425195
0
LINE
8
BLACK
6
CONTINUOUS
10
4.2754755905511814
20
-3.7886562598425195
11
4.3700966929133855
21
-3.7833209055118111
0
LINE
8
BLACK
6
CONTINUOUS
10
4.3700966929133855
20
-3.7833209055118111
11
4.3700988188976373
21
-3.7833211811023619
0
LINE
8
BLACK
6
CONTINUOUS
10
4.3700988188976373
20
-3.7833211811023619
11
4.3701009448818899
21
-3.7833206692913386
0
LINE
8
BLACK
6
CONTINUOUS
10
4.3701009448818899
20
-3.7833206692913386
11
4.5576218897637792
21
-3.7735661417322834
0
LINE
8
BLACK
6
CONTINUOUS
10
4.5576218897637792
20
-3.7735661417322834
11
4.5495079133858267
21
-3.7624444881889763
0
LINE
8
BLACK
6
CONTINUOUS
10
4.5495079133858267
20
-3.7624444881889763
11
4.5402238582677166
21
-3.7499564173228346
0
LINE
8
BLACK
6
CONTINUOUS
10
4.5402238582677166
20
-3.7499564173228346
11
4.5308071259842517
21
-3.7375734251968504
0
LINE
8
BLACK
6
CONTINUOUS
10
4.5308071259842517
20
-3.7375734251968504
11
4.5212652362204722
21
-3.7253528740157478
0
LINE
8
BLACK
6
CONTINUOUS
10
4.5212652362204722
20
-3.7253528740157478
11
4.5208107086614175
21
-3.724870905511811
0
LINE
8
BLACK
6
CONTINUOUS
10
4.5208107086614175
20
-3.724870905511811
11
4.5208070472440944
21
-3.7248650787401574
0
LINE
8
BLACK
6
CONTINUOUS
10
4.5208070472440944
20
-3.7248650787401574
11
4.5208014960629921
21
-3.7248610236220472
0
LINE
8
BLACK
6
CONTINUOUS
10
4.5208014960629921
20
-3.7248610236220472
11
4.5203238976377955
21
-3.7243404724409448
0
LINE
8
BLACK
6
CONTINUOUS
10
4.5203238976377955
20
-3.7243404724409448
11
4.5203203543307087
21
-3.7243346456692912
0
LINE
8
BLACK
6
CONTINUOUS
10
4.5203203543307087
20
-3.7243346456692912
11
4.5203151181102363
21
-3.7243307086614172
0
LINE
8
BLACK
6
CONTINUOUS
10
4.5203151181102363
20
-3.7243307086614172
11
4.5198457480314955
21
-3.7238052755905513
0
LINE
8
BLACK
6
CONTINUOUS
10
4.5198457480314955
20
-3.7238052755905513
11
4.5198424409448821
21
-3.7237996456692914
0
LINE
8
BLACK
6
CONTINUOUS
10
4.5198424409448821
20
-3.7237996456692914
11
4.5198373622047239
21
-3.7237957480314958
0
LINE
8
BLACK
6
CONTINUOUS
10
4.5198373622047239
20
-3.7237957480314958
11
4.5193760236220468
21
-3.7232656692913384
0
LINE
8
BLACK
6
CONTINUOUS
10
4.5193760236220468
20
-3.7232656692913384
11
4.5193728740157475
21
-3.7232601968503936
0
LINE
8
BLACK
6
CONTINUOUS
10
4.5193728740157475
20
-3.7232601968503936
11
4.5193678740157477
21
-3.7232562204724409
0
LINE
8
BLACK
6
CONTINUOUS
10
4.5193678740157477
20
-3.7232562204724409
11
4.5189145275590548
21
-3.722721811023622
0
LINE
8
BLACK
6
CONTINUOUS
10
4.5189145275590548
20
-3.722721811023622
11
4.5189114960629917
21
-3.7227163779527559
0
LINE
8
BLACK
6
CONTINUOUS
10
4.5189114960629917
20
-3.7227163779527559
11
4.5189068110236219
21
-3.7227125590551182
0
LINE
8
BLACK
6
CONTINUOUS
10
4.5189068110236219
20
-3.7227125590551182
11
4.5184612598425193
21
-3.7221740944881887
0
LINE
8
BLACK
6
CONTINUOUS
10
4.5184612598425193
20
-3.7221740944881887
11
4.5184584645669288
21
-3.7221688976377951
0
LINE
8
BLACK
6
CONTINUOUS
10
4.5184584645669288
20
-3.7221688976377951
11
4.5184538976377953
21
-3.7221651181102362
0
LINE
8
BLACK
6
CONTINUOUS
10
4.5184538976377953
20
-3.7221651181102362
11
4.518015984251968
21
-3.721622992125984
0
LINE
8
BLACK
6
CONTINUOUS
10
4.518015984251968
20
-3.721622992125984
11
4.518013267716535
21
-3.7216177952755904
0
LINE
8
BLACK
6
CONTINUOUS
10
4.518013267716535
20
-3.7216177952755904
11
4.5180088976377952
21
-3.721614094488189
0
LINE
8
BLACK
6
CONTINUOUS
10
4.5180088976377952
20
-3.721614094488189
11
4.5176636220472437
21
-3.7211764173228348
0
LINE
8
BLACK
6
CONTINUOUS
10
4.5176636220472437
20
-3.7211764173228348
11
4.2759822440944877
21
-3.5466856692913384
0
LINE
8
BLACK
6
CONTINUOUS
10
4.2759822440944877
20
-3.5466856692913384
11
4.2759814566929135
21
-3.5466848031496063
0
LINE
8
BLACK
6
CONTINUOUS
10
4.2759814566929135
20
-3.5466848031496063
11
4.2759804724409447
21
-3.54668437007874
0
LINE
8
BLACK
6
CONTINUOUS
10
4.2759804724409447
20
-3.54668437007874
11
4.0359665748031492
21
-3.3725665748031495
0
LINE
8
BLACK
6
CONTINUOUS
10
4.0359665748031492
20
-3.3725665748031495
11
4.0347847637795278
21
-3.3874901181102359
0
LINE
8
BLACK
6
CONTINUOUS
10
3.3586364960629922
20
-2.8785269291338582
11
3.3586882677165355
21
-2.8785187007874016
0
LINE
8
BLACK
6
CONTINUOUS
10
3.3586882677165355
20
-2.8785187007874016
11
3.3587591338582676
21
-2.8785512992125986
0
LINE
8
BLACK
6
CONTINUOUS
10
3.3587591338582676
20
-2.8785512992125986
11
3.3588358267716534
21
-2.8785665748031497
0
LINE
8
BLACK
6
CONTINUOUS
10
3.3588358267716534
20
-2.8785665748031497
11
3.3588729133858268
21
-2.8786036614173227
0
LINE
8
BLACK
6
CONTINUOUS
10
3.3588729133858268
20
-2.8786036614173227
11
3.3590371653543305
21
-2.8786792519685038
0
LINE
8
BLACK
6
CONTINUOUS
10
3.3590371653543305
20
-2.8786792519685038
11
3.8141560629921258
21
-3.2088794488188976
0
LINE
8
BLACK
6
CONTINUOUS
10
3.8141560629921258
20
-3.2088794488188976
11
3.8144169291338583
21
-3.2091612598425194
0
LINE
8
BLACK
6
CONTINUOUS
10
3.8144169291338583
20
-3.2091612598425194
11
3.8144428740157479
21
-3.2093244488188977
0
LINE
8
BLACK
6
CONTINUOUS
10
3.8144428740157479
20
-3.2093244488188977
11
3.8145381889763779
21
-3.2094594881889762
0
LINE
8
BLACK
6
CONTINUOUS
10
3.8145381889763779
20
-3.2094594881889762
11
3.8144997637795273
21
-3.2096820472440943
0
LINE
8
BLACK
6
CONTINUOUS
10
3.8144997637795273
20
-3.2096820472440943
11
3.8145352755905511
21
-3.2099051968503938
0
LINE
8
BLACK
6
CONTINUOUS
10
3.8145352755905511
20
-3.2099051968503938
11
3.8144381889763777
21
-3.2100389763779527
0
LINE
8
BLACK
6
CONTINUOUS
10
3.8144381889763777
20
-3.2100389763779527
11
3.8144101181102363
21
-3.2102017716535434
0
LINE
8
BLACK
6
CONTINUOUS
10
3.8144101181102363
20
-3.2102017716535434
11
3.8141455905511812
21
-3.2104801968503938
0
LINE
8
BLACK
6
CONTINUOUS
10
3.8141455905511812
20
-3.2104801968503938
11
3.7407201574803151
21
-3.2622990944881889
0
LINE
8
BLACK
6
CONTINUOUS
10
3.7407201574803151
20
-3.2622990944881889
11
3.7405659448818898
21
-3.2623675984251967
0
LINE
8
BLACK
6
CONTINUOUS
10
3.7405659448818898
20
-3.2623675984251967
11
3.7405293307086613
21
-3.2624042519685039
0
LINE
8
BLACK
6
CONTINUOUS
10
3.7405293307086613
20
-3.2624042519685039
11
3.7404464173228344
21
-3.2624207086614172
0
LINE
8
BLACK
6
CONTINUOUS
10
3.7404464173228344
20
-3.2624207086614172
11
3.7403692519685037
21
-3.2624550393700789
0
LINE
8
BLACK
6
CONTINUOUS
10
3.7403692519685037
20
-3.2624550393700789
11
3.7403182283464567
21
-3.2624462204724409
0
LINE
8
BLACK
6
CONTINUOUS
10
3.7403182283464567
20
-3.2624462204724409
11
3.7401526771653542
21
-3.2624791732283462
0
LINE
8
BLACK
6
CONTINUOUS
10
3.7401526771653542
20
-3.2624791732283462
11
3.6994701968503936
21
-3.2624791732283462
0
LINE
8
BLACK
6
CONTINUOUS
10
3.6994701968503936
20
-3.2624791732283462
11
3.6994701968503936
21
-3.2822604330708662
0
LINE
8
BLACK
6
CONTINUOUS
10
3.6994701968503936
20
-3.2822604330708662
11
3.6995992519685039
21
-3.2831911023622045
0
LINE
8
BLACK
6
CONTINUOUS
10
3.6995992519685039
20
-3.2831911023622045
11
3.6995988976377951
21
-3.2831971259842518
0
LINE
8
BLACK
6
CONTINUOUS
10
3.6995988976377951
20
-3.2831971259842518
11
3.6996008267716536
21
-3.2832029133858267
0
LINE
8
BLACK
6
CONTINUOUS
10
3.6996008267716536
20
-3.2832029133858267
11
3.6997269291338584
21
-3.2842011811023619
0
LINE
8
BLACK
6
CONTINUOUS
10
3.6997269291338584
20
-3.2842011811023619
11
3.6997264960629921
21
-3.2842069685039368
0
LINE
8
BLACK
6
CONTINUOUS
10
3.6997264960629921
20
-3.2842069685039368
11
3.6997283070866143
21
-3.2842125590551179
0
LINE
8
BLACK
6
CONTINUOUS
10
3.6997283070866143
20
-3.2842125590551179
11
3.6998426771653543
21
-3.2852112204724411
0
LINE
8
BLACK
6
CONTINUOUS
10
3.6998426771653543
20
-3.2852112204724411
11
3.6998422047244093
21
-3.2852167716535434
0
LINE
8
BLACK
6
CONTINUOUS
10
3.6998422047244093
20
-3.2852167716535434
11
3.6998438582677164
21
-3.285222125984252
0
LINE
8
BLACK
6
CONTINUOUS
10
3.6998438582677164
20
-3.285222125984252
11
3.6999470078740155
21
-3.286221220472441
0
LINE
8
BLACK
6
CONTINUOUS
10
3.6999470078740155
20
-3.286221220472441
11
3.6999462598425197
21
-3.2862290157480314
0
LINE
8
BLACK
6
CONTINUOUS
10
3.6999462598425197
20
-3.2862290157480314
11
3.6999484645669289
21
-3.2862365748031497
0
LINE
8
BLACK
6
CONTINUOUS
10
3.6999484645669289
20
-3.2862365748031497
11
3.7001232677165352
21
-3.2882362204724407
0
LINE
8
BLACK
6
CONTINUOUS
10
3.7001232677165352
20
-3.2882362204724407
11
3.7001222047244093
21
-3.2882457480314962
0
LINE
8
BLACK
6
CONTINUOUS
10
3.7001222047244093
20
-3.2882457480314962
11
3.7001247244094486
21
-3.2882549999999999
0
LINE
8
BLACK
6
CONTINUOUS
10
3.7001247244094486
20
-3.2882549999999999
11
3.7002611811023622
21
-3.2902569291338581
0
LINE
8
BLACK
6
CONTINUOUS
10
3.7002611811023622
20
-3.2902569291338581
11
3.7002120472440945
21
-3.2906377952755905
0
LINE
8
BLACK
6
CONTINUOUS
10
3.7002120472440945
20
-3.2906377952755905
11
3.7001321259842519
21
-3.2907293700787399
0
LINE
8
BLACK
6
CONTINUOUS
10
3.7001321259842519
20
-3.2907293700787399
11
3.7001115354330709
21
-3.2908492125984252
0
LINE
8
BLACK
6
CONTINUOUS
10
3.7001115354330709
20
-3.2908492125984252
11
3.699847125984252
21
-3.2911277165354331
0
LINE
8
BLACK
6
CONTINUOUS
10
3.699847125984252
20
-3.2911277165354331
11
3.2397435826771654
21
-3.6161603543307086
0
LINE
8
BLACK
6
CONTINUOUS
10
3.2397435826771654
20
-3.6161603543307086
11
3.2393927165354328
21
-3.6163164960629919
0
LINE
8
BLACK
6
CONTINUOUS
10
3.2393927165354328
20
-3.6163164960629919
11
3.2392015354330708
21
-3.6162835826771653
0
LINE
8
BLACK
6
CONTINUOUS
10
3.2392015354330708
20
-3.6162835826771653
11
3.2390126771653542
21
-3.6163270866141732
0
LINE
8
BLACK
6
CONTINUOUS
10
3.2390126771653542
20
-3.6163270866141732
11
3.2388451968503937
21
-3.616222283464567
0
LINE
8
BLACK
6
CONTINUOUS
10
3.2388451968503937
20
-3.616222283464567
11
3.2386503543307086
21
-3.6161887795275591
0
LINE
8
BLACK
6
CONTINUOUS
10
3.2386503543307086
20
-3.6161887795275591
11
3.2385384251968503
21
-3.6160303543307086
0
LINE
8
BLACK
6
CONTINUOUS
10
3.2385384251968503
20
-3.6160303543307086
11
3.2383741338582674
21
-3.6159275590551179
0
LINE
8
BLACK
6
CONTINUOUS
10
3.2383741338582674
20
-3.6159275590551179
11
3.2382165748031495
21
-3.6155773228346457
0
LINE
8
BLACK
6
CONTINUOUS
10
3.2382165748031495
20
-3.6155773228346457
11
3.2354817322834646
21
-3.6037003543307087
0
LINE
8
BLACK
6
CONTINUOUS
10
3.2354817322834646
20
-3.6037003543307087
11
3.2354814960629921
21
-3.6036927559055116
0
LINE
8
BLACK
6
CONTINUOUS
10
3.2354814960629921
20
-3.6036927559055116
11
3.2354785433070865
21
-3.6036859055118109
0
LINE
8
BLACK
6
CONTINUOUS
10
3.2354785433070865
20
-3.6036859055118109
11
3.2329262992125982
21
-3.5917862204724407
0
LINE
8
BLACK
6
CONTINUOUS
10
3.2329262992125982
20
-3.5917862204724407
11
3.2329261417322832
21
-3.5917781889763778
0
LINE
8
BLACK
6
CONTINUOUS
10
3.2329261417322832
20
-3.5917781889763778
11
3.2329231102362206
21
-3.5917707874015745
0
LINE
8
BLACK
6
CONTINUOUS
10
3.2329231102362206
20
-3.5917707874015745
11
3.2317438188976375
21
-3.5858089370078741
0
LINE
8
BLACK
6
CONTINUOUS
10
3.2317438188976375
20
-3.5858089370078741
11
3.2317438188976375
21
-3.5858023228346454
0
LINE
8
BLACK
6
CONTINUOUS
10
3.2317438188976375
20
-3.5858023228346454
11
3.2317413779527557
21
-3.5857961811023622
0
LINE
8
BLACK
6
CONTINUOUS
10
3.2317413779527557
20
-3.5857961811023622
11
3.2306417716535432
21
-3.5798244881889763
0
LINE
8
BLACK
6
CONTINUOUS
10
3.2306417716535432
20
-3.5798244881889763
11
3.2306418503937007
21
-3.5798168503937009
0
LINE
8
BLACK
6
CONTINUOUS
10
3.2306418503937007
20
-3.5798168503937009
11
3.2306392125984251
21
-3.5798098425196851
0
LINE
8
BLACK
6
CONTINUOUS
10
3.2306392125984251
20
-3.5798098425196851
11
3.2296305905511811
21
-3.5738269291338582
0
LINE
8
BLACK
6
CONTINUOUS
10
3.2296305905511811
20
-3.5738269291338582
11
3.2296308267716536
21
-3.5738183858267716
0
LINE
8
BLACK
6
CONTINUOUS
10
3.2296308267716536
20
-3.5738183858267716
11
3.2296279527559055
21
-3.5738103937007875
0
LINE
8
BLACK
6
CONTINUOUS
10
3.2296279527559055
20
-3.5738103937007875
11
3.2287264173228345
21
-3.5678463385826773
0
LINE
8
BLACK
6
CONTINUOUS
10
3.2287264173228345
20
-3.5678463385826773
11
3.2239511023622045
21
-3.5459099212598426
0
LINE
8
BLACK
6
CONTINUOUS
10
3.2239511023622045
20
-3.5459099212598426
11
3.2239509448818895
21
-3.5459022047244093
0
LINE
8
BLACK
6
CONTINUOUS
10
3.2239509448818895
20
-3.5459022047244093
11
3.2239480314960631
21
-3.5458951968503936
0
LINE
8
BLACK
6
CONTINUOUS
10
3.2239480314960631
20
-3.5458951968503936
11
3.2194937401574801
21
-3.5238156692913387
0
LINE
8
BLACK
6
CONTINUOUS
10
3.2194937401574801
20
-3.5238156692913387
11
3.2194937007874014
21
-3.5238107874015747
0
LINE
8
BLACK
6
CONTINUOUS
10
3.2194937007874014
20
-3.5238107874015747
11
3.2194918897637796
21
-3.5238062992125982
0
LINE
8
BLACK
6
CONTINUOUS
10
3.2194918897637796
20
-3.5238062992125982
11
3.2109987007874015
21
-3.4794936614173229
0
LINE
8
BLACK
6
CONTINUOUS
10
3.2109987007874015
20
-3.4794936614173229
11
3.2066773622047244
21
-3.4573601181102362
0
LINE
8
BLACK
6
CONTINUOUS
10
3.2066773622047244
20
-3.4573601181102362
11
3.2021179133858269
21
-3.4353062204724409
0
LINE
8
BLACK
6
CONTINUOUS
10
3.2021179133858269
20
-3.4353062204724409
11
3.1971776377952756
21
-3.4133737007874014
0
LINE
8
BLACK
6
CONTINUOUS
10
3.1971776377952756
20
-3.4133737007874014
11
3.1917121259842518
21
-3.3915970866141731
0
LINE
8
BLACK
6
CONTINUOUS
10
3.1917121259842518
20
-3.3915970866141731
11
3.1917061023622049
21
-3.3914755905511811
0
LINE
8
BLACK
6
CONTINUOUS
10
3.1917061023622049
20
-3.3914755905511811
11
3.1916856299212597
21
-3.3914355118110238
0
LINE
8
BLACK
6
CONTINUOUS
10
3.1916856299212597
20
-3.3914355118110238
11
3.1916986220472441
21
-3.3913248425196851
0
LINE
8
BLACK
6
CONTINUOUS
10
3.1916986220472441
20
-3.3913248425196851
11
3.1916931102362205
21
-3.3912135039370077
0
LINE
8
BLACK
6
CONTINUOUS
10
3.1916931102362205
20
-3.3912135039370077
11
3.1917162204724407
21
-3.391174842519685
0
LINE
8
BLACK
6
CONTINUOUS
10
3.1917162204724407
20
-3.391174842519685
11
3.191730433070866
21
-3.3910541338582676
0
LINE
8
BLACK
6
CONTINUOUS
10
3.191730433070866
20
-3.3910541338582676
11
3.2298978346456693
21
-3.2732562992125982
0
LINE
8
BLACK
6
CONTINUOUS
10
3.2298978346456693
20
-3.2732562992125982
11
3.3575222440944881
21
-2.8791726377952753
0
LINE
8
BLACK
6
CONTINUOUS
10
3.3575222440944881
20
-2.8791726377952753
11
3.3575492913385827
21
-2.8791242125984251
0
LINE
8
BLACK
6
CONTINUOUS
10
3.3575492913385827
20
-2.8791242125984251
11
3.3575492913385827
21
-2.8790992125984252
0
LINE
8
BLACK
6
CONTINUOUS
10
3.3575492913385827
20
-2.8790992125984252
11
3.3575809448818896
21
-2.8790675196850395
0
LINE
8
BLACK
6
CONTINUOUS
10
3.3575809448818896
20
-2.8790675196850395
11
3.3577095669291337
21
-2.8788374015748031
0
LINE
8
BLACK
6
CONTINUOUS
10
3.3577095669291337
20
-2.8788374015748031
11
3.3578516141732284
21
-2.8787648031496063
0
LINE
8
BLACK
6
CONTINUOUS
10
3.3578516141732284
20
-2.8787648031496063
11
3.3579443700787399
21
-2.8786370078740156
0
LINE
8
BLACK
6
CONTINUOUS
10
3.3579443700787399
20
-2.8786370078740156
11
3.3580241732283462
21
-2.8786242913385824
0
LINE
8
BLACK
6
CONTINUOUS
10
3.3580241732283462
20
-2.8786242913385824
11
3.3580819291338582
21
-2.8785665748031497
0
LINE
8
BLACK
6
CONTINUOUS
10
3.3580819291338582
20
-2.8785665748031497
11
3.3583404724409447
21
-2.878515118110236
0
LINE
8
BLACK
6
CONTINUOUS
10
3.3583404724409447
20
-2.878515118110236
11
3.3583803937007874
21
-2.8784947637795275
0
LINE
8
BLACK
6
CONTINUOUS
10
3.3583803937007874
20
-2.8784947637795275
11
3.3584041732283465
21
-2.8785024409448816
0
LINE
8
BLACK
6
CONTINUOUS
10
3.3584041732283465
20
-2.8785024409448816
11
3.3584585826771653
21
-2.8784916535433069
0
LINE
8
BLACK
6
CONTINUOUS
10
3.3584585826771653
20
-2.8784916535433069
11
3.3584591732283462
21
-2.8784916535433069
0
LINE
8
BLACK
6
CONTINUOUS
10
3.3584591732283462
20
-2.8784916535433069
11
3.3586364960629922
21
-2.8785269291338582
0
LINE
8
BLACK
6
CONTINUOUS
10
3.2317704724409446
20
-3.273862874015748
11
3.2317704330708659
21
-3.2738629133858268
0
LINE
8
BLACK
6
CONTINUOUS
10
3.2317704330708659
20
-3.2738629133858268
11
3.2317704330708659
21
-3.2738630314960631
0
LINE
8
BLACK
6
CONTINUOUS
10
3.2317704330708659
20
-3.2738630314960631
11
3.193690118110236
21
-3.3913919685039371
0
LINE
8
BLACK
6
CONTINUOUS
10
3.193690118110236
20
-3.3913919685039371
11
3.1990898031496062
21
-3.4129062598425195
0
LINE
8
BLACK
6
CONTINUOUS
10
3.1990898031496062
20
-3.4129062598425195
11
3.1990903937007875
21
-3.4129184645669293
0
LINE
8
BLACK
6
CONTINUOUS
10
3.1990903937007875
20
-3.4129184645669293
11
3.1990953543307086
21
-3.4129296062992127
0
LINE
8
BLACK
6
CONTINUOUS
10
3.1990953543307086
20
-3.4129296062992127
11
3.20404
21
-3.4348815748031494
0
LINE
8
BLACK
6
CONTINUOUS
10
3.20404
20
-3.4348815748031494
11
3.2040401968503938
21
-3.4348904330708661
0
LINE
8
BLACK
6
CONTINUOUS
10
3.2040401968503938
20
-3.4348904330708661
11
3.2040436614173227
21
-3.4348985826771652
0
LINE
8
BLACK
6
CONTINUOUS
10
3.2040436614173227
20
-3.4348985826771652
11
3.2086063779527558
21
-3.4569680708661417
0
LINE
8
BLACK
6
CONTINUOUS
10
3.2086063779527558
20
-3.4569680708661417
11
3.2086064173228346
21
-3.4569735433070865
0
LINE
8
BLACK
6
CONTINUOUS
10
3.2086064173228346
20
-3.4569735433070865
11
3.2086085433070863
21
-3.4569787401574801
0
LINE
8
BLACK
6
CONTINUOUS
10
3.2086085433070863
20
-3.4569787401574801
11
3.2129312992125985
21
-3.4791198031496062
0
LINE
8
BLACK
6
CONTINUOUS
10
3.2129312992125985
20
-3.4791198031496062
11
3.2129312598425197
21
-3.4791215354330709
0
LINE
8
BLACK
6
CONTINUOUS
10
3.2129312598425197
20
-3.4791215354330709
11
3.2129319291338581
21
-3.4791231102362206
0
LINE
8
BLACK
6
CONTINUOUS
10
3.2129319291338581
20
-3.4791231102362206
11
3.2214243307086612
21
-3.5234316141732283
0
LINE
8
BLACK
6
CONTINUOUS
10
3.2214243307086612
20
-3.5234316141732283
11
3.2258759448818899
21
-3.5454980314960629
0
LINE
8
BLACK
6
CONTINUOUS
10
3.2258759448818899
20
-3.5454980314960629
11
3.2306564960629922
21
-3.5674583464566929
0
LINE
8
BLACK
6
CONTINUOUS
10
3.2306564960629922
20
-3.5674583464566929
11
3.2306570472440943
21
-3.5674904330708661
0
LINE
8
BLACK
6
CONTINUOUS
10
3.2306570472440943
20
-3.5674904330708661
11
3.2306679527559052
21
-3.5675205905511809
0
LINE
8
BLACK
6
CONTINUOUS
10
3.2306679527559052
20
-3.5675205905511809
11
3.2315729133858269
21
-3.5735075984251967
0
LINE
8
BLACK
6
CONTINUOUS
10
3.2315729133858269
20
-3.5735075984251967
11
3.2325788188976379
21
-3.5794742125984249
0
LINE
8
BLACK
6
CONTINUOUS
10
3.2325788188976379
20
-3.5794742125984249
11
3.2336761417322832
21
-3.5854337007874015
0
LINE
8
BLACK
6
CONTINUOUS
10
3.2336761417322832
20
-3.5854337007874015
11
3.2348526771653541
21
-3.5913815354330709
0
LINE
8
BLACK
6
CONTINUOUS
10
3.2348526771653541
20
-3.5913815354330709
11
3.2374011811023622
21
-3.6032637795275591
0
LINE
8
BLACK
6
CONTINUOUS
10
3.2374011811023622
20
-3.6032637795275591
11
3.2398057086614171
21
-3.6137063779527558
0
LINE
8
BLACK
6
CONTINUOUS
10
3.2398057086614171
20
-3.6137063779527558
11
3.6982596850393699
21
-3.2898390551181103
0
LINE
8
BLACK
6
CONTINUOUS
10
3.6982596850393699
20
-3.2898390551181103
11
3.6981614960629918
21
-3.2883984251968501
0
LINE
8
BLACK
6
CONTINUOUS
10
3.6981614960629918
20
-3.2883984251968501
11
3.6979882283464565
21
-3.2864161023622045
0
LINE
8
BLACK
6
CONTINUOUS
10
3.6979882283464565
20
-3.2864161023622045
11
3.6978864566929133
21
-3.2854306299212599
0
LINE
8
BLACK
6
CONTINUOUS
10
3.6978864566929133
20
-3.2854306299212599
11
3.6977731889763779
21
-3.2844414960629922
0
LINE
8
BLACK
6
CONTINUOUS
10
3.6977731889763779
20
-3.2844414960629922
11
3.6976485826771652
21
-3.2834551181102363
0
LINE
8
BLACK
6
CONTINUOUS
10
3.6976485826771652
20
-3.2834551181102363
11
3.6975111023622045
21
-3.2824635433070863
0
LINE
8
BLACK
6
CONTINUOUS
10
3.6975111023622045
20
-3.2824635433070863
11
3.6975150787401576
21
-3.2823953543307085
0
LINE
8
BLACK
6
CONTINUOUS
10
3.6975150787401576
20
-3.2823953543307085
11
3.6975017716535432
21
-3.2823283464566928
0
LINE
8
BLACK
6
CONTINUOUS
10
3.6975017716535432
20
-3.2823283464566928
11
3.6975017716535432
21
-3.2614949606299213
0
LINE
8
BLACK
6
CONTINUOUS
10
3.6975017716535432
20
-3.2614949606299213
11
3.6975766929133855
21
-3.2611183070866141
0
LINE
8
BLACK
6
CONTINUOUS
10
3.6975766929133855
20
-3.2611183070866141
11
3.6981093307086614
21
-3.2605856692913386
0
LINE
8
BLACK
6
CONTINUOUS
10
3.6981093307086614
20
-3.2605856692913386
11
3.6984859842519686
21
-3.2605107480314959
0
LINE
8
BLACK
6
CONTINUOUS
10
3.6984859842519686
20
-3.2605107480314959
11
3.7398403543307084
21
-3.2605107480314959
0
LINE
8
BLACK
6
CONTINUOUS
10
3.7398403543307084
20
-3.2605107480314959
11
3.8118868110236219
21
-3.2096649999999998
0
LINE
8
BLACK
6
CONTINUOUS
10
3.8118868110236219
20
-3.2096649999999998
11
3.3589775196850393
21
-2.881067874015748
0
LINE
8
BLACK
6
CONTINUOUS
10
3.3589775196850393
20
-2.881067874015748
11
3.2317704724409446
21
-3.273862874015748
0
LINE
8
BLACK
6
CONTINUOUS
10
3.1598891338582678
20
-2.9491566141732282
11
3.1601580314960631
21
-2.9492261023622048
0
LINE
8
BLACK
6
CONTINUOUS
10
3.1601580314960631
20
-2.9492261023622048
11
3.16021437007874
21
-2.9493216929133856
0
LINE
8
BLACK
6
CONTINUOUS
10
3.16021437007874
20
-2.9493216929133856
11
3.1603133070866143
21
-2.949371929133858
0
LINE
8
BLACK
6
CONTINUOUS
10
3.1603133070866143
20
-2.949371929133858
11
3.1603994881889763
21
-2.9496357086614173
0
LINE
8
BLACK
6
CONTINUOUS
10
3.1603994881889763
20
-2.9496357086614173
11
3.1605405511811022
21
-2.9498750393700788
0
LINE
8
BLACK
6
CONTINUOUS
10
3.1605405511811022
20
-2.9498750393700788
11
3.1605312598425197
21
-2.9500391338582674
0
LINE
8
BLACK
6
CONTINUOUS
10
3.1605312598425197
20
-2.9500391338582674
11
3.160547244094488
21
-2.9500879921259844
0
LINE
8
BLACK
6
CONTINUOUS
10
3.160547244094488
20
-2.9500879921259844
11
3.1605261417322832
21
-2.9501294881889764
0
LINE
8
BLACK
6
CONTINUOUS
10
3.1605261417322832
20
-2.9501294881889764
11
3.1605188976377954
21
-2.9502584645669292
0
LINE
8
BLACK
6
CONTINUOUS
10
3.1605188976377954
20
-2.9502584645669292
11
3.1047306692913383
21
-3.1662463385826771
0
LINE
8
BLACK
6
CONTINUOUS
10
3.1047306692913383
20
-3.1662463385826771
11
3.0497515354330709
21
-3.3823423622047244
0
LINE
8
BLACK
6
CONTINUOUS
10
3.0497515354330709
20
-3.3823423622047244
11
3.0496370472440946
21
-3.3830436220472442
0
LINE
8
BLACK
6
CONTINUOUS
10
3.0496370472440946
20
-3.3830436220472442
11
3.0495322440944883
21
-3.3837772834645667
0
LINE
8
BLACK
6
CONTINUOUS
10
3.0495322440944883
20
-3.3837772834645667
11
3.049443149606299
21
-3.3845020866141731
0
LINE
8
BLACK
6
CONTINUOUS
10
3.049443149606299
20
-3.3845020866141731
11
3.0493678740157479
21
-3.3852279527559053
0
LINE
8
BLACK
6
CONTINUOUS
10
3.0493678740157479
20
-3.3852279527559053
11
3.0493071259842517
21
-3.3859440157480316
0
LINE
8
BLACK
6
CONTINUOUS
10
3.0493071259842517
20
-3.3859440157480316
11
3.0492591732283465
21
-3.3866628740157481
0
LINE
8
BLACK
6
CONTINUOUS
10
3.0492591732283465
20
-3.3866628740157481
11
3.0492241338582677
21
-3.3873756299212596
0
LINE
8
BLACK
6
CONTINUOUS
10
3.0492241338582677
20
-3.3873756299212596
11
3.0492010629921258
21
-3.3880931889763777
0
LINE
8
BLACK
6
CONTINUOUS
10
3.0492010629921258
20
-3.3880931889763777
11
3.0491903937007874
21
-3.3881388976377953
0
LINE
8
BLACK
6
CONTINUOUS
10
3.0491903937007874
20
-3.3881388976377953
11
3.0491937007874017
21
-3.3881857086614171
0
LINE
8
BLACK
6
CONTINUOUS
10
3.0491937007874017
20
-3.3881857086614171
11
3.0489624015748031
21
-3.3900045275590549
0
LINE
8
BLACK
6
CONTINUOUS
10
3.0489624015748031
20
-3.3900045275590549
11
3.0487729527559053
21
-3.3918188188976379
0
LINE
8
BLACK
6
CONTINUOUS
10
3.0487729527559053
20
-3.3918188188976379
11
3.0486242519685041
21
-3.3936365748031494
0
LINE
8
BLACK
6
CONTINUOUS
10
3.0486242519685041
20
-3.3936365748031494
11
3.0485164960629922
21
-3.3954548425196851
0
LINE
8
BLACK
6
CONTINUOUS
10
3.0485164960629922
20
-3.3954548425196851
11
3.0484497637795274
21
-3.3972735433070866
0
LINE
8
BLACK
6
CONTINUOUS
10
3.0484497637795274
20
-3.3972735433070866
11
3.0484240944881891
21
-3.3990949606299212
0
LINE
8
BLACK
6
CONTINUOUS
10
3.0484240944881891
20
-3.3990949606299212
11
3.0484396850393698
21
-3.4009107086614172
0
LINE
8
BLACK
6
CONTINUOUS
10
3.0484396850393698
20
-3.4009107086614172
11
3.0484966929133859
21
-3.4027262992125982
0
LINE
8
BLACK
6
CONTINUOUS
10
3.0484966929133859
20
-3.4027262992125982
11
3.0485951968503935
21
-3.4045352362204722
0
LINE
8
BLACK
6
CONTINUOUS
10
3.0485951968503935
20
-3.4045352362204722
11
3.0487353149606298
21
-3.4063394881889764
0
LINE
8
BLACK
6
CONTINUOUS
10
3.0487353149606298
20
-3.4063394881889764
11
3.048917086614173
21
-3.4081354724409447
0
LINE
8
BLACK
6
CONTINUOUS
10
3.048917086614173
20
-3.4081354724409447
11
3.0491409448818896
21
-3.4099246062992123
0
LINE
8
BLACK
6
CONTINUOUS
10
3.0491409448818896
20
-3.4099246062992123
11
3.0494067716535431
21
-3.4117040944881891
0
LINE
8
BLACK
6
CONTINUOUS
10
3.0494067716535431
20
-3.4117040944881891
11
3.0497144094488187
21
-3.4134705905511811
0
LINE
8
BLACK
6
CONTINUOUS
10
3.0497144094488187
20
-3.4134705905511811
11
3.050064212598425
21
-3.4152248031496062
0
LINE
8
BLACK
6
CONTINUOUS
10
3.050064212598425
20
-3.4152248031496062
11
3.0504594881889764
21
-3.4169792913385826
0
LINE
8
BLACK
6
CONTINUOUS
10
3.0504594881889764
20
-3.4169792913385826
11
3.0504619685039369
21
-3.4170778740157481
0
LINE
8
BLACK
6
CONTINUOUS
10
3.0504619685039369
20
-3.4170778740157481
11
3.0504833070866142
21
-3.4171741338582677
0
LINE
8
BLACK
6
CONTINUOUS
10
3.0504833070866142
20
-3.4171741338582677
11
3.0506052755905513
21
-3.4227691338582678
0
LINE
8
BLACK
6
CONTINUOUS
10
3.0506052755905513
20
-3.4227691338582678
11
3.0505762598425195
21
-3.4229334645669289
0
LINE
8
BLACK
6
CONTINUOUS
10
3.0505762598425195
20
-3.4229334645669289
11
3.0505560236220473
21
-3.4230987007874014
0
LINE
8
BLACK
6
CONTINUOUS
10
3.0505560236220473
20
-3.4230987007874014
11
2.9899888582677163
21
-3.6068553543307087
0
LINE
8
BLACK
6
CONTINUOUS
10
2.9899888582677163
20
-3.6068553543307087
11
2.9897997637795273
21
-3.6071896062992126
0
LINE
8
BLACK
6
CONTINUOUS
10
2.9897997637795273
20
-3.6071896062992126
11
2.9897171259842521
21
-3.6072312598425196
0
LINE
8
BLACK
6
CONTINUOUS
10
2.9897171259842521
20
-3.6072312598425196
11
2.9896729527559054
21
-3.6073125196850393
0
LINE
8
BLACK
6
CONTINUOUS
10
2.9896729527559054
20
-3.6073125196850393
11
2.9893903937007873
21
-3.6073959842519683
0
LINE
8
BLACK
6
CONTINUOUS
10
2.9893903937007873
20
-3.6073959842519683
11
2.9891271653543305
21
-3.60752874015748
0
LINE
8
BLACK
6
CONTINUOUS
10
2.9891271653543305
20
-3.60752874015748
11
2.9890392519685038
21
-3.6074997244094487
0
LINE
8
BLACK
6
CONTINUOUS
10
2.9890392519685038
20
-3.6074997244094487
11
2.9889505118110233
21
-3.6075259842519682
0
LINE
8
BLACK
6
CONTINUOUS
10
2.9889505118110233
20
-3.6075259842519682
11
2.988691535433071
21
-3.6073851181102361
0
LINE
8
BLACK
6
CONTINUOUS
10
2.988691535433071
20
-3.6073851181102361
11
2.9884117322834647
21
-3.6072929133858267
0
LINE
8
BLACK
6
CONTINUOUS
10
2.9884117322834647
20
-3.6072929133858267
11
2.9883700787401573
21
-3.6072103149606298
0
LINE
8
BLACK
6
CONTINUOUS
10
2.9883700787401573
20
-3.6072103149606298
11
2.9882887795275588
21
-3.6071661023622048
0
LINE
8
BLACK
6
CONTINUOUS
10
2.9882887795275588
20
-3.6071661023622048
11
2.9881101968503936
21
-3.6068261023622048
0
LINE
8
BLACK
6
CONTINUOUS
10
2.9881101968503936
20
-3.6068261023622048
11
2.9313252362204723
21
-3.414627244094488
0
LINE
8
BLACK
6
CONTINUOUS
10
2.9313252362204723
20
-3.414627244094488
11
2.9313251968503935
21
-3.4146272047244093
0
LINE
8
BLACK
6
CONTINUOUS
10
2.9313251968503935
20
-3.4146272047244093
11
2.9027892125984249
21
-3.318579409448819
0
LINE
8
BLACK
6
CONTINUOUS
10
2.9027892125984249
20
-3.318579409448819
11
2.9027891732283462
21
-3.3185793700787403
0
LINE
8
BLACK
6
CONTINUOUS
10
2.9027891732283462
20
-3.3185793700787403
11
2.8736107086614173
21
-3.2227805118110235
0
LINE
8
BLACK
6
CONTINUOUS
10
2.8736107086614173
20
-3.2227805118110235
11
2.8735760629921261
21
-3.2224330708661415
0
LINE
8
BLACK
6
CONTINUOUS
10
2.8735760629921261
20
-3.2224330708661415
11
2.8735709448818896
21
-3.222417283464567
0
LINE
8
BLACK
6
CONTINUOUS
10
2.8735709448818896
20
-3.222417283464567
11
2.8735739370078739
21
-3.2224113779527559
0
LINE
8
BLACK
6
CONTINUOUS
10
2.8735739370078739
20
-3.2224113779527559
11
2.8735726377952755
21
-3.2223983464566928
0
LINE
8
BLACK
6
CONTINUOUS
10
2.8735726377952755
20
-3.2223983464566928
11
2.8737451968503938
21
-3.2220746062992127
0
LINE
8
BLACK
6
CONTINUOUS
10
2.8737451968503938
20
-3.2220746062992127
11
2.873912401574803
21
-3.2217458661417324
0
LINE
8
BLACK
6
CONTINUOUS
10
2.873912401574803
20
-3.2217458661417324
11
2.8739238976377952
21
-3.2217394094488188
0
LINE
8
BLACK
6
CONTINUOUS
10
2.8739238976377952
20
-3.2217394094488188
11
2.873926968503937
21
-3.2217336614173226
0
LINE
8
BLACK
6
CONTINUOUS
10
2.873926968503937
20
-3.2217336614173226
11
2.8739426771653545
21
-3.2217288582677166
0
LINE
8
BLACK
6
CONTINUOUS
10
2.8739426771653545
20
-3.2217288582677166
11
2.8742473228346457
21
-3.2215579527559055
0
LINE
8
BLACK
6
CONTINUOUS
10
2.8742473228346457
20
-3.2215579527559055
11
2.8886132283464567
21
-3.216877401574803
0
LINE
8
BLACK
6
CONTINUOUS
10
2.8886132283464567
20
-3.216877401574803
11
2.8766265354330707
21
-3.1797664960629919
0
LINE
8
BLACK
6
CONTINUOUS
10
2.8766265354330707
20
-3.1797664960629919
11
2.8765820472440944
21
-3.1793850393700787
0
LINE
8
BLACK
6
CONTINUOUS
10
2.8765820472440944
20
-3.1793850393700787
11
2.8766607874015748
21
-3.1792311417322834
0
LINE
8
BLACK
6
CONTINUOUS
10
2.8766607874015748
20
-3.1792311417322834
11
2.8766663385826772
21
-3.1790584251968501
0
LINE
8
BLACK
6
CONTINUOUS
10
2.8766663385826772
20
-3.1790584251968501
11
2.8768898031496062
21
-3.1787461023622048
0
LINE
8
BLACK
6
CONTINUOUS
10
2.8768898031496062
20
-3.1787461023622048
11
2.9085944488188975
21
-3.1490090944881888
0
LINE
8
BLACK
6
CONTINUOUS
10
2.9085944488188975
20
-3.1490090944881888
11
2.9086001574803149
21
-3.1490055118110236
0
LINE
8
BLACK
6
CONTINUOUS
10
2.9086001574803149
20
-3.1490055118110236
11
2.9086041338582675
21
-3.149000157480315
0
LINE
8
BLACK
6
CONTINUOUS
10
2.9086041338582675
20
-3.149000157480315
11
2.9166195669291337
21
-3.1416816929133859
0
LINE
8
BLACK
6
CONTINUOUS
10
2.9166195669291337
20
-3.1416816929133859
11
2.9166270866141732
21
-3.141677125984252
0
LINE
8
BLACK
6
CONTINUOUS
10
2.9166270866141732
20
-3.141677125984252
11
2.9166325590551181
21
-3.14167
0
LINE
8
BLACK
6
CONTINUOUS
10
2.9166325590551181
20
-3.14167
11
2.9247631102362206
21
-3.1345067716535433
0
LINE
8
BLACK
6
CONTINUOUS
10
2.9247631102362206
20
-3.1345067716535433
11
2.9247735039370077
21
-3.1345007086614172
0
LINE
8
BLACK
6
CONTINUOUS
10
2.9247735039370077
20
-3.1345007086614172
11
2.9247810236220473
21
-3.1344913779527559
0
LINE
8
BLACK
6
CONTINUOUS
10
2.9247810236220473
20
-3.1344913779527559
11
2.9330663779527559
21
-3.1275379133858268
0
LINE
8
BLACK
6
CONTINUOUS
10
2.9330663779527559
20
-3.1275379133858268
11
2.9330759842519685
21
-3.1275325984251969
0
LINE
8
BLACK
6
CONTINUOUS
10
2.9330759842519685
20
-3.1275325984251969
11
2.9330830708661417
21
-3.1275242125984253
0
LINE
8
BLACK
6
CONTINUOUS
10
2.9330830708661417
20
-3.1275242125984253
11
2.9372962598425194
21
-3.1241431102362203
0
LINE
8
BLACK
6
CONTINUOUS
10
2.9372962598425194
20
-3.1241431102362203
11
2.9373036614173227
21
-3.1241392519685038
0
LINE
8
BLACK
6
CONTINUOUS
10
2.9373036614173227
20
-3.1241392519685038
11
2.9373091732283463
21
-3.1241329133858269
0
LINE
8
BLACK
6
CONTINUOUS
10
2.9373091732283463
20
-3.1241329133858269
11
2.9415505118110237
21
-3.12084437007874
0
LINE
8
BLACK
6
CONTINUOUS
10
2.9415505118110237
20
-3.12084437007874
11
2.9866320472440946
21
-3.0808979921259843
0
LINE
8
BLACK
6
CONTINUOUS
10
2.9866320472440946
20
-3.0808979921259843
11
2.9866357086614173
21
-3.0808958267716533
0
LINE
8
BLACK
6
CONTINUOUS
10
2.9866357086614173
20
-3.0808958267716533
11
2.9866384251968503
21
-3.0808923622047244
0
LINE
8
BLACK
6
CONTINUOUS
10
2.9866384251968503
20
-3.0808923622047244
11
3.0321164566929135
21
-3.0412904330708659
0
LINE
8
BLACK
6
CONTINUOUS
10
3.0321164566929135
20
-3.0412904330708659
11
3.0321164960629923
21
-3.0412903937007871
0
LINE
8
BLACK
6
CONTINUOUS
10
3.0321164960629923
20
-3.0412903937007871
11
3.0774731496062993
21
-3.0015766141732283
0
LINE
8
BLACK
6
CONTINUOUS
10
3.0774731496062993
20
-3.0015766141732283
11
3.0999542519685037
21
-2.9815262992125984
0
LINE
8
BLACK
6
CONTINUOUS
10
3.0999542519685037
20
-2.9815262992125984
11
3.1222215748031497
21
-2.9612675984251968
0
LINE
8
BLACK
6
CONTINUOUS
10
3.1222215748031497
20
-2.9612675984251968
11
3.1222389763779526
21
-2.961257086614173
0
LINE
8
BLACK
6
CONTINUOUS
10
3.1222389763779526
20
-2.961257086614173
11
3.1222435039370078
21
-2.9612482283464567
0
LINE
8
BLACK
6
CONTINUOUS
10
3.1222435039370078
20
-2.9612482283464567
11
3.1223982677165352
21
-2.9611612204724409
0
LINE
8
BLACK
6
CONTINUOUS
10
3.1223982677165352
20
-2.9611612204724409
11
3.1225505905511812
21
-2.9610695275590548
0
LINE
8
BLACK
6
CONTINUOUS
10
3.1225505905511812
20
-2.9610695275590548
11
3.1225605511811021
21
-2.9610699606299211
0
LINE
8
BLACK
6
CONTINUOUS
10
3.1225605511811021
20
-2.9610699606299211
11
3.1225782677165355
21
-2.9610600393700786
0
LINE
8
BLACK
6
CONTINUOUS
10
3.1225782677165355
20
-2.9610600393700786
11
3.1592603149606298
21
-2.9490767716535431
0
LINE
8
BLACK
6
CONTINUOUS
10
3.1592603149606298
20
-2.9490767716535431
11
3.1593884645669292
21
-2.9490613779527557
0
LINE
8
BLACK
6
CONTINUOUS
10
3.1593884645669292
20
-2.9490613779527557
11
3.1594286614173228
21
-2.9490377165354329
0
LINE
8
BLACK
6
CONTINUOUS
10
3.1594286614173228
20
-2.9490377165354329
11
3.1594785039370077
21
-2.949050590551181
0
LINE
8
BLACK
6
CONTINUOUS
10
3.1594785039370077
20
-2.949050590551181
11
3.1596416141732284
21
-2.9490310236220472
0
LINE
8
BLACK
6
CONTINUOUS
10
3.1596416141732284
20
-2.9490310236220472
11
3.1598891338582678
21
-2.9491566141732282
0
LINE
8
BLACK
6
CONTINUOUS
10
3.1233900787401576
20
-2.9628655905511811
11
3.1012727952755905
21
-2.9829878740157478
0
LINE
8
BLACK
6
CONTINUOUS
10
3.1012727952755905
20
-2.9829878740157478
11
3.1012685433070866
21
-2.9829903937007871
0
LINE
8
BLACK
6
CONTINUOUS
10
3.1012685433070866
20
-2.9829903937007871
11
3.1012655511811023
21
-2.982994409448819
0
LINE
8
BLACK
6
CONTINUOUS
10
3.1012655511811023
20
-2.982994409448819
11
3.0787802362204726
21
-3.0030484251968503
0
LINE
8
BLACK
6
CONTINUOUS
10
3.0787802362204726
20
-3.0030484251968503
11
3.0787762598425195
21
-3.0030507480314959
0
LINE
8
BLACK
6
CONTINUOUS
10
3.0787762598425195
20
-3.0030507480314959
11
3.0787735039370077
21
-3.0030543700787402
0
LINE
8
BLACK
6
CONTINUOUS
10
3.0787735039370077
20
-3.0030543700787402
11
3.0334111417322833
21
-3.0427731496062993
0
LINE
8
BLACK
6
CONTINUOUS
10
3.0334111417322833
20
-3.0427731496062993
11
3.0334099606299212
21
-3.0427737795275589
0
LINE
8
BLACK
6
CONTINUOUS
10
3.0334099606299212
20
-3.0427737795275589
11
3.0334091338582678
21
-3.0427749212598423
0
LINE
8
BLACK
6
CONTINUOUS
10
3.0334091338582678
20
-3.0427749212598423
11
2.9879350787401573
21
-3.0823733464566927
0
LINE
8
BLACK
6
CONTINUOUS
10
2.9879350787401573
20
-3.0823733464566927
11
2.9428316929133858
21
-3.1223391338582678
0
LINE
8
BLACK
6
CONTINUOUS
10
2.9428316929133858
20
-3.1223391338582678
11
2.9428035433070865
21
-3.1223555511811023
0
LINE
8
BLACK
6
CONTINUOUS
10
2.9428035433070865
20
-3.1223555511811023
11
2.9427820472440942
21
-3.1223803543307085
0
LINE
8
BLACK
6
CONTINUOUS
10
2.9427820472440942
20
-3.1223803543307085
11
2.9385225590551181
21
-3.1256828346456693
0
LINE
8
BLACK
6
CONTINUOUS
10
2.9385225590551181
20
-3.1256828346456693
11
2.9343225984251968
21
-3.1290533858267717
0
LINE
8
BLACK
6
CONTINUOUS
10
2.9343225984251968
20
-3.1290533858267717
11
2.9260557480314962
21
-3.1359913385826772
0
LINE
8
BLACK
6
CONTINUOUS
10
2.9260557480314962
20
-3.1359913385826772
11
2.9179390944881889
21
-3.1431423228346458
0
LINE
8
BLACK
6
CONTINUOUS
10
2.9179390944881889
20
-3.1431423228346458
11
2.909937244094488
21
-3.1504483858267718
0
LINE
8
BLACK
6
CONTINUOUS
10
2.909937244094488
20
-3.1504483858267718
11
2.8786914173228344
21
-3.1797550787401576
0
LINE
8
BLACK
6
CONTINUOUS
10
2.8786914173228344
20
-3.1797550787401576
11
2.8907881102362203
21
-3.2172065748031495
0
LINE
8
BLACK
6
CONTINUOUS
10
2.8907881102362203
20
-3.2172065748031495
11
2.890831968503937
21
-3.2175832283464567
0
LINE
8
BLACK
6
CONTINUOUS
10
2.890831968503937
20
-3.2175832283464567
11
2.8908327559055116
21
-3.2175855511811022
0
LINE
8
BLACK
6
CONTINUOUS
10
2.8908327559055116
20
-3.2175855511811022
11
2.8908323228346458
21
-3.2175862992125985
0
LINE
8
BLACK
6
CONTINUOUS
10
2.8908323228346458
20
-3.2175862992125985
11
2.8908325590551178
21
-3.2175880314960628
0
LINE
8
BLACK
6
CONTINUOUS
10
2.8908325590551178
20
-3.2175880314960628
11
2.8906613385826772
21
-3.2179225590551179
0
LINE
8
BLACK
6
CONTINUOUS
10
2.8906613385826772
20
-3.2179225590551179
11
2.8904913385826769
21
-3.2182569685039368
0
LINE
8
BLACK
6
CONTINUOUS
10
2.8904913385826769
20
-3.2182569685039368
11
2.8904898425196848
21
-3.2182577952755906
0
LINE
8
BLACK
6
CONTINUOUS
10
2.8904898425196848
20
-3.2182577952755906
11
2.8904894488188977
21
-3.2182585826771652
0
LINE
8
BLACK
6
CONTINUOUS
10
2.8904894488188977
20
-3.2182585826771652
11
2.890487086614173
21
-3.2182593307086615
0
LINE
8
BLACK
6
CONTINUOUS
10
2.890487086614173
20
-3.2182593307086615
11
2.8901564173228347
21
-3.2184448818897637
0
LINE
8
BLACK
6
CONTINUOUS
10
2.8901564173228347
20
-3.2184448818897637
11
2.8757749606299212
21
-3.2231304330708661
0
LINE
8
BLACK
6
CONTINUOUS
10
2.8757749606299212
20
-3.2231304330708661
11
2.9046741732283463
21
-3.3180123228346456
0
LINE
8
BLACK
6
CONTINUOUS
10
2.9046741732283463
20
-3.3180123228346456
11
2.9046744881889763
21
-3.3180156692913383
0
LINE
8
BLACK
6
CONTINUOUS
10
2.9046744881889763
20
-3.3180156692913383
11
2.9046761417322835
21
-3.3180187795275589
0
LINE
8
BLACK
6
CONTINUOUS
10
2.9046761417322835
20
-3.3180187795275589
11
2.9332125984251967
21
-3.4140680708661417
0
LINE
8
BLACK
6
CONTINUOUS
10
2.9332125984251967
20
-3.4140680708661417
11
2.9332126377952754
21
-3.4140688188976376
0
LINE
8
BLACK
6
CONTINUOUS
10
2.9332126377952754
20
-3.4140688188976376
11
2.9332130314960629
21
-3.4140695275590551
0
LINE
8
BLACK
6
CONTINUOUS
10
2.9332130314960629
20
-3.4140695275590551
11
2.9891053937007874
21
-3.6032474015748033
0
LINE
8
BLACK
6
CONTINUOUS
10
2.9891053937007874
20
-3.6032474015748033
11
3.0486336220472441
21
-3.4226429527559055
0
LINE
8
BLACK
6
CONTINUOUS
10
3.0486336220472441
20
-3.4226429527559055
11
3.0485174803149606
21
-3.4173157086614174
0
LINE
8
BLACK
6
CONTINUOUS
10
3.0485174803149606
20
-3.4173157086614174
11
3.0481414566929135
21
-3.415646535433071
0
LINE
8
BLACK
6
CONTINUOUS
10
3.0481414566929135
20
-3.415646535433071
11
3.0481411417322835
21
-3.4156340944881891
0
LINE
8
BLACK
6
CONTINUOUS
10
3.0481411417322835
20
-3.4156340944881891
11
3.0481364173228345
21
-3.4156227165354331
0
LINE
8
BLACK
6
CONTINUOUS
10
3.0481364173228345
20
-3.4156227165354331
11
3.0477816929133859
21
-3.4138438582677164
0
LINE
8
BLACK
6
CONTINUOUS
10
3.0477816929133859
20
-3.4138438582677164
11
3.0477816535433071
21
-3.4138316141732283
0
LINE
8
BLACK
6
CONTINUOUS
10
3.0477816535433071
20
-3.4138316141732283
11
3.0477772834645669
21
-3.4138202362204724
0
LINE
8
BLACK
6
CONTINUOUS
10
3.0477772834645669
20
-3.4138202362204724
11
3.0474653543307086
21
-3.4120291732283463
0
LINE
8
BLACK
6
CONTINUOUS
10
3.0474653543307086
20
-3.4120291732283463
11
3.0474656299212599
21
-3.4120171653543307
0
LINE
8
BLACK
6
CONTINUOUS
10
3.0474656299212599
20
-3.4120171653543307
11
3.047461535433071
21
-3.412005748031496
0
LINE
8
BLACK
6
CONTINUOUS
10
3.047461535433071
20
-3.412005748031496
11
3.0471923622047243
21
-3.410203779527559
0
LINE
8
BLACK
6
CONTINUOUS
10
3.0471923622047243
20
-3.410203779527559
11
3.0471929133858269
21
-3.4101918897637793
0
LINE
8
BLACK
6
CONTINUOUS
10
3.0471929133858269
20
-3.4101918897637793
11
3.0471891732283463
21
-3.4101805905511808
0
LINE
8
BLACK
6
CONTINUOUS
10
3.0471891732283463
20
-3.4101805905511808
11
3.0469625196850392
21
-3.4083690551181101
0
LINE
8
BLACK
6
CONTINUOUS
10
3.0469625196850392
20
-3.4083690551181101
11
3.046963346456693
21
-3.4083572047244095
0
LINE
8
BLACK
6
CONTINUOUS
10
3.046963346456693
20
-3.4083572047244095
11
3.0469599212598424
21
-3.4083459448818898
0
LINE
8
BLACK
6
CONTINUOUS
10
3.0469599212598424
20
-3.4083459448818898
11
3.0467757480314961
21
-3.4065261811023619
0
LINE
8
BLACK
6
CONTINUOUS
10
3.0467757480314961
20
-3.4065261811023619
11
3.0467768503937007
21
-3.4065145275590551
0
LINE
8
BLACK
6
CONTINUOUS
10
3.0467768503937007
20
-3.4065145275590551
11
3.0467737007874014
21
-3.4065033070866142
0
LINE
8
BLACK
6
CONTINUOUS
10
3.0467737007874014
20
-3.4065033070866142
11
3.0466318110236221
21
-3.4046765354330706
0
LINE
8
BLACK
6
CONTINUOUS
10
3.0466318110236221
20
-3.4046765354330706
11
3.0466331496062993
21
-3.4046650000000001
0
LINE
8
BLACK
6
CONTINUOUS
10
3.0466331496062993
20
-3.4046650000000001
11
3.04663031496063
21
-3.4046538188976379
0
LINE
8
BLACK
6
CONTINUOUS
10
3.04663031496063
20
-3.4046538188976379
11
3.0465305511811023
21
-3.4028214173228344
0
LINE
8
BLACK
6
CONTINUOUS
10
3.0465305511811023
20
-3.4028214173228344
11
3.0465321653543307
21
-3.4028100393700789
0
LINE
8
BLACK
6
CONTINUOUS
10
3.0465321653543307
20
-3.4028100393700789
11
3.0465295669291339
21
-3.4027988188976379
0
LINE
8
BLACK
6
CONTINUOUS
10
3.0465295669291339
20
-3.4027988188976379
11
3.0464718897637795
21
-3.4009620078740155
0
LINE
8
BLACK
6
CONTINUOUS
10
3.0464718897637795
20
-3.4009620078740155
11
3.0464737401574804
21
-3.4009506692913387
0
LINE
8
BLACK
6
CONTINUOUS
10
3.0464737401574804
20
-3.4009506692913387
11
3.0464714566929132
21
-3.4009395669291336
0
LINE
8
BLACK
6
CONTINUOUS
10
3.0464714566929132
20
-3.4009395669291336
11
3.0464556692913387
21
-3.3990997637795273
0
LINE
8
BLACK
6
CONTINUOUS
10
3.0464556692913387
20
-3.3990997637795273
11
3.0464577559055117
21
-3.3990886614173226
0
LINE
8
BLACK
6
CONTINUOUS
10
3.0464577559055117
20
-3.3990886614173226
11
3.0464557086614175
21
-3.3990774409448816
0
LINE
8
BLACK
6
CONTINUOUS
10
3.0464557086614175
20
-3.3990774409448816
11
3.046481653543307
21
-3.3972358267716536
0
LINE
8
BLACK
6
CONTINUOUS
10
3.046481653543307
20
-3.3972358267716536
11
3.0464840157480313
21
-3.3972246850393701
0
LINE
8
BLACK
6
CONTINUOUS
10
3.0464840157480313
20
-3.3972246850393701
11
3.0464822440944883
21
-3.3972136220472442
0
LINE
8
BLACK
6
CONTINUOUS
10
3.0464822440944883
20
-3.3972136220472442
11
3.0465498425196849
21
-3.3953716929133857
0
LINE
8
BLACK
6
CONTINUOUS
10
3.0465498425196849
20
-3.3953716929133857
11
3.0465524409448816
21
-3.3953606692913385
0
LINE
8
BLACK
6
CONTINUOUS
10
3.0465524409448816
20
-3.3953606692913385
11
3.0465509055118107
21
-3.3953495275590551
0
LINE
8
BLACK
6
CONTINUOUS
10
3.0465509055118107
20
-3.3953495275590551
11
3.0466600000000001
21
-3.3935083858267716
0
LINE
8
BLACK
6
CONTINUOUS
10
3.0466600000000001
20
-3.3935083858267716
11
3.0466627952755907
21
-3.3934975590551182
0
LINE
8
BLACK
6
CONTINUOUS
10
3.0466627952755907
20
-3.3934975590551182
11
3.0466615354330706
21
-3.393486377952756
0
LINE
8
BLACK
6
CONTINUOUS
10
3.0466615354330706
20
-3.393486377952756
11
3.046811968503937
21
-3.3916474409448818
0
LINE
8
BLACK
6
CONTINUOUS
10
3.046811968503937
20
-3.3916474409448818
11
3.0468150393700788
21
-3.3916366141732284
0
LINE
8
BLACK
6
CONTINUOUS
10
3.0468150393700788
20
-3.3916366141732284
11
3.0468140157480312
21
-3.3916254724409449
0
LINE
8
BLACK
6
CONTINUOUS
10
3.0468140157480312
20
-3.3916254724409449
11
3.0470056692913383
21
-3.3897900000000001
0
LINE
8
BLACK
6
CONTINUOUS
10
3.0470056692913383
20
-3.3897900000000001
11
3.0470089763779526
21
-3.3897791732283462
0
LINE
8
BLACK
6
CONTINUOUS
10
3.0470089763779526
20
-3.3897791732283462
11
3.0470082283464568
21
-3.3897680314960628
0
LINE
8
BLACK
6
CONTINUOUS
10
3.0470082283464568
20
-3.3897680314960628
11
3.047235118110236
21
-3.3879835433070866
0
LINE
8
BLACK
6
CONTINUOUS
10
3.047235118110236
20
-3.3879835433070866
11
3.0472570472440945
21
-3.3873035039370079
0
LINE
8
BLACK
6
CONTINUOUS
10
3.0472570472440945
20
-3.3873035039370079
11
3.0472589370078738
21
-3.3872952755905512
0
LINE
8
BLACK
6
CONTINUOUS
10
3.0472589370078738
20
-3.3872952755905512
11
3.0472577165354329
21
-3.3872868897637796
0
LINE
8
BLACK
6
CONTINUOUS
10
3.0472577165354329
20
-3.3872868897637796
11
3.0472935826771654
21
-3.3865569685039367
0
LINE
8
BLACK
6
CONTINUOUS
10
3.0472935826771654
20
-3.3865569685039367
11
3.0472956692913384
21
-3.3865484645669293
0
LINE
8
BLACK
6
CONTINUOUS
10
3.0472956692913384
20
-3.3865484645669293
11
3.0472945669291338
21
-3.3865397637795276
0
LINE
8
BLACK
6
CONTINUOUS
10
3.0472945669291338
20
-3.3865397637795276
11
3.0473435039370078
21
-3.3858061417322833
0
LINE
8
BLACK
6
CONTINUOUS
10
3.0473435039370078
20
-3.3858061417322833
11
3.0473458661417321
21
-3.3857972834645667
0
LINE
8
BLACK
6
CONTINUOUS
10
3.0473458661417321
20
-3.3857972834645667
11
3.0473448818897637
21
-3.3857883858267717
0
LINE
8
BLACK
6
CONTINUOUS
10
3.0473448818897637
20
-3.3857883858267717
11
3.0474074803149604
21
-3.3850508267716535
0
LINE
8
BLACK
6
CONTINUOUS
10
3.0474074803149604
20
-3.3850508267716535
11
3.0474100393700785
21
-3.385041929133858
0
LINE
8
BLACK
6
CONTINUOUS
10
3.0474100393700785
20
-3.385041929133858
11
3.0474091732283464
21
-3.385032559055118
0
LINE
8
BLACK
6
CONTINUOUS
10
3.0474091732283464
20
-3.385032559055118
11
3.0474860629921259
21
-3.3842909055118109
0
LINE
8
BLACK
6
CONTINUOUS
10
3.0474860629921259
20
-3.3842909055118109
11
3.0474888582677164
21
-3.3842817322834646
0
LINE
8
BLACK
6
CONTINUOUS
10
3.0474888582677164
20
-3.3842817322834646
11
3.0474881889763781
21
-3.3842723228346454
0
LINE
8
BLACK
6
CONTINUOUS
10
3.0474881889763781
20
-3.3842723228346454
11
3.0475798818897637
21
-3.383526377952756
0
LINE
8
BLACK
6
CONTINUOUS
10
3.0475798818897637
20
-3.383526377952756
11
3.0475829133858268
21
-3.3835170866141731
0
LINE
8
BLACK
6
CONTINUOUS
10
3.0475829133858268
20
-3.3835170866141731
11
3.047582401574803
21
-3.3835072834645668
0
LINE
8
BLACK
6
CONTINUOUS
10
3.047582401574803
20
-3.3835072834645668
11
3.0476896062992127
21
-3.3827569291338584
0
LINE
8
BLACK
6
CONTINUOUS
10
3.0476896062992127
20
-3.3827569291338584
11
3.0476929133858266
21
-3.3827474409448817
0
LINE
8
BLACK
6
CONTINUOUS
10
3.0476929133858266
20
-3.3827474409448817
11
3.0476925984251966
21
-3.3827375984251966
0
LINE
8
BLACK
6
CONTINUOUS
10
3.0476925984251966
20
-3.3827375984251966
11
3.0478158267716533
21
-3.3819826377952755
0
LINE
8
BLACK
6
CONTINUOUS
10
3.0478158267716533
20
-3.3819826377952755
11
3.0478310236220474
21
-3.3819419291338582
0
LINE
8
BLACK
6
CONTINUOUS
10
3.0478310236220474
20
-3.3819419291338582
11
3.0478333464566929
21
-3.3818985433070865
0
LINE
8
BLACK
6
CONTINUOUS
10
3.0478333464566929
20
-3.3818985433070865
11
3.1028238976377951
21
-3.1657575196850392
0
LINE
8
BLACK
6
CONTINUOUS
10
3.1028238976377951
20
-3.1657575196850392
11
3.1028246456692914
21
-3.1657559055118107
0
LINE
8
BLACK
6
CONTINUOUS
10
3.1028246456692914
20
-3.1657559055118107
11
3.1028247637795277
21
-3.1657540551181103
0
LINE
8
BLACK
6
CONTINUOUS
10
3.1028247637795277
20
-3.1657540551181103
11
3.158163622047244
21
-2.9515057874015747
0
LINE
8
BLACK
6
CONTINUOUS
10
3.158163622047244
20
-2.9515057874015747
11
3.1233900787401576
21
-2.9628655905511811
0
LINE
8
BLACK
6
CONTINUOUS
10
4.5090883858267716
20
-2.8678649606299214
11
4.5092466929133854
21
-2.8678649606299214
0
LINE
8
BLACK
6
CONTINUOUS
10
4.5092466929133854
20
-2.8678649606299214
11
4.5093093307086614
21
-2.8679275984251968
0
LINE
8
BLACK
6
CONTINUOUS
10
4.5093093307086614
20
-2.8679275984251968
11
4.5093926377952753
21
-2.8679417716535434
0
LINE
8
BLACK
6
CONTINUOUS
10
4.5093926377952753
20
-2.8679417716535434
11
4.5094797244094487
21
-2.8680644488188975
0
LINE
8
BLACK
6
CONTINUOUS
10
4.5094797244094487
20
-2.8680644488188975
11
4.5096185826771649
21
-2.8681352755905509
0
LINE
8
BLACK
6
CONTINUOUS
10
4.5096185826771649
20
-2.8681352755905509
11
4.509747677165354
21
-2.8683659448818899
0
LINE
8
BLACK
6
CONTINUOUS
10
4.509747677165354
20
-2.8683659448818899
11
4.5097793700787401
21
-2.8683976377952756
0
LINE
8
BLACK
6
CONTINUOUS
10
4.5097793700787401
20
-2.8683976377952756
11
4.5097793700787401
21
-2.868422559055118
0
LINE
8
BLACK
6
CONTINUOUS
10
4.5097793700787401
20
-2.868422559055118
11
4.509806141732283
21
-2.8684703937007874
0
LINE
8
BLACK
6
CONTINUOUS
10
4.509806141732283
20
-2.8684703937007874
11
4.5412392519685039
21
-2.9652925196850393
0
LINE
8
BLACK
6
CONTINUOUS
10
4.5412392519685039
20
-2.9652925196850393
11
4.5412603149606294
21
-2.9654710236220474
0
LINE
8
BLACK
6
CONTINUOUS
10
4.5412603149606294
20
-2.9654710236220474
11
4.5412842125984252
21
-2.9655176771653542
0
LINE
8
BLACK
6
CONTINUOUS
10
4.5412842125984252
20
-2.9655176771653542
11
4.5412750787401572
21
-2.9655957086614171
0
LINE
8
BLACK
6
CONTINUOUS
10
4.5412750787401572
20
-2.9655957086614171
11
4.5412843307086614
21
-2.965673897637795
0
LINE
8
BLACK
6
CONTINUOUS
10
4.5412843307086614
20
-2.965673897637795
11
4.5412604724409444
21
-2.9657206299212597
0
LINE
8
BLACK
6
CONTINUOUS
10
4.5412604724409444
20
-2.9657206299212597
11
4.5412396456692914
21
-2.9658990944881891
0
LINE
8
BLACK
6
CONTINUOUS
10
4.5412396456692914
20
-2.9658990944881891
11
4.5320198818897639
21
-2.9944243700787401
0
LINE
8
BLACK
6
CONTINUOUS
10
4.5320198818897639
20
-2.9944243700787401
11
4.5524488188976378
21
-3.0010783464566928
0
LINE
8
BLACK
6
CONTINUOUS
10
4.5524488188976378
20
-3.0010783464566928
11
4.55278374015748
21
-3.001266220472441
0
LINE
8
BLACK
6
CONTINUOUS
10
4.55278374015748
20
-3.001266220472441
11
4.5528203937007872
21
-3.0013383464566927
0
LINE
8
BLACK
6
CONTINUOUS
10
4.5528203937007872
20
-3.0013383464566927
11
4.5528924803149602
21
-3.0013750787401574
0
LINE
8
BLACK
6
CONTINUOUS
10
4.5528924803149602
20
-3.0013750787401574
11
4.5530801181102358
21
-3.0017101574803151
0
LINE
8
BLACK
6
CONTINUOUS
10
4.5530801181102358
20
-3.0017101574803151
11
4.7099810236220474
21
-3.4848238582677165
0
LINE
8
BLACK
6
CONTINUOUS
10
4.7099810236220474
20
-3.4848238582677165
11
4.710026102362205
21
-3.4852052362204722
0
LINE
8
BLACK
6
CONTINUOUS
10
4.710026102362205
20
-3.4852052362204722
11
4.7099377559055116
21
-3.4853784645669292
0
LINE
8
BLACK
6
CONTINUOUS
10
4.7099377559055116
20
-3.4853784645669292
11
4.7099230708661413
21
-3.4855722440944881
0
LINE
8
BLACK
6
CONTINUOUS
10
4.7099230708661413
20
-3.4855722440944881
11
4.7096861417322833
21
-3.4858744881889763
0
LINE
8
BLACK
6
CONTINUOUS
10
4.7096861417322833
20
-3.4858744881889763
11
4.7096840157480315
21
-3.4858762598425197
0
LINE
8
BLACK
6
CONTINUOUS
10
4.7096840157480315
20
-3.4858762598425197
11
4.7096840157480315
21
-3.4858763385826772
0
LINE
8
BLACK
6
CONTINUOUS
10
4.7096840157480315
20
-3.4858763385826772
11
4.709683937007874
21
-3.4858763385826772
0
LINE
8
BLACK
6
CONTINUOUS
10
4.709683937007874
20
-3.4858763385826772
11
4.7032567716535434
21
-3.4913962598425194
0
LINE
8
BLACK
6
CONTINUOUS
10
4.7032567716535434
20
-3.4913962598425194
11
4.7032540551181103
21
-3.4913977559055116
0
LINE
8
BLACK
6
CONTINUOUS
10
4.7032540551181103
20
-3.4913977559055116
11
4.7032521653543302
21
-3.4914001968503938
0
LINE
8
BLACK
6
CONTINUOUS
10
4.7032521653543302
20
-3.4914001968503938
11
4.6968311023622045
21
-3.4968464960629921
0
LINE
8
BLACK
6
CONTINUOUS
10
4.6968311023622045
20
-3.4968464960629921
11
4.6968264566929134
21
-3.4968490551181102
0
LINE
8
BLACK
6
CONTINUOUS
10
4.6968264566929134
20
-3.4968490551181102
11
4.6968231889763778
21
-3.4968531102362204
0
LINE
8
BLACK
6
CONTINUOUS
10
4.6968231889763778
20
-3.4968531102362204
11
4.6936072047244091
21
-3.4995235039370076
0
LINE
8
BLACK
6
CONTINUOUS
10
4.6936072047244091
20
-3.4995235039370076
11
4.693602716535433
21
-3.4995259055118111
0
LINE
8
BLACK
6
CONTINUOUS
10
4.693602716535433
20
-3.4995259055118111
11
4.6935994881889762
21
-3.499529842519685
0
LINE
8
BLACK
6
CONTINUOUS
10
4.6935994881889762
20
-3.499529842519685
11
4.6903753543307083
21
-3.5021521259842521
0
LINE
8
BLACK
6
CONTINUOUS
10
4.6903753543307083
20
-3.5021521259842521
11
4.6903696850393697
21
-3.5021550787401572
0
LINE
8
BLACK
6
CONTINUOUS
10
4.6903696850393697
20
-3.5021550787401572
11
4.6903656299212599
21
-3.5021599212598424
0
LINE
8
BLACK
6
CONTINUOUS
10
4.6903656299212599
20
-3.5021599212598424
11
4.6871298425196848
21
-3.5047242913385825
0
LINE
8
BLACK
6
CONTINUOUS
10
4.6871298425196848
20
-3.5047242913385825
11
4.6871230314960632
21
-3.5047277559055119
0
LINE
8
BLACK
6
CONTINUOUS
10
4.6871230314960632
20
-3.5047277559055119
11
4.6871180708661413
21
-3.5047334645669292
0
LINE
8
BLACK
6
CONTINUOUS
10
4.6871180708661413
20
-3.5047334645669292
11
4.6838913385826775
21
-3.5072116535433069
0
LINE
8
BLACK
6
CONTINUOUS
10
4.6838913385826775
20
-3.5072116535433069
11
4.6698629133858267
21
-3.5194165748031496
0
LINE
8
BLACK
6
CONTINUOUS
10
4.6698629133858267
20
-3.5194165748031496
11
4.6698538188976375
21
-3.5194217322834644
0
LINE
8
BLACK
6
CONTINUOUS
10
4.6698538188976375
20
-3.5194217322834644
11
4.669847322834646
21
-3.5194298425196848
0
LINE
8
BLACK
6
CONTINUOUS
10
4.669847322834646
20
-3.5194298425196848
11
4.6555342125984254
21
-3.5313690157480315
0
LINE
8
BLACK
6
CONTINUOUS
10
4.6555342125984254
20
-3.5313690157480315
11
4.6555275590551179
21
-3.5313725984251967
0
LINE
8
BLACK
6
CONTINUOUS
10
4.6555275590551179
20
-3.5313725984251967
11
4.6555227165354331
21
-3.5313784645669291
0
LINE
8
BLACK
6
CONTINUOUS
10
4.6555227165354331
20
-3.5313784645669291
11
4.6410192913385826
21
-3.54311
0
LINE
8
BLACK
6
CONTINUOUS
10
4.6410192913385826
20
-3.54311
11
4.6410151181102357
21
-3.5431121653543305
0
LINE
8
BLACK
6
CONTINUOUS
10
4.6410151181102357
20
-3.5431121653543305
11
4.6410120472440948
21
-3.5431158267716536
0
LINE
8
BLACK
6
CONTINUOUS
10
4.6410120472440948
20
-3.5431158267716536
11
4.6263901968503935
21
-3.5547174015748029
0
LINE
8
BLACK
6
CONTINUOUS
10
4.6263901968503935
20
-3.5547174015748029
11
4.6263889370078743
21
-3.5547179921259842
0
LINE
8
BLACK
6
CONTINUOUS
10
4.6263889370078743
20
-3.5547179921259842
11
4.626388031496063
21
-3.5547191338582675
0
LINE
8
BLACK
6
CONTINUOUS
10
4.626388031496063
20
-3.5547191338582675
11
4.5970798818897638
21
-3.577840748031496
0
LINE
8
BLACK
6
CONTINUOUS
10
4.5970798818897638
20
-3.577840748031496
11
4.5825431889763779
21
-3.5895113385826769
0
LINE
8
BLACK
6
CONTINUOUS
10
4.5825431889763779
20
-3.5895113385826769
11
4.5681717716535433
21
-3.6013657874015745
0
LINE
8
BLACK
6
CONTINUOUS
10
4.5681717716535433
20
-3.6013657874015745
11
4.5680824409448819
21
-3.6014137795275589
0
LINE
8
BLACK
6
CONTINUOUS
10
4.5680824409448819
20
-3.6014137795275589
11
4.5680587795275587
21
-3.6014463385826772
0
LINE
8
BLACK
6
CONTINUOUS
10
4.5680587795275587
20
-3.6014463385826772
11
4.5680067716535433
21
-3.6014544881889763
0
LINE
8
BLACK
6
CONTINUOUS
10
4.5680067716535433
20
-3.6014544881889763
11
4.5678335433070867
21
-3.6015476771653541
0
LINE
8
BLACK
6
CONTINUOUS
10
4.5678335433070867
20
-3.6015476771653541
11
4.5675730708661417
21
-3.6015226771653541
0
LINE
8
BLACK
6
CONTINUOUS
10
4.5675730708661417
20
-3.6015226771653541
11
4.567314645669291
21
-3.601563307086614
0
LINE
8
BLACK
6
CONTINUOUS
10
4.567314645669291
20
-3.601563307086614
11
4.5671361023622046
21
-3.6014807086614171
0
LINE
8
BLACK
6
CONTINUOUS
10
4.5671361023622046
20
-3.6014807086614171
11
4.5670837401574804
21
-3.6014757086614173
0
LINE
8
BLACK
6
CONTINUOUS
10
4.5670837401574804
20
-3.6014757086614173
11
4.5670581102362204
21
-3.6014446456692912
0
LINE
8
BLACK
6
CONTINUOUS
10
4.5670581102362204
20
-3.6014446456692912
11
4.566966062992126
21
-3.6014020866141729
0
LINE
8
BLACK
6
CONTINUOUS
10
4.566966062992126
20
-3.6014020866141729
11
4.2973421653543307
21
-3.4050258661417323
0
LINE
8
BLACK
6
CONTINUOUS
10
4.2973421653543307
20
-3.4050258661417323
11
4.0271935826771657
21
-3.2094971653543305
0
LINE
8
BLACK
6
CONTINUOUS
10
4.0271935826771657
20
-3.2094971653543305
11
4.0269323622047244
21
-3.20921562992126
0
LINE
8
BLACK
6
CONTINUOUS
10
4.0269323622047244
20
-3.20921562992126
11
4.0269061417322831
21
-3.209052086614173
0
LINE
8
BLACK
6
CONTINUOUS
10
4.0269061417322831
20
-3.209052086614173
11
4.0268105905511806
21
-3.2089167716535432
0
LINE
8
BLACK
6
CONTINUOUS
10
4.0268105905511806
20
-3.2089167716535432
11
4.0268488582677167
21
-3.2086944881889763
0
LINE
8
BLACK
6
CONTINUOUS
10
4.0268488582677167
20
-3.2086944881889763
11
4.0268131889763783
21
-3.2084718503937006
0
LINE
8
BLACK
6
CONTINUOUS
10
4.0268131889763783
20
-3.2084718503937006
11
4.0269102755905513
21
-3.2083376377952755
0
LINE
8
BLACK
6
CONTINUOUS
10
4.0269102755905513
20
-3.2083376377952755
11
4.0269384251968505
21
-3.2081744094488189
0
LINE
8
BLACK
6
CONTINUOUS
10
4.0269384251968505
20
-3.2081744094488189
11
4.0272028740157477
21
-3.2078959448818898
0
LINE
8
BLACK
6
CONTINUOUS
10
4.0272028740157477
20
-3.2078959448818898
11
4.0643937795275589
21
-3.1816303937007873
0
LINE
8
BLACK
6
CONTINUOUS
10
4.0643937795275589
20
-3.1816303937007873
11
4.0644352755905508
21
-3.181611929133858
0
LINE
8
BLACK
6
CONTINUOUS
10
4.0644352755905508
20
-3.181611929133858
11
4.0644694094488187
21
-3.1815820078740158
0
LINE
8
BLACK
6
CONTINUOUS
10
4.0644694094488187
20
-3.1815820078740158
11
4.0646343307086612
21
-3.1814866929133858
0
LINE
8
BLACK
6
CONTINUOUS
10
4.0646343307086612
20
-3.1814866929133858
11
4.0647875196850389
21
-3.1813957480314961
0
LINE
8
BLACK
6
CONTINUOUS
10
4.0647875196850389
20
-3.1813957480314961
11
4.0650712204724408
21
-3.1812246456692912
0
LINE
8
BLACK
6
CONTINUOUS
10
4.0650712204724408
20
-3.1812246456692912
11
4.0828028346456691
21
-3.1686318897637795
0
LINE
8
BLACK
6
CONTINUOUS
10
4.0828028346456691
20
-3.1686318897637795
11
4.0828038976377954
21
-3.1686313779527557
0
LINE
8
BLACK
6
CONTINUOUS
10
4.0828038976377954
20
-3.1686313779527557
11
4.0828047244094483
21
-3.1686305511811024
0
LINE
8
BLACK
6
CONTINUOUS
10
4.0828047244094483
20
-3.1686305511811024
11
4.1677658267716531
21
-3.1085923228346455
0
LINE
8
BLACK
6
CONTINUOUS
10
4.1677658267716531
20
-3.1085923228346455
11
4.1677668110236219
21
-3.1085918503937009
0
LINE
8
BLACK
6
CONTINUOUS
10
4.1677668110236219
20
-3.1085918503937009
11
4.1677675590551182
21
-3.1085911023622046
0
LINE
8
BLACK
6
CONTINUOUS
10
4.1677675590551182
20
-3.1085911023622046
11
4.3383092519685036
21
-2.988623622047244
0
LINE
8
BLACK
6
CONTINUOUS
10
4.3383092519685036
20
-2.988623622047244
11
4.5082994881889764
21
-2.8679725984251969
0
LINE
8
BLACK
6
CONTINUOUS
10
4.5082994881889764
20
-2.8679725984251969
11
4.5083989763779524
21
-2.8679280314960631
0
LINE
8
BLACK
6
CONTINUOUS
10
4.5083989763779524
20
-2.8679280314960631
11
4.5084934251968507
21
-2.8678649606299214
0
LINE
8
BLACK
6
CONTINUOUS
10
4.5084934251968507
20
-2.8678649606299214
11
4.5085399606299212
21
-2.8678649606299214
0
LINE
8
BLACK
6
CONTINUOUS
10
4.5085399606299212
20
-2.8678649606299214
11
4.5086500000000003
21
-2.8678157086614173
0
LINE
8
BLACK
6
CONTINUOUS
10
4.5086500000000003
20
-2.8678157086614173
11
4.5087997244094487
21
-2.8678411023622048
0
LINE
8
BLACK
6
CONTINUOUS
10
4.5087997244094487
20
-2.8678411023622048
11
4.508947519685039
21
-2.8677931496062992
0
LINE
8
BLACK
6
CONTINUOUS
10
4.508947519685039
20
-2.8677931496062992
11
4.5090883858267716
21
-2.8678649606299214
0
LINE
8
BLACK
6
CONTINUOUS
10
4.3394451574803146
20
-2.9902312204724408
11
4.3394432283464566
21
-2.9902320472440946
0
LINE
8
BLACK
6
CONTINUOUS
10
4.3394432283464566
20
-2.9902320472440946
11
4.3394417716535436
21
-2.9902336220472439
0
LINE
8
BLACK
6
CONTINUOUS
10
4.3394417716535436
20
-2.9902336220472439
11
4.1689017716535428
21
-3.1101998818897636
0
LINE
8
BLACK
6
CONTINUOUS
10
4.1689017716535428
20
-3.1101998818897636
11
4.1689018110236216
21
-3.1101998818897636
0
LINE
8
BLACK
6
CONTINUOUS
10
4.1689018110236216
20
-3.1101998818897636
11
4.0839425590551182
21
-3.1702367716535433
0
LINE
8
BLACK
6
CONTINUOUS
10
4.0839425590551182
20
-3.1702367716535433
11
4.0839425984251969
21
-3.1702367716535433
0
LINE
8
BLACK
6
CONTINUOUS
10
4.0839425984251969
20
-3.1702367716535433
11
4.0661811023622043
21
-3.1828507874015748
0
LINE
8
BLACK
6
CONTINUOUS
10
4.0661811023622043
20
-3.1828507874015748
11
4.0661471259842523
21
-3.1828659842519684
0
LINE
8
BLACK
6
CONTINUOUS
10
4.0661471259842523
20
-3.1828659842519684
11
4.0661196062992122
21
-3.1828911023622046
0
LINE
8
BLACK
6
CONTINUOUS
10
4.0661196062992122
20
-3.1828911023622046
11
4.0658020866141733
21
-3.1830826377952754
0
LINE
8
BLACK
6
CONTINUOUS
10
4.0658020866141733
20
-3.1830826377952754
11
4.065798779527559
21
-3.1830838188976376
0
LINE
8
BLACK
6
CONTINUOUS
10
4.065798779527559
20
-3.1830838188976376
11
4.0657962598425197
21
-3.1830861023622048
0
LINE
8
BLACK
6
CONTINUOUS
10
4.0657962598425197
20
-3.1830861023622048
11
4.0656347637795278
21
-3.1831820472440944
0
LINE
8
BLACK
6
CONTINUOUS
10
4.0656347637795278
20
-3.1831820472440944
11
4.0656288582677167
21
-3.1831840944881891
0
LINE
8
BLACK
6
CONTINUOUS
10
4.0656288582677167
20
-3.1831840944881891
11
4.065624330708661
21
-3.1831881102362205
0
LINE
8
BLACK
6
CONTINUOUS
10
4.065624330708661
20
-3.1831881102362205
11
4.0654926377952751
21
-3.1832640944881887
0
LINE
8
BLACK
6
CONTINUOUS
10
4.0654926377952751
20
-3.1832640944881887
11
4.0294627952755908
21
-3.2087096850393699
0
LINE
8
BLACK
6
CONTINUOUS
10
4.0294627952755908
20
-3.2087096850393699
11
4.2984973228346455
21
-3.4034320472440944
0
LINE
8
BLACK
6
CONTINUOUS
10
4.2984973228346455
20
-3.4034320472440944
11
4.2984983070866143
21
-3.4034331102362203
0
LINE
8
BLACK
6
CONTINUOUS
10
4.2984983070866143
20
-3.4034331102362203
11
4.2984997244094485
21
-3.4034337795275591
0
LINE
8
BLACK
6
CONTINUOUS
10
4.2984997244094485
20
-3.4034337795275591
11
4.567507992125984
21
-3.5993616141732283
0
LINE
8
BLACK
6
CONTINUOUS
10
4.567507992125984
20
-3.5993616141732283
11
4.5812954724409449
21
-3.5879888976377954
0
LINE
8
BLACK
6
CONTINUOUS
10
4.5812954724409449
20
-3.5879888976377954
11
4.5813012992125985
21
-3.5879857480314961
0
LINE
8
BLACK
6
CONTINUOUS
10
4.5813012992125985
20
-3.5879857480314961
11
4.5813055905511808
21
-3.5879806692913383
0
LINE
8
BLACK
6
CONTINUOUS
10
4.5813055905511808
20
-3.5879806692913383
11
4.5958511023622046
21
-3.5763029527559054
0
LINE
8
BLACK
6
CONTINUOUS
10
4.5958511023622046
20
-3.5763029527559054
11
4.5958548031496065
21
-3.5763009842519686
0
LINE
8
BLACK
6
CONTINUOUS
10
4.5958548031496065
20
-3.5763009842519686
11
4.5958576377952758
21
-3.576297716535433
0
LINE
8
BLACK
6
CONTINUOUS
10
4.5958576377952758
20
-3.576297716535433
11
4.6251688582677168
21
-3.5531737401574803
0
LINE
8
BLACK
6
CONTINUOUS
10
4.6251688582677168
20
-3.5531737401574803
11
4.6251688582677168
21
-3.5531737007874016
0
LINE
8
BLACK
6
CONTINUOUS
10
4.6251688582677168
20
-3.5531737007874016
11
4.6397859055118111
21
-3.541575866141732
0
LINE
8
BLACK
6
CONTINUOUS
10
4.6397859055118111
20
-3.541575866141732
11
4.6542789763779524
21
-3.5298527165354332
0
LINE
8
BLACK
6
CONTINUOUS
10
4.6542789763779524
20
-3.5298527165354332
11
4.6685781889763778
21
-3.5179251181102362
0
LINE
8
BLACK
6
CONTINUOUS
10
4.6685781889763778
20
-3.5179251181102362
11
4.6826218110236217
21
-3.5057070866141733
0
LINE
8
BLACK
6
CONTINUOUS
10
4.6826218110236217
20
-3.5057070866141733
11
4.682648188976378
21
-3.5056919685039367
0
LINE
8
BLACK
6
CONTINUOUS
10
4.682648188976378
20
-3.5056919685039367
11
4.6826683070866144
21
-3.5056690551181102
0
LINE
8
BLACK
6
CONTINUOUS
10
4.6826683070866144
20
-3.5056690551181102
11
4.6859113779527561
21
-3.5031782283464565
0
LINE
8
BLACK
6
CONTINUOUS
10
4.6859113779527561
20
-3.5031782283464565
11
4.6891394488188975
21
-3.5006200000000001
0
LINE
8
BLACK
6
CONTINUOUS
10
4.6891394488188975
20
-3.5006200000000001
11
4.6923533858267712
21
-3.4980060236220472
0
LINE
8
BLACK
6
CONTINUOUS
10
4.6923533858267712
20
-3.4980060236220472
11
4.6955601968503933
21
-3.4953432283464565
0
LINE
8
BLACK
6
CONTINUOUS
10
4.6955601968503933
20
-3.4953432283464565
11
4.7019742519685037
21
-3.4899029527559056
0
LINE
8
BLACK
6
CONTINUOUS
10
4.7019742519685037
20
-3.4899029527559056
11
4.7079063385826769
21
-3.4848082677165353
0
LINE
8
BLACK
6
CONTINUOUS
10
4.7079063385826769
20
-3.4848082677165353
11
4.5513626771653541
21
-3.0027947637795274
0
LINE
8
BLACK
6
CONTINUOUS
10
4.5513626771653541
20
-3.0027947637795274
11
4.530476614173228
21
-2.9959919291338584
0
LINE
8
BLACK
6
CONTINUOUS
10
4.530476614173228
20
-2.9959919291338584
11
4.5301453149606301
21
-2.9958061023622045
0
LINE
8
BLACK
6
CONTINUOUS
10
4.5301453149606301
20
-2.9958061023622045
11
4.5301433858267712
21
-2.9958054724409449
0
LINE
8
BLACK
6
CONTINUOUS
10
4.5301433858267712
20
-2.9958054724409449
11
4.5301430314960625
21
-2.9958048031496061
0
LINE
8
BLACK
6
CONTINUOUS
10
4.5301430314960625
20
-2.9958048031496061
11
4.5301416929133858
21
-2.9958040551181102
0
LINE
8
BLACK
6
CONTINUOUS
10
4.5301416929133858
20
-2.9958040551181102
11
4.5299711417322834
21
-2.9954687401574804
0
LINE
8
BLACK
6
CONTINUOUS
10
4.5299711417322834
20
-2.9954687401574804
11
4.5298003543307086
21
-2.9951348425196849
0
LINE
8
BLACK
6
CONTINUOUS
10
4.5298003543307086
20
-2.9951348425196849
11
4.5298005118110236
21
-2.9951332677165352
0
LINE
8
BLACK
6
CONTINUOUS
10
4.5298005118110236
20
-2.9951332677165352
11
4.5298001968503936
21
-2.9951326377952756
0
LINE
8
BLACK
6
CONTINUOUS
10
4.5298001968503936
20
-2.9951326377952756
11
4.5298008267716536
21
-2.9951306299212597
0
LINE
8
BLACK
6
CONTINUOUS
10
4.5298008267716536
20
-2.9951306299212597
11
4.5298449212598424
21
-2.9947534251968504
0
LINE
8
BLACK
6
CONTINUOUS
10
4.5298449212598424
20
-2.9947534251968504
11
4.539268582677165
21
-2.965597086614173
0
LINE
8
BLACK
6
CONTINUOUS
10
4.539268582677165
20
-2.965597086614173
11
4.5083475590551183
21
-2.8703522834645669
0
LINE
8
BLACK
6
CONTINUOUS
10
4.5083475590551183
20
-2.8703522834645669
11
4.3394451574803146
21
-2.9902312204724408
0
LINE
8
BLACK
6
CONTINUOUS
10
4.7977690157480311
20
-2.9770652755905509
11
4.7977719685039366
21
-2.9770660236220472
0
LINE
8
BLACK
6
CONTINUOUS
10
4.7977719685039366
20
-2.9770660236220472
11
4.797773503937008
21
-2.9770655511811022
0
LINE
8
BLACK
6
CONTINUOUS
10
4.797773503937008
20
-2.9770655511811022
11
4.7979597244094485
21
-2.9771155118110237
0
LINE
8
BLACK
6
CONTINUOUS
10
4.7979597244094485
20
-2.9771155118110237
11
4.7981403543307088
21
-2.9771631496062994
0
LINE
8
BLACK
6
CONTINUOUS
10
4.7981403543307088
20
-2.9771631496062994
11
4.7981413385826768
21
-2.9771642913385827
0
LINE
8
BLACK
6
CONTINUOUS
10
4.7981413385826768
20
-2.9771642913385827
11
4.7981444094488186
21
-2.9771651181102361
0
LINE
8
BLACK
6
CONTINUOUS
10
4.7981444094488186
20
-2.9771651181102361
11
4.8881535433070864
21
-3.0216024803149604
0
LINE
8
BLACK
6
CONTINUOUS
10
4.8881535433070864
20
-3.0216024803149604
11
4.8881535826771652
21
-3.0216025196850391
0
LINE
8
BLACK
6
CONTINUOUS
10
4.8881535826771652
20
-3.0216025196850391
11
4.978316811023622
21
-3.06566437007874
0
LINE
8
BLACK
6
CONTINUOUS
10
4.978316811023622
20
-3.06566437007874
11
4.9786223228346458
21
-3.0658970472440945
0
LINE
8
BLACK
6
CONTINUOUS
10
4.9786223228346458
20
-3.0658970472440945
11
4.9786739370078736
21
-3.0660473228346454
0
LINE
8
BLACK
6
CONTINUOUS
10
4.9786739370078736
20
-3.0660473228346454
11
4.9787880708661421
21
-3.0661579921259841
0
LINE
8
BLACK
6
CONTINUOUS
10
4.9787880708661421
20
-3.0661579921259841
11
4.9788687795275592
21
-3.0665334645669291
0
LINE
8
BLACK
6
CONTINUOUS
10
4.9788687795275592
20
-3.0665334645669291
11
4.9790577952755903
21
-3.0787966535433071
0
LINE
8
BLACK
6
CONTINUOUS
10
4.9790577952755903
20
-3.0787966535433071
11
4.9794105118110235
21
-3.0910411417322834
0
LINE
8
BLACK
6
CONTINUOUS
10
4.9794105118110235
20
-3.0910411417322834
11
4.9799592519685039
21
-3.10326562992126
0
LINE
8
BLACK
6
CONTINUOUS
10
4.9799592519685039
20
-3.10326562992126
11
4.9807369685039369
21
-3.1154770078740155
0
LINE
8
BLACK
6
CONTINUOUS
10
4.9807369685039369
20
-3.1154770078740155
11
4.9807247637795271
21
-3.115568149606299
0
LINE
8
BLACK
6
CONTINUOUS
10
4.9807247637795271
20
-3.115568149606299
11
4.9807315748031495
21
-3.1156599606299213
0
LINE
8
BLACK
6
CONTINUOUS
10
4.9807315748031495
20
-3.1156599606299213
11
4.9803827952755908
21
-3.1184893700787399
0
LINE
8
BLACK
6
CONTINUOUS
10
4.9803827952755908
20
-3.1184893700787399
11
4.9801554724409449
21
-3.1213061811023621
0
LINE
8
BLACK
6
CONTINUOUS
10
4.9801554724409449
20
-3.1213061811023621
11
4.9800488188976377
21
-3.1241238976377952
0
LINE
8
BLACK
6
CONTINUOUS
10
4.9800488188976377
20
-3.1241238976377952
11
4.9800642913385822
21
-3.1269397244094486
0
LINE
8
BLACK
6
CONTINUOUS
10
4.9800642913385822
20
-3.1269397244094486
11
4.9802032677165355
21
-3.1297443307086614
0
LINE
8
BLACK
6
CONTINUOUS
10
4.9802032677165355
20
-3.1297443307086614
11
4.9804674803149602
21
-3.1325365354330708
0
LINE
8
BLACK
6
CONTINUOUS
10
4.9804674803149602
20
-3.1325365354330708
11
4.9808581889763781
21
-3.1353075590551178
0
LINE
8
BLACK
6
CONTINUOUS
10
4.9808581889763781
20
-3.1353075590551178
11
4.9813771653543304
21
-3.1380549212598425
0
LINE
8
BLACK
6
CONTINUOUS
10
4.9813771653543304
20
-3.1380549212598425
11
4.9820256299212593
21
-3.1407713779527557
0
LINE
8
BLACK
6
CONTINUOUS
10
4.9820256299212593
20
-3.1407713779527557
11
4.9828052755905512
21
-3.1434527952755906
0
LINE
8
BLACK
6
CONTINUOUS
10
4.9828052755905512
20
-3.1434527952755906
11
4.9837172834645669
21
-3.1460929527559056
0
LINE
8
BLACK
6
CONTINUOUS
10
4.9837172834645669
20
-3.1460929527559056
11
4.9847635433070865
21
-3.148687559055118
0
LINE
8
BLACK
6
CONTINUOUS
10
4.9847635433070865
20
-3.148687559055118
11
4.9859451574803151
21
-3.1512305511811021
0
LINE
8
BLACK
6
CONTINUOUS
10
4.9859451574803151
20
-3.1512305511811021
11
4.987264330708661
21
-3.1537181889763777
0
LINE
8
BLACK
6
CONTINUOUS
10
4.987264330708661
20
-3.1537181889763777
11
4.9887220472440941
21
-3.1561441338582679
0
LINE
8
BLACK
6
CONTINUOUS
10
4.9887220472440941
20
-3.1561441338582679
11
4.9903267716535433
21
-3.1585133858267715
0
LINE
8
BLACK
6
CONTINUOUS
10
4.9903267716535433
20
-3.1585133858267715
11
4.9913017716535428
21
-3.1598627952755907
0
LINE
8
BLACK
6
CONTINUOUS
10
4.9913017716535428
20
-3.1598627952755907
11
4.9923154724409446
21
-3.161172283464567
0
LINE
8
BLACK
6
CONTINUOUS
10
4.9923154724409446
20
-3.161172283464567
11
4.9933662598425199
21
-3.162440748031496
0
LINE
8
BLACK
6
CONTINUOUS
10
4.9933662598425199
20
-3.162440748031496
11
4.9944550393700791
21
-3.1636695669291339
0
LINE
8
BLACK
6
CONTINUOUS
10
4.9944550393700791
20
-3.1636695669291339
11
4.9955799606299207
21
-3.1648573622047245
0
LINE
8
BLACK
6
CONTINUOUS
10
4.9955799606299207
20
-3.1648573622047245
11
4.9967401968503937
21
-3.1660034251968505
0
LINE
8
BLACK
6
CONTINUOUS
10
4.9967401968503937
20
-3.1660034251968505
11
4.997936141732283
21
-3.1671084645669292
0
LINE
8
BLACK
6
CONTINUOUS
10
4.997936141732283
20
-3.1671084645669292
11
4.9991764566929131
21
-3.168180157480315
0
LINE
8
BLACK
6
CONTINUOUS
10
4.9991764566929131
20
-3.168180157480315
11
4.9992059055118112
21
-3.1682179527559056
0
LINE
8
BLACK
6
CONTINUOUS
10
4.9992059055118112
20
-3.1682179527559056
11
4.9992451574803152
21
-3.1682455511811023
0
LINE
8
BLACK
6
CONTINUOUS
10
4.9992451574803152
20
-3.1682455511811023
11
4.9994506299212595
21
-3.1684609055118109
0
LINE
8
BLACK
6
CONTINUOUS
10
4.9994506299212595
20
-3.1684609055118109
11
4.9994506692913383
21
-3.1684609842519684
0
LINE
8
BLACK
6
CONTINUOUS
10
4.9994506692913383
20
-3.1684609842519684
11
4.9996513385826766
21
-3.1686696062992126
0
LINE
8
BLACK
6
CONTINUOUS
10
4.9996513385826766
20
-3.1686696062992126
11
4.9996518503937004
21
-3.1686703937007872
0
LINE
8
BLACK
6
CONTINUOUS
10
4.9996518503937004
20
-3.1686703937007872
11
4.999652716535433
21
-3.1686710236220472
0
LINE
8
BLACK
6
CONTINUOUS
10
4.999652716535433
20
-3.1686710236220472
11
4.9998555118110239
21
-3.1688827165354332
0
LINE
8
BLACK
6
CONTINUOUS
10
4.9998555118110239
20
-3.1688827165354332
11
4.999857755905512
21
-3.1688862204724408
0
LINE
8
BLACK
6
CONTINUOUS
10
4.999857755905512
20
-3.1688862204724408
11
4.999861102362205
21
-3.1688886220472439
0
LINE
8
BLACK
6
CONTINUOUS
10
4.999861102362205
20
-3.1688886220472439
11
5.0000642125984252
21
-3.1691041732283463
0
LINE
8
BLACK
6
CONTINUOUS
10
5.0000642125984252
20
-3.1691041732283463
11
5.0001425590551181
21
-3.1692293307086614
0
LINE
8
BLACK
6
CONTINUOUS
10
5.0001425590551181
20
-3.1692293307086614
11
5.0001829921259837
21
-3.1692582283464565
0
LINE
8
BLACK
6
CONTINUOUS
10
5.0001829921259837
20
-3.1692582283464565
11
5.0002170078740154
21
-3.1693482283464567
0
LINE
8
BLACK
6
CONTINUOUS
10
5.0002170078740154
20
-3.1693482283464567
11
5.0002679921259841
21
-3.1694296850393702
0
LINE
8
BLACK
6
CONTINUOUS
10
5.0002679921259841
20
-3.1694296850393702
11
5.0002664960629923
21
-3.1694792519685038
0
LINE
8
BLACK
6
CONTINUOUS
10
5.0002664960629923
20
-3.1694792519685038
11
5.0003187401574802
21
-3.1696174409448816
0
LINE
8
BLACK
6
CONTINUOUS
10
5.0003187401574802
20
-3.1696174409448816
11
5.0004833464566927
21
-3.1706059842519685
0
LINE
8
BLACK
6
CONTINUOUS
10
5.0004833464566927
20
-3.1706059842519685
11
5.0006606692913387
21
-3.1715901574803147
0
LINE
8
BLACK
6
CONTINUOUS
10
5.0006606692913387
20
-3.1715901574803147
11
5.0008514566929136
21
-3.1725717322834646
0
LINE
8
BLACK
6
CONTINUOUS
10
5.0008514566929136
20
-3.1725717322834646
11
5.0010556692913388
21
-3.1735476377952754
0
LINE
8
BLACK
6
CONTINUOUS
10
5.0010556692913388
20
-3.1735476377952754
11
5.0012749606299209
21
-3.1745235039370079
0
LINE
8
BLACK
6
CONTINUOUS
10
5.0012749606299209
20
-3.1745235039370079
11
5.0015088976377955
21
-3.1754948031496064
0
LINE
8
BLACK
6
CONTINUOUS
10
5.0015088976377955
20
-3.1754948031496064
11
5.0017579921259845
21
-3.176461377952756
0
LINE
8
BLACK
6
CONTINUOUS
10
5.0017579921259845
20
-3.176461377952756
11
5.0020251574803147
21
-3.177432125984252
0
LINE
8
BLACK
6
CONTINUOUS
10
5.0020251574803147
20
-3.177432125984252
11
5.0020305118110233
21
-3.1775064173228347
0
LINE
8
BLACK
6
CONTINUOUS
10
5.0020305118110233
20
-3.1775064173228347
11
5.0020473622047241
21
-3.1775335433070864
0
LINE
8
BLACK
6
CONTINUOUS
10
5.0020473622047241
20
-3.1775335433070864
11
5.0020426377952756
21
-3.1776741732283464
0
LINE
8
BLACK
6
CONTINUOUS
10
5.0020426377952756
20
-3.1776741732283464
11
5.0020528740157477
21
-3.1778151574803148
0
LINE
8
BLACK
6
CONTINUOUS
10
5.0020528740157477
20
-3.1778151574803148
11
5.0020370078740157
21
-3.1778429921259841
0
LINE
8
BLACK
6
CONTINUOUS
10
5.0020370078740157
20
-3.1778429921259841
11
5.002034566929134
21
-3.1779173622047243
0
LINE
8
BLACK
6
CONTINUOUS
10
5.002034566929134
20
-3.1779173622047243
11
5.001669330708661
21
-3.179479251968504
0
LINE
8
BLACK
6
CONTINUOUS
10
5.001669330708661
20
-3.179479251968504
11
5.0016693700787398
21
-3.179479251968504
0
LINE
8
BLACK
6
CONTINUOUS
10
5.0016693700787398
20
-3.179479251968504
11
5.0013150787401575
21
-3.1810311811023619
0
LINE
8
BLACK
6
CONTINUOUS
10
5.0013150787401575
20
-3.1810311811023619
11
5.0013151181102362
21
-3.1810311811023619
0
LINE
8
BLACK
6
CONTINUOUS
10
5.0013151181102362
20
-3.1810311811023619
11
5.0006316535433069
21
-3.1841118110236222
0
LINE
8
BLACK
6
CONTINUOUS
10
5.0006316535433069
20
-3.1841118110236222
11
5.0006083070866136
21
-3.1841648031496064
0
LINE
8
BLACK
6
CONTINUOUS
10
5.0006083070866136
20
-3.1841648031496064
11
5.0006003543307083
21
-3.184221968503937
0
LINE
8
BLACK
6
CONTINUOUS
10
5.0006003543307083
20
-3.184221968503937
11
4.944603582677165
21
-3.3451983858267718
0
LINE
8
BLACK
6
CONTINUOUS
10
4.944603582677165
20
-3.3451983858267718
11
4.9172242519685039
21
-3.4259120078740155
0
LINE
8
BLACK
6
CONTINUOUS
10
4.9172242519685039
20
-3.4259120078740155
11
4.8907227559055118
21
-3.5068570472440945
0
LINE
8
BLACK
6
CONTINUOUS
10
4.8907227559055118
20
-3.5068570472440945
11
4.8906825984251965
21
-3.5069283464566929
0
LINE
8
BLACK
6
CONTINUOUS
10
4.8906825984251965
20
-3.5069283464566929
11
4.8906812598425198
21
-3.5069627559055117
0
LINE
8
BLACK
6
CONTINUOUS
10
4.8906812598425198
20
-3.5069627559055117
11
4.8906012204724405
21
-3.5070729133858265
0
LINE
8
BLACK
6
CONTINUOUS
10
4.8906012204724405
20
-3.5070729133858265
11
4.8905343700787398
21
-3.5071916929133859
0
LINE
8
BLACK
6
CONTINUOUS
10
4.8905343700787398
20
-3.5071916929133859
11
4.8905036220472438
21
-3.5072072440944879
0
LINE
8
BLACK
6
CONTINUOUS
10
4.8905036220472438
20
-3.5072072440944879
11
4.8904555511811019
21
-3.507273464566929
0
LINE
8
BLACK
6
CONTINUOUS
10
4.8904555511811019
20
-3.507273464566929
11
4.8868520866141729
21
-3.5106051181102362
0
LINE
8
BLACK
6
CONTINUOUS
10
4.8868520866141729
20
-3.5106051181102362
11
4.8833229133858262
21
-3.5140425984251968
0
LINE
8
BLACK
6
CONTINUOUS
10
4.8833229133858262
20
-3.5140425984251968
11
4.8798500787401577
21
-3.5175761417322833
0
LINE
8
BLACK
6
CONTINUOUS
10
4.8798500787401577
20
-3.5175761417322833
11
4.8764229921259838
21
-3.521189409448819
0
LINE
8
BLACK
6
CONTINUOUS
10
4.8764229921259838
20
-3.521189409448819
11
4.8730343700787397
21
-3.5248625590551179
0
LINE
8
BLACK
6
CONTINUOUS
10
4.8730343700787397
20
-3.5248625590551179
11
4.8696711811023619
21
-3.5285819291338583
0
LINE
8
BLACK
6
CONTINUOUS
10
4.8696711811023619
20
-3.5285819291338583
11
4.8629954724409448
21
-3.5360752755905511
0
LINE
8
BLACK
6
CONTINUOUS
10
4.8629954724409448
20
-3.5360752755905511
11
4.8626889763779531
21
-3.536306692913386
0
LINE
8
BLACK
6
CONTINUOUS
10
4.8626889763779531
20
-3.536306692913386
11
4.8625279133858266
21
-3.5363159842519685
0
LINE
8
BLACK
6
CONTINUOUS
10
4.8625279133858266
20
-3.5363159842519685
11
4.8623881889763778
21
-3.5363964960629919
0
LINE
8
BLACK
6
CONTINUOUS
10
4.8623881889763778
20
-3.5363964960629919
11
4.8621663385826768
21
-3.536336811023622
0
LINE
8
BLACK
6
CONTINUOUS
10
4.8621663385826768
20
-3.536336811023622
11
4.8619369685039366
21
-3.5363500787401576
0
LINE
8
BLACK
6
CONTINUOUS
10
4.8619369685039366
20
-3.5363500787401576
11
4.861816456692913
21
-3.5362427165354329
0
LINE
8
BLACK
6
CONTINUOUS
10
4.861816456692913
20
-3.5362427165354329
11
4.8616607480314959
21
-3.5362008661417321
0
LINE
8
BLACK
6
CONTINUOUS
10
4.8616607480314959
20
-3.5362008661417321
11
4.8615460629921259
21
-3.5360018110236218
0
LINE
8
BLACK
6
CONTINUOUS
10
4.8615460629921259
20
-3.5360018110236218
11
4.861374488188976
21
-3.5358489763779528
0
LINE
8
BLACK
6
CONTINUOUS
10
4.861374488188976
20
-3.5358489763779528
11
4.8613651574803152
21
-3.5356879133858268
0
LINE
8
BLACK
6
CONTINUOUS
10
4.8613651574803152
20
-3.5356879133858268
11
4.8612846850393696
21
-3.535548188976378
0
LINE
8
BLACK
6
CONTINUOUS
10
4.8612846850393696
20
-3.535548188976378
11
4.8613101574803146
21
-3.5351650000000001
0
LINE
8
BLACK
6
CONTINUOUS
10
4.8613101574803146
20
-3.5351650000000001
11
4.8615113385826767
21
-3.5344168503937006
0
LINE
8
BLACK
6
CONTINUOUS
10
4.8615113385826767
20
-3.5344168503937006
11
4.8616965748031493
21
-3.5336673622047243
0
LINE
8
BLACK
6
CONTINUOUS
10
4.8616965748031493
20
-3.5336673622047243
11
4.8618675984251967
21
-3.5329093700787402
0
LINE
8
BLACK
6
CONTINUOUS
10
4.8618675984251967
20
-3.5329093700787402
11
4.8620240944881887
21
-3.5321433464566927
0
LINE
8
BLACK
6
CONTINUOUS
10
4.8620240944881887
20
-3.5321433464566927
11
4.8621660629921255
21
-3.5313681102362202
0
LINE
8
BLACK
6
CONTINUOUS
10
4.8621660629921255
20
-3.5313681102362202
11
4.8622934645669291
21
-3.5305822047244093
0
LINE
8
BLACK
6
CONTINUOUS
10
4.8622934645669291
20
-3.5305822047244093
11
4.8624056299212599
21
-3.5297888976377951
0
LINE
8
BLACK
6
CONTINUOUS
10
4.8624056299212599
20
-3.5297888976377951
11
4.8625038582677167
21
-3.5289752755905512
0
LINE
8
BLACK
6
CONTINUOUS
10
4.8625038582677167
20
-3.5289752755905512
11
4.8625302362204721
21
-3.5288946456692911
0
LINE
8
BLACK
6
CONTINUOUS
10
4.8625302362204721
20
-3.5288946456692911
11
4.8625383070866137
21
-3.52881031496063
0
LINE
8
BLACK
6
CONTINUOUS
10
4.8625383070866137
20
-3.52881031496063
11
4.8626812598425193
21
-3.5283339763779527
0
LINE
8
BLACK
6
CONTINUOUS
10
4.8626812598425193
20
-3.5283339763779527
11
4.8628166535433071
21
-3.5278616535433072
0
LINE
8
BLACK
6
CONTINUOUS
10
4.8628166535433071
20
-3.5278616535433072
11
4.8629465748031491
21
-3.5273876771653541
0
LINE
8
BLACK
6
CONTINUOUS
10
4.8629465748031491
20
-3.5273876771653541
11
4.8630720078740159
21
-3.5269093700787399
0
LINE
8
BLACK
6
CONTINUOUS
10
4.8630720078740159
20
-3.5269093700787399
11
4.8633112992125982
21
-3.5259383070866139
0
LINE
8
BLACK
6
CONTINUOUS
10
4.8633112992125982
20
-3.5259383070866139
11
4.8635372834645665
21
-3.5249476771653541
0
LINE
8
BLACK
6
CONTINUOUS
10
4.8635372834645665
20
-3.5249476771653541
11
4.8635496456692913
21
-3.5249199212598423
0
LINE
8
BLACK
6
CONTINUOUS
10
4.8635496456692913
20
-3.5249199212598423
11
4.8635523622047243
21
-3.5248898031496063
0
LINE
8
BLACK
6
CONTINUOUS
10
4.8635523622047243
20
-3.5248898031496063
11
4.8642606692913386
21
-3.5224722440944882
0
LINE
8
BLACK
6
CONTINUOUS
10
4.8642606692913386
20
-3.5224722440944882
11
4.8648007874015748
21
-3.5201196062992124
0
LINE
8
BLACK
6
CONTINUOUS
10
4.8648007874015748
20
-3.5201196062992124
11
4.8651854330708657
21
-3.5178067716535431
0
LINE
8
BLACK
6
CONTINUOUS
10
4.8651854330708657
20
-3.5178067716535431
11
4.8654196062992128
21
-3.5155346062992123
0
LINE
8
BLACK
6
CONTINUOUS
10
4.8654196062992128
20
-3.5155346062992123
11
4.8655079921259841
21
-3.5133053543307087
0
LINE
8
BLACK
6
CONTINUOUS
10
4.8655079921259841
20
-3.5133053543307087
11
4.8654553149606299
21
-3.5111187007874016
0
LINE
8
BLACK
6
CONTINUOUS
10
4.8654553149606299
20
-3.5111187007874016
11
4.8652662204724404
21
-3.508977716535433
0
LINE
8
BLACK
6
CONTINUOUS
10
4.8652662204724404
20
-3.508977716535433
11
4.8649451574803146
21
-3.5068832283464566
0
LINE
8
BLACK
6
CONTINUOUS
10
4.8649451574803146
20
-3.5068832283464566
11
4.8644966535433074
21
-3.5048366535433071
0
LINE
8
BLACK
6
CONTINUOUS
10
4.8644966535433074
20
-3.5048366535433071
11
4.86392468503937
21
-3.5028384251968503
0
LINE
8
BLACK
6
CONTINUOUS
10
4.86392468503937
20
-3.5028384251968503
11
4.8632342913385829
21
-3.5008922440944881
0
LINE
8
BLACK
6
CONTINUOUS
10
4.8632342913385829
20
-3.5008922440944881
11
4.8624287795275594
21
-3.4989973228346454
0
LINE
8
BLACK
6
CONTINUOUS
10
4.8624287795275594
20
-3.4989973228346454
11
4.8615127952755905
21
-3.4971565354330707
0
LINE
8
BLACK
6
CONTINUOUS
10
4.8615127952755905
20
-3.4971565354330707
11
4.8604905118110233
21
-3.4953714566929133
0
LINE
8
BLACK
6
CONTINUOUS
10
4.8604905118110233
20
-3.4953714566929133
11
4.8593664173228346
21
-3.4936443700787403
0
LINE
8
BLACK
6
CONTINUOUS
10
4.8593664173228346
20
-3.4936443700787403
11
4.8581287007874012
21
-3.4919551181102362
0
LINE
8
BLACK
6
CONTINUOUS
10
4.8581287007874012
20
-3.4919551181102362
11
4.858101653543307
21
-3.491897086614173
0
LINE
8
BLACK
6
CONTINUOUS
10
4.858101653543307
20
-3.491897086614173
11
4.8580789370078739
21
-3.4918802755905509
0
LINE
8
BLACK
6
CONTINUOUS
10
4.8580789370078739
20
-3.4918802755905509
11
4.8580289763779527
21
-3.4917411417322834
0
LINE
8
BLACK
6
CONTINUOUS
10
4.8580289763779527
20
-3.4917411417322834
11
4.8579664960629918
21
-3.4916070472440945
0
LINE
8
BLACK
6
CONTINUOUS
10
4.8579664960629918
20
-3.4916070472440945
11
4.857970787401575
21
-3.4915790551181103
0
LINE
8
BLACK
6
CONTINUOUS
10
4.857970787401575
20
-3.4915790551181103
11
4.857949173228346
21
-3.4915188188976378
0
LINE
8
BLACK
6
CONTINUOUS
10
4.857949173228346
20
-3.4915188188976378
11
4.8412477559055116
21
-3.3797159055118109
0
LINE
8
BLACK
6
CONTINUOUS
10
4.8412477559055116
20
-3.3797159055118109
11
4.8228342125984254
21
-3.2680756692913384
0
LINE
8
BLACK
6
CONTINUOUS
10
4.8228342125984254
20
-3.2680756692913384
11
4.8228342125984254
21
-3.2680756299212597
0
LINE
8
BLACK
6
CONTINUOUS
10
4.8228342125984254
20
-3.2680756299212597
11
4.8039937007874016
21
-3.1564767322834646
0
LINE
8
BLACK
6
CONTINUOUS
10
4.8039937007874016
20
-3.1564767322834646
11
4.8039937795275591
21
-3.1564728740157482
0
LINE
8
BLACK
6
CONTINUOUS
10
4.8039937795275591
20
-3.1564728740157482
11
4.8039924803149603
21
-3.1564693307086613
0
LINE
8
BLACK
6
CONTINUOUS
10
4.8039924803149603
20
-3.1564693307086613
11
4.7860172834645667
21
-3.044833464566929
0
LINE
8
BLACK
6
CONTINUOUS
10
4.7860172834645667
20
-3.044833464566929
11
4.785394094488189
21
-3.0423183858267717
0
LINE
8
BLACK
6
CONTINUOUS
10
4.785394094488189
20
-3.0423183858267717
11
4.7853936614173227
21
-3.0423095669291338
0
LINE
8
BLACK
6
CONTINUOUS
10
4.7853936614173227
20
-3.0423095669291338
11
4.7853900787401571
21
-3.0423015354330709
0
LINE
8
BLACK
6
CONTINUOUS
10
4.7853900787401571
20
-3.0423015354330709
11
4.7847993307086609
21
-3.0397239370078739
0
LINE
8
BLACK
6
CONTINUOUS
10
4.7847993307086609
20
-3.0397239370078739
11
4.7847990944881893
21
-3.0397159842519685
0
LINE
8
BLACK
6
CONTINUOUS
10
4.7847990944881893
20
-3.0397159842519685
11
4.78479594488189
21
-3.0397086614173228
0
LINE
8
BLACK
6
CONTINUOUS
10
4.78479594488189
20
-3.0397086614173228
11
4.7842438188976377
21
-3.0371104724409448
0
LINE
8
BLACK
6
CONTINUOUS
10
4.7842438188976377
20
-3.0371104724409448
11
4.7842437007874015
21
-3.037103307086614
0
LINE
8
BLACK
6
CONTINUOUS
10
4.7842437007874015
20
-3.037103307086614
11
4.7842410236220472
21
-3.0370967716535433
0
LINE
8
BLACK
6
CONTINUOUS
10
4.7842410236220472
20
-3.0370967716535433
11
4.7837237795275591
21
-3.0344801968503936
0
LINE
8
BLACK
6
CONTINUOUS
10
4.7837237795275591
20
-3.0344801968503936
11
4.7837237795275591
21
-3.0344738976377954
0
LINE
8
BLACK
6
CONTINUOUS
10
4.7837237795275591
20
-3.0344738976377954
11
4.7837214566929136
21
-3.0344680708661418
0
LINE
8
BLACK
6
CONTINUOUS
10
4.7837214566929136
20
-3.0344680708661418
11
4.7832352755905507
21
-3.0318351968503938
0
LINE
8
BLACK
6
CONTINUOUS
10
4.7832352755905507
20
-3.0318351968503938
11
4.7832353149606295
21
-3.0318297244094485
0
LINE
8
BLACK
6
CONTINUOUS
10
4.7832353149606295
20
-3.0318297244094485
11
4.7832333464566927
21
-3.0318245669291337
0
LINE
8
BLACK
6
CONTINUOUS
10
4.7832333464566927
20
-3.0318245669291337
11
4.7827744488188975
21
-3.0291775196850392
0
LINE
8
BLACK
6
CONTINUOUS
10
4.7827744488188975
20
-3.0291775196850392
11
4.7827746062992125
21
-3.0291708267716535
0
LINE
8
BLACK
6
CONTINUOUS
10
4.7827746062992125
20
-3.0291708267716535
11
4.7827723228346457
21
-3.0291646456692911
0
LINE
8
BLACK
6
CONTINUOUS
10
4.7827723228346457
20
-3.0291646456692911
11
4.7819213779527558
21
-3.0238365748031497
0
LINE
8
BLACK
6
CONTINUOUS
10
4.7819213779527558
20
-3.0238365748031497
11
4.7819234645669288
21
-3.0237811417322833
0
LINE
8
BLACK
6
CONTINUOUS
10
4.7819234645669288
20
-3.0237811417322833
11
4.7819121259842516
21
-3.0237588976377952
0
LINE
8
BLACK
6
CONTINUOUS
10
4.7819121259842516
20
-3.0237588976377952
11
4.7819300787401575
21
-3.0236064566929133
0
LINE
8
BLACK
6
CONTINUOUS
10
4.7819300787401575
20
-3.0236064566929133
11
4.7819359448818899
21
-3.0234527952755905
0
LINE
8
BLACK
6
CONTINUOUS
10
4.7819359448818899
20
-3.0234527952755905
11
4.7819506299212593
21
-3.0234324803149604
0
LINE
8
BLACK
6
CONTINUOUS
10
4.7819506299212593
20
-3.0234324803149604
11
4.7819571259842517
21
-3.0233775196850394
0
LINE
8
BLACK
6
CONTINUOUS
10
4.7819571259842517
20
-3.0233775196850394
11
4.7967680708661415
21
-2.9777435433070867
0
LINE
8
BLACK
6
CONTINUOUS
10
4.7967680708661415
20
-2.9777435433070867
11
4.7968172440944885
21
-2.9776555905511812
0
LINE
8
BLACK
6
CONTINUOUS
10
4.7968172440944885
20
-2.9776555905511812
11
4.796819724409449
21
-2.9776156692913385
0
LINE
8
BLACK
6
CONTINUOUS
10
4.796819724409449
20
-2.9776156692913385
11
4.7968590944881893
21
-2.9775808267716535
0
LINE
8
BLACK
6
CONTINUOUS
10
4.7968590944881893
20
-2.9775808267716535
11
4.7969555905511809
21
-2.9774083858267715
0
LINE
8
BLACK
6
CONTINUOUS
10
4.7969555905511809
20
-2.9774083858267715
11
4.797028622047244
21
-2.9773711417322835
0
LINE
8
BLACK
6
CONTINUOUS
10
4.797028622047244
20
-2.9773711417322835
11
4.7970601181102364
21
-2.9773073622047241
0
LINE
8
BLACK
6
CONTINUOUS
10
4.7970601181102364
20
-2.9773073622047241
11
4.7972356299212597
21
-2.9772478346456692
0
LINE
8
BLACK
6
CONTINUOUS
10
4.7972356299212597
20
-2.9772478346456692
11
4.7973839763779527
21
-2.9771166929133859
0
LINE
8
BLACK
6
CONTINUOUS
10
4.7973839763779527
20
-2.9771166929133859
11
4.7975798425196849
21
-2.9770900787401575
0
LINE
8
BLACK
6
CONTINUOUS
10
4.7975798425196849
20
-2.9770900787401575
11
4.7976266535433068
21
-2.977066220472441
0
LINE
8
BLACK
6
CONTINUOUS
10
4.7976266535433068
20
-2.977066220472441
11
4.7976646456692915
21
-2.9770785433070865
0
LINE
8
BLACK
6
CONTINUOUS
10
4.7976646456692915
20
-2.9770785433070865
11
4.797764527559055
21
-2.9770650000000001
0
LINE
8
BLACK
6
CONTINUOUS
10
4.797764527559055
20
-2.9770650000000001
11
4.7977690157480311
21
-2.9770652755905509
0
LINE
8
BLACK
6
CONTINUOUS
10
4.7839024803149606
20
-3.0237599212598423
11
4.7847148425196853
21
-3.0288464173228347
0
LINE
8
BLACK
6
CONTINUOUS
10
4.7847148425196853
20
-3.0288464173228347
11
4.7851723228346454
21
-3.0314853543307088
0
LINE
8
BLACK
6
CONTINUOUS
10
4.7851723228346454
20
-3.0314853543307088
11
4.7856559448818894
21
-3.0341043307086615
0
LINE
8
BLACK
6
CONTINUOUS
10
4.7856559448818894
20
-3.0341043307086615
11
4.7861704724409444
21
-3.0367071653543305
0
LINE
8
BLACK
6
CONTINUOUS
10
4.7861704724409444
20
-3.0367071653543305
11
4.7867197637795273
21
-3.0392920078740158
0
LINE
8
BLACK
6
CONTINUOUS
10
4.7867197637795273
20
-3.0392920078740158
11
4.7873068897637792
21
-3.0418537401574803
0
LINE
8
BLACK
6
CONTINUOUS
10
4.7873068897637792
20
-3.0418537401574803
11
4.7879377952755906
21
-3.0443999212598425
0
LINE
8
BLACK
6
CONTINUOUS
10
4.7879377952755906
20
-3.0443999212598425
11
4.7879397244094486
21
-3.044441338582677
0
LINE
8
BLACK
6
CONTINUOUS
10
4.7879397244094486
20
-3.044441338582677
11
4.7879541732283464
21
-3.0444801968503938
0
LINE
8
BLACK
6
CONTINUOUS
10
4.7879541732283464
20
-3.0444801968503938
11
4.8059352362204724
21
-3.1561526771653541
0
LINE
8
BLACK
6
CONTINUOUS
10
4.8059352362204724
20
-3.1561526771653541
11
4.8247757874015749
21
-3.2677516929133859
0
LINE
8
BLACK
6
CONTINUOUS
10
4.8247757874015749
20
-3.2677516929133859
11
4.8247757086614174
21
-3.2677535039370076
0
LINE
8
BLACK
6
CONTINUOUS
10
4.8247757086614174
20
-3.2677535039370076
11
4.8247764173228349
21
-3.2677553543307085
0
LINE
8
BLACK
6
CONTINUOUS
10
4.8247764173228349
20
-3.2677553543307085
11
4.8431911811023625
21
-3.3794027559055118
0
LINE
8
BLACK
6
CONTINUOUS
10
4.8431911811023625
20
-3.3794027559055118
11
4.8431909055118112
21
-3.37941031496063
0
LINE
8
BLACK
6
CONTINUOUS
10
4.8431909055118112
20
-3.37941031496063
11
4.843193503937008
21
-3.3794175196850391
0
LINE
8
BLACK
6
CONTINUOUS
10
4.843193503937008
20
-3.3794175196850391
11
4.8598601181102365
21
-3.4909877559055116
0
LINE
8
BLACK
6
CONTINUOUS
10
4.8598601181102365
20
-3.4909877559055116
11
4.86097031496063
21
-3.4925029133858265
0
LINE
8
BLACK
6
CONTINUOUS
10
4.86097031496063
20
-3.4925029133858265
11
4.8609819291338585
21
-3.4925278740157482
0
LINE
8
BLACK
6
CONTINUOUS
10
4.8609819291338585
20
-3.4925278740157482
11
4.8610012992125986
21
-3.4925477165354328
0
LINE
8
BLACK
6
CONTINUOUS
10
4.8610012992125986
20
-3.4925477165354328
11
4.8621556692913384
21
-3.4943213385826772
0
LINE
8
BLACK
6
CONTINUOUS
10
4.8621556692913384
20
-3.4943213385826772
11
4.8621662204724405
21
-3.4943476771653543
0
LINE
8
BLACK
6
CONTINUOUS
10
4.8621662204724405
20
-3.4943476771653543
11
4.8621848425196852
21
-3.4943690944881891
0
LINE
8
BLACK
6
CONTINUOUS
10
4.8621848425196852
20
-3.4943690944881891
11
4.863235236220472
21
-3.4962032283464568
0
LINE
8
BLACK
6
CONTINUOUS
10
4.863235236220472
20
-3.4962032283464568
11
4.8632444881889763
21
-3.4962308267716535
0
LINE
8
BLACK
6
CONTINUOUS
10
4.8632444881889763
20
-3.4962308267716535
11
4.8632623228346459
21
-3.496253897637795
0
LINE
8
BLACK
6
CONTINUOUS
10
4.8632623228346459
20
-3.496253897637795
11
4.8642041338582676
21
-3.4981466141732285
0
LINE
8
BLACK
6
CONTINUOUS
10
4.8642041338582676
20
-3.4981466141732285
11
4.8642119685039367
21
-3.4981754330708661
0
LINE
8
BLACK
6
CONTINUOUS
10
4.8642119685039367
20
-3.4981754330708661
11
4.8642287007874012
21
-3.4981999999999998
0
LINE
8
BLACK
6
CONTINUOUS
10
4.8642287007874012
20
-3.4981999999999998
11
4.8650574015748029
21
-3.5001493307086613
0
LINE
8
BLACK
6
CONTINUOUS
10
4.8650574015748029
20
-3.5001493307086613
11
4.8650636220472441
21
-3.5001791732283465
0
LINE
8
BLACK
6
CONTINUOUS
10
4.8650636220472441
20
-3.5001791732283465
11
4.8650792125984248
21
-3.5002053543307086
0
LINE
8
BLACK
6
CONTINUOUS
10
4.8650792125984248
20
-3.5002053543307086
11
4.8657901574803146
21
-3.5022094488188977
0
LINE
8
BLACK
6
CONTINUOUS
10
4.8657901574803146
20
-3.5022094488188977
11
4.8657946062992128
21
-3.5022400393700788
0
LINE
8
BLACK
6
CONTINUOUS
10
4.8657946062992128
20
-3.5022400393700788
11
4.8658088188976381
21
-3.5022676771653543
0
LINE
8
BLACK
6
CONTINUOUS
10
4.8658088188976381
20
-3.5022676771653543
11
4.8663975590551178
21
-3.5043245669291339
0
LINE
8
BLACK
6
CONTINUOUS
10
4.8663975590551178
20
-3.5043245669291339
11
4.8664001181102359
21
-3.5043559055118108
0
LINE
8
BLACK
6
CONTINUOUS
10
4.8664001181102359
20
-3.5043559055118108
11
4.8664127165354332
21
-3.5043846850393701
0
LINE
8
BLACK
6
CONTINUOUS
10
4.8664127165354332
20
-3.5043846850393701
11
4.8668746850393703
21
-3.5064925196850392
0
LINE
8
BLACK
6
CONTINUOUS
10
4.8668746850393703
20
-3.5064925196850392
11
4.8668752755905507
21
-3.5065242913385828
0
LINE
8
BLACK
6
CONTINUOUS
10
4.8668752755905507
20
-3.5065242913385828
11
4.866886102362205
21
-3.50655405511811
0
LINE
8
BLACK
6
CONTINUOUS
10
4.866886102362205
20
-3.50655405511811
11
4.8672166929133853
21
-3.5087107874015748
0
LINE
8
BLACK
6
CONTINUOUS
10
4.8672166929133853
20
-3.5087107874015748
11
4.8672152755905511
21
-3.5087426377952755
0
LINE
8
BLACK
6
CONTINUOUS
10
4.8672152755905511
20
-3.5087426377952755
11
4.8672242519685041
21
-3.5087733464566928
0
LINE
8
BLACK
6
CONTINUOUS
10
4.8672242519685041
20
-3.5087733464566928
11
4.867418897637795
21
-3.5109771653543307
0
LINE
8
BLACK
6
CONTINUOUS
10
4.867418897637795
20
-3.5109771653543307
11
4.8674154330708657
21
-3.5110088188976376
0
LINE
8
BLACK
6
CONTINUOUS
10
4.8674154330708657
20
-3.5110088188976376
11
4.8674224409448819
21
-3.5110400393700787
0
LINE
8
BLACK
6
CONTINUOUS
10
4.8674224409448819
20
-3.5110400393700787
11
4.8674766141732286
21
-3.5132889370078741
0
LINE
8
BLACK
6
CONTINUOUS
10
4.8674766141732286
20
-3.5132889370078741
11
4.8674711417322838
21
-3.513320275590551
0
LINE
8
BLACK
6
CONTINUOUS
10
4.8674711417322838
20
-3.513320275590551
11
4.8674761023622048
21
-3.5133516141732284
0
LINE
8
BLACK
6
CONTINUOUS
10
4.8674761023622048
20
-3.5133516141732284
11
4.8673852362204721
21
-3.5156437007874013
0
LINE
8
BLACK
6
CONTINUOUS
10
4.8673852362204721
20
-3.5156437007874013
11
4.8673778740157481
21
-3.515674251968504
0
LINE
8
BLACK
6
CONTINUOUS
10
4.8673778740157481
20
-3.515674251968504
11
4.8673808267716536
21
-3.5157056299212597
0
LINE
8
BLACK
6
CONTINUOUS
10
4.8673808267716536
20
-3.5157056299212597
11
4.8671403543307088
21
-3.5180389763779525
0
LINE
8
BLACK
6
CONTINUOUS
10
4.8671403543307088
20
-3.5180389763779525
11
4.8671312204724408
21
-3.5180685433070864
0
LINE
8
BLACK
6
CONTINUOUS
10
4.8671312204724408
20
-3.5180685433070864
11
4.8671322047244097
21
-3.518099527559055
0
LINE
8
BLACK
6
CONTINUOUS
10
4.8671322047244097
20
-3.518099527559055
11
4.866737598425197
21
-3.520472244094488
0
LINE
8
BLACK
6
CONTINUOUS
10
4.866737598425197
20
-3.520472244094488
11
4.8667268503937011
21
-3.5205006299212598
0
LINE
8
BLACK
6
CONTINUOUS
10
4.8667268503937011
20
-3.5205006299212598
11
4.8667259842519686
21
-3.5205309842519683
0
LINE
8
BLACK
6
CONTINUOUS
10
4.8667259842519686
20
-3.5205309842519683
11
4.8661726771653546
21
-3.5229411417322836
0
LINE
8
BLACK
6
CONTINUOUS
10
4.8661726771653546
20
-3.5229411417322836
11
4.8661605511811024
21
-3.5229680708661415
0
LINE
8
BLACK
6
CONTINUOUS
10
4.8661605511811024
20
-3.5229680708661415
11
4.8661579527559056
21
-3.5229976377952754
0
LINE
8
BLACK
6
CONTINUOUS
10
4.8661579527559056
20
-3.5229976377952754
11
4.8654498031496063
21
-3.5254143307086614
0
LINE
8
BLACK
6
CONTINUOUS
10
4.8654498031496063
20
-3.5254143307086614
11
4.8652285039370078
21
-3.5263846062992124
0
LINE
8
BLACK
6
CONTINUOUS
10
4.8652285039370078
20
-3.5263846062992124
11
4.8652249212598422
21
-3.5263925196850394
0
LINE
8
BLACK
6
CONTINUOUS
10
4.8652249212598422
20
-3.5263925196850394
11
4.8652245669291334
21
-3.5264012204724406
0
LINE
8
BLACK
6
CONTINUOUS
10
4.8652245669291334
20
-3.5264012204724406
11
4.8649814960629918
21
-3.5273876771653541
0
LINE
8
BLACK
6
CONTINUOUS
10
4.8649814960629918
20
-3.5273876771653541
11
4.8649783070866137
21
-3.527394409448819
0
LINE
8
BLACK
6
CONTINUOUS
10
4.8649783070866137
20
-3.527394409448819
11
4.8649778740157483
21
-3.5274019291338581
0
LINE
8
BLACK
6
CONTINUOUS
10
4.8649778740157483
20
-3.5274019291338581
11
4.8648496062992121
21
-3.5278909055118111
0
LINE
8
BLACK
6
CONTINUOUS
10
4.8648496062992121
20
-3.5278909055118111
11
4.8648471653543304
21
-3.5278958267716534
0
LINE
8
BLACK
6
CONTINUOUS
10
4.8648471653543304
20
-3.5278958267716534
11
4.8648468110236216
21
-3.5279012992125982
0
LINE
8
BLACK
6
CONTINUOUS
10
4.8648468110236216
20
-3.5279012992125982
11
4.8647135433070865
21
-3.5283876377952756
0
LINE
8
BLACK
6
CONTINUOUS
10
4.8647135433070865
20
-3.5283876377952756
11
4.864710905511811
21
-3.528392874015748
0
LINE
8
BLACK
6
CONTINUOUS
10
4.864710905511811
20
-3.528392874015748
11
4.8647104330708659
21
-3.5283987401574803
0
LINE
8
BLACK
6
CONTINUOUS
10
4.8647104330708659
20
-3.5283987401574803
11
4.864571692913386
21
-3.5288827165354331
0
LINE
8
BLACK
6
CONTINUOUS
10
4.864571692913386
20
-3.5288827165354331
11
4.8645688582677167
21
-3.5288881889763779
0
LINE
8
BLACK
6
CONTINUOUS
10
4.8645688582677167
20
-3.5288881889763779
11
4.8645682677165354
21
-3.5288944488188974
0
LINE
8
BLACK
6
CONTINUOUS
10
4.8645682677165354
20
-3.5288944488188974
11
4.8644479527559055
21
-3.5292952362204724
0
LINE
8
BLACK
6
CONTINUOUS
10
4.8644479527559055
20
-3.5292952362204724
11
4.8643587401574804
21
-3.5300342913385827
0
LINE
8
BLACK
6
CONTINUOUS
10
4.8643587401574804
20
-3.5300342913385827
11
4.8643555511811023
21
-3.530043937007874
0
LINE
8
BLACK
6
CONTINUOUS
10
4.8643555511811023
20
-3.530043937007874
11
4.8643561417322836
21
-3.5300540944881891
0
LINE
8
BLACK
6
CONTINUOUS
10
4.8643561417322836
20
-3.5300540944881891
11
4.8642411023622047
21
-3.5308679527559055
0
LINE
8
BLACK
6
CONTINUOUS
10
4.8642411023622047
20
-3.5308679527559055
11
4.8642377165354329
21
-3.5308775196850393
0
LINE
8
BLACK
6
CONTINUOUS
10
4.8642377165354329
20
-3.5308775196850393
11
4.8642381102362204
21
-3.5308877165354331
0
LINE
8
BLACK
6
CONTINUOUS
10
4.8642381102362204
20
-3.5308877165354331
11
4.8641076377952759
21
-3.5316924015748032
0
LINE
8
BLACK
6
CONTINUOUS
10
4.8641076377952759
20
-3.5316924015748032
11
4.8641040551181103
21
-3.531701968503937
0
LINE
8
BLACK
6
CONTINUOUS
10
4.8641040551181103
20
-3.531701968503937
11
4.8641042125984253
21
-3.5317121653543304
0
LINE
8
BLACK
6
CONTINUOUS
10
4.8641042125984253
20
-3.5317121653543304
11
4.8640674409448819
21
-3.5319128346456692
0
LINE
8
BLACK
6
CONTINUOUS
10
4.8640674409448819
20
-3.5319128346456692
11
4.8682037401574805
21
-3.5272699606299214
0
LINE
8
BLACK
6
CONTINUOUS
10
4.8682037401574805
20
-3.5272699606299214
11
4.8682066141732285
21
-3.5272677559055117
0
LINE
8
BLACK
6
CONTINUOUS
10
4.8682066141732285
20
-3.5272677559055117
11
4.8682085826771653
21
-3.5272645275590548
0
LINE
8
BLACK
6
CONTINUOUS
10
4.8682085826771653
20
-3.5272645275590548
11
4.8715757480314963
21
-3.523540748031496
0
LINE
8
BLACK
6
CONTINUOUS
10
4.8715757480314963
20
-3.523540748031496
11
4.871579803149606
21
-3.5235377165354329
0
LINE
8
BLACK
6
CONTINUOUS
10
4.871579803149606
20
-3.5235377165354329
11
4.8715824015748028
21
-3.5235335039370077
0
LINE
8
BLACK
6
CONTINUOUS
10
4.8715824015748028
20
-3.5235335039370077
11
4.8749804724409449
21
-3.5198501181102362
0
LINE
8
BLACK
6
CONTINUOUS
10
4.8749804724409449
20
-3.5198501181102362
11
4.874986062992126
21
-3.5198460236220472
0
LINE
8
BLACK
6
CONTINUOUS
10
4.874986062992126
20
-3.5198460236220472
11
4.8749897637795279
21
-3.5198401968503936
0
LINE
8
BLACK
6
CONTINUOUS
10
4.8749897637795279
20
-3.5198401968503936
11
4.8784278740157481
21
-3.5162152755905511
0
LINE
8
BLACK
6
CONTINUOUS
10
4.8784278740157481
20
-3.5162152755905511
11
4.8784351181102359
21
-3.5162101181102363
0
LINE
8
BLACK
6
CONTINUOUS
10
4.8784351181102359
20
-3.5162101181102363
11
4.8784400393700782
21
-3.5162026771653543
0
LINE
8
BLACK
6
CONTINUOUS
10
4.8784400393700782
20
-3.5162026771653543
11
4.8819272047244091
21
-3.5126545275590551
0
LINE
8
BLACK
6
CONTINUOUS
10
4.8819272047244091
20
-3.5126545275590551
11
4.8819362204724408
21
-3.5126483464566927
0
LINE
8
BLACK
6
CONTINUOUS
10
4.8819362204724408
20
-3.5126483464566927
11
4.8819424409448819
21
-3.5126393700787402
0
LINE
8
BLACK
6
CONTINUOUS
10
4.8819424409448819
20
-3.5126393700787402
11
4.8854878740157481
21
-3.5091860629921259
0
LINE
8
BLACK
6
CONTINUOUS
10
4.8854878740157481
20
-3.5091860629921259
11
4.8854987795275591
21
-3.5091789370078739
0
LINE
8
BLACK
6
CONTINUOUS
10
4.8854987795275591
20
-3.5091789370078739
11
4.8855064566929132
21
-3.5091684251968505
0
LINE
8
BLACK
6
CONTINUOUS
10
4.8855064566929132
20
-3.5091684251968505
11
4.8889315748031494
21
-3.506001653543307
0
LINE
8
BLACK
6
CONTINUOUS
10
4.8889315748031494
20
-3.506001653543307
11
4.9153551968503937
21
-3.4252946062992127
0
LINE
8
BLACK
6
CONTINUOUS
10
4.9153551968503937
20
-3.4252946062992127
11
4.9153577952755905
21
-3.4252899606299212
0
LINE
8
BLACK
6
CONTINUOUS
10
4.9153577952755905
20
-3.4252899606299212
11
4.915358503937008
21
-3.4252846456692914
0
LINE
8
BLACK
6
CONTINUOUS
10
4.915358503937008
20
-3.4252846456692914
11
4.9427394881889759
21
-3.3445660629921261
0
LINE
8
BLACK
6
CONTINUOUS
10
4.9427394881889759
20
-3.3445660629921261
11
4.9427414173228348
21
-3.3445626771653543
0
LINE
8
BLACK
6
CONTINUOUS
10
4.9427414173228348
20
-3.3445626771653543
11
4.9427419685039373
21
-3.3445588582677166
0
LINE
8
BLACK
6
CONTINUOUS
10
4.9427419685039373
20
-3.3445588582677166
11
4.9987222834645664
21
-3.1836296850393699
0
LINE
8
BLACK
6
CONTINUOUS
10
4.9987222834645664
20
-3.1836296850393699
11
4.9993934251968506
21
-3.1806048425196849
0
LINE
8
BLACK
6
CONTINUOUS
10
4.9993934251968506
20
-3.1806048425196849
11
4.9993946062992123
21
-3.1806020866141731
0
LINE
8
BLACK
6
CONTINUOUS
10
4.9993946062992123
20
-3.1806020866141731
11
4.9993947244094485
21
-3.1805990157480313
0
LINE
8
BLACK
6
CONTINUOUS
10
4.9993947244094485
20
-3.1805990157480313
11
4.9997503149606297
21
-3.1790411811023622
0
LINE
8
BLACK
6
CONTINUOUS
10
4.9997503149606297
20
-3.1790411811023622
11
4.999751377952756
21
-3.1790387007874017
0
LINE
8
BLACK
6
CONTINUOUS
10
4.999751377952756
20
-3.1790387007874017
11
4.9997514960629923
21
-3.1790361417322832
0
LINE
8
BLACK
6
CONTINUOUS
10
4.9997514960629923
20
-3.1790361417322832
11
5.0000608267716533
21
-3.1777129527559054
0
LINE
8
BLACK
6
CONTINUOUS
10
5.0000608267716533
20
-3.1777129527559054
11
4.9998579921259845
21
-3.1769758661417322
0
LINE
8
BLACK
6
CONTINUOUS
10
4.9998579921259845
20
-3.1769758661417322
11
4.9998573622047244
21
-3.1769676377952756
0
LINE
8
BLACK
6
CONTINUOUS
10
4.9998573622047244
20
-3.1769676377952756
11
4.9998538582677163
21
-3.1769603149606298
0
LINE
8
BLACK
6
CONTINUOUS
10
4.9998538582677163
20
-3.1769603149606298
11
4.9996006692913388
21
-3.1759777952755903
0
LINE
8
BLACK
6
CONTINUOUS
10
4.9996006692913388
20
-3.1759777952755903
11
4.9996001968503938
21
-3.1759698818897637
0
LINE
8
BLACK
6
CONTINUOUS
10
4.9996001968503938
20
-3.1759698818897637
11
4.9995968897637795
21
-3.1759626771653542
0
LINE
8
BLACK
6
CONTINUOUS
10
4.9995968897637795
20
-3.1759626771653542
11
4.999359409448819
21
-3.1749766929133858
0
LINE
8
BLACK
6
CONTINUOUS
10
4.999359409448819
20
-3.1749766929133858
11
4.9993590944881889
21
-3.1749689763779525
0
LINE
8
BLACK
6
CONTINUOUS
10
4.9993590944881889
20
-3.1749689763779525
11
4.9993559842519684
21
-3.1749619685039367
0
LINE
8
BLACK
6
CONTINUOUS
10
4.9993559842519684
20
-3.1749619685039367
11
4.9991337401574798
21
-3.1739729527559053
0
LINE
8
BLACK
6
CONTINUOUS
10
4.9991337401574798
20
-3.1739729527559053
11
4.9991335433070869
21
-3.1739655511811025
0
LINE
8
BLACK
6
CONTINUOUS
10
4.9991335433070869
20
-3.1739655511811025
11
4.9991306692913389
21
-3.1739587795275588
0
LINE
8
BLACK
6
CONTINUOUS
10
4.9991306692913389
20
-3.1739587795275588
11
4.9989231496062994
21
-3.1729671259842518
0
LINE
8
BLACK
6
CONTINUOUS
10
4.9989231496062994
20
-3.1729671259842518
11
4.9989230708661418
21
-3.172959960629921
0
LINE
8
BLACK
6
CONTINUOUS
10
4.9989230708661418
20
-3.172959960629921
11
4.9989203543307088
21
-3.172953307086614
0
LINE
8
BLACK
6
CONTINUOUS
10
4.9989203543307088
20
-3.172953307086614
11
4.9987271653543308
21
-3.1719594488188974
0
LINE
8
BLACK
6
CONTINUOUS
10
4.9987271653543308
20
-3.1719594488188974
11
4.9987271653543308
21
-3.1719525196850391
0
LINE
8
BLACK
6
CONTINUOUS
10
4.9987271653543308
20
-3.1719525196850391
11
4.9987246850393703
21
-3.1719461417322834
0
LINE
8
BLACK
6
CONTINUOUS
10
4.9987246850393703
20
-3.1719461417322834
11
4.99854531496063
21
-3.1709505905511812
0
LINE
8
BLACK
6
CONTINUOUS
10
4.99854531496063
20
-3.1709505905511812
11
4.9985454330708663
21
-3.1709438976377951
0
LINE
8
BLACK
6
CONTINUOUS
10
4.9985454330708663
20
-3.1709438976377951
11
4.9985431102362208
21
-3.1709377559055119
0
LINE
8
BLACK
6
CONTINUOUS
10
4.9985431102362208
20
-3.1709377559055119
11
4.9984262598425193
21
-3.1702362598425196
0
LINE
8
BLACK
6
CONTINUOUS
10
4.9984262598425193
20
-3.1702362598425196
11
4.9982312992125983
21
-3.1700327559055119
0
LINE
8
BLACK
6
CONTINUOUS
10
4.9982312992125983
20
-3.1700327559055119
11
4.9982312598425196
21
-3.1700326771653544
0
LINE
8
BLACK
6
CONTINUOUS
10
4.9982312598425196
20
-3.1700326771653544
11
4.9980291338582674
21
-3.1698225590551181
0
LINE
8
BLACK
6
CONTINUOUS
10
4.9980291338582674
20
-3.1698225590551181
11
4.9980279921259845
21
-3.1698207874015747
0
LINE
8
BLACK
6
CONTINUOUS
10
4.9980279921259845
20
-3.1698207874015747
11
4.9980262992125981
21
-3.1698196062992126
0
LINE
8
BLACK
6
CONTINUOUS
10
4.9980262992125981
20
-3.1698196062992126
11
4.9978535433070865
21
-3.1696385039370076
0
LINE
8
BLACK
6
CONTINUOUS
10
4.9978535433070865
20
-3.1696385039370076
11
4.9966362598425196
21
-3.1685867322834644
0
LINE
8
BLACK
6
CONTINUOUS
10
4.9966362598425196
20
-3.1685867322834644
11
4.9966259842519687
21
-3.1685735433070867
0
LINE
8
BLACK
6
CONTINUOUS
10
4.9966259842519687
20
-3.1685735433070867
11
4.9966118110236222
21
-3.1685648818897638
0
LINE
8
BLACK
6
CONTINUOUS
10
4.9966118110236222
20
-3.1685648818897638
11
4.9953927952755901
21
-3.1674385433070866
0
LINE
8
BLACK
6
CONTINUOUS
10
4.9953927952755901
20
-3.1674385433070866
11
4.9953829527559055
21
-3.1674249999999997
0
LINE
8
BLACK
6
CONTINUOUS
10
4.9953829527559055
20
-3.1674249999999997
11
4.995369094488189
21
-3.1674158661417322
0
LINE
8
BLACK
6
CONTINUOUS
10
4.995369094488189
20
-3.1674158661417322
11
4.9941853937007874
21
-3.1662466141732284
0
LINE
8
BLACK
6
CONTINUOUS
10
4.9941853937007874
20
-3.1662466141732284
11
4.9941760629921257
21
-3.1662328346456694
0
LINE
8
BLACK
6
CONTINUOUS
10
4.9941760629921257
20
-3.1662328346456694
11
4.9941624803149605
21
-3.1662232283464564
0
LINE
8
BLACK
6
CONTINUOUS
10
4.9941624803149605
20
-3.1662232283464564
11
4.9930149999999998
21
-3.1650116929133856
0
LINE
8
BLACK
6
CONTINUOUS
10
4.9930149999999998
20
-3.1650116929133856
11
4.9930061417322831
21
-3.1649976377952753
0
LINE
8
BLACK
6
CONTINUOUS
10
4.9930061417322831
20
-3.1649976377952753
11
4.9929929133858266
21
-3.1649875984251969
0
LINE
8
BLACK
6
CONTINUOUS
10
4.9929929133858266
20
-3.1649875984251969
11
4.9918825196850394
21
-3.1637344094488187
0
LINE
8
BLACK
6
CONTINUOUS
10
4.9918825196850394
20
-3.1637344094488187
11
4.991874094488189
21
-3.1637200000000001
0
LINE
8
BLACK
6
CONTINUOUS
10
4.991874094488189
20
-3.1637200000000001
11
4.9918612598425192
21
-3.1637095669291337
0
LINE
8
BLACK
6
CONTINUOUS
10
4.9918612598425192
20
-3.1637095669291337
11
4.9907890157480317
21
-3.1624152362204723
0
LINE
8
BLACK
6
CONTINUOUS
10
4.9907890157480317
20
-3.1624152362204723
11
4.9907811023622042
21
-3.1624006299212599
0
LINE
8
BLACK
6
CONTINUOUS
10
4.9907811023622042
20
-3.1624006299212599
11
4.9907686614173228
21
-3.162389803149606
0
LINE
8
BLACK
6
CONTINUOUS
10
4.9907686614173228
20
-3.162389803149606
11
4.9897353937007871
21
-3.1610550393700785
0
LINE
8
BLACK
6
CONTINUOUS
10
4.9897353937007871
20
-3.1610550393700785
11
4.9897279921259843
21
-3.1610401968503936
0
LINE
8
BLACK
6
CONTINUOUS
10
4.9897279921259843
20
-3.1610401968503936
11
4.9897159055118108
21
-3.1610289763779527
0
LINE
8
BLACK
6
CONTINUOUS
10
4.9897159055118108
20
-3.1610289763779527
11
4.9887226377952754
21
-3.1596542913385828
0
LINE
8
BLACK
6
CONTINUOUS
10
4.9887226377952754
20
-3.1596542913385828
11
4.988716299212598
21
-3.1596404330708663
0
LINE
8
BLACK
6
CONTINUOUS
10
4.988716299212598
20
-3.1596404330708663
11
4.9887055118110233
21
-3.1596298031496062
0
LINE
8
BLACK
6
CONTINUOUS
10
4.9887055118110233
20
-3.1596298031496062
11
4.9870772440944879
21
-3.1572257480314958
0
LINE
8
BLACK
6
CONTINUOUS
10
4.9870772440944879
20
-3.1572257480314958
11
4.9870666929133858
21
-3.1572007874015746
0
LINE
8
BLACK
6
CONTINUOUS
10
4.9870666929133858
20
-3.1572007874015746
11
4.9870485039370074
21
-3.1571807480314962
0
LINE
8
BLACK
6
CONTINUOUS
10
4.9870485039370074
20
-3.1571807480314962
11
4.9855634645669289
21
-3.1547093700787401
0
LINE
8
BLACK
6
CONTINUOUS
10
4.9855634645669289
20
-3.1547093700787401
11
4.9855544488188972
21
-3.1546842519685039
0
LINE
8
BLACK
6
CONTINUOUS
10
4.9855544488188972
20
-3.1546842519685039
11
4.9855375590551176
21
-3.1546635433070866
0
LINE
8
BLACK
6
CONTINUOUS
10
4.9855375590551176
20
-3.1546635433070866
11
4.984194133858268
21
-3.1521301968503934
0
LINE
8
BLACK
6
CONTINUOUS
10
4.984194133858268
20
-3.1521301968503934
11
4.9841865748031493
21
-3.1521049606299214
0
LINE
8
BLACK
6
CONTINUOUS
10
4.9841865748031493
20
-3.1521049606299214
11
4.9841711023622048
21
-3.1520838188976379
0
LINE
8
BLACK
6
CONTINUOUS
10
4.9841711023622048
20
-3.1520838188976379
11
4.9829676771653544
21
-3.1494938582677166
0
LINE
8
BLACK
6
CONTINUOUS
10
4.9829676771653544
20
-3.1494938582677166
11
4.9829615748031495
21
-3.1494687795275591
0
LINE
8
BLACK
6
CONTINUOUS
10
4.9829615748031495
20
-3.1494687795275591
11
4.9829474409448817
21
-3.1494472047244093
0
LINE
8
BLACK
6
CONTINUOUS
10
4.9829474409448817
20
-3.1494472047244093
11
4.9818824015748033
21
-3.1468059842519684
0
LINE
8
BLACK
6
CONTINUOUS
10
4.9818824015748033
20
-3.1468059842519684
11
4.9818776771653539
21
-3.1467811417322835
0
LINE
8
BLACK
6
CONTINUOUS
10
4.9818776771653539
20
-3.1467811417322835
11
4.9818649212598425
21
-3.1467592913385825
0
LINE
8
BLACK
6
CONTINUOUS
10
4.9818649212598425
20
-3.1467592913385825
11
4.980936692913386
21
-3.1440722047244094
0
LINE
8
BLACK
6
CONTINUOUS
10
4.980936692913386
20
-3.1440722047244094
11
4.9809333070866142
21
-3.144047677165354
0
LINE
8
BLACK
6
CONTINUOUS
10
4.9809333070866142
20
-3.144047677165354
11
4.9809218897637795
21
-3.1440256692913384
0
LINE
8
BLACK
6
CONTINUOUS
10
4.9809218897637795
20
-3.1440256692913384
11
4.9801288188976374
21
-3.1412981102362205
0
LINE
8
BLACK
6
CONTINUOUS
10
4.9801288188976374
20
-3.1412981102362205
11
4.9801266929133856
21
-3.1412738976377952
0
LINE
8
BLACK
6
CONTINUOUS
10
4.9801266929133856
20
-3.1412738976377952
11
4.9801165748031497
21
-3.1412518503937008
0
LINE
8
BLACK
6
CONTINUOUS
10
4.9801165748031497
20
-3.1412518503937008
11
4.9794570866141727
21
-3.1384891732283462
0
LINE
8
BLACK
6
CONTINUOUS
10
4.9794570866141727
20
-3.1384891732283462
11
4.9794561811023623
21
-3.1384653543307084
0
LINE
8
BLACK
6
CONTINUOUS
10
4.9794561811023623
20
-3.1384653543307084
11
4.9794472834645669
21
-3.138443307086614
0
LINE
8
BLACK
6
CONTINUOUS
10
4.9794472834645669
20
-3.138443307086614
11
4.9789198031496058
21
-3.1356508661417322
0
LINE
8
BLACK
6
CONTINUOUS
10
4.9789198031496058
20
-3.1356508661417322
11
4.9789199999999996
21
-3.1356275196850394
0
LINE
8
BLACK
6
CONTINUOUS
10
4.9789199999999996
20
-3.1356275196850394
11
4.9789123622047242
21
-3.1356056299212596
0
LINE
8
BLACK
6
CONTINUOUS
10
4.9789123622047242
20
-3.1356056299212596
11
4.9785151968503936
21
-3.1327887795275591
0
LINE
8
BLACK
6
CONTINUOUS
10
4.9785151968503936
20
-3.1327887795275591
11
4.9785164566929136
21
-3.1327659842519684
0
LINE
8
BLACK
6
CONTINUOUS
10
4.9785164566929136
20
-3.1327659842519684
11
4.9785099212598425
21
-3.132744094488189
0
LINE
8
BLACK
6
CONTINUOUS
10
4.9785099212598425
20
-3.132744094488189
11
4.9782415748031497
21
-3.1299083070866143
0
LINE
8
BLACK
6
CONTINUOUS
10
4.9782415748031497
20
-3.1299083070866143
11
4.9782438582677164
21
-3.1298859842519686
0
LINE
8
BLACK
6
CONTINUOUS
10
4.9782438582677164
20
-3.1298859842519686
11
4.9782384251968503
21
-3.1298643307086613
0
LINE
8
BLACK
6
CONTINUOUS
10
4.9782384251968503
20
-3.1298643307086613
11
4.978097204724409
21
-3.1270148425196851
0
LINE
8
BLACK
6
CONTINUOUS
10
4.978097204724409
20
-3.1270148425196851
11
4.9781003937007871
21
-3.126993149606299
0
LINE
8
BLACK
6
CONTINUOUS
10
4.9781003937007871
20
-3.126993149606299
11
4.9780959842519685
21
-3.1269715354330709
0
LINE
8
BLACK
6
CONTINUOUS
10
4.9780959842519685
20
-3.1269715354330709
11
4.9780803149606294
21
-3.1241138582677164
0
LINE
8
BLACK
6
CONTINUOUS
10
4.9780803149606294
20
-3.1241138582677164
11
4.9780844094488188
21
-3.1240925590551178
0
LINE
8
BLACK
6
CONTINUOUS
10
4.9780844094488188
20
-3.1240925590551178
11
4.978081023622047
21
-3.1240712598425198
0
LINE
8
BLACK
6
CONTINUOUS
10
4.978081023622047
20
-3.1240712598425198
11
4.9781892913385821
21
-3.1212106692913384
0
LINE
8
BLACK
6
CONTINUOUS
10
4.9781892913385821
20
-3.1212106692913384
11
4.9781942125984253
21
-3.1211898818897637
0
LINE
8
BLACK
6
CONTINUOUS
10
4.9781942125984253
20
-3.1211898818897637
11
4.9781917716535435
21
-3.1211687007874014
0
LINE
8
BLACK
6
CONTINUOUS
10
4.9781917716535435
20
-3.1211687007874014
11
4.9784224015748029
21
-3.1183106299212597
0
LINE
8
BLACK
6
CONTINUOUS
10
4.9784224015748029
20
-3.1183106299212597
11
4.978428149606299
21
-3.1182903543307088
0
LINE
8
BLACK
6
CONTINUOUS
10
4.978428149606299
20
-3.1182903543307088
11
4.9784266141732285
21
-3.118269409448819
0
LINE
8
BLACK
6
CONTINUOUS
10
4.9784266141732285
20
-3.118269409448819
11
4.9787666929133856
21
-3.11551031496063
0
LINE
8
BLACK
6
CONTINUOUS
10
4.9787666929133856
20
-3.11551031496063
11
4.9779942125984249
21
-3.10338031496063
0
LINE
8
BLACK
6
CONTINUOUS
10
4.9779942125984249
20
-3.10338031496063
11
4.9779954330708662
21
-3.1033710629921258
0
LINE
8
BLACK
6
CONTINUOUS
10
4.9779954330708662
20
-3.1033710629921258
11
4.9779931889763782
21
-3.1033618897637796
0
LINE
8
BLACK
6
CONTINUOUS
10
4.9779931889763782
20
-3.1033618897637796
11
4.9774437007874015
21
-3.0911209842519685
0
LINE
8
BLACK
6
CONTINUOUS
10
4.9774437007874015
20
-3.0911209842519685
11
4.9774448818897641
21
-3.0911130314960631
0
LINE
8
BLACK
6
CONTINUOUS
10
4.9774448818897641
20
-3.0911130314960631
11
4.9774431102362202
21
-3.0911051968503935
0
LINE
8
BLACK
6
CONTINUOUS
10
4.9774431102362202
20
-3.0911051968503935
11
4.9770900393700783
21
-3.0788479527559054
0
LINE
8
BLACK
6
CONTINUOUS
10
4.9770900393700783
20
-3.0788479527559054
11
4.9770911417322834
21
-3.0788412598425197
0
LINE
8
BLACK
6
CONTINUOUS
10
4.9770911417322834
20
-3.0788412598425197
11
4.9770897637795271
21
-3.0788347637795277
0
LINE
8
BLACK
6
CONTINUOUS
10
4.9770897637795271
20
-3.0788347637795277
11
4.9769098818897639
21
-3.0671676771653544
0
LINE
8
BLACK
6
CONTINUOUS
10
4.9769098818897639
20
-3.0671676771653544
11
4.887285708661417
21
-3.023369251968504
0
LINE
8
BLACK
6
CONTINUOUS
10
4.887285708661417
20
-3.023369251968504
11
4.887284094488189
21
-3.0233680314960627
0
LINE
8
BLACK
6
CONTINUOUS
10
4.887284094488189
20
-3.0233680314960627
11
4.887282165354331
21
-3.0233675196850394
0
LINE
8
BLACK
6
CONTINUOUS
10
4.887282165354331
20
-3.0233675196850394
11
4.7982895275590547
21
-2.9794320078740157
0
LINE
8
BLACK
6
CONTINUOUS
10
4.7982895275590547
20
-2.9794320078740157
11
4.7839024803149606
21
-3.0237599212598423
0
LINE
8
BLACK
6
CONTINUOUS
10
4.2721067716535428
20
-2.1382684251968502
11
4.2721311023622048
21
-2.1382605511811024
0
LINE
8
BLACK
6
CONTINUOUS
10
4.2721311023622048
20
-2.1382605511811024
11
4.2721705118110238
21
-2.13828062992126
0
LINE
8
BLACK
6
CONTINUOUS
10
4.2721705118110238
20
-2.13828062992126
11
4.2724245275590551
21
-2.1383293307086615
0
LINE
8
BLACK
6
CONTINUOUS
10
4.2724245275590551
20
-2.1383293307086615
11
4.2724793700787398
21
-2.1383834251968503
0
LINE
8
BLACK
6
CONTINUOUS
10
4.2724793700787398
20
-2.1383834251968503
11
4.2725557086614172
21
-2.1383943307086613
0
LINE
8
BLACK
6
CONTINUOUS
10
4.2725557086614172
20
-2.1383943307086613
11
4.2726561023622045
21
-2.1385281889763781
0
LINE
8
BLACK
6
CONTINUOUS
10
4.2726561023622045
20
-2.1385281889763781
11
4.2728022047244094
21
-2.1386026771653541
0
LINE
8
BLACK
6
CONTINUOUS
10
4.2728022047244094
20
-2.1386026771653541
11
4.2729259055118112
21
-2.1388237007874014
0
LINE
8
BLACK
6
CONTINUOUS
10
4.2729259055118112
20
-2.1388237007874014
11
4.2729609055118107
21
-2.1388582283464568
0
LINE
8
BLACK
6
CONTINUOUS
10
4.2729609055118107
20
-2.1388582283464568
11
4.2729611023622045
21
-2.1388865748031494
0
LINE
8
BLACK
6
CONTINUOUS
10
4.2729611023622045
20
-2.1388865748031494
11
4.2729897637795276
21
-2.1389377952755906
0
LINE
8
BLACK
6
CONTINUOUS
10
4.2729897637795276
20
-2.1389377952755906
11
4.4700314960629921
21
-2.7459321653543305
0
LINE
8
BLACK
6
CONTINUOUS
10
4.4700314960629921
20
-2.7459321653543305
11
4.4700353149606302
21
-2.7459646456692912
0
LINE
8
BLACK
6
CONTINUOUS
10
4.4700353149606302
20
-2.7459646456692912
11
4.4700449212598423
21
-2.7459770472440943
0
LINE
8
BLACK
6
CONTINUOUS
10
4.4700449212598423
20
-2.7459770472440943
11
4.4700407086614176
21
-2.7460101574803151
0
LINE
8
BLACK
6
CONTINUOUS
10
4.4700407086614176
20
-2.7460101574803151
11
4.4700765354330709
21
-2.7463135433070867
0
LINE
8
BLACK
6
CONTINUOUS
10
4.4700765354330709
20
-2.7463135433070867
11
4.4699774015748028
21
-2.746507874015748
0
LINE
8
BLACK
6
CONTINUOUS
10
4.4699774015748028
20
-2.746507874015748
11
4.4699499212598424
21
-2.7467242913385825
0
LINE
8
BLACK
6
CONTINUOUS
10
4.4699499212598424
20
-2.7467242913385825
11
4.4697495275590553
21
-2.7469548425196848
0
LINE
8
BLACK
6
CONTINUOUS
10
4.4697495275590553
20
-2.7469548425196848
11
4.46973437007874
21
-2.7469846062992125
0
LINE
8
BLACK
6
CONTINUOUS
10
4.46973437007874
20
-2.7469846062992125
11
4.4697194881889759
21
-2.746989409448819
0
LINE
8
BLACK
6
CONTINUOUS
10
4.4697194881889759
20
-2.746989409448819
11
4.4696979921259841
21
-2.7470141732283464
0
LINE
8
BLACK
6
CONTINUOUS
10
4.4696979921259841
20
-2.7470141732283464
11
4.4682532283464562
21
-2.7481330314960628
0
LINE
8
BLACK
6
CONTINUOUS
10
4.4682532283464562
20
-2.7481330314960628
11
4.4682345275590549
21
-2.7481423228346458
0
LINE
8
BLACK
6
CONTINUOUS
10
4.4682345275590549
20
-2.7481423228346458
11
4.4682202362204722
21
-2.7481574803149607
0
LINE
8
BLACK
6
CONTINUOUS
10
4.4682202362204722
20
-2.7481574803149607
11
4.4573269685039367
21
-2.7558890944881891
0
LINE
8
BLACK
6
CONTINUOUS
10
4.4573269685039367
20
-2.7558890944881891
11
4.4465036220472438
21
-2.7637404724409449
0
LINE
8
BLACK
6
CONTINUOUS
10
4.4465036220472438
20
-2.7637404724409449
11
4.4249613779527559
21
-2.7796408661417322
0
LINE
8
BLACK
6
CONTINUOUS
10
4.4249613779527559
20
-2.7796408661417322
11
4.4249087007874017
21
-2.7796655905511809
0
LINE
8
BLACK
6
CONTINUOUS
10
4.4249087007874017
20
-2.7796655905511809
11
4.4248649212598421
21
-2.7797036614173227
0
LINE
8
BLACK
6
CONTINUOUS
10
4.4248649212598421
20
-2.7797036614173227
11
4.4235155511811026
21
-2.7804741338582675
0
LINE
8
BLACK
6
CONTINUOUS
10
4.4235155511811026
20
-2.7804741338582675
11
4.4235120472440945
21
-2.7804752755905513
0
LINE
8
BLACK
6
CONTINUOUS
10
4.4235120472440945
20
-2.7804752755905513
11
4.4235092913385827
21
-2.7804776771653543
0
LINE
8
BLACK
6
CONTINUOUS
10
4.4235092913385827
20
-2.7804776771653543
11
4.4228323228346458
21
-2.7808576771653541
0
LINE
8
BLACK
6
CONTINUOUS
10
4.4228323228346458
20
-2.7808576771653541
11
4.422829409448819
21
-2.7808586220472442
0
LINE
8
BLACK
6
CONTINUOUS
10
4.422829409448819
20
-2.7808586220472442
11
4.4228270472440947
21
-2.7808606299212597
0
LINE
8
BLACK
6
CONTINUOUS
10
4.4228270472440947
20
-2.7808606299212597
11
4.422195551181102
21
-2.7812099999999997
0
LINE
8
BLACK
6
CONTINUOUS
10
4.422195551181102
20
-2.7812099999999997
11
3.9249047637795274
21
-3.1323343700787403
0
LINE
8
BLACK
6
CONTINUOUS
10
3.9249047637795274
20
-3.1323343700787403
11
3.9248738582677163
21
-3.1323480708661418
0
LINE
8
BLACK
6
CONTINUOUS
10
3.9248738582677163
20
-3.1323480708661418
11
3.9248647244094488
21
-3.1323611417322832
0
LINE
8
BLACK
6
CONTINUOUS
10
3.9248647244094488
20
-3.1323611417322832
11
3.9248314566929134
21
-3.1323669291338581
0
LINE
8
BLACK
6
CONTINUOUS
10
3.9248314566929134
20
-3.1323669291338581
11
3.9245538582677164
21
-3.1324903937007873
0
LINE
8
BLACK
6
CONTINUOUS
10
3.9245538582677164
20
-3.1324903937007873
11
3.9243382283464565
21
-3.1324532283464568
0
LINE
8
BLACK
6
CONTINUOUS
10
3.9243382283464565
20
-3.1324532283464568
11
3.9241227559055116
21
-3.1324909448818898
0
LINE
8
BLACK
6
CONTINUOUS
10
3.9241227559055116
20
-3.1324909448818898
11
3.9238450393700788
21
-3.1323682677165352
0
LINE
8
BLACK
6
CONTINUOUS
10
3.9238450393700788
20
-3.1323682677165352
11
3.9238115354330709
21
-3.1323625196850391
0
LINE
8
BLACK
6
CONTINUOUS
10
3.9238115354330709
20
-3.1323625196850391
11
3.923802244094488
21
-3.1323493700787401
0
LINE
8
BLACK
6
CONTINUOUS
10
3.923802244094488
20
-3.1323493700787401
11
3.9237714566929132
21
-3.1323357874015749
0
LINE
8
BLACK
6
CONTINUOUS
10
3.9237714566929132
20
-3.1323357874015749
11
3.9139622440944879
21
-3.1254472834645668
0
LINE
8
BLACK
6
CONTINUOUS
10
3.9139622440944879
20
-3.1254472834645668
11
3.9040427952755903
21
-3.1186699999999998
0
LINE
8
BLACK
6
CONTINUOUS
10
3.9040427952755903
20
-3.1186699999999998
11
3.9040427559055115
21
-3.1186699606299211
0
LINE
8
BLACK
6
CONTINUOUS
10
3.9040427559055115
20
-3.1186699606299211
11
3.8841274015748031
21
-3.1051881102362202
0
LINE
8
BLACK
6
CONTINUOUS
10
3.8841274015748031
20
-3.1051881102362202
11
3.8841235826771654
21
-3.1051842519685038
0
LINE
8
BLACK
6
CONTINUOUS
10
3.8841235826771654
20
-3.1051842519685038
11
3.8841187401574802
21
-3.1051821653543308
0
LINE
8
BLACK
6
CONTINUOUS
10
3.8841187401574802
20
-3.1051821653543308
11
3.8742537795275589
21
-3.0983495669291337
0
LINE
8
BLACK
6
CONTINUOUS
10
3.8742537795275589
20
-3.0983495669291337
11
3.874247834645669
21
-3.0983433858267717
0
LINE
8
BLACK
6
CONTINUOUS
10
3.874247834645669
20
-3.0983433858267717
11
3.8742399606299212
21
-3.0983398425196849
0
LINE
8
BLACK
6
CONTINUOUS
10
3.8742399606299212
20
-3.0983398425196849
11
3.8645244488188975
21
-3.0913609448818895
0
LINE
8
BLACK
6
CONTINUOUS
10
3.8645244488188975
20
-3.0913609448818895
11
3.864515866141732
21
-3.0913517716535432
0
LINE
8
BLACK
6
CONTINUOUS
10
3.864515866141732
20
-3.0913517716535432
11
3.8645048031496061
21
-3.0913464173228347
0
LINE
8
BLACK
6
CONTINUOUS
10
3.8645048031496061
20
-3.0913464173228347
11
3.8550033858267714
21
-3.0841567322834647
0
LINE
8
BLACK
6
CONTINUOUS
10
3.8550033858267714
20
-3.0841567322834647
11
3.8549955511811023
21
-3.0841479133858267
0
LINE
8
BLACK
6
CONTINUOUS
10
3.8549955511811023
20
-3.0841479133858267
11
3.8549851181102359
21
-3.0841425590551181
0
LINE
8
BLACK
6
CONTINUOUS
10
3.8549851181102359
20
-3.0841425590551181
11
3.8503349606299211
21
-3.0804485039370078
0
LINE
8
BLACK
6
CONTINUOUS
10
3.8503349606299211
20
-3.0804485039370078
11
3.8503290157480312
21
-3.080441496062992
0
LINE
8
BLACK
6
CONTINUOUS
10
3.8503290157480312
20
-3.080441496062992
11
3.8503209448818896
21
-3.0804371653543305
0
LINE
8
BLACK
6
CONTINUOUS
10
3.8503209448818896
20
-3.0804371653543305
11
3.8457713779527558
21
-3.0766849999999999
0
LINE
8
BLACK
6
CONTINUOUS
10
3.8457713779527558
20
-3.0766849999999999
11
3.6228128346456692
21
-2.9143333464566927
0
LINE
8
BLACK
6
CONTINUOUS
10
3.6228128346456692
20
-2.9143333464566927
11
3.6228127952755904
21
-2.914333307086614
0
LINE
8
BLACK
6
CONTINUOUS
10
3.6228127952755904
20
-2.914333307086614
11
3.5112453937007873
21
-2.8332650787401574
0
LINE
8
BLACK
6
CONTINUOUS
10
3.5112453937007873
20
-2.8332650787401574
11
3.399146496062992
21
-2.7529970866141733
0
LINE
8
BLACK
6
CONTINUOUS
10
3.399146496062992
20
-2.7529970866141733
11
3.3991062992125984
21
-2.752954212598425
0
LINE
8
BLACK
6
CONTINUOUS
10
3.3991062992125984
20
-2.752954212598425
11
3.3990813385826772
21
-2.7529461417322834
0
LINE
8
BLACK
6
CONTINUOUS
10
3.3990813385826772
20
-2.7529461417322834
11
3.3990604330708662
21
-2.752905275590551
0
LINE
8
BLACK
6
CONTINUOUS
10
3.3990604330708662
20
-2.752905275590551
11
3.3988838582677166
21
-2.7527168897637795
0
LINE
8
BLACK
6
CONTINUOUS
10
3.3988838582677166
20
-2.7527168897637795
11
3.398845433070866
21
-2.7524848031496063
0
LINE
8
BLACK
6
CONTINUOUS
10
3.398845433070866
20
-2.7524848031496063
11
3.3987384251968504
21
-2.7522754724409446
0
LINE
8
BLACK
6
CONTINUOUS
10
3.3987384251968504
20
-2.7522754724409446
11
3.3987683858267714
21
-2.7520190551181103
0
LINE
8
BLACK
6
CONTINUOUS
10
3.3987683858267714
20
-2.7520190551181103
11
3.3987609055118111
21
-2.7519737007874014
0
LINE
8
BLACK
6
CONTINUOUS
10
3.3987609055118111
20
-2.7519737007874014
11
3.3987761811023622
21
-2.7519522834645667
0
LINE
8
BLACK
6
CONTINUOUS
10
3.3987761811023622
20
-2.7519522834645667
11
3.398783031496063
21
-2.7518940551181101
0
LINE
8
BLACK
6
CONTINUOUS
10
3.398783031496063
20
-2.7518940551181101
11
3.5180253543307085
21
-2.3831197244094486
0
LINE
8
BLACK
6
CONTINUOUS
10
3.5180253543307085
20
-2.3831197244094486
11
3.5180262598425198
21
-2.3831180708661415
0
LINE
8
BLACK
6
CONTINUOUS
10
3.5180262598425198
20
-2.3831180708661415
11
3.5180264960629919
21
-2.3831161811023622
0
LINE
8
BLACK
6
CONTINUOUS
10
3.5180264960629919
20
-2.3831161811023622
11
3.5974331889763778
21
-2.1407049212598426
0
LINE
8
BLACK
6
CONTINUOUS
10
3.5974331889763778
20
-2.1407049212598426
11
3.5974570472440943
21
-2.1406625196850393
0
LINE
8
BLACK
6
CONTINUOUS
10
3.5974570472440943
20
-2.1406625196850393
11
3.5974569291338581
21
-2.1406402362204724
0
LINE
8
BLACK
6
CONTINUOUS
10
3.5974569291338581
20
-2.1406402362204724
11
3.5974864566929132
21
-2.1406103149606297
0
LINE
8
BLACK
6
CONTINUOUS
10
3.5974864566929132
20
-2.1406103149606297
11
3.5976216535433072
21
-2.1403703149606299
0
LINE
8
BLACK
6
CONTINUOUS
10
3.5976216535433072
20
-2.1403703149606299
11
3.5978255118110236
21
-2.1402670078740158
0
LINE
8
BLACK
6
CONTINUOUS
10
3.5978255118110236
20
-2.1402670078740158
11
3.5979862598425196
21
-2.1401043307086614
0
LINE
8
BLACK
6
CONTINUOUS
10
3.5979862598425196
20
-2.1401043307086614
11
3.5982562204724409
21
-2.1400488582677166
0
LINE
8
BLACK
6
CONTINUOUS
10
3.5982562204724409
20
-2.1400488582677166
11
3.5982936220472439
21
-2.1400299606299211
0
LINE
8
BLACK
6
CONTINUOUS
10
3.5982936220472439
20
-2.1400299606299211
11
3.5983147244094487
21
-2.1400368503937006
0
LINE
8
BLACK
6
CONTINUOUS
10
3.5983147244094487
20
-2.1400368503937006
11
3.5983624409448818
21
-2.1400270866141731
0
LINE
8
BLACK
6
CONTINUOUS
10
3.5983624409448818
20
-2.1400270866141731
11
3.6111545275590551
21
-2.1399483070866143
0
LINE
8
BLACK
6
CONTINUOUS
10
3.6111545275590551
20
-2.1399483070866143
11
3.6239758267716535
21
-2.1396430314960631
0
LINE
8
BLACK
6
CONTINUOUS
10
3.6239758267716535
20
-2.1396430314960631
11
3.649673188976378
21
-2.1387879527559055
0
LINE
8
BLACK
6
CONTINUOUS
10
3.649673188976378
20
-2.1387879527559055
11
3.649676811023622
21
-2.1387885433070868
0
LINE
8
BLACK
6
CONTINUOUS
10
3.649676811023622
20
-2.1387885433070868
11
3.6496805118110234
21
-2.138787716535433
0
LINE
8
BLACK
6
CONTINUOUS
10
3.6496805118110234
20
-2.138787716535433
11
3.6625146062992124
21
-2.1384560236220471
0
LINE
8
BLACK
6
CONTINUOUS
10
3.6625146062992124
20
-2.1384560236220471
11
3.6625226377952753
21
-2.138457401574803
0
LINE
8
BLACK
6
CONTINUOUS
10
3.6625226377952753
20
-2.138457401574803
11
3.6625306299212599
21
-2.1384557480314959
0
LINE
8
BLACK
6
CONTINUOUS
10
3.6625306299212599
20
-2.1384557480314959
11
3.6753300787401573
21
-2.1383333070866142
0
LINE
8
BLACK
6
CONTINUOUS
10
3.6753300787401573
20
-2.1383333070866142
11
3.6753423228346458
21
-2.1383355905511809
0
LINE
8
BLACK
6
CONTINUOUS
10
3.6753423228346458
20
-2.1383355905511809
11
3.6753546062992126
21
-2.1383333858267717
0
LINE
8
BLACK
6
CONTINUOUS
10
3.6753546062992126
20
-2.1383333858267717
11
3.6881020866141729
21
-2.138529251968504
0
LINE
8
BLACK
6
CONTINUOUS
10
3.6881020866141729
20
-2.138529251968504
11
3.6881185433070867
21
-2.1385327559055116
0
LINE
8
BLACK
6
CONTINUOUS
10
3.6881185433070867
20
-2.1385327559055116
11
3.6881352755905512
21
-2.1385303149606298
0
LINE
8
BLACK
6
CONTINUOUS
10
3.6881352755905512
20
-2.1385303149606298
11
3.7007897244094488
21
-2.1391522834645671
0
LINE
8
BLACK
6
CONTINUOUS
10
3.7007897244094488
20
-2.1391522834645671
11
3.9864379133858265
21
-2.1393111023622047
0
LINE
8
BLACK
6
CONTINUOUS
10
3.9864379133858265
20
-2.1393111023622047
11
4.1292731496062993
21
-2.1392563779527558
0
LINE
8
BLACK
6
CONTINUOUS
10
4.1292731496062993
20
-2.1392563779527558
11
4.2720473622047246
21
-2.1382570472440943
0
LINE
8
BLACK
6
CONTINUOUS
10
4.2720473622047246
20
-2.1382570472440943
11
4.2721067716535428
21
-2.1382684251968502
0
LINE
8
BLACK
6
CONTINUOUS
10
4.129281377952756
20
-2.1412247637795274
11
4.1292781102362204
21
-2.1412241338582678
0
LINE
8
BLACK
6
CONTINUOUS
10
4.1292781102362204
20
-2.1412241338582678
11
4.1292748425196848
21
-2.1412248031496062
0
LINE
8
BLACK
6
CONTINUOUS
10
4.1292748425196848
20
-2.1412248031496062
11
3.9864381496062991
21
-2.1412795669291338
0
LINE
8
BLACK
6
CONTINUOUS
10
3.9864381496062991
20
-2.1412795669291338
11
3.986437677165354
21
-2.1412794488188975
0
LINE
8
BLACK
6
CONTINUOUS
10
3.986437677165354
20
-2.1412794488188975
11
3.9864372047244094
21
-2.1412795669291338
0
LINE
8
BLACK
6
CONTINUOUS
10
3.9864372047244094
20
-2.1412795669291338
11
3.7007646062992126
21
-2.1411207086614175
0
LINE
8
BLACK
6
CONTINUOUS
10
3.7007646062992126
20
-2.1411207086614175
11
3.7007408267716535
21
-2.1411159448818897
0
LINE
8
BLACK
6
CONTINUOUS
10
3.7007408267716535
20
-2.1411159448818897
11
3.7007168503937007
21
-2.1411195275590549
0
LINE
8
BLACK
6
CONTINUOUS
10
3.7007168503937007
20
-2.1411195275590549
11
3.6880549999999999
21
-2.1404971653543305
0
LINE
8
BLACK
6
CONTINUOUS
10
3.6880549999999999
20
-2.1404971653543305
11
3.675336929133858
21
-2.1403017322834645
0
LINE
8
BLACK
6
CONTINUOUS
10
3.675336929133858
20
-2.1403017322834645
11
3.6625579527559053
21
-2.1404239763779529
0
LINE
8
BLACK
6
CONTINUOUS
10
3.6625579527559053
20
-2.1404239763779529
11
3.6497321653543304
21
-2.140755472440945
0
LINE
8
BLACK
6
CONTINUOUS
10
3.6497321653543304
20
-2.140755472440945
11
3.6240355511811022
21
-2.1416105511811021
0
LINE
8
BLACK
6
CONTINUOUS
10
3.6240355511811022
20
-2.1416105511811021
11
3.6240309055118107
21
-2.1416097637795275
0
LINE
8
BLACK
6
CONTINUOUS
10
3.6240309055118107
20
-2.1416097637795275
11
3.6240262598425197
21
-2.1416108267716534
0
LINE
8
BLACK
6
CONTINUOUS
10
3.6240262598425197
20
-2.1416108267716534
11
3.6111918503937006
21
-2.1419164173228347
0
LINE
8
BLACK
6
CONTINUOUS
10
3.6111918503937006
20
-2.1419164173228347
11
3.6111831496062989
21
-2.1419148818897638
0
LINE
8
BLACK
6
CONTINUOUS
10
3.6111831496062989
20
-2.1419148818897638
11
3.6111744881889765
21
-2.1419166929133859
0
LINE
8
BLACK
6
CONTINUOUS
10
3.6111744881889765
20
-2.1419166929133859
11
3.5990831889763779
21
-2.1419911417322832
0
LINE
8
BLACK
6
CONTINUOUS
10
3.5990831889763779
20
-2.1419911417322832
11
3.5198983070866139
21
-2.3837253149606297
0
LINE
8
BLACK
6
CONTINUOUS
10
3.5198983070866139
20
-2.3837253149606297
11
3.5198983070866139
21
-2.3837253543307084
0
LINE
8
BLACK
6
CONTINUOUS
10
3.5198983070866139
20
-2.3837253543307084
11
3.4008772047244094
21
-2.7518153149606297
0
LINE
8
BLACK
6
CONTINUOUS
10
3.4008772047244094
20
-2.7518153149606297
11
3.5123930708661417
21
-2.8316658267716535
0
LINE
8
BLACK
6
CONTINUOUS
10
3.5123930708661417
20
-2.8316658267716535
11
3.5123954724409447
21
-2.8316683858267715
0
LINE
8
BLACK
6
CONTINUOUS
10
3.5123954724409447
20
-2.8316683858267715
11
3.5123986220472441
21
-2.8316698425196849
0
LINE
8
BLACK
6
CONTINUOUS
10
3.5123986220472441
20
-2.8316698425196849
11
3.6239707480314958
21
-2.912741496062992
0
LINE
8
BLACK
6
CONTINUOUS
10
3.6239707480314958
20
-2.912741496062992
11
3.6239710629921258
21
-2.9127418503937008
0
LINE
8
BLACK
6
CONTINUOUS
10
3.6239710629921258
20
-2.9127418503937008
11
3.6239715748031496
21
-2.9127420866141733
0
LINE
8
BLACK
6
CONTINUOUS
10
3.6239715748031496
20
-2.9127420866141733
11
3.846954251968504
21
-3.0751113385826772
0
LINE
8
BLACK
6
CONTINUOUS
10
3.846954251968504
20
-3.0751113385826772
11
3.8469746456692913
21
-3.0751334251968503
0
LINE
8
BLACK
6
CONTINUOUS
10
3.8469746456692913
20
-3.0751334251968503
11
3.8470011023622046
21
-3.0751476771653543
0
LINE
8
BLACK
6
CONTINUOUS
10
3.8470011023622046
20
-3.0751476771653543
11
3.8515666141732283
21
-3.0789129921259843
0
LINE
8
BLACK
6
CONTINUOUS
10
3.8515666141732283
20
-3.0789129921259843
11
3.8561999212598423
21
-3.0825936614173228
0
LINE
8
BLACK
6
CONTINUOUS
10
3.8561999212598423
20
-3.0825936614173228
11
3.865682440944882
21
-3.0897690944881888
0
LINE
8
BLACK
6
CONTINUOUS
10
3.865682440944882
20
-3.0897690944881888
11
3.8753824015748028
21
-3.096736811023622
0
LINE
8
BLACK
6
CONTINUOUS
10
3.8753824015748028
20
-3.096736811023622
11
3.8852342913385827
21
-3.1035603543307086
0
LINE
8
BLACK
6
CONTINUOUS
10
3.8852342913385827
20
-3.1035603543307086
11
3.9051497637795274
21
-3.1170423228346458
0
LINE
8
BLACK
6
CONTINUOUS
10
3.9051497637795274
20
-3.1170423228346458
11
3.9051512992125983
21
-3.1170438582677167
0
LINE
8
BLACK
6
CONTINUOUS
10
3.9051512992125983
20
-3.1170438582677167
11
3.9051532677165355
21
-3.1170447244094488
0
LINE
8
BLACK
6
CONTINUOUS
10
3.9051532677165355
20
-3.1170447244094488
11
3.9150776377952754
21
-3.1238253543307084
0
LINE
8
BLACK
6
CONTINUOUS
10
3.9150776377952754
20
-3.1238253543307084
11
3.9150821653543306
21
-3.1238299999999999
0
LINE
8
BLACK
6
CONTINUOUS
10
3.9150821653543306
20
-3.1238299999999999
11
3.9150880708661417
21
-3.1238325984251967
0
LINE
8
BLACK
6
CONTINUOUS
10
3.9150880708661417
20
-3.1238325984251967
11
3.9243355118110235
21
-3.1303265748031497
0
LINE
8
BLACK
6
CONTINUOUS
10
3.9243355118110235
20
-3.1303265748031497
11
4.4211044094488186
21
-2.7795708267716535
0
LINE
8
BLACK
6
CONTINUOUS
10
4.4211044094488186
20
-2.7795708267716535
11
4.4211540944881893
21
-2.7795487007874016
0
LINE
8
BLACK
6
CONTINUOUS
10
4.4211540944881893
20
-2.7795487007874016
11
4.4211955905511813
21
-2.7795136614173228
0
LINE
8
BLACK
6
CONTINUOUS
10
4.4211955905511813
20
-2.7795136614173228
11
4.4218740551181099
21
-2.7791382677165353
0
LINE
8
BLACK
6
CONTINUOUS
10
4.4218740551181099
20
-2.7791382677165353
11
4.4225442913385828
21
-2.7787619685039369
0
LINE
8
BLACK
6
CONTINUOUS
10
4.4225442913385828
20
-2.7787619685039369
11
4.4238386614173226
21
-2.7780229133858265
0
LINE
8
BLACK
6
CONTINUOUS
10
4.4238386614173226
20
-2.7780229133858265
11
4.4453373622047243
21
-2.7621548031496062
0
LINE
8
BLACK
6
CONTINUOUS
10
4.4453373622047243
20
-2.7621548031496062
11
4.4453411023622049
21
-2.7621530314960627
0
LINE
8
BLACK
6
CONTINUOUS
10
4.4453411023622049
20
-2.7621530314960627
11
4.4453438976377955
21
-2.7621500393700789
0
LINE
8
BLACK
6
CONTINUOUS
10
4.4453438976377955
20
-2.7621500393700789
11
4.4561735433070861
21
-2.7542940157480316
0
LINE
8
BLACK
6
CONTINUOUS
10
4.4561735433070861
20
-2.7542940157480316
11
4.4561782283464568
21
-2.7542918503937006
0
LINE
8
BLACK
6
CONTINUOUS
10
4.4561782283464568
20
-2.7542918503937006
11
4.4561818110236215
21
-2.7542880708661417
0
LINE
8
BLACK
6
CONTINUOUS
10
4.4561818110236215
20
-2.7542880708661417
11
4.4670638976377948
21
-2.7465643307086616
0
LINE
8
BLACK
6
CONTINUOUS
10
4.4670638976377948
20
-2.7465643307086616
11
4.4679455511811019
21
-2.7458816141732281
0
LINE
8
BLACK
6
CONTINUOUS
10
4.4679455511811019
20
-2.7458816141732281
11
4.2713397637795278
21
-2.1402304330708661
0
LINE
8
BLACK
6
CONTINUOUS
10
4.2713397637795278
20
-2.1402304330708661
11
4.129281377952756
21
-2.1412247637795274
0
LINE
8
BLACK
6
CONTINUOUS
10
2.5105136220472439
20
-2.2736065354330708
11
2.5105283858267717
21
-2.2736065354330708
0
LINE
8
BLACK
6
CONTINUOUS
10
2.5105283858267717
20
-2.2736065354330708
11
2.5105509448818899
21
-2.273629094488189
0
LINE
8
BLACK
6
CONTINUOUS
10
2.5105509448818899
20
-2.273629094488189
11
2.5108159055118109
21
-2.2737893307086612
0
LINE
8
BLACK
6
CONTINUOUS
10
2.5108159055118109
20
-2.2737893307086612
11
2.749278346456693
21
-2.4916454724409447
0
LINE
8
BLACK
6
CONTINUOUS
10
2.749278346456693
20
-2.4916454724409447
11
2.7492783858267718
21
-2.4916455118110235
0
LINE
8
BLACK
6
CONTINUOUS
10
2.7492783858267718
20
-2.4916455118110235
11
2.8685805118110235
21
-2.6004743700787403
0
LINE
8
BLACK
6
CONTINUOUS
10
2.8685805118110235
20
-2.6004743700787403
11
2.8685805511811022
21
-2.600474409448819
0
LINE
8
BLACK
6
CONTINUOUS
10
2.8685805511811022
20
-2.600474409448819
11
2.9883102755905511
21
-2.7087425196850394
0
LINE
8
BLACK
6
CONTINUOUS
10
2.9883102755905511
20
-2.7087425196850394
11
2.9883361023622048
21
-2.7087772440944882
0
LINE
8
BLACK
6
CONTINUOUS
10
2.9883361023622048
20
-2.7087772440944882
11
2.9883546062992123
21
-2.7087851968503935
0
LINE
8
BLACK
6
CONTINUOUS
10
2.9883546062992123
20
-2.7087851968503935
11
2.9884427952755903
21
-2.7089207874015746
0
LINE
8
BLACK
6
CONTINUOUS
10
2.9884427952755903
20
-2.7089207874015746
11
2.9885394094488187
21
-2.7090507086614171
0
LINE
8
BLACK
6
CONTINUOUS
10
2.9885394094488187
20
-2.7090507086614171
11
2.9885403937007875
21
-2.7090707874015747
0
LINE
8
BLACK
6
CONTINUOUS
10
2.9885403937007875
20
-2.7090707874015747
11
2.9885640157480315
21
-2.7091070866141731
0
LINE
8
BLACK
6
CONTINUOUS
10
2.9885640157480315
20
-2.7091070866141731
11
2.9922548818897639
21
-2.7183375590551182
0
LINE
8
BLACK
6
CONTINUOUS
10
2.9922548818897639
20
-2.7183375590551182
11
2.9922549212598426
21
-2.7183378740157478
0
LINE
8
BLACK
6
CONTINUOUS
10
2.9922549212598426
20
-2.7183378740157478
11
2.9922551181102364
21
-2.718338149606299
0
LINE
8
BLACK
6
CONTINUOUS
10
2.9922551181102364
20
-2.718338149606299
11
2.9940883858267715
21
-2.7229315748031495
0
LINE
8
BLACK
6
CONTINUOUS
10
2.9940883858267715
20
-2.7229315748031495
11
2.9940896456692911
21
-2.7229384251968503
0
LINE
8
BLACK
6
CONTINUOUS
10
2.9940896456692911
20
-2.7229384251968503
11
2.9940933858267718
21
-2.7229443700787401
0
LINE
8
BLACK
6
CONTINUOUS
10
2.9940933858267718
20
-2.7229443700787401
11
2.9958432283464567
21
-2.7275126771653544
0
LINE
8
BLACK
6
CONTINUOUS
10
2.9958432283464567
20
-2.7275126771653544
11
2.9958452755905509
21
-2.7275248031496062
0
LINE
8
BLACK
6
CONTINUOUS
10
2.9958452755905509
20
-2.7275248031496062
11
2.9958516535433071
21
-2.7275354724409446
0
LINE
8
BLACK
6
CONTINUOUS
10
2.9958516535433071
20
-2.7275354724409446
11
2.9974615354330707
21
-2.7320706692913386
0
LINE
8
BLACK
6
CONTINUOUS
10
2.9974615354330707
20
-2.7320706692913386
11
2.9974633858267716
21
-2.7320834251968504
0
LINE
8
BLACK
6
CONTINUOUS
10
2.9974633858267716
20
-2.7320834251968504
11
2.9974697244094486
21
-2.7320947244094489
0
LINE
8
BLACK
6
CONTINUOUS
10
2.9974697244094486
20
-2.7320947244094489
11
2.998204527559055
21
-2.734347440944882
0
LINE
8
BLACK
6
CONTINUOUS
10
2.998204527559055
20
-2.734347440944882
11
2.9982057874015746
21
-2.7343580708661417
0
LINE
8
BLACK
6
CONTINUOUS
10
2.9982057874015746
20
-2.7343580708661417
11
2.9982107874015749
21
-2.7343674409448817
0
LINE
8
BLACK
6
CONTINUOUS
10
2.9982107874015749
20
-2.7343674409448817
11
2.998889409448819
21
-2.7366088976377951
0
LINE
8
BLACK
6
CONTINUOUS
10
2.998889409448819
20
-2.7366088976377951
11
2.9988905905511811
21
-2.7366211023622045
0
LINE
8
BLACK
6
CONTINUOUS
10
2.9988905905511811
20
-2.7366211023622045
11
2.9988961811023622
21
-2.7366322047244096
0
LINE
8
BLACK
6
CONTINUOUS
10
2.9988961811023622
20
-2.7366322047244096
11
2.9995115748031496
21
-2.7388614173228345
0
LINE
8
BLACK
6
CONTINUOUS
10
2.9995115748031496
20
-2.7388614173228345
11
2.9995125984251967
21
-2.7388754724409448
0
LINE
8
BLACK
6
CONTINUOUS
10
2.9995125984251967
20
-2.7388754724409448
11
2.9995185433070866
21
-2.7388881889763779
0
LINE
8
BLACK
6
CONTINUOUS
10
2.9995185433070866
20
-2.7388881889763779
11
3.0000636614173226
21
-2.7411041338582676
0
LINE
8
BLACK
6
CONTINUOUS
10
3.0000636614173226
20
-2.7411041338582676
11
3.0000643700787402
21
-2.7411200393700788
0
LINE
8
BLACK
6
CONTINUOUS
10
3.0000643700787402
20
-2.7411200393700788
11
3.0000706692913384
21
-2.7411347244094486
0
LINE
8
BLACK
6
CONTINUOUS
10
3.0000706692913384
20
-2.7411347244094486
11
3.0005384251968503
21
-2.7433364566929135
0
LINE
8
BLACK
6
CONTINUOUS
10
3.0005384251968503
20
-2.7433364566929135
11
3.0005386220472441
21
-2.7433543307086614
0
LINE
8
BLACK
6
CONTINUOUS
10
3.0005386220472441
20
-2.7433543307086614
11
3.0005451181102361
21
-2.7433710236220472
0
LINE
8
BLACK
6
CONTINUOUS
10
3.0005451181102361
20
-2.7433710236220472
11
3.0008979921259842
21
-2.7453837795275589
0
LINE
8
BLACK
6
CONTINUOUS
10
3.0008979921259842
20
-2.7453837795275589
11
3.0012594488188977
21
-2.7460030314960631
0
LINE
8
BLACK
6
CONTINUOUS
10
3.0012594488188977
20
-2.7460030314960631
11
3.0012656692913384
21
-2.746021062992126
0
LINE
8
BLACK
6
CONTINUOUS
10
3.0012656692913384
20
-2.746021062992126
11
3.0012777559055119
21
-2.7460358267716534
0
LINE
8
BLACK
6
CONTINUOUS
10
3.0012777559055119
20
-2.7460358267716534
11
3.0017093307086613
21
-2.7468446062992125
0
LINE
8
BLACK
6
CONTINUOUS
10
3.0017093307086613
20
-2.7468446062992125
11
3.0017142913385828
21
-2.746861023622047
0
LINE
8
BLACK
6
CONTINUOUS
10
3.0017142913385828
20
-2.746861023622047
11
3.0017247244094487
21
-2.7468746850393702
0
LINE
8
BLACK
6
CONTINUOUS
10
3.0017247244094487
20
-2.7468746850393702
11
3.0021385433070864
21
-2.7477186614173226
0
LINE
8
BLACK
6
CONTINUOUS
10
3.0021385433070864
20
-2.7477186614173226
11
3.0021425196850391
21
-2.7477336614173229
0
LINE
8
BLACK
6
CONTINUOUS
10
3.0021425196850391
20
-2.7477336614173229
11
3.0021515354330708
21
-2.7477462598425197
0
LINE
8
BLACK
6
CONTINUOUS
10
3.0021515354330708
20
-2.7477462598425197
11
3.0025483858267714
21
-2.7486235039370079
0
LINE
8
BLACK
6
CONTINUOUS
10
3.0025483858267714
20
-2.7486235039370079
11
3.002551496062992
21
-2.7486370078740157
0
LINE
8
BLACK
6
CONTINUOUS
10
3.002551496062992
20
-2.7486370078740157
11
3.0025593307086615
21
-2.7486485826771654
0
LINE
8
BLACK
6
CONTINUOUS
10
3.0025593307086615
20
-2.7486485826771654
11
3.0029403543307085
21
-2.7495572047244092
0
LINE
8
BLACK
6
CONTINUOUS
10
3.0029403543307085
20
-2.7495572047244092
11
3.002942834645669
21
-2.7495694488188978
0
LINE
8
BLACK
6
CONTINUOUS
10
3.002942834645669
20
-2.7495694488188978
11
3.0029496062992127
21
-2.7495800393700787
0
LINE
8
BLACK
6
CONTINUOUS
10
3.0029496062992127
20
-2.7495800393700787
11
3.0033156692913385
21
-2.7505181102362206
0
LINE
8
BLACK
6
CONTINUOUS
10
3.0033156692913385
20
-2.7505181102362206
11
3.003317598425197
21
-2.7505291338582678
0
LINE
8
BLACK
6
CONTINUOUS
10
3.003317598425197
20
-2.7505291338582678
11
3.0033234251968501
21
-2.7505387007874016
0
LINE
8
BLACK
6
CONTINUOUS
10
3.0033234251968501
20
-2.7505387007874016
11
3.0036755511811024
21
-2.7515042913385828
0
LINE
8
BLACK
6
CONTINUOUS
10
3.0036755511811024
20
-2.7515042913385828
11
3.0036770472440946
21
-2.7515141732283466
0
LINE
8
BLACK
6
CONTINUOUS
10
3.0036770472440946
20
-2.7515141732283466
11
3.0036821259842519
21
-2.7515228740157478
0
LINE
8
BLACK
6
CONTINUOUS
10
3.0036821259842519
20
-2.7515228740157478
11
3.0040212598425198
21
-2.7525140551181102
0
LINE
8
BLACK
6
CONTINUOUS
10
3.0040212598425198
20
-2.7525140551181102
11
3.0040229527559053
21
-2.7525268897637796
0
LINE
8
BLACK
6
CONTINUOUS
10
3.0040229527559053
20
-2.7525268897637796
11
3.0040291732283464
21
-2.7525382283464568
0
LINE
8
BLACK
6
CONTINUOUS
10
3.0040291732283464
20
-2.7525382283464568
11
3.004672401574803
21
-2.7545898031496061
0
LINE
8
BLACK
6
CONTINUOUS
10
3.004672401574803
20
-2.7545898031496061
11
3.0046738976377951
21
-2.7546037401574801
0
LINE
8
BLACK
6
CONTINUOUS
10
3.0046738976377951
20
-2.7546037401574801
11
3.00468031496063
21
-2.7546162992125982
0
LINE
8
BLACK
6
CONTINUOUS
10
3.00468031496063
20
-2.7546162992125982
11
3.0052832283464568
21
-2.7567473622047243
0
LINE
8
BLACK
6
CONTINUOUS
10
3.0052832283464568
20
-2.7567473622047243
11
3.0052840551181101
21
-2.7567581102362202
0
LINE
8
BLACK
6
CONTINUOUS
10
3.0052840551181101
20
-2.7567581102362202
11
3.0052887401574804
21
-2.7567677559055119
0
LINE
8
BLACK
6
CONTINUOUS
10
3.0052887401574804
20
-2.7567677559055119
11
3.0058591732283464
21
-2.7589628740157481
0
LINE
8
BLACK
6
CONTINUOUS
10
3.0058591732283464
20
-2.7589628740157481
11
3.0058596062992127
21
-2.758970748031496
0
LINE
8
BLACK
6
CONTINUOUS
10
3.0058596062992127
20
-2.758970748031496
11
3.0058629133858266
21
-2.7589778346456693
0
LINE
8
BLACK
6
CONTINUOUS
10
3.0058629133858266
20
-2.7589778346456693
11
3.0064085433070864
21
-2.7612216929133857
0
LINE
8
BLACK
6
CONTINUOUS
10
3.0064085433070864
20
-2.7612216929133857
11
3.0064247637795276
21
-2.7616053937007874
0
LINE
8
BLACK
6
CONTINUOUS
10
3.0064247637795276
20
-2.7616053937007874
11
3.0064126771653541
21
-2.7616251968503938
0
LINE
8
BLACK
6
CONTINUOUS
10
3.0064126771653541
20
-2.7616251968503938
11
3.0064171653543306
21
-2.7616479133858265
0
LINE
8
BLACK
6
CONTINUOUS
10
3.0064171653543306
20
-2.7616479133858265
11
3.0062188188976378
21
-2.7619435826771652
0
LINE
8
BLACK
6
CONTINUOUS
10
3.0062188188976378
20
-2.7619435826771652
11
3.006033031496063
21
-2.7622488188976377
0
LINE
8
BLACK
6
CONTINUOUS
10
3.006033031496063
20
-2.7622488188976377
11
3.0060104724409449
21
-2.7622542913385826
0
LINE
8
BLACK
6
CONTINUOUS
10
3.0060104724409449
20
-2.7622542913385826
11
3.0059975984251968
21
-2.7622735039370077
0
LINE
8
BLACK
6
CONTINUOUS
10
3.0059975984251968
20
-2.7622735039370077
11
3.0056425590551181
21
-2.7624198818897638
0
LINE
8
BLACK
6
CONTINUOUS
10
3.0056425590551181
20
-2.7624198818897638
11
2.9112373622047243
21
-2.7810324409448817
0
LINE
8
BLACK
6
CONTINUOUS
10
2.9112373622047243
20
-2.7810324409448817
11
2.911237244094488
21
-2.7810324015748029
0
LINE
8
BLACK
6
CONTINUOUS
10
2.911237244094488
20
-2.7810324015748029
11
2.8169256299212599
21
-2.7999966141732284
0
LINE
8
BLACK
6
CONTINUOUS
10
2.8169256299212599
20
-2.7999966141732284
11
2.8165416141732282
21
-2.7999974409448818
0
LINE
8
BLACK
6
CONTINUOUS
10
2.8165416141732282
20
-2.7999974409448818
11
2.8164583070866143
21
-2.7999420078740158
0
LINE
8
BLACK
6
CONTINUOUS
10
2.8164583070866143
20
-2.7999420078740158
11
2.8163583070866141
21
-2.7999424015748029
0
LINE
8
BLACK
6
CONTINUOUS
10
2.8163583070866141
20
-2.7999424015748029
11
2.8160382283464567
21
-2.7997301968503936
0
LINE
8
BLACK
6
CONTINUOUS
10
2.8160382283464567
20
-2.7997301968503936
11
2.8041270472440942
21
-2.7879056692913387
0
LINE
8
BLACK
6
CONTINUOUS
10
2.8041270472440942
20
-2.7879056692913387
11
2.7920777952755906
21
-2.7762350787401573
0
LINE
8
BLACK
6
CONTINUOUS
10
2.7920777952755906
20
-2.7762350787401573
11
2.7798967716535432
21
-2.76472874015748
0
LINE
8
BLACK
6
CONTINUOUS
10
2.7798967716535432
20
-2.76472874015748
11
2.7675825196850394
21
-2.7533891338582674
0
LINE
8
BLACK
6
CONTINUOUS
10
2.7675825196850394
20
-2.7533891338582674
11
2.7675188582677164
21
-2.7533018503937008
0
LINE
8
BLACK
6
CONTINUOUS
10
2.7675188582677164
20
-2.7533018503937008
11
2.7674410236220472
21
-2.7532268503937005
0
LINE
8
BLACK
6
CONTINUOUS
10
2.7674410236220472
20
-2.7532268503937005
11
2.7660303937007873
21
-2.7511972834645668
0
LINE
8
BLACK
6
CONTINUOUS
10
2.7660303937007873
20
-2.7511972834645668
11
2.7645530708661417
21
-2.7492505511811025
0
LINE
8
BLACK
6
CONTINUOUS
10
2.7645530708661417
20
-2.7492505511811025
11
2.7629972834645669
21
-2.7473725590551181
0
LINE
8
BLACK
6
CONTINUOUS
10
2.7629972834645669
20
-2.7473725590551181
11
2.7613639370078737
21
-2.7455675984251968
0
LINE
8
BLACK
6
CONTINUOUS
10
2.7613639370078737
20
-2.7455675984251968
11
2.759653149606299
21
-2.7438389370078737
0
LINE
8
BLACK
6
CONTINUOUS
10
2.759653149606299
20
-2.7438389370078737
11
2.7578665748031495
21
-2.7421915354330708
0
LINE
8
BLACK
6
CONTINUOUS
10
2.7578665748031495
20
-2.7421915354330708
11
2.7560045669291338
21
-2.7406288976377953
0
LINE
8
BLACK
6
CONTINUOUS
10
2.7560045669291338
20
-2.7406288976377953
11
2.7540676771653541
21
-2.7391547637795277
0
LINE
8
BLACK
6
CONTINUOUS
10
2.7540676771653541
20
-2.7391547637795277
11
2.7520561811023621
21
-2.7377727165354329
0
LINE
8
BLACK
6
CONTINUOUS
10
2.7520561811023621
20
-2.7377727165354329
11
2.7499706299212598
21
-2.736486692913386
0
LINE
8
BLACK
6
CONTINUOUS
10
2.7499706299212598
20
-2.736486692913386
11
2.7478114566929133
21
-2.7353003937007871
0
LINE
8
BLACK
6
CONTINUOUS
10
2.7478114566929133
20
-2.7353003937007871
11
2.7455797244094486
21
-2.7342180314960629
0
LINE
8
BLACK
6
CONTINUOUS
10
2.7455797244094486
20
-2.7342180314960629
11
2.7432758661417322
21
-2.7332433858267717
0
LINE
8
BLACK
6
CONTINUOUS
10
2.7432758661417322
20
-2.7332433858267717
11
2.7408995275590549
21
-2.7323799606299213
0
LINE
8
BLACK
6
CONTINUOUS
10
2.7408995275590549
20
-2.7323799606299213
11
2.7384515354330707
21
-2.7316317716535434
0
LINE
8
BLACK
6
CONTINUOUS
10
2.7384515354330707
20
-2.7316317716535434
11
2.7359064173228345
21
-2.7309964960629922
0
LINE
8
BLACK
6
CONTINUOUS
10
2.7359064173228345
20
-2.7309964960629922
11
2.7358898818897637
21
-2.7309887007874014
0
LINE
8
BLACK
6
CONTINUOUS
10
2.7358898818897637
20
-2.7309887007874014
11
2.7358717716535432
21
-2.7309871653543305
0
LINE
8
BLACK
6
CONTINUOUS
10
2.7358717716535432
20
-2.7309871653543305
11
2.7341867716535431
21
-2.7305007086614173
0
LINE
8
BLACK
6
CONTINUOUS
10
2.7341867716535431
20
-2.7305007086614173
11
2.7325027952755905
21
-2.730065748031496
0
LINE
8
BLACK
6
CONTINUOUS
10
2.7325027952755905
20
-2.730065748031496
11
2.7308101181102362
21
-2.7296827952755907
0
LINE
8
BLACK
6
CONTINUOUS
10
2.7308101181102362
20
-2.7296827952755907
11
2.7291091338582678
21
-2.72935531496063
0
LINE
8
BLACK
6
CONTINUOUS
10
2.7291091338582678
20
-2.72935531496063
11
2.7273966929133859
21
-2.7290861417322834
0
LINE
8
BLACK
6
CONTINUOUS
10
2.7273966929133859
20
-2.7290861417322834
11
2.7256772834645671
21
-2.7288794881889764
0
LINE
8
BLACK
6
CONTINUOUS
10
2.7256772834645671
20
-2.7288794881889764
11
2.7239468897637793
21
-2.728738188976378
0
LINE
8
BLACK
6
CONTINUOUS
10
2.7239468897637793
20
-2.728738188976378
11
2.7221881102362202
21
-2.7286651968503937
0
LINE
8
BLACK
6
CONTINUOUS
10
2.7221881102362202
20
-2.7286651968503937
11
2.7221576771653542
21
-2.7286577952755904
0
LINE
8
BLACK
6
CONTINUOUS
10
2.7221576771653542
20
-2.7286577952755904
11
2.722126377952756
21
-2.7286607086614172
0
LINE
8
BLACK
6
CONTINUOUS
10
2.722126377952756
20
-2.7286607086614172
11
2.7211171259842519
21
-2.7285549606299213
0
LINE
8
BLACK
6
CONTINUOUS
10
2.7211171259842519
20
-2.7285549606299213
11
2.7201214173228347
21
-2.7284693700787401
0
LINE
8
BLACK
6
CONTINUOUS
10
2.7201214173228347
20
-2.7284693700787401
11
2.7191327952755904
21
-2.7284027165354332
0
LINE
8
BLACK
6
CONTINUOUS
10
2.7191327952755904
20
-2.7284027165354332
11
2.7181472047244095
21
-2.7283544488188975
0
LINE
8
BLACK
6
CONTINUOUS
10
2.7181472047244095
20
-2.7283544488188975
11
2.7171683858267714
21
-2.7283243307086615
0
LINE
8
BLACK
6
CONTINUOUS
10
2.7171683858267714
20
-2.7283243307086615
11
2.7161948425196849
21
-2.728311929133858
0
LINE
8
BLACK
6
CONTINUOUS
10
2.7161948425196849
20
-2.728311929133858
11
2.7152266535433069
21
-2.7283168503937008
0
LINE
8
BLACK
6
CONTINUOUS
10
2.7152266535433069
20
-2.7283168503937008
11
2.7142558267716534
21
-2.7283390157480314
0
LINE
8
BLACK
6
CONTINUOUS
10
2.7142558267716534
20
-2.7283390157480314
11
2.714065118110236
21
-2.7283055511811023
0
LINE
8
BLACK
6
CONTINUOUS
10
2.714065118110236
20
-2.7283055511811023
11
2.7140132677165352
21
-2.7283143307086615
0
LINE
8
BLACK
6
CONTINUOUS
10
2.7140132677165352
20
-2.7283143307086615
11
2.7139479921259841
21
-2.7282850000000001
0
LINE
8
BLACK
6
CONTINUOUS
10
2.7139479921259841
20
-2.7282850000000001
11
2.7138775590551178
21
-2.7282726771653545
0
LINE
8
BLACK
6
CONTINUOUS
10
2.7138775590551178
20
-2.7282726771653545
11
2.7138394881889765
21
-2.7282362992125986
0
LINE
8
BLACK
6
CONTINUOUS
10
2.7138394881889765
20
-2.7282362992125986
11
2.7136629133858268
21
-2.7281570472440944
0
LINE
8
BLACK
6
CONTINUOUS
10
2.7136629133858268
20
-2.7281570472440944
11
2.7116221653543304
21
-2.7267055118110237
0
LINE
8
BLACK
6
CONTINUOUS
10
2.7116221653543304
20
-2.7267055118110237
11
2.7095469685039371
21
-2.7253325984251968
0
LINE
8
BLACK
6
CONTINUOUS
10
2.7095469685039371
20
-2.7253325984251968
11
2.7074249999999997
21
-2.7240308661417321
0
LINE
8
BLACK
6
CONTINUOUS
10
2.7074249999999997
20
-2.7240308661417321
11
2.7052584645669291
21
-2.722803031496063
0
LINE
8
BLACK
6
CONTINUOUS
10
2.7052584645669291
20
-2.722803031496063
11
2.7030496456692914
21
-2.7216516535433071
0
LINE
8
BLACK
6
CONTINUOUS
10
2.7030496456692914
20
-2.7216516535433071
11
2.7007964173228345
21
-2.7205771259842519
0
LINE
8
BLACK
6
CONTINUOUS
10
2.7007964173228345
20
-2.7205771259842519
11
2.6985045669291337
21
-2.719583779527559
0
LINE
8
BLACK
6
CONTINUOUS
10
2.6985045669291337
20
-2.719583779527559
11
2.6961721653543305
21
-2.7186722440944879
0
LINE
8
BLACK
6
CONTINUOUS
10
2.6961721653543305
20
-2.7186722440944879
11
2.6938024409448817
21
-2.7178454724409447
0
LINE
8
BLACK
6
CONTINUOUS
10
2.6938024409448817
20
-2.7178454724409447
11
2.6913963385826771
21
-2.7171053543307084
0
LINE
8
BLACK
6
CONTINUOUS
10
2.6913963385826771
20
-2.7171053543307084
11
2.6889549212598425
21
-2.716454094488189
0
LINE
8
BLACK
6
CONTINUOUS
10
2.6889549212598425
20
-2.716454094488189
11
2.6864790157480316
21
-2.7158936220472438
0
LINE
8
BLACK
6
CONTINUOUS
10
2.6864790157480316
20
-2.7158936220472438
11
2.6839710236220471
21
-2.7154264566929132
0
LINE
8
BLACK
6
CONTINUOUS
10
2.6839710236220471
20
-2.7154264566929132
11
2.6814318110236219
21
-2.7150546062992125
0
LINE
8
BLACK
6
CONTINUOUS
10
2.6814318110236219
20
-2.7150546062992125
11
2.6788617716535432
21
-2.7147801574803148
0
LINE
8
BLACK
6
CONTINUOUS
10
2.6788617716535432
20
-2.7147801574803148
11
2.6762726771653544
21
-2.7146060236220473
0
LINE
8
BLACK
6
CONTINUOUS
10
2.6762726771653544
20
-2.7146060236220473
11
2.6755481889763777
21
-2.7145999212598424
0
LINE
8
BLACK
6
CONTINUOUS
10
2.6755481889763777
20
-2.7145999212598424
11
2.6755205511811022
21
-2.7145941732283463
0
LINE
8
BLACK
6
CONTINUOUS
10
2.6755205511811022
20
-2.7145941732283463
11
2.6754925984251967
21
-2.7145978740157481
0
LINE
8
BLACK
6
CONTINUOUS
10
2.6754925984251967
20
-2.7145978740157481
11
2.6747349212598426
21
-2.7145485433070866
0
LINE
8
BLACK
6
CONTINUOUS
10
2.6747349212598426
20
-2.7145485433070866
11
2.6747144094488187
21
-2.714543031496063
0
LINE
8
BLACK
6
CONTINUOUS
10
2.6747144094488187
20
-2.714543031496063
11
2.6746931889763781
21
-2.714544960629921
0
LINE
8
BLACK
6
CONTINUOUS
10
2.6746931889763781
20
-2.714544960629921
11
2.6739325196850392
21
-2.7144628346456692
0
LINE
8
BLACK
6
CONTINUOUS
10
2.6739325196850392
20
-2.7144628346456692
11
2.6739187007874015
21
-2.7144585039370077
0
LINE
8
BLACK
6
CONTINUOUS
10
2.6739187007874015
20
-2.7144585039370077
11
2.6739043307086612
21
-2.7144593700787403
0
LINE
8
BLACK
6
CONTINUOUS
10
2.6739043307086612
20
-2.7144593700787403
11
2.6731415748031497
21
-2.7143546850393698
0
LINE
8
BLACK
6
CONTINUOUS
10
2.6731415748031497
20
-2.7143546850393698
11
2.6731334251968502
21
-2.7143518503937005
0
LINE
8
BLACK
6
CONTINUOUS
10
2.6731334251968502
20
-2.7143518503937005
11
2.6731248818897639
21
-2.7143522440944881
0
LINE
8
BLACK
6
CONTINUOUS
10
2.6731248818897639
20
-2.7143522440944881
11
2.6716006692913385
21
-2.7141163385826772
0
LINE
8
BLACK
6
CONTINUOUS
10
2.6716006692913385
20
-2.7141163385826772
11
2.67085468503937
21
-2.7140075196850395
0
LINE
8
BLACK
6
CONTINUOUS
10
2.67085468503937
20
-2.7140075196850395
11
2.670121811023622
21
-2.7139177952755906
0
LINE
8
BLACK
6
CONTINUOUS
10
2.670121811023622
20
-2.7139177952755906
11
2.669407125984252
21
-2.7138566929133856
0
LINE
8
BLACK
6
CONTINUOUS
10
2.669407125984252
20
-2.7138566929133856
11
2.6687096062992124
21
-2.7138323622047245
0
LINE
8
BLACK
6
CONTINUOUS
10
2.6687096062992124
20
-2.7138323622047245
11
2.6680314173228346
21
-2.7138527165354329
0
LINE
8
BLACK
6
CONTINUOUS
10
2.6680314173228346
20
-2.7138527165354329
11
2.6673597244094487
21
-2.713926220472441
0
LINE
8
BLACK
6
CONTINUOUS
10
2.6673597244094487
20
-2.713926220472441
11
2.6670482677165355
21
-2.7139818897637795
0
LINE
8
BLACK
6
CONTINUOUS
10
2.6670482677165355
20
-2.7139818897637795
11
2.6667292125984252
21
-2.7140553543307084
0
LINE
8
BLACK
6
CONTINUOUS
10
2.6667292125984252
20
-2.7140553543307084
11
2.6664147244094489
21
-2.7141451574803148
0
LINE
8
BLACK
6
CONTINUOUS
10
2.6664147244094489
20
-2.7141451574803148
11
2.6661025196850394
21
-2.7142530314960629
0
LINE
8
BLACK
6
CONTINUOUS
10
2.6661025196850394
20
-2.7142530314960629
11
2.6657938976377951
21
-2.7143794488188977
0
LINE
8
BLACK
6
CONTINUOUS
10
2.6657938976377951
20
-2.7143794488188977
11
2.6654862598425195
21
-2.7145266141732285
0
LINE
8
BLACK
6
CONTINUOUS
10
2.6654862598425195
20
-2.7145266141732285
11
2.6651807086614174
21
-2.7146950787401574
0
LINE
8
BLACK
6
CONTINUOUS
10
2.6651807086614174
20
-2.7146950787401574
11
2.6648514173228346
21
-2.7149025196850394
0
LINE
8
BLACK
6
CONTINUOUS
10
2.6648514173228346
20
-2.7149025196850394
11
2.6647940551181102
21
-2.7149244488188975
0
LINE
8
BLACK
6
CONTINUOUS
10
2.6647940551181102
20
-2.7149244488188975
11
2.6647764566929135
21
-2.7149452362204722
0
LINE
8
BLACK
6
CONTINUOUS
10
2.6647764566929135
20
-2.7149452362204722
11
2.6646326377952754
21
-2.7149862598425196
0
LINE
8
BLACK
6
CONTINUOUS
10
2.6646326377952754
20
-2.7149862598425196
11
2.6644927559055116
21
-2.7150398425196851
0
LINE
8
BLACK
6
CONTINUOUS
10
2.6644927559055116
20
-2.7150398425196851
11
2.6644661417322832
21
-2.715033779527559
0
LINE
8
BLACK
6
CONTINUOUS
10
2.6644661417322832
20
-2.715033779527559
11
2.6644071653543309
21
-2.7150506299212598
0
LINE
8
BLACK
6
CONTINUOUS
10
2.6644071653543309
20
-2.7150506299212598
11
2.6624010629921258
21
-2.7152147244094489
0
LINE
8
BLACK
6
CONTINUOUS
10
2.6624010629921258
20
-2.7152147244094489
11
2.6604312598425195
21
-2.715437125984252
0
LINE
8
BLACK
6
CONTINUOUS
10
2.6604312598425195
20
-2.715437125984252
11
2.6584834645669289
21
-2.7157179133858267
0
LINE
8
BLACK
6
CONTINUOUS
10
2.6584834645669289
20
-2.7157179133858267
11
2.6565542913385825
21
-2.7160565354330708
0
LINE
8
BLACK
6
CONTINUOUS
10
2.6565542913385825
20
-2.7160565354330708
11
2.6546498031496064
21
-2.7164510236220472
0
LINE
8
BLACK
6
CONTINUOUS
10
2.6546498031496064
20
-2.7164510236220472
11
2.6527664960629922
21
-2.7169011417322833
0
LINE
8
BLACK
6
CONTINUOUS
10
2.6527664960629922
20
-2.7169011417322833
11
2.6509058267716537
21
-2.7174055511811024
0
LINE
8
BLACK
6
CONTINUOUS
10
2.6509058267716537
20
-2.7174055511811024
11
2.6490683858267716
21
-2.7179632283464565
0
LINE
8
BLACK
6
CONTINUOUS
10
2.6490683858267716
20
-2.7179632283464565
11
2.6472565354330708
21
-2.7185724409448819
0
LINE
8
BLACK
6
CONTINUOUS
10
2.6472565354330708
20
-2.7185724409448819
11
2.6454681102362203
21
-2.7192330314960631
0
LINE
8
BLACK
6
CONTINUOUS
10
2.6454681102362203
20
-2.7192330314960631
11
2.643702244094488
21
-2.719944527559055
0
LINE
8
BLACK
6
CONTINUOUS
10
2.643702244094488
20
-2.719944527559055
11
2.6419633858267715
21
-2.7207043700787401
0
LINE
8
BLACK
6
CONTINUOUS
10
2.6419633858267715
20
-2.7207043700787401
11
2.6402505511811025
21
-2.7215120078740158
0
LINE
8
BLACK
6
CONTINUOUS
10
2.6402505511811025
20
-2.7215120078740158
11
2.6385642125984252
21
-2.7223663385826771
0
LINE
8
BLACK
6
CONTINUOUS
10
2.6385642125984252
20
-2.7223663385826771
11
2.6369027559055116
21
-2.7232675196850393
0
LINE
8
BLACK
6
CONTINUOUS
10
2.6369027559055116
20
-2.7232675196850393
11
2.6352588188976376
21
-2.7242191732283465
0
LINE
8
BLACK
6
CONTINUOUS
10
2.6352588188976376
20
-2.7242191732283465
11
2.6348953149606298
21
-2.7243430314960628
0
LINE
8
BLACK
6
CONTINUOUS
10
2.6348953149606298
20
-2.7243430314960628
11
2.6347911023622048
21
-2.7243151968503936
0
LINE
8
BLACK
6
CONTINUOUS
10
2.6347911023622048
20
-2.7243151968503936
11
2.6346886220472441
21
-2.7243485433070864
0
LINE
8
BLACK
6
CONTINUOUS
10
2.6346886220472441
20
-2.7243485433070864
11
2.6344385826771655
21
-2.724221181102362
0
LINE
8
BLACK
6
CONTINUOUS
10
2.6344385826771655
20
-2.724221181102362
11
2.6341674803149604
21
-2.7241488582677165
0
LINE
8
BLACK
6
CONTINUOUS
10
2.6341674803149604
20
-2.7241488582677165
11
2.6341134645669291
21
-2.7240555511811024
0
LINE
8
BLACK
6
CONTINUOUS
10
2.6341134645669291
20
-2.7240555511811024
11
2.634017440944882
21
-2.7240066535433072
0
LINE
8
BLACK
6
CONTINUOUS
10
2.634017440944882
20
-2.7240066535433072
11
2.6338297244094488
21
-2.7236716141732282
0
LINE
8
BLACK
6
CONTINUOUS
10
2.6338297244094488
20
-2.7236716141732282
11
2.509501220472441
21
-2.3411846850393698
0
LINE
8
BLACK
6
CONTINUOUS
10
2.509501220472441
20
-2.3411846850393698
11
2.5094798425196849
21
-2.3410041338582674
0
LINE
8
BLACK
6
CONTINUOUS
10
2.5094798425196849
20
-2.3410041338582674
11
2.5094546062992125
21
-2.3408250393700789
0
LINE
8
BLACK
6
CONTINUOUS
10
2.5094546062992125
20
-2.3408250393700789
11
2.5096659055118109
21
-2.3370757480314959
0
LINE
8
BLACK
6
CONTINUOUS
10
2.5096659055118109
20
-2.3370757480314959
11
2.5097806299212597
21
-2.3333138188976377
0
LINE
8
BLACK
6
CONTINUOUS
10
2.5097806299212597
20
-2.3333138188976377
11
2.50977874015748
21
-2.325696771653543
0
LINE
8
BLACK
6
CONTINUOUS
10
2.50977874015748
20
-2.325696771653543
11
2.5095607874015746
21
-2.318017401574803
0
LINE
8
BLACK
6
CONTINUOUS
10
2.5095607874015746
20
-2.318017401574803
11
2.5092388188976376
21
-2.3103123622047246
0
LINE
8
BLACK
6
CONTINUOUS
10
2.5092388188976376
20
-2.3103123622047246
11
2.5092388976377951
21
-2.310311811023622
0
LINE
8
BLACK
6
CONTINUOUS
10
2.5092388976377951
20
-2.310311811023622
11
2.5092387795275588
21
-2.310311338582677
0
LINE
8
BLACK
6
CONTINUOUS
10
2.5092387795275588
20
-2.310311338582677
11
2.5089257086614172
21
-2.3026256692913387
0
LINE
8
BLACK
6
CONTINUOUS
10
2.5089257086614172
20
-2.3026256692913387
11
2.5089268897637793
21
-2.3026179527559054
0
LINE
8
BLACK
6
CONTINUOUS
10
2.5089268897637793
20
-2.3026179527559054
11
2.5089251968503938
21
-2.3026103149606301
0
LINE
8
BLACK
6
CONTINUOUS
10
2.5089251968503938
20
-2.3026103149606301
11
2.5087341732283464
21
-2.2949914173228345
0
LINE
8
BLACK
6
CONTINUOUS
10
2.5087341732283464
20
-2.2949914173228345
11
2.5087367716535431
21
-2.2949762204724409
0
LINE
8
BLACK
6
CONTINUOUS
10
2.5087367716535431
20
-2.2949762204724409
11
2.5087338582677163
21
-2.2949609842519685
0
LINE
8
BLACK
6
CONTINUOUS
10
2.5087338582677163
20
-2.2949609842519685
11
2.5087777952755905
21
-2.2874489370078739
0
LINE
8
BLACK
6
CONTINUOUS
10
2.5087777952755905
20
-2.2874489370078739
11
2.5087811417322836
21
-2.2874325196850394
0
LINE
8
BLACK
6
CONTINUOUS
10
2.5087811417322836
20
-2.2874325196850394
11
2.5087785433070864
21
-2.2874160629921261
0
LINE
8
BLACK
6
CONTINUOUS
10
2.5087785433070864
20
-2.2874160629921261
11
2.5089239370078738
21
-2.2837126377952757
0
LINE
8
BLACK
6
CONTINUOUS
10
2.5089239370078738
20
-2.2837126377952757
11
2.5089271653543306
21
-2.2836990157480312
0
LINE
8
BLACK
6
CONTINUOUS
10
2.5089271653543306
20
-2.2836990157480312
11
2.5089253937007872
21
-2.283685118110236
0
LINE
8
BLACK
6
CONTINUOUS
10
2.5089253937007872
20
-2.283685118110236
11
2.5091696062992126
21
-2.2800562992125983
0
LINE
8
BLACK
6
CONTINUOUS
10
2.5091696062992126
20
-2.2800562992125983
11
2.5091678346456692
21
-2.2745162598425197
0
LINE
8
BLACK
6
CONTINUOUS
10
2.5091678346456692
20
-2.2745162598425197
11
2.5092281102362204
21
-2.2742125984251969
0
LINE
8
BLACK
6
CONTINUOUS
10
2.5092281102362204
20
-2.2742125984251969
11
2.5092266929133857
21
-2.2741807086614174
0
LINE
8
BLACK
6
CONTINUOUS
10
2.5092266929133857
20
-2.2741807086614174
11
2.5092366141732283
21
-2.274169803149606
0
LINE
8
BLACK
6
CONTINUOUS
10
2.5092366141732283
20
-2.274169803149606
11
2.5092426377952757
21
-2.2741396062992125
0
LINE
8
BLACK
6
CONTINUOUS
10
2.5092426377952757
20
-2.2741396062992125
11
2.5094945275590552
21
-2.2738874803149605
0
LINE
8
BLACK
6
CONTINUOUS
10
2.5094945275590552
20
-2.2738874803149605
11
2.5097347637795275
21
-2.2736245669291337
0
LINE
8
BLACK
6
CONTINUOUS
10
2.5097347637795275
20
-2.2736245669291337
11
2.5097583464566928
21
-2.2736234645669291
0
LINE
8
BLACK
6
CONTINUOUS
10
2.5097583464566928
20
-2.2736234645669291
11
2.5097750787401574
21
-2.2736067716535433
0
LINE
8
BLACK
6
CONTINUOUS
10
2.5097750787401574
20
-2.2736067716535433
11
2.5101313385826769
21
-2.273606653543307
0
LINE
8
BLACK
6
CONTINUOUS
10
2.5101313385826769
20
-2.273606653543307
11
2.5104872834645668
21
-2.2735905905511808
0
LINE
8
BLACK
6
CONTINUOUS
10
2.5104872834645668
20
-2.2735905905511808
11
2.5105136220472439
21
-2.2736065354330708
0
LINE
8
BLACK
6
CONTINUOUS
10
2.5111380708661417
20
-2.2800891338582678
11
2.5111314960629922
21
-2.2801220866141731
0
LINE
8
BLACK
6
CONTINUOUS
10
2.5111314960629922
20
-2.2801220866141731
11
2.511135866141732
21
-2.2801555511811022
0
LINE
8
BLACK
6
CONTINUOUS
10
2.511135866141732
20
-2.2801555511811022
11
2.5108903149606299
21
-2.2838038188976379
0
LINE
8
BLACK
6
CONTINUOUS
10
2.5108903149606299
20
-2.2838038188976379
11
2.5107461023622046
21
-2.2874766535433069
0
LINE
8
BLACK
6
CONTINUOUS
10
2.5107461023622046
20
-2.2874766535433069
11
2.5107023622047242
21
-2.2949579527559054
0
LINE
8
BLACK
6
CONTINUOUS
10
2.5107023622047242
20
-2.2949579527559054
11
2.5108927952755904
21
-2.302553622047244
0
LINE
8
BLACK
6
CONTINUOUS
10
2.5108927952755904
20
-2.302553622047244
11
2.5112054724409449
21
-2.310230118110236
0
LINE
8
BLACK
6
CONTINUOUS
10
2.5112054724409449
20
-2.310230118110236
11
2.5112055118110237
21
-2.3102301574803148
0
LINE
8
BLACK
6
CONTINUOUS
10
2.5112055118110237
20
-2.3102301574803148
11
2.5115277952755903
21
-2.3179425196850394
0
LINE
8
BLACK
6
CONTINUOUS
10
2.5115277952755903
20
-2.3179425196850394
11
2.5115267322834645
21
-2.3179490944881889
0
LINE
8
BLACK
6
CONTINUOUS
10
2.5115267322834645
20
-2.3179490944881889
11
2.5115282677165354
21
-2.3179557086614171
0
LINE
8
BLACK
6
CONTINUOUS
10
2.5115282677165354
20
-2.3179557086614171
11
2.5117467716535433
21
-2.325654724409449
0
LINE
8
BLACK
6
CONTINUOUS
10
2.5117467716535433
20
-2.325654724409449
11
2.511744409448819
21
-2.3256685826771655
0
LINE
8
BLACK
6
CONTINUOUS
10
2.511744409448819
20
-2.3256685826771655
11
2.5117471653543308
21
-2.3256824015748032
0
LINE
8
BLACK
6
CONTINUOUS
10
2.5117471653543308
20
-2.3256824015748032
11
2.5117490944881888
21
-2.3333279921259842
0
LINE
8
BLACK
6
CONTINUOUS
10
2.5117490944881888
20
-2.3333279921259842
11
2.5117460629921258
21
-2.3333430708661416
0
LINE
8
BLACK
6
CONTINUOUS
10
2.5117460629921258
20
-2.3333430708661416
11
2.5117486220472443
21
-2.3333582283464565
0
LINE
8
BLACK
6
CONTINUOUS
10
2.5117486220472443
20
-2.3333582283464565
11
2.5116330314960629
21
-2.3371485039370077
0
LINE
8
BLACK
6
CONTINUOUS
10
2.5116330314960629
20
-2.3371485039370077
11
2.5116301181102361
21
-2.3371610629921258
0
LINE
8
BLACK
6
CONTINUOUS
10
2.5116301181102361
20
-2.3371610629921258
11
2.5116319291338582
21
-2.3371738976377952
0
LINE
8
BLACK
6
CONTINUOUS
10
2.5116319291338582
20
-2.3371738976377952
11
2.5114302362204723
21
-2.3407515354330708
0
LINE
8
BLACK
6
CONTINUOUS
10
2.5114302362204723
20
-2.3407515354330708
11
2.6353255905511812
21
-2.7219060236220471
0
LINE
8
BLACK
6
CONTINUOUS
10
2.6353255905511812
20
-2.7219060236220471
11
2.6359294094488188
21
-2.7215565354330709
0
LINE
8
BLACK
6
CONTINUOUS
10
2.6359294094488188
20
-2.7215565354330709
11
2.6359425590551182
21
-2.7215520472440944
0
LINE
8
BLACK
6
CONTINUOUS
10
2.6359425590551182
20
-2.7215520472440944
11
2.6359532283464566
21
-2.7215431889763777
0
LINE
8
BLACK
6
CONTINUOUS
10
2.6359532283464566
20
-2.7215431889763777
11
2.6376377559055117
21
-2.7206295275590548
0
LINE
8
BLACK
6
CONTINUOUS
10
2.6376377559055117
20
-2.7206295275590548
11
2.637651181102362
21
-2.7206253543307084
0
LINE
8
BLACK
6
CONTINUOUS
10
2.637651181102362
20
-2.7206253543307084
11
2.6376622047244096
21
-2.7206167322834647
0
LINE
8
BLACK
6
CONTINUOUS
10
2.6376622047244096
20
-2.7206167322834647
11
2.6393740157480314
21
-2.7197494488188978
0
LINE
8
BLACK
6
CONTINUOUS
10
2.6393740157480314
20
-2.7197494488188978
11
2.6393877165354329
21
-2.7197455905511809
0
LINE
8
BLACK
6
CONTINUOUS
10
2.6393877165354329
20
-2.7197455905511809
11
2.6393990944881889
21
-2.7197372047244093
0
LINE
8
BLACK
6
CONTINUOUS
10
2.6393990944881889
20
-2.7197372047244093
11
2.6411377165354328
21
-2.7189174409448817
0
LINE
8
BLACK
6
CONTINUOUS
10
2.6411377165354328
20
-2.7189174409448817
11
2.641151535433071
21
-2.7189139763779528
0
LINE
8
BLACK
6
CONTINUOUS
10
2.641151535433071
20
-2.7189139763779528
11
2.6411633464566928
21
-2.718905787401575
0
LINE
8
BLACK
6
CONTINUOUS
10
2.6411633464566928
20
-2.718905787401575
11
2.6429282677165356
21
-2.7181346062992127
0
LINE
8
BLACK
6
CONTINUOUS
10
2.6429282677165356
20
-2.7181346062992127
11
2.6429423228346458
21
-2.7181314960629921
0
LINE
8
BLACK
6
CONTINUOUS
10
2.6429423228346458
20
-2.7181314960629921
11
2.6429544881889764
21
-2.7181235826771655
0
LINE
8
BLACK
6
CONTINUOUS
10
2.6429544881889764
20
-2.7181235826771655
11
2.6447451968503937
21
-2.717402086614173
0
LINE
8
BLACK
6
CONTINUOUS
10
2.6447451968503937
20
-2.717402086614173
11
2.6447596062992127
21
-2.7173993307086612
0
LINE
8
BLACK
6
CONTINUOUS
10
2.6447596062992127
20
-2.7173993307086612
11
2.6447720078740158
21
-2.7173917716535434
0
LINE
8
BLACK
6
CONTINUOUS
10
2.6447720078740158
20
-2.7173917716535434
11
2.6465879527559055
21
-2.7167210236220471
0
LINE
8
BLACK
6
CONTINUOUS
10
2.6465879527559055
20
-2.7167210236220471
11
2.6466025196850391
21
-2.7167187007874016
0
LINE
8
BLACK
6
CONTINUOUS
10
2.6466025196850391
20
-2.7167187007874016
11
2.6466153149606297
21
-2.7167113779527559
0
LINE
8
BLACK
6
CONTINUOUS
10
2.6466153149606297
20
-2.7167113779527559
11
2.6484560236220474
21
-2.7160924803149604
0
LINE
8
BLACK
6
CONTINUOUS
10
2.6484560236220474
20
-2.7160924803149604
11
2.6484706692913385
21
-2.7160905905511812
0
LINE
8
BLACK
6
CONTINUOUS
10
2.6484706692913385
20
-2.7160905905511812
11
2.6484838582677166
21
-2.7160835433070867
0
LINE
8
BLACK
6
CONTINUOUS
10
2.6484838582677166
20
-2.7160835433070867
11
2.6503488582677166
21
-2.7155175196850392
0
LINE
8
BLACK
6
CONTINUOUS
10
2.6503488582677166
20
-2.7155175196850392
11
2.650363779527559
21
-2.715516023622047
0
LINE
8
BLACK
6
CONTINUOUS
10
2.650363779527559
20
-2.715516023622047
11
2.6503771653543304
21
-2.7155094094488188
0
LINE
8
BLACK
6
CONTINUOUS
10
2.6503771653543304
20
-2.7155094094488188
11
2.6522659448818895
21
-2.7149974015748031
0
LINE
8
BLACK
6
CONTINUOUS
10
2.6522659448818895
20
-2.7149974015748031
11
2.6522809842519686
21
-2.7149963385826772
0
LINE
8
BLACK
6
CONTINUOUS
10
2.6522809842519686
20
-2.7149963385826772
11
2.65229468503937
21
-2.7149900787401573
0
LINE
8
BLACK
6
CONTINUOUS
10
2.65229468503937
20
-2.7149900787401573
11
2.6542067322834644
21
-2.7145331102362205
0
LINE
8
BLACK
6
CONTINUOUS
10
2.6542067322834644
20
-2.7145331102362205
11
2.6542218897637793
21
-2.7145325196850392
0
LINE
8
BLACK
6
CONTINUOUS
10
2.6542218897637793
20
-2.7145325196850392
11
2.654235866141732
21
-2.7145266141732285
0
LINE
8
BLACK
6
CONTINUOUS
10
2.654235866141732
20
-2.7145266141732285
11
2.65617062992126
21
-2.7141258267716535
0
LINE
8
BLACK
6
CONTINUOUS
10
2.65617062992126
20
-2.7141258267716535
11
2.6561857874015748
21
-2.7141256692913385
0
LINE
8
BLACK
6
CONTINUOUS
10
2.6561857874015748
20
-2.7141256692913385
11
2.6562001181102364
21
-2.7141201574803149
0
LINE
8
BLACK
6
CONTINUOUS
10
2.6562001181102364
20
-2.7141201574803149
11
2.6581571653543308
21
-2.7137766535433072
0
LINE
8
BLACK
6
CONTINUOUS
10
2.6581571653543308
20
-2.7137766535433072
11
2.6581725196850394
21
-2.7137769685039368
0
LINE
8
BLACK
6
CONTINUOUS
10
2.6581725196850394
20
-2.7137769685039368
11
2.6581868897637793
21
-2.7137719291338582
0
LINE
8
BLACK
6
CONTINUOUS
10
2.6581868897637793
20
-2.7137719291338582
11
2.6601656692913385
21
-2.7134866929133858
0
LINE
8
BLACK
6
CONTINUOUS
10
2.6601656692913385
20
-2.7134866929133858
11
2.6601809842519684
21
-2.7134874803149605
0
LINE
8
BLACK
6
CONTINUOUS
10
2.6601809842519684
20
-2.7134874803149605
11
2.6601956692913387
21
-2.7134828346456694
0
LINE
8
BLACK
6
CONTINUOUS
10
2.6601956692913387
20
-2.7134828346456694
11
2.6621957086614172
21
-2.7132570078740157
0
LINE
8
BLACK
6
CONTINUOUS
10
2.6621957086614172
20
-2.7132570078740157
11
2.6622110236220471
21
-2.7132582677165353
0
LINE
8
BLACK
6
CONTINUOUS
10
2.6622110236220471
20
-2.7132582677165353
11
2.6622259055118112
21
-2.7132540551181101
0
LINE
8
BLACK
6
CONTINUOUS
10
2.6622259055118112
20
-2.7132540551181101
11
2.6640064173228346
21
-2.7131083858267715
0
LINE
8
BLACK
6
CONTINUOUS
10
2.6640064173228346
20
-2.7131083858267715
11
2.6641557874015747
21
-2.7130143307086612
0
LINE
8
BLACK
6
CONTINUOUS
10
2.6641557874015747
20
-2.7130143307086612
11
2.6641829133858268
21
-2.7130038976377953
0
LINE
8
BLACK
6
CONTINUOUS
10
2.6641829133858268
20
-2.7130038976377953
11
2.6642050393700787
21
-2.7129853149606298
0
LINE
8
BLACK
6
CONTINUOUS
10
2.6642050393700787
20
-2.7129853149606298
11
2.6645610236220474
21
-2.7127889763779529
0
LINE
8
BLACK
6
CONTINUOUS
10
2.6645610236220474
20
-2.7127889763779529
11
2.6645885039370079
21
-2.7127802362204725
0
LINE
8
BLACK
6
CONTINUOUS
10
2.6645885039370079
20
-2.7127802362204725
11
2.6646116141732281
21
-2.7127629527559054
0
LINE
8
BLACK
6
CONTINUOUS
10
2.6646116141732281
20
-2.7127629527559054
11
2.6649700787401573
21
-2.712591535433071
0
LINE
8
BLACK
6
CONTINUOUS
10
2.6649700787401573
20
-2.712591535433071
11
2.6649977952755903
21
-2.7125844488188977
0
LINE
8
BLACK
6
CONTINUOUS
10
2.6649977952755903
20
-2.7125844488188977
11
2.6650216141732281
21
-2.7125687007874015
0
LINE
8
BLACK
6
CONTINUOUS
10
2.6650216141732281
20
-2.7125687007874015
11
2.6653823622047241
21
-2.7124209055118111
0
LINE
8
BLACK
6
CONTINUOUS
10
2.6653823622047241
20
-2.7124209055118111
11
2.665409842519685
21
-2.7124155118110234
0
LINE
8
BLACK
6
CONTINUOUS
10
2.665409842519685
20
-2.7124155118110234
11
2.6654340944881891
21
-2.712401377952756
0
LINE
8
BLACK
6
CONTINUOUS
10
2.6654340944881891
20
-2.712401377952756
11
2.6657971653543306
21
-2.7122759448818896
0
LINE
8
BLACK
6
CONTINUOUS
10
2.6657971653543306
20
-2.7122759448818896
11
2.665824094488189
21
-2.7122722440944882
0
LINE
8
BLACK
6
CONTINUOUS
10
2.665824094488189
20
-2.7122722440944882
11
2.6658482677165352
21
-2.7122598425196851
0
LINE
8
BLACK
6
CONTINUOUS
10
2.6658482677165352
20
-2.7122598425196851
11
2.6662134251968501
21
-2.7121555511811022
0
LINE
8
BLACK
6
CONTINUOUS
10
2.6662134251968501
20
-2.7121555511811022
11
2.6662391732283464
21
-2.7121534251968504
0
LINE
8
BLACK
6
CONTINUOUS
10
2.6662391732283464
20
-2.7121534251968504
11
2.6662628740157479
21
-2.7121427952755903
0
LINE
8
BLACK
6
CONTINUOUS
10
2.6662628740157479
20
-2.7121427952755903
11
2.6666300000000001
21
-2.7120582677165355
0
LINE
8
BLACK
6
CONTINUOUS
10
2.6666300000000001
20
-2.7120582677165355
11
2.6666547244094487
21
-2.7120575196850392
0
LINE
8
BLACK
6
CONTINUOUS
10
2.6666547244094487
20
-2.7120575196850392
11
2.6666776771653544
21
-2.7120485433070867
0
LINE
8
BLACK
6
CONTINUOUS
10
2.6666776771653544
20
-2.7120485433070867
11
2.6670466929133858
21
-2.7119825984251968
0
LINE
8
BLACK
6
CONTINUOUS
10
2.6670466929133858
20
-2.7119825984251968
11
2.6670804330708662
21
-2.7119832283464564
0
LINE
8
BLACK
6
CONTINUOUS
10
2.6670804330708662
20
-2.7119832283464564
11
2.6671127559055119
21
-2.7119730708661418
0
LINE
8
BLACK
6
CONTINUOUS
10
2.6671127559055119
20
-2.7119730708661418
11
2.6678558661417324
21
-2.7118917322834646
0
LINE
8
BLACK
6
CONTINUOUS
10
2.6678558661417324
20
-2.7118917322834646
11
2.6678950787401576
21
-2.7118951574803147
0
LINE
8
BLACK
6
CONTINUOUS
10
2.6678950787401576
20
-2.7118951574803147
11
2.6679334251968503
21
-2.7118863385826772
0
LINE
8
BLACK
6
CONTINUOUS
10
2.6679334251968503
20
-2.7118863385826772
11
2.6686824409448819
21
-2.7118638582677166
0
LINE
8
BLACK
6
CONTINUOUS
10
2.6686824409448819
20
-2.7118638582677166
11
2.6687143307086614
21
-2.7118692125984252
0
LINE
8
BLACK
6
CONTINUOUS
10
2.6687143307086614
20
-2.7118692125984252
11
2.6687462598425196
21
-2.7118640157480316
0
LINE
8
BLACK
6
CONTINUOUS
10
2.6687462598425196
20
-2.7118640157480316
11
2.6695003149606298
21
-2.7118903149606299
0
LINE
8
BLACK
6
CONTINUOUS
10
2.6695003149606298
20
-2.7118903149606299
11
2.6695248031496064
21
-2.711896062992126
0
LINE
8
BLACK
6
CONTINUOUS
10
2.6695248031496064
20
-2.711896062992126
11
2.6695498031496063
21
-2.7118933070866142
0
LINE
8
BLACK
6
CONTINUOUS
10
2.6695498031496063
20
-2.7118933070866142
11
2.6703077952755905
21
-2.7119581102362202
0
LINE
8
BLACK
6
CONTINUOUS
10
2.6703077952755905
20
-2.7119581102362202
11
2.6703252755905513
21
-2.7119631496062993
0
LINE
8
BLACK
6
CONTINUOUS
10
2.6703252755905513
20
-2.7119631496062993
11
2.6703435826771651
21
-2.7119618110236221
0
LINE
8
BLACK
6
CONTINUOUS
10
2.6703435826771651
20
-2.7119618110236221
11
2.6711044488188977
21
-2.7120549606299211
0
LINE
8
BLACK
6
CONTINUOUS
10
2.6711044488188977
20
-2.7120549606299211
11
2.6711154330708662
21
-2.7120585826771655
0
LINE
8
BLACK
6
CONTINUOUS
10
2.6711154330708662
20
-2.7120585826771655
11
2.6711269685039372
21
-2.7120579921259842
0
LINE
8
BLACK
6
CONTINUOUS
10
2.6711269685039372
20
-2.7120579921259842
11
2.6718898425196849
21
-2.7121692913385824
0
LINE
8
BLACK
6
CONTINUOUS
10
2.6718898425196849
20
-2.7121692913385824
11
2.6718938976377951
21
-2.7121707086614171
0
LINE
8
BLACK
6
CONTINUOUS
10
2.6718938976377951
20
-2.7121707086614171
11
2.6718982677165353
21
-2.7121705511811025
0
LINE
8
BLACK
6
CONTINUOUS
10
2.6718982677165353
20
-2.7121705511811025
11
2.6734173228346454
21
-2.71240562992126
0
LINE
8
BLACK
6
CONTINUOUS
10
2.6734173228346454
20
-2.71240562992126
11
2.6741577559055116
21
-2.7125072440944882
0
LINE
8
BLACK
6
CONTINUOUS
10
2.6741577559055116
20
-2.7125072440944882
11
2.6748842125984251
21
-2.7125856692913386
0
LINE
8
BLACK
6
CONTINUOUS
10
2.6748842125984251
20
-2.7125856692913386
11
2.6755925984251969
21
-2.7126317716535433
0
LINE
8
BLACK
6
CONTINUOUS
10
2.6755925984251969
20
-2.7126317716535433
11
2.6763185433070866
21
-2.7126379527559052
0
LINE
8
BLACK
6
CONTINUOUS
10
2.6763185433070866
20
-2.7126379527559052
11
2.6763471259842517
21
-2.7126438582677164
0
LINE
8
BLACK
6
CONTINUOUS
10
2.6763471259842517
20
-2.7126438582677164
11
2.6763762204724411
21
-2.7126401181102362
0
LINE
8
BLACK
6
CONTINUOUS
10
2.6763762204724411
20
-2.7126401181102362
11
2.6790131102362205
21
-2.7128174409448818
0
LINE
8
BLACK
6
CONTINUOUS
10
2.6790131102362205
20
-2.7128174409448818
11
2.6790320472440943
21
-2.7128225196850395
0
LINE
8
BLACK
6
CONTINUOUS
10
2.6790320472440943
20
-2.7128225196850395
11
2.6790516141732281
21
-2.7128207874015748
0
LINE
8
BLACK
6
CONTINUOUS
10
2.6790516141732281
20
-2.7128207874015748
11
2.6816594881889761
21
-2.7130992913385827
0
LINE
8
BLACK
6
CONTINUOUS
10
2.6816594881889761
20
-2.7130992913385827
11
2.6816781496062991
21
-2.7131051181102364
0
LINE
8
BLACK
6
CONTINUOUS
10
2.6816781496062991
20
-2.7131051181102364
11
2.681697559055118
21
-2.7131041338582675
0
LINE
8
BLACK
6
CONTINUOUS
10
2.681697559055118
20
-2.7131041338582675
11
2.6842749606299212
21
-2.7134815748031493
0
LINE
8
BLACK
6
CONTINUOUS
10
2.6842749606299212
20
-2.7134815748031493
11
2.6842931889763779
21
-2.7134880708661417
0
LINE
8
BLACK
6
CONTINUOUS
10
2.6842931889763779
20
-2.7134880708661417
11
2.6843125984251968
21
-2.7134878346456692
0
LINE
8
BLACK
6
CONTINUOUS
10
2.6843125984251968
20
-2.7134878346456692
11
2.6868581889763781
21
-2.7139620078740156
0
LINE
8
BLACK
6
CONTINUOUS
10
2.6868581889763781
20
-2.7139620078740156
11
2.6868760236220472
21
-2.7139691338582677
0
LINE
8
BLACK
6
CONTINUOUS
10
2.6868760236220472
20
-2.7139691338582677
11
2.6868952362204723
21
-2.7139696456692914
0
LINE
8
BLACK
6
CONTINUOUS
10
2.6868952362204723
20
-2.7139696456692914
11
2.6894075590551179
21
-2.7145383464566928
0
LINE
8
BLACK
6
CONTINUOUS
10
2.6894075590551179
20
-2.7145383464566928
11
2.6894249606299212
21
-2.7145460629921261
0
LINE
8
BLACK
6
CONTINUOUS
10
2.6894249606299212
20
-2.7145460629921261
11
2.6894439763779525
21
-2.7145473228346457
0
LINE
8
BLACK
6
CONTINUOUS
10
2.6894439763779525
20
-2.7145473228346457
11
2.6919217322834643
21
-2.715208307086614
0
LINE
8
BLACK
6
CONTINUOUS
10
2.6919217322834643
20
-2.715208307086614
11
2.6919386220472439
21
-2.7152166141732281
0
LINE
8
BLACK
6
CONTINUOUS
10
2.6919386220472439
20
-2.7152166141732281
11
2.6919573622047244
21
-2.7152185433070866
0
LINE
8
BLACK
6
CONTINUOUS
10
2.6919573622047244
20
-2.7152185433070866
11
2.6943990551181103
21
-2.7159695669291337
0
LINE
8
BLACK
6
CONTINUOUS
10
2.6943990551181103
20
-2.7159695669291337
11
2.6944153937007873
21
-2.7159783858267716
0
LINE
8
BLACK
6
CONTINUOUS
10
2.6944153937007873
20
-2.7159783858267716
11
2.694433937007874
21
-2.7159809842519684
0
LINE
8
BLACK
6
CONTINUOUS
10
2.694433937007874
20
-2.7159809842519684
11
2.6968381889763777
21
-2.7168198425196848
0
LINE
8
BLACK
6
CONTINUOUS
10
2.6968381889763777
20
-2.7168198425196848
11
2.6968540944881889
21
-2.7168291732283465
0
LINE
8
BLACK
6
CONTINUOUS
10
2.6968540944881889
20
-2.7168291732283465
11
2.6968722440944881
21
-2.7168324409448816
0
LINE
8
BLACK
6
CONTINUOUS
10
2.6968722440944881
20
-2.7168324409448816
11
2.6992376771653541
21
-2.7177568897637796
0
LINE
8
BLACK
6
CONTINUOUS
10
2.6992376771653541
20
-2.7177568897637796
11
2.699252992125984
21
-2.7177666929133859
0
LINE
8
BLACK
6
CONTINUOUS
10
2.699252992125984
20
-2.7177666929133859
11
2.6992708661417324
21
-2.7177705511811023
0
LINE
8
BLACK
6
CONTINUOUS
10
2.6992708661417324
20
-2.7177705511811023
11
2.7015961023622048
21
-2.7187783858267718
0
LINE
8
BLACK
6
CONTINUOUS
10
2.7015961023622048
20
-2.7187783858267718
11
2.7016108267716534
21
-2.7187885826771652
0
LINE
8
BLACK
6
CONTINUOUS
10
2.7016108267716534
20
-2.7187885826771652
11
2.701628346456693
21
-2.7187930314960629
0
LINE
8
BLACK
6
CONTINUOUS
10
2.701628346456693
20
-2.7187930314960629
11
2.7039119685039368
21
-2.7198820472440945
0
LINE
8
BLACK
6
CONTINUOUS
10
2.7039119685039368
20
-2.7198820472440945
11
2.7039262598425196
21
-2.719892716535433
0
LINE
8
BLACK
6
CONTINUOUS
10
2.7039262598425196
20
-2.719892716535433
11
2.7039432283464566
21
-2.7198976771653545
0
LINE
8
BLACK
6
CONTINUOUS
10
2.7039432283464566
20
-2.7198976771653545
11
2.7061838976377954
21
-2.7210656299212599
0
LINE
8
BLACK
6
CONTINUOUS
10
2.7061838976377954
20
-2.7210656299212599
11
2.7061975590551182
21
-2.7210766141732283
0
LINE
8
BLACK
6
CONTINUOUS
10
2.7061975590551182
20
-2.7210766141732283
11
2.7062142125984252
21
-2.7210821259842519
0
LINE
8
BLACK
6
CONTINUOUS
10
2.7062142125984252
20
-2.7210821259842519
11
2.7084103937007873
21
-2.7223267716535431
0
LINE
8
BLACK
6
CONTINUOUS
10
2.7084103937007873
20
-2.7223267716535431
11
2.7084234645669292
21
-2.7223380314960628
0
LINE
8
BLACK
6
CONTINUOUS
10
2.7084234645669292
20
-2.7223380314960628
11
2.7084398031496062
21
-2.7223440944881889
0
LINE
8
BLACK
6
CONTINUOUS
10
2.7084398031496062
20
-2.7223440944881889
11
2.7105901968503936
21
-2.7236632677165353
0
LINE
8
BLACK
6
CONTINUOUS
10
2.7105901968503936
20
-2.7236632677165353
11
2.7106027559055117
21
-2.7236748818897638
0
LINE
8
BLACK
6
CONTINUOUS
10
2.7106027559055117
20
-2.7236748818897638
11
2.7106185826771654
21
-2.7236813779527558
0
LINE
8
BLACK
6
CONTINUOUS
10
2.7106185826771654
20
-2.7236813779527558
11
2.7127218110236222
21
-2.7250727559055119
0
LINE
8
BLACK
6
CONTINUOUS
10
2.7127218110236222
20
-2.7250727559055119
11
2.7127338582677165
21
-2.72508468503937
0
LINE
8
BLACK
6
CONTINUOUS
10
2.7127338582677165
20
-2.72508468503937
11
2.7127492519685039
21
-2.7250916141732282
0
LINE
8
BLACK
6
CONTINUOUS
10
2.7127492519685039
20
-2.7250916141732282
11
2.7145375590551182
21
-2.726363622047244
0
LINE
8
BLACK
6
CONTINUOUS
10
2.7145375590551182
20
-2.726363622047244
11
2.7151901574803148
21
-2.7263487795275592
0
LINE
8
BLACK
6
CONTINUOUS
10
2.7151901574803148
20
-2.7263487795275592
11
2.7151987795275589
21
-2.7263502755905513
0
LINE
8
BLACK
6
CONTINUOUS
10
2.7151987795275589
20
-2.7263502755905513
11
2.7152075590551181
21
-2.7263485039370079
0
LINE
8
BLACK
6
CONTINUOUS
10
2.7152075590551181
20
-2.7263485039370079
11
2.7161929527559057
21
-2.7263434645669289
0
LINE
8
BLACK
6
CONTINUOUS
10
2.7161929527559057
20
-2.7263434645669289
11
2.7162017716535432
21
-2.7263451574803148
0
LINE
8
BLACK
6
CONTINUOUS
10
2.7162017716535432
20
-2.7263451574803148
11
2.7162105511811023
21
-2.7263435433070864
0
LINE
8
BLACK
6
CONTINUOUS
10
2.7162105511811023
20
-2.7263435433070864
11
2.7172019291338581
21
-2.726356181102362
0
LINE
8
BLACK
6
CONTINUOUS
10
2.7172019291338581
20
-2.726356181102362
11
2.717210748031496
21
-2.7263580314960629
0
LINE
8
BLACK
6
CONTINUOUS
10
2.717210748031496
20
-2.7263580314960629
11
2.7172196456692914
21
-2.7263565748031495
0
LINE
8
BLACK
6
CONTINUOUS
10
2.7172196456692914
20
-2.7263565748031495
11
2.7182168503937008
21
-2.7263872834645668
0
LINE
8
BLACK
6
CONTINUOUS
10
2.7182168503937008
20
-2.7263872834645668
11
2.7182256692913387
21
-2.7263892913385828
0
LINE
8
BLACK
6
CONTINUOUS
10
2.7182256692913387
20
-2.7263892913385828
11
2.7182346850393699
21
-2.7263879921259844
0
LINE
8
BLACK
6
CONTINUOUS
10
2.7182346850393699
20
-2.7263879921259844
11
2.7192374803149604
21
-2.7264370866141729
0
LINE
8
BLACK
6
CONTINUOUS
10
2.7192374803149604
20
-2.7264370866141729
11
2.7192464173228346
21
-2.7264392913385826
0
LINE
8
BLACK
6
CONTINUOUS
10
2.7192464173228346
20
-2.7264392913385826
11
2.7192555118110238
21
-2.7264381496062993
0
LINE
8
BLACK
6
CONTINUOUS
10
2.7192555118110238
20
-2.7264381496062993
11
2.720263622047244
21
-2.7265061023622046
0
LINE
8
BLACK
6
CONTINUOUS
10
2.720263622047244
20
-2.7265061023622046
11
2.7202725196850395
21
-2.7265085039370076
0
LINE
8
BLACK
6
CONTINUOUS
10
2.7202725196850395
20
-2.7265085039370076
11
2.7202817716535432
21
-2.7265074803149605
0
LINE
8
BLACK
6
CONTINUOUS
10
2.7202817716535432
20
-2.7265074803149605
11
2.7212950393700788
21
-2.7265946062992126
0
LINE
8
BLACK
6
CONTINUOUS
10
2.7212950393700788
20
-2.7265946062992126
11
2.7213039370078738
21
-2.7265971653543306
0
LINE
8
BLACK
6
CONTINUOUS
10
2.7213039370078738
20
-2.7265971653543306
11
2.7213132283464567
21
-2.7265963385826772
0
LINE
8
BLACK
6
CONTINUOUS
10
2.7213132283464567
20
-2.7265963385826772
11
2.7223009448818898
21
-2.7266997637795276
0
LINE
8
BLACK
6
CONTINUOUS
10
2.7223009448818898
20
-2.7266997637795276
11
2.7240486614173229
21
-2.7267723622047244
0
LINE
8
BLACK
6
CONTINUOUS
10
2.7240486614173229
20
-2.7267723622047244
11
2.724068031496063
21
-2.7267770472440946
0
LINE
8
BLACK
6
CONTINUOUS
10
2.724068031496063
20
-2.7267770472440946
11
2.7240879527559057
21
-2.7267747637795274
0
LINE
8
BLACK
6
CONTINUOUS
10
2.7240879527559057
20
-2.7267747637795274
11
2.7258558267716535
21
-2.7269191338582677
0
LINE
8
BLACK
6
CONTINUOUS
10
2.7258558267716535
20
-2.7269191338582677
11
2.7258741732283465
21
-2.72692437007874
0
LINE
8
BLACK
6
CONTINUOUS
10
2.7258741732283465
20
-2.72692437007874
11
2.7258931889763778
21
-2.7269229133858266
0
LINE
8
BLACK
6
CONTINUOUS
10
2.7258931889763778
20
-2.7269229133858266
11
2.7276500000000001
21
-2.72713405511811
0
LINE
8
BLACK
6
CONTINUOUS
10
2.7276500000000001
20
-2.72713405511811
11
2.7276671653543305
21
-2.7271396456692911
0
LINE
8
BLACK
6
CONTINUOUS
10
2.7276671653543305
20
-2.7271396456692911
11
2.7276853937007872
21
-2.727138937007874
0
LINE
8
BLACK
6
CONTINUOUS
10
2.7276853937007872
20
-2.727138937007874
11
2.7294309055118111
21
-2.7274133070866142
0
LINE
8
BLACK
6
CONTINUOUS
10
2.7294309055118111
20
-2.7274133070866142
11
2.7294470078740156
21
-2.7274192125984253
0
LINE
8
BLACK
6
CONTINUOUS
10
2.7294470078740156
20
-2.7274192125984253
11
2.7294641732283464
21
-2.7274191338582678
0
LINE
8
BLACK
6
CONTINUOUS
10
2.7294641732283464
20
-2.7274191338582678
11
2.7311983070866139
21
-2.7277529921259842
0
LINE
8
BLACK
6
CONTINUOUS
10
2.7311983070866139
20
-2.7277529921259842
11
2.7312132283464567
21
-2.7277590551181103
0
LINE
8
BLACK
6
CONTINUOUS
10
2.7312132283464567
20
-2.7277590551181103
11
2.7312294094488188
21
-2.7277594881889762
0
LINE
8
BLACK
6
CONTINUOUS
10
2.7312294094488188
20
-2.7277594881889762
11
2.7329520472440945
21
-2.7281492125984252
0
LINE
8
BLACK
6
CONTINUOUS
10
2.7329520472440945
20
-2.7281492125984252
11
2.7329658661417322
21
-2.7281553543307084
0
LINE
8
BLACK
6
CONTINUOUS
10
2.7329658661417322
20
-2.7281553543307084
11
2.7329809842519683
21
-2.728156220472441
0
LINE
8
BLACK
6
CONTINUOUS
10
2.7329809842519683
20
-2.728156220472441
11
2.7346918897637793
21
-2.7285981496062992
0
LINE
8
BLACK
6
CONTINUOUS
10
2.7346918897637793
20
-2.7285981496062992
11
2.7347046850393699
21
-2.7286042913385824
0
LINE
8
BLACK
6
CONTINUOUS
10
2.7347046850393699
20
-2.7286042913385824
11
2.7347187401574802
21
-2.7286055118110237
0
LINE
8
BLACK
6
CONTINUOUS
10
2.7347187401574802
20
-2.7286055118110237
11
2.7363999606299214
21
-2.7290908661417324
0
LINE
8
BLACK
6
CONTINUOUS
10
2.7363999606299214
20
-2.7290908661417324
11
2.7389524409448818
21
-2.729727992125984
0
LINE
8
BLACK
6
CONTINUOUS
10
2.7389524409448818
20
-2.729727992125984
11
2.7389759448818896
21
-2.7297390944881887
0
LINE
8
BLACK
6
CONTINUOUS
10
2.7389759448818896
20
-2.7297390944881887
11
2.7390017322834646
21
-2.729741692913386
0
LINE
8
BLACK
6
CONTINUOUS
10
2.7390017322834646
20
-2.729741692913386
11
2.7414988976377952
21
-2.7305048425196849
0
LINE
8
BLACK
6
CONTINUOUS
10
2.7414988976377952
20
-2.7305048425196849
11
2.7415216535433071
21
-2.7305170472440943
0
LINE
8
BLACK
6
CONTINUOUS
10
2.7415216535433071
20
-2.7305170472440943
11
2.7415473622047242
21
-2.730521023622047
0
LINE
8
BLACK
6
CONTINUOUS
10
2.7415473622047242
20
-2.730521023622047
11
2.7439717716535434
21
-2.7314019291338583
0
LINE
8
BLACK
6
CONTINUOUS
10
2.7439717716535434
20
-2.7314019291338583
11
2.7439938582677166
21
-2.7314153149606297
0
LINE
8
BLACK
6
CONTINUOUS
10
2.7439938582677166
20
-2.7314153149606297
11
2.7440191338582678
21
-2.7314205511811025
0
LINE
8
BLACK
6
CONTINUOUS
10
2.7440191338582678
20
-2.7314205511811025
11
2.7463701574803148
21
-2.732415157480315
0
LINE
8
BLACK
6
CONTINUOUS
10
2.7463701574803148
20
-2.732415157480315
11
2.746391338582677
21
-2.7324295275590549
0
LINE
8
BLACK
6
CONTINUOUS
10
2.746391338582677
20
-2.7324295275590549
11
2.746416181102362
21
-2.7324360236220473
0
LINE
8
BLACK
6
CONTINUOUS
10
2.746416181102362
20
-2.7324360236220473
11
2.7486932283464567
21
-2.7335403543307084
0
LINE
8
BLACK
6
CONTINUOUS
10
2.7486932283464567
20
-2.7335403543307084
11
2.7487134251968501
21
-2.73355562992126
0
LINE
8
BLACK
6
CONTINUOUS
10
2.7487134251968501
20
-2.73355562992126
11
2.7487376771653542
21
-2.7335633070866141
0
LINE
8
BLACK
6
CONTINUOUS
10
2.7487376771653542
20
-2.7335633070866141
11
2.7509400787401574
21
-2.7347733464566928
0
LINE
8
BLACK
6
CONTINUOUS
10
2.7509400787401574
20
-2.7347733464566928
11
2.7509592519685038
21
-2.7347894488188977
0
LINE
8
BLACK
6
CONTINUOUS
10
2.7509592519685038
20
-2.7347894488188977
11
2.7509827165354328
21
-2.7347981889763777
0
LINE
8
BLACK
6
CONTINUOUS
10
2.7509827165354328
20
-2.7347981889763777
11
2.7531099212598424
21
-2.7361099212598425
0
LINE
8
BLACK
6
CONTINUOUS
10
2.7531099212598424
20
-2.7361099212598425
11
2.7531279921259841
21
-2.7361267322834646
0
LINE
8
BLACK
6
CONTINUOUS
10
2.7531279921259841
20
-2.7361267322834646
11
2.7531507086614173
21
-2.7361364960629921
0
LINE
8
BLACK
6
CONTINUOUS
10
2.7531507086614173
20
-2.7361364960629921
11
2.7552020078740158
21
-2.737545866141732
0
LINE
8
BLACK
6
CONTINUOUS
10
2.7552020078740158
20
-2.737545866141732
11
2.7552188976377954
21
-2.7375631889763778
0
LINE
8
BLACK
6
CONTINUOUS
10
2.7552188976377954
20
-2.7375631889763778
11
2.7552407086614172
21
-2.7375738582677163
0
LINE
8
BLACK
6
CONTINUOUS
10
2.7552407086614172
20
-2.7375738582677163
11
2.7572155118110238
21
-2.7390768503937006
0
LINE
8
BLACK
6
CONTINUOUS
10
2.7572155118110238
20
-2.7390768503937006
11
2.7572312598425195
21
-2.7390946456692911
0
LINE
8
BLACK
6
CONTINUOUS
10
2.7572312598425195
20
-2.7390946456692911
11
2.7572521653543305
21
-2.7391061417322833
0
LINE
8
BLACK
6
CONTINUOUS
10
2.7572521653543305
20
-2.7391061417322833
11
2.7591498818897637
21
-2.740698779527559
0
LINE
8
BLACK
6
CONTINUOUS
10
2.7591498818897637
20
-2.740698779527559
11
2.7591644881889765
21
-2.740716968503937
0
LINE
8
BLACK
6
CONTINUOUS
10
2.7591644881889765
20
-2.740716968503937
11
2.75918437007874
21
-2.7407291338582676
0
LINE
8
BLACK
6
CONTINUOUS
10
2.75918437007874
20
-2.7407291338582676
11
2.7610043307086611
21
-2.7424073228346457
0
LINE
8
BLACK
6
CONTINUOUS
10
2.7610043307086611
20
-2.7424073228346457
11
2.761017716535433
21
-2.7424257086614174
0
LINE
8
BLACK
6
CONTINUOUS
10
2.761017716535433
20
-2.7424257086614174
11
2.7610366929133856
21
-2.7424385433070864
0
LINE
8
BLACK
6
CONTINUOUS
10
2.7610366929133856
20
-2.7424385433070864
11
2.7627782677165356
21
-2.744198346456693
0
LINE
8
BLACK
6
CONTINUOUS
10
2.7627782677165356
20
-2.744198346456693
11
2.7627905511811024
21
-2.7442169291338581
0
LINE
8
BLACK
6
CONTINUOUS
10
2.7627905511811024
20
-2.7442169291338581
11
2.7628085039370078
21
-2.7442302755905512
0
LINE
8
BLACK
6
CONTINUOUS
10
2.7628085039370078
20
-2.7442302755905512
11
2.7644711417322836
21
-2.746067598425197
0
LINE
8
BLACK
6
CONTINUOUS
10
2.7644711417322836
20
-2.746067598425197
11
2.7644823622047245
21
-2.746086338582677
0
LINE
8
BLACK
6
CONTINUOUS
10
2.7644823622047245
20
-2.746086338582677
11
2.7644992913385824
21
-2.746100118110236
0
LINE
8
BLACK
6
CONTINUOUS
10
2.7644992913385824
20
-2.746100118110236
11
2.7660823228346456
21
-2.7480109842519687
0
LINE
8
BLACK
6
CONTINUOUS
10
2.7660823228346456
20
-2.7480109842519687
11
2.7660924409448819
21
-2.7480297244094487
0
LINE
8
BLACK
6
CONTINUOUS
10
2.7660924409448819
20
-2.7480297244094487
11
2.7661084251968502
21
-2.7480438976377952
0
LINE
8
BLACK
6
CONTINUOUS
10
2.7661084251968502
20
-2.7480438976377952
11
2.7676112598425195
21
-2.7500242913385824
0
LINE
8
BLACK
6
CONTINUOUS
10
2.7676112598425195
20
-2.7500242913385824
11
2.7676203543307087
21
-2.7500429527559054
0
LINE
8
BLACK
6
CONTINUOUS
10
2.7676203543307087
20
-2.7500429527559054
11
2.7676354330708661
21
-2.7500575196850394
0
LINE
8
BLACK
6
CONTINUOUS
10
2.7676354330708661
20
-2.7500575196850394
11
2.7689956299212599
21
-2.7520144881889763
0
LINE
8
BLACK
6
CONTINUOUS
10
2.7689956299212599
20
-2.7520144881889763
11
2.7812353543307085
21
-2.7632854724409448
0
LINE
8
BLACK
6
CONTINUOUS
10
2.7812353543307085
20
-2.7632854724409448
11
2.7812390551181103
21
-2.7632905511811021
0
LINE
8
BLACK
6
CONTINUOUS
10
2.7812390551181103
20
-2.7632905511811021
11
2.7812444881889764
21
-2.7632939763779527
0
LINE
8
BLACK
6
CONTINUOUS
10
2.7812444881889764
20
-2.7632939763779527
11
2.7934342519685038
21
-2.7748086614173229
0
LINE
8
BLACK
6
CONTINUOUS
10
2.7934342519685038
20
-2.7748086614173229
11
2.7934378740157482
21
-2.7748137795275589
0
LINE
8
BLACK
6
CONTINUOUS
10
2.7934378740157482
20
-2.7748137795275589
11
2.7934431102362205
21
-2.7748171653543308
0
LINE
8
BLACK
6
CONTINUOUS
10
2.7934431102362205
20
-2.7748171653543308
11
2.8054988582677165
21
-2.7864939763779528
0
LINE
8
BLACK
6
CONTINUOUS
10
2.8054988582677165
20
-2.7864939763779528
11
2.8055023622047242
21
-2.7864990551181101
0
LINE
8
BLACK
6
CONTINUOUS
10
2.8055023622047242
20
-2.7864990551181101
11
2.8055075196850394
21
-2.7865024803149607
0
LINE
8
BLACK
6
CONTINUOUS
10
2.8055075196850394
20
-2.7865024803149607
11
2.8170523622047243
21
-2.7979633070866141
0
LINE
8
BLACK
6
CONTINUOUS
10
2.8170523622047243
20
-2.7979633070866141
11
2.9108529527559055
21
-2.7791019291338581
0
LINE
8
BLACK
6
CONTINUOUS
10
2.9108529527559055
20
-2.7791019291338581
11
2.9108547637795277
21
-2.7791018897637794
0
LINE
8
BLACK
6
CONTINUOUS
10
2.9108547637795277
20
-2.7791018897637794
11
2.9108565748031494
21
-2.7791011811023623
0
LINE
8
BLACK
6
CONTINUOUS
10
2.9108565748031494
20
-2.7791011811023623
11
3.0042528740157479
21
-2.7606875196850393
0
LINE
8
BLACK
6
CONTINUOUS
10
3.0042528740157479
20
-2.7606875196850393
11
3.0039519291338581
21
-2.7594499999999997
0
LINE
8
BLACK
6
CONTINUOUS
10
3.0039519291338581
20
-2.7594499999999997
11
3.0033866141732282
21
-2.7572744488188974
0
LINE
8
BLACK
6
CONTINUOUS
10
3.0033866141732282
20
-2.7572744488188974
11
3.0027898425196851
21
-2.7551650393700786
0
LINE
8
BLACK
6
CONTINUOUS
10
3.0027898425196851
20
-2.7551650393700786
11
3.0021548031496064
21
-2.7531396062992126
0
LINE
8
BLACK
6
CONTINUOUS
10
3.0021548031496064
20
-2.7531396062992126
11
3.001822716535433
21
-2.7521690551181104
0
LINE
8
BLACK
6
CONTINUOUS
10
3.001822716535433
20
-2.7521690551181104
11
3.0014781102362202
21
-2.7512240157480314
0
LINE
8
BLACK
6
CONTINUOUS
10
3.0014781102362202
20
-2.7512240157480314
11
3.0011199212598423
21
-2.7503061811023621
0
LINE
8
BLACK
6
CONTINUOUS
10
3.0011199212598423
20
-2.7503061811023621
11
3.0007494094488187
21
-2.749422598425197
0
LINE
8
BLACK
6
CONTINUOUS
10
3.0007494094488187
20
-2.749422598425197
11
3.0003640157480316
21
-2.7485707480314958
0
LINE
8
BLACK
6
CONTINUOUS
10
3.0003640157480316
20
-2.7485707480314958
11
2.9999647244094487
21
-2.7477563385826773
0
LINE
8
BLACK
6
CONTINUOUS
10
2.9999647244094487
20
-2.7477563385826773
11
2.9995500393700785
21
-2.7469791732283464
0
LINE
8
BLACK
6
CONTINUOUS
10
2.9995500393700785
20
-2.7469791732283464
11
2.9991090157480316
21
-2.746223622047244
0
LINE
8
BLACK
6
CONTINUOUS
10
2.9991090157480316
20
-2.746223622047244
11
2.999052401574803
21
-2.7460594488188974
0
LINE
8
BLACK
6
CONTINUOUS
10
2.999052401574803
20
-2.7460594488188974
11
2.9989896062992125
21
-2.7458974409448818
0
LINE
8
BLACK
6
CONTINUOUS
10
2.9989896062992125
20
-2.7458974409448818
11
2.9986093700787402
21
-2.7437284645669289
0
LINE
8
BLACK
6
CONTINUOUS
10
2.9986093700787402
20
-2.7437284645669289
11
2.9981485039370077
21
-2.7415591732283464
0
LINE
8
BLACK
6
CONTINUOUS
10
2.9981485039370077
20
-2.7415591732283464
11
2.9976105511811024
21
-2.7393724409448819
0
LINE
8
BLACK
6
CONTINUOUS
10
2.9976105511811024
20
-2.7393724409448819
11
2.9970016141732283
21
-2.7371666141732285
0
LINE
8
BLACK
6
CONTINUOUS
10
2.9970016141732283
20
-2.7371666141732285
11
2.9963302362204725
21
-2.7349490944881891
0
LINE
8
BLACK
6
CONTINUOUS
10
2.9963302362204725
20
-2.7349490944881891
11
2.995602086614173
21
-2.7327167716535432
0
LINE
8
BLACK
6
CONTINUOUS
10
2.995602086614173
20
-2.7327167716535432
11
2.9940004724409448
21
-2.7282048818897637
0
LINE
8
BLACK
6
CONTINUOUS
10
2.9940004724409448
20
-2.7282048818897637
11
2.9922577165354332
21
-2.7236550787401574
0
LINE
8
BLACK
6
CONTINUOUS
10
2.9922577165354332
20
-2.7236550787401574
11
2.9904269291338581
21
-2.7190678346456694
0
LINE
8
BLACK
6
CONTINUOUS
10
2.9904269291338581
20
-2.7190678346456694
11
2.9904268897637794
21
-2.7190677559055119
0
LINE
8
BLACK
6
CONTINUOUS
10
2.9904268897637794
20
-2.7190677559055119
11
2.9868209055118111
21
-2.710049566929134
0
LINE
8
BLACK
6
CONTINUOUS
10
2.9868209055118111
20
-2.710049566929134
11
2.8672603149606299
21
-2.6019344094488188
0
LINE
8
BLACK
6
CONTINUOUS
10
2.8672603149606299
20
-2.6019344094488188
11
2.8672590157480315
21
-2.6019326771653541
0
LINE
8
BLACK
6
CONTINUOUS
10
2.8672590157480315
20
-2.6019326771653541
11
2.8672571259842519
21
-2.6019315354330708
0
LINE
8
BLACK
6
CONTINUOUS
10
2.8672571259842519
20
-2.6019315354330708
11
2.7479517716535433
21
-2.4930997637795276
0
LINE
8
BLACK
6
CONTINUOUS
10
2.7479517716535433
20
-2.4930997637795276
11
2.747951496062992
21
-2.4930994094488188
0
LINE
8
BLACK
6
CONTINUOUS
10
2.747951496062992
20
-2.4930994094488188
11
2.7479512204724408
21
-2.4930992519685038
0
LINE
8
BLACK
6
CONTINUOUS
10
2.7479512204724408
20
-2.4930992519685038
11
2.5111369685039371
21
-2.2767488582677164
0
LINE
8
BLACK
6
CONTINUOUS
10
2.5111369685039371
20
-2.2767488582677164
11
2.5111380708661417
21
-2.2800891338582678
0
LINE
8
BLACK
6
CONTINUOUS
10
5.3132596456692909
20
-2.2994672440944881
11
5.3135227559055114
21
-2.2995023622047244
0
LINE
8
BLACK
6
CONTINUOUS
10
5.3135227559055114
20
-2.2995023622047244
11
5.3135335826771648
21
-2.2995165354330709
0
LINE
8
BLACK
6
CONTINUOUS
10
5.3135335826771648
20
-2.2995165354330709
11
5.3135491732283464
21
-2.2995191338582677
0
LINE
8
BLACK
6
CONTINUOUS
10
5.3135491732283464
20
-2.2995191338582677
11
5.3135880314960628
21
-2.299573464566929
0
LINE
8
BLACK
6
CONTINUOUS
10
5.3135880314960628
20
-2.299573464566929
11
5.313654330708661
21
-2.2995936614173229
0
LINE
8
BLACK
6
CONTINUOUS
10
5.313654330708661
20
-2.2995936614173229
11
5.3136725196850394
21
-2.2996277952755904
0
LINE
8
BLACK
6
CONTINUOUS
10
5.3136725196850394
20
-2.2996277952755904
11
5.3137064173228348
21
-2.2996408267716535
0
LINE
8
BLACK
6
CONTINUOUS
10
5.3137064173228348
20
-2.2996408267716535
11
5.3137091732283466
21
-2.2996470866141734
0
LINE
8
BLACK
6
CONTINUOUS
10
5.3137091732283466
20
-2.2996470866141734
11
5.3137160629921256
21
-2.2996498425196852
0
LINE
8
BLACK
6
CONTINUOUS
10
5.3137160629921256
20
-2.2996498425196852
11
5.3138187007874018
21
-2.2998893700787399
0
LINE
8
BLACK
6
CONTINUOUS
10
5.3138187007874018
20
-2.2998893700787399
11
5.3139803543307087
21
-2.3001007480314959
0
LINE
8
BLACK
6
CONTINUOUS
10
5.3139803543307087
20
-2.3001007480314959
11
5.3139779133858269
21
-2.3001187795275588
0
LINE
8
BLACK
6
CONTINUOUS
10
5.3139779133858269
20
-2.3001187795275588
11
5.3139873228346453
21
-2.3001319291338582
0
LINE
8
BLACK
6
CONTINUOUS
10
5.3139873228346453
20
-2.3001319291338582
11
5.3139763779527556
21
-2.300197559055118
0
LINE
8
BLACK
6
CONTINUOUS
10
5.3139763779527556
20
-2.300197559055118
11
5.314008818897638
21
-2.300258346456693
0
LINE
8
BLACK
6
CONTINUOUS
10
5.314008818897638
20
-2.300258346456693
11
5.3139974803149608
21
-2.3002954724409448
0
LINE
8
BLACK
6
CONTINUOUS
10
5.3139974803149608
20
-2.3002954724409448
11
5.3140124803149602
21
-2.3003291338582676
0
LINE
8
BLACK
6
CONTINUOUS
10
5.3140124803149602
20
-2.3003291338582676
11
5.3140109448818897
21
-2.3003379133858268
0
LINE
8
BLACK
6
CONTINUOUS
10
5.3140109448818897
20
-2.3003379133858268
11
5.3140127952755902
21
-2.3003422047244095
0
LINE
8
BLACK
6
CONTINUOUS
10
5.3140127952755902
20
-2.3003422047244095
11
5.3139782677165357
21
-2.300527401574803
0
LINE
8
BLACK
6
CONTINUOUS
10
5.3139782677165357
20
-2.300527401574803
11
5.3139472440944884
21
-2.300707598425197
0
LINE
8
BLACK
6
CONTINUOUS
10
5.3139472440944884
20
-2.300707598425197
11
5.2397966929133855
21
-2.4935958661417321
0
LINE
8
BLACK
6
CONTINUOUS
10
5.2397966929133855
20
-2.4935958661417321
11
5.2397966929133855
21
-2.4935959842519684
0
LINE
8
BLACK
6
CONTINUOUS
10
5.2397966929133855
20
-2.4935959842519684
11
5.1666507874015748
21
-2.6868717322834645
0
LINE
8
BLACK
6
CONTINUOUS
10
5.1666507874015748
20
-2.6868717322834645
11
5.1664904724409446
21
-2.6871284645669289
0
LINE
8
BLACK
6
CONTINUOUS
10
5.1664904724409446
20
-2.6871284645669289
11
5.16648
21
-2.6871610236220471
0
LINE
8
BLACK
6
CONTINUOUS
10
5.16648
20
-2.6871610236220471
11
5.1664655511811022
21
-2.6871683858267716
0
LINE
8
BLACK
6
CONTINUOUS
10
5.1664655511811022
20
-2.6871683858267716
11
5.1664474015748034
21
-2.6871975196850393
0
LINE
8
BLACK
6
CONTINUOUS
10
5.1664474015748034
20
-2.6871975196850393
11
5.1661244881889763
21
-2.6873430708661417
0
LINE
8
BLACK
6
CONTINUOUS
10
5.1661244881889763
20
-2.6873430708661417
11
5.1658095669291342
21
-2.687504409448819
0
LINE
8
BLACK
6
CONTINUOUS
10
5.1658095669291342
20
-2.687504409448819
11
5.165775472440945
21
-2.6875004330708663
0
LINE
8
BLACK
6
CONTINUOUS
10
5.165775472440945
20
-2.6875004330708663
11
5.1657607086614172
21
-2.687507125984252
0
LINE
8
BLACK
6
CONTINUOUS
10
5.1657607086614172
20
-2.687507125984252
11
5.1657286614173223
21
-2.6874949999999997
0
LINE
8
BLACK
6
CONTINUOUS
10
5.1657286614173223
20
-2.6874949999999997
11
5.1654281102362205
21
-2.6874600787401572
0
LINE
8
BLACK
6
CONTINUOUS
10
5.1654281102362205
20
-2.6874600787401572
11
5.1492707480314959
21
-2.6822472834645668
0
LINE
8
BLACK
6
CONTINUOUS
10
5.1492707480314959
20
-2.6822472834645668
11
5.143106181102362
21
-2.7010698031496063
0
LINE
8
BLACK
6
CONTINUOUS
10
5.143106181102362
20
-2.7010698031496063
11
5.1431062204724407
21
-2.7010698031496063
0
LINE
8
BLACK
6
CONTINUOUS
10
5.1431062204724407
20
-2.7010698031496063
11
5.1373895669291336
21
-2.7186072440944882
0
LINE
8
BLACK
6
CONTINUOUS
10
5.1373895669291336
20
-2.7186072440944882
11
5.13738405511811
21
-2.7186170078740157
0
LINE
8
BLACK
6
CONTINUOUS
10
5.13738405511811
20
-2.7186170078740157
11
5.1373844094488188
21
-2.7186226377952756
0
LINE
8
BLACK
6
CONTINUOUS
10
5.1373844094488188
20
-2.7186226377952756
11
5.1373748818897633
21
-2.7186333858267715
0
LINE
8
BLACK
6
CONTINUOUS
10
5.1373748818897633
20
-2.7186333858267715
11
5.137201614173228
21
-2.7189421259842521
0
LINE
8
BLACK
6
CONTINUOUS
10
5.137201614173228
20
-2.7189421259842521
11
5.137020118110236
21
-2.7190343700787403
0
LINE
8
BLACK
6
CONTINUOUS
10
5.137020118110236
20
-2.7190343700787403
11
5.1368852755905507
21
-2.7191868110236221
0
LINE
8
BLACK
6
CONTINUOUS
10
5.1368852755905507
20
-2.7191868110236221
11
5.1365430314960632
21
-2.7192768897637793
0
LINE
8
BLACK
6
CONTINUOUS
10
5.1365430314960632
20
-2.7192768897637793
11
5.1365301181102359
21
-2.7192834645669293
0
LINE
8
BLACK
6
CONTINUOUS
10
5.1365301181102359
20
-2.7192834645669293
11
5.1365247244094485
21
-2.7192816929133858
0
LINE
8
BLACK
6
CONTINUOUS
10
5.1365247244094485
20
-2.7192816929133858
11
5.1365138976377951
21
-2.7192845669291339
0
LINE
8
BLACK
6
CONTINUOUS
10
5.1365138976377951
20
-2.7192845669291339
11
4.9817045275590548
21
-2.7287535826771654
0
LINE
8
BLACK
6
CONTINUOUS
10
4.9817045275590548
20
-2.7287535826771654
11
4.981704488188976
21
-2.7287536220472441
0
LINE
8
BLACK
6
CONTINUOUS
10
4.981704488188976
20
-2.7287536220472441
11
4.9043409448818895
21
-2.7338008267716534
0
LINE
8
BLACK
6
CONTINUOUS
10
4.9043409448818895
20
-2.7338008267716534
11
4.8270803937007871
21
-2.7396898031496062
0
LINE
8
BLACK
6
CONTINUOUS
10
4.8270803937007871
20
-2.7396898031496062
11
4.826890905511811
21
-2.7396668897637793
0
LINE
8
BLACK
6
CONTINUOUS
10
4.826890905511811
20
-2.7396668897637793
11
4.826702204724409
21
-2.7396447244094486
0
LINE
8
BLACK
6
CONTINUOUS
10
4.826702204724409
20
-2.7396447244094486
11
4.7910377952755905
21
-2.728088622047244
0
LINE
8
BLACK
6
CONTINUOUS
10
4.7910377952755905
20
-2.728088622047244
11
4.7909071653543309
21
-2.7280155511811022
0
LINE
8
BLACK
6
CONTINUOUS
10
4.7909071653543309
20
-2.7280155511811022
11
4.7908575984251964
21
-2.728009566929134
0
LINE
8
BLACK
6
CONTINUOUS
10
4.7908575984251964
20
-2.728009566929134
11
4.7908273622047242
21
-2.7279709448818896
0
LINE
8
BLACK
6
CONTINUOUS
10
4.7908273622047242
20
-2.7279709448818896
11
4.790702598425197
21
-2.7279012204724409
0
LINE
8
BLACK
6
CONTINUOUS
10
4.790702598425197
20
-2.7279012204724409
11
4.7905712992125986
21
-2.7276440551181103
0
LINE
8
BLACK
6
CONTINUOUS
10
4.7905712992125986
20
-2.7276440551181103
11
4.7903930708661413
21
-2.7274165354330706
0
LINE
8
BLACK
6
CONTINUOUS
10
4.7903930708661413
20
-2.7274165354330706
11
4.7904049999999998
21
-2.7273183070866143
0
LINE
8
BLACK
6
CONTINUOUS
10
4.7904049999999998
20
-2.7273183070866143
11
4.7903600787401572
21
-2.7272303543307088
0
LINE
8
BLACK
6
CONTINUOUS
10
4.7903600787401572
20
-2.7272303543307088
11
4.7904490551181098
21
-2.7269557086614173
0
LINE
8
BLACK
6
CONTINUOUS
10
4.7904490551181098
20
-2.7269557086614173
11
4.790483937007874
21
-2.7266687401574803
0
LINE
8
BLACK
6
CONTINUOUS
10
4.790483937007874
20
-2.7266687401574803
11
4.7905772047244097
21
-2.7265601968503939
0
LINE
8
BLACK
6
CONTINUOUS
10
4.7905772047244097
20
-2.7265601968503939
11
4.7905922834645667
21
-2.7265137401574804
0
LINE
8
BLACK
6
CONTINUOUS
10
4.7905922834645667
20
-2.7265137401574804
11
4.7906366141732279
21
-2.726491062992126
0
LINE
8
BLACK
6
CONTINUOUS
10
4.7906366141732279
20
-2.726491062992126
11
4.7907342519685034
21
-2.7263775196850393
0
LINE
8
BLACK
6
CONTINUOUS
10
4.7907342519685034
20
-2.7263775196850393
11
4.8366543700787403
21
-2.6904078740157478
0
LINE
8
BLACK
6
CONTINUOUS
10
4.8366543700787403
20
-2.6904078740157478
11
4.8824163779527554
21
-2.6541996062992124
0
LINE
8
BLACK
6
CONTINUOUS
10
4.8824163779527554
20
-2.6541996062992124
11
4.8824178346456693
21
-2.6541988188976378
0
LINE
8
BLACK
6
CONTINUOUS
10
4.8824178346456693
20
-2.6541988188976378
11
4.8824188188976381
21
-2.6541977165354331
0
LINE
8
BLACK
6
CONTINUOUS
10
4.8824188188976381
20
-2.6541977165354331
11
4.9282870866141728
21
-2.6181402362204724
0
LINE
8
BLACK
6
CONTINUOUS
10
4.9282870866141728
20
-2.6181402362204724
11
4.9282922047244098
21
-2.6181375984251969
0
LINE
8
BLACK
6
CONTINUOUS
10
4.9282922047244098
20
-2.6181375984251969
11
4.9282958267716532
21
-2.6181335039370079
0
LINE
8
BLACK
6
CONTINUOUS
10
4.9282958267716532
20
-2.6181335039370079
11
4.9745340944881891
21
-2.5826169291338581
0
LINE
8
BLACK
6
CONTINUOUS
10
4.9745340944881891
20
-2.5826169291338581
11
5.0372060629921256
21
-2.533531181102362
0
LINE
8
BLACK
6
CONTINUOUS
10
5.0372060629921256
20
-2.533531181102362
11
5.0372087795275586
21
-2.5335297637795273
0
LINE
8
BLACK
6
CONTINUOUS
10
5.0372087795275586
20
-2.5335297637795273
11
5.037210787401575
21
-2.5335275196850393
0
LINE
8
BLACK
6
CONTINUOUS
10
5.037210787401575
20
-2.5335275196850393
11
5.1002195275590552
21
-2.4847917716535433
0
LINE
8
BLACK
6
CONTINUOUS
10
5.1002195275590552
20
-2.4847917716535433
11
5.1630329527559056
21
-2.4358507086614174
0
LINE
8
BLACK
6
CONTINUOUS
10
5.1630329527559056
20
-2.4358507086614174
11
5.1941935433070867
21
-2.411134803149606
0
LINE
8
BLACK
6
CONTINUOUS
10
5.1941935433070867
20
-2.411134803149606
11
5.2251094094488186
21
-2.3861564566929134
0
LINE
8
BLACK
6
CONTINUOUS
10
5.2251094094488186
20
-2.3861564566929134
11
5.2252073622047241
21
-2.3861050393700789
0
LINE
8
BLACK
6
CONTINUOUS
10
5.2252073622047241
20
-2.3861050393700789
11
5.2252955118110238
21
-2.3860378740157482
0
LINE
8
BLACK
6
CONTINUOUS
10
5.2252955118110238
20
-2.3860378740157482
11
5.2266735826771651
21
-2.3853638582677164
0
LINE
8
BLACK
6
CONTINUOUS
10
5.2266735826771651
20
-2.3853638582677164
11
5.22801342519685
21
-2.3846529133858265
0
LINE
8
BLACK
6
CONTINUOUS
10
5.22801342519685
20
-2.3846529133858265
11
5.2293251181102365
21
-2.3838996062992126
0
LINE
8
BLACK
6
CONTINUOUS
10
5.2293251181102365
20
-2.3838996062992126
11
5.2306102362204721
21
-2.3831021653543307
0
LINE
8
BLACK
6
CONTINUOUS
10
5.2306102362204721
20
-2.3831021653543307
11
5.2318632677165349
21
-2.3822632677165352
0
LINE
8
BLACK
6
CONTINUOUS
10
5.2318632677165349
20
-2.3822632677165352
11
5.2330863779527554
21
-2.3813806692913384
0
LINE
8
BLACK
6
CONTINUOUS
10
5.2330863779527554
20
-2.3813806692913384
11
5.2342754330708656
21
-2.3804561417322834
0
LINE
8
BLACK
6
CONTINUOUS
10
5.2342754330708656
20
-2.3804561417322834
11
5.2354306692913388
21
-2.3794885433070867
0
LINE
8
BLACK
6
CONTINUOUS
10
5.2354306692913388
20
-2.3794885433070867
11
5.2365487007874014
21
-2.3784796456692914
0
LINE
8
BLACK
6
CONTINUOUS
10
5.2365487007874014
20
-2.3784796456692914
11
5.2376299212598427
21
-2.3774276771653544
0
LINE
8
BLACK
6
CONTINUOUS
10
5.2376299212598427
20
-2.3774276771653544
11
5.2386707086614175
21
-2.3763349212598426
0
LINE
8
BLACK
6
CONTINUOUS
10
5.2386707086614175
20
-2.3763349212598426
11
5.2396716929133857
21
-2.3751991732283466
0
LINE
8
BLACK
6
CONTINUOUS
10
5.2396716929133857
20
-2.3751991732283466
11
5.240630078740157
21
-2.3740218897637795
0
LINE
8
BLACK
6
CONTINUOUS
10
5.240630078740157
20
-2.3740218897637795
11
5.2415447637795278
21
-2.3728027165354328
0
LINE
8
BLACK
6
CONTINUOUS
10
5.2415447637795278
20
-2.3728027165354328
11
5.2424140551181102
21
-2.3715417716535434
0
LINE
8
BLACK
6
CONTINUOUS
10
5.2424140551181102
20
-2.3715417716535434
11
5.2432470866141729
21
-2.370222283464567
0
LINE
8
BLACK
6
CONTINUOUS
10
5.2432470866141729
20
-2.370222283464567
11
5.243250433070866
21
-2.3702187007874014
0
LINE
8
BLACK
6
CONTINUOUS
10
5.243250433070866
20
-2.3702187007874014
11
5.2432522834645665
21
-2.3702141338582678
0
LINE
8
BLACK
6
CONTINUOUS
10
5.2432522834645665
20
-2.3702141338582678
11
5.2439500787401574
21
-2.369132440944882
0
LINE
8
BLACK
6
CONTINUOUS
10
5.2439500787401574
20
-2.369132440944882
11
5.2445980314960625
21
-2.3680513779527557
0
LINE
8
BLACK
6
CONTINUOUS
10
5.2445980314960625
20
-2.3680513779527557
11
5.2452071653543308
21
-2.3669550393700787
0
LINE
8
BLACK
6
CONTINUOUS
10
5.2452071653543308
20
-2.3669550393700787
11
5.2457760236220468
21
-2.3658474803149607
0
LINE
8
BLACK
6
CONTINUOUS
10
5.2457760236220468
20
-2.3658474803149607
11
5.2463065748031497
21
-2.3647261811023621
0
LINE
8
BLACK
6
CONTINUOUS
10
5.2463065748031497
20
-2.3647261811023621
11
5.2467980708661415
21
-2.3635942519685038
0
LINE
8
BLACK
6
CONTINUOUS
10
5.2467980708661415
20
-2.3635942519685038
11
5.2472511023622044
21
-2.3624521653543304
0
LINE
8
BLACK
6
CONTINUOUS
10
5.2472511023622044
20
-2.3624521653543304
11
5.2476665748031497
21
-2.3612991732283466
0
LINE
8
BLACK
6
CONTINUOUS
10
5.2476665748031497
20
-2.3612991732283466
11
5.2480446850393703
21
-2.3601364173228347
0
LINE
8
BLACK
6
CONTINUOUS
10
5.2480446850393703
20
-2.3601364173228347
11
5.2483852362204724
21
-2.3589663385826771
0
LINE
8
BLACK
6
CONTINUOUS
10
5.2483852362204724
20
-2.3589663385826771
11
5.2486892125984248
21
-2.3577876377952753
0
LINE
8
BLACK
6
CONTINUOUS
10
5.2486892125984248
20
-2.3577876377952753
11
5.248956850393701
21
-2.3566016929133857
0
LINE
8
BLACK
6
CONTINUOUS
10
5.248956850393701
20
-2.3566016929133857
11
5.2491885826771654
21
-2.3554082283464566
0
LINE
8
BLACK
6
CONTINUOUS
10
5.2491885826771654
20
-2.3554082283464566
11
5.2493843307086614
21
-2.3542108661417323
0
LINE
8
BLACK
6
CONTINUOUS
10
5.2493843307086614
20
-2.3542108661417323
11
5.2495447637795278
21
-2.3530084251968502
0
LINE
8
BLACK
6
CONTINUOUS
10
5.2495447637795278
20
-2.3530084251968502
11
5.2496718897637793
21
-2.3517861417322834
0
LINE
8
BLACK
6
CONTINUOUS
10
5.2496718897637793
20
-2.3517861417322834
11
5.2496989370078735
21
-2.3516985826771655
0
LINE
8
BLACK
6
CONTINUOUS
10
5.2496989370078735
20
-2.3516985826771655
11
5.2497074409448814
21
-2.3516074409448819
0
LINE
8
BLACK
6
CONTINUOUS
10
5.2497074409448814
20
-2.3516074409448819
11
5.2503707086614169
21
-2.3493765354330707
0
LINE
8
BLACK
6
CONTINUOUS
10
5.2503707086614169
20
-2.3493765354330707
11
5.250372598425197
21
-2.349372874015748
0
LINE
8
BLACK
6
CONTINUOUS
10
5.250372598425197
20
-2.349372874015748
11
5.250373070866142
21
-2.3493685826771653
0
LINE
8
BLACK
6
CONTINUOUS
10
5.250373070866142
20
-2.3493685826771653
11
5.2510566929133855
21
-2.3471381496062991
0
LINE
8
BLACK
6
CONTINUOUS
10
5.2510566929133855
20
-2.3471381496062991
11
5.2510585433070869
21
-2.3471346062992127
0
LINE
8
BLACK
6
CONTINUOUS
10
5.2510585433070869
20
-2.3471346062992127
11
5.251059015748031
21
-2.3471306692913387
0
LINE
8
BLACK
6
CONTINUOUS
10
5.251059015748031
20
-2.3471306692913387
11
5.2517611023622042
21
-2.3449030708661418
0
LINE
8
BLACK
6
CONTINUOUS
10
5.2517611023622042
20
-2.3449030708661418
11
5.251762874015748
21
-2.3448997637795275
0
LINE
8
BLACK
6
CONTINUOUS
10
5.251762874015748
20
-2.3448997637795275
11
5.2517633464566931
21
-2.3448960629921261
0
LINE
8
BLACK
6
CONTINUOUS
10
5.2517633464566931
20
-2.3448960629921261
11
5.2524820078740158
21
-2.3426740157480315
0
LINE
8
BLACK
6
CONTINUOUS
10
5.2524820078740158
20
-2.3426740157480315
11
5.2525745275590552
21
-2.3425082283464564
0
LINE
8
BLACK
6
CONTINUOUS
10
5.2525745275590552
20
-2.3425082283464564
11
5.2525831889763781
21
-2.3424562598425198
0
LINE
8
BLACK
6
CONTINUOUS
10
5.2525831889763781
20
-2.3424562598425198
11
5.2526334251968505
21
-2.3424026771653543
0
LINE
8
BLACK
6
CONTINUOUS
10
5.2526334251968505
20
-2.3424026771653543
11
5.2526692125984251
21
-2.3423386614173229
0
LINE
8
BLACK
6
CONTINUOUS
10
5.2526692125984251
20
-2.3423386614173229
11
5.2527160236220469
21
-2.3423146850393701
0
LINE
8
BLACK
6
CONTINUOUS
10
5.2527160236220469
20
-2.3423146850393701
11
5.2528460236220473
21
-2.3421762598425198
0
LINE
8
BLACK
6
CONTINUOUS
10
5.2528460236220473
20
-2.3421762598425198
11
5.3124561417322838
21
-2.2995537795275589
0
LINE
8
BLACK
6
CONTINUOUS
10
5.3124561417322838
20
-2.2995537795275589
11
5.3125149212598428
21
-2.2995272047244093
0
LINE
8
BLACK
6
CONTINUOUS
10
5.3125149212598428
20
-2.2995272047244093
11
5.3125655118110231
21
-2.2994857874015748
0
LINE
8
BLACK
6
CONTINUOUS
10
5.3125655118110231
20
-2.2994857874015748
11
5.3125661023622044
21
-2.2994854724409448
0
LINE
8
BLACK
6
CONTINUOUS
10
5.3125661023622044
20
-2.2994854724409448
11
5.3126744488188979
21
-2.2994526771653541
0
LINE
8
BLACK
6
CONTINUOUS
10
5.3126744488188979
20
-2.2994526771653541
11
5.3127761023622044
21
-2.2994027952755904
0
LINE
8
BLACK
6
CONTINUOUS
10
5.3127761023622044
20
-2.2994027952755904
11
5.3127870866141729
21
-2.2994042519685038
0
LINE
8
BLACK
6
CONTINUOUS
10
5.3127870866141729
20
-2.2994042519685038
11
5.3128061023622042
21
-2.2993956692913384
0
LINE
8
BLACK
6
CONTINUOUS
10
5.3128061023622042
20
-2.2993956692913384
11
5.3128428740157476
21
-2.2994017716535433
0
LINE
8
BLACK
6
CONTINUOUS
10
5.3128428740157476
20
-2.2994017716535433
11
5.3129337007874016
21
-2.2993743307086612
0
LINE
8
BLACK
6
CONTINUOUS
10
5.3129337007874016
20
-2.2993743307086612
11
5.3129699212598425
21
-2.2993853543307088
0
LINE
8
BLACK
6
CONTINUOUS
10
5.3129699212598425
20
-2.2993853543307088
11
5.3130032677165353
21
-2.2993705511811022
0
LINE
8
BLACK
6
CONTINUOUS
10
5.3130032677165353
20
-2.2993705511811022
11
5.313009724409449
21
-2.2993730314960628
0
LINE
8
BLACK
6
CONTINUOUS
10
5.313009724409449
20
-2.2993730314960628
11
5.3130166535433068
21
-2.2993700787401576
0
LINE
8
BLACK
6
CONTINUOUS
10
5.3130166535433068
20
-2.2993700787401576
11
5.3132596456692909
21
-2.2994672440944881
0
LINE
8
BLACK
6
CONTINUOUS
10
5.2542549999999997
20
-2.3435885826771652
11
5.2536371259842518
21
-2.3454990157480315
0
LINE
8
BLACK
6
CONTINUOUS
10
5.2536371259842518
20
-2.3454990157480315
11
5.2529364960629916
21
-2.3477220472440945
0
LINE
8
BLACK
6
CONTINUOUS
10
5.2529364960629916
20
-2.3477220472440945
11
5.2522554330708662
21
-2.3499443700787399
0
LINE
8
BLACK
6
CONTINUOUS
10
5.2522554330708662
20
-2.3499443700787399
11
5.2516202755905512
21
-2.3520805905511812
0
LINE
8
BLACK
6
CONTINUOUS
10
5.2516202755905512
20
-2.3520805905511812
11
5.2515012598425193
21
-2.3532255118110235
0
LINE
8
BLACK
6
CONTINUOUS
10
5.2515012598425193
20
-2.3532255118110235
11
5.2514969291338582
21
-2.3532394094488187
0
LINE
8
BLACK
6
CONTINUOUS
10
5.2514969291338582
20
-2.3532394094488187
11
5.2514978740157483
21
-2.3532538582677165
0
LINE
8
BLACK
6
CONTINUOUS
10
5.2514978740157483
20
-2.3532538582677165
11
5.2513335433070862
21
-2.35448562992126
0
LINE
8
BLACK
6
CONTINUOUS
10
5.2513335433070862
20
-2.35448562992126
11
5.2513287795275589
21
-2.3544995275590552
0
LINE
8
BLACK
6
CONTINUOUS
10
5.2513287795275589
20
-2.3544995275590552
11
5.2513292913385827
21
-2.3545142519685038
0
LINE
8
BLACK
6
CONTINUOUS
10
5.2513292913385827
20
-2.3545142519685038
11
5.251128700787401
21
-2.3557412204724408
0
LINE
8
BLACK
6
CONTINUOUS
10
5.251128700787401
20
-2.3557412204724408
11
5.2511235039370074
21
-2.3557550393700786
0
LINE
8
BLACK
6
CONTINUOUS
10
5.2511235039370074
20
-2.3557550393700786
11
5.2511235826771649
21
-2.3557700393700789
0
LINE
8
BLACK
6
CONTINUOUS
10
5.2511235826771649
20
-2.3557700393700789
11
5.2508864173228345
21
-2.3569913385826773
0
LINE
8
BLACK
6
CONTINUOUS
10
5.2508864173228345
20
-2.3569913385826773
11
5.2508806692913383
21
-2.35700531496063
0
LINE
8
BLACK
6
CONTINUOUS
10
5.2508806692913383
20
-2.35700531496063
11
5.2508803149606296
21
-2.3570203937007874
0
LINE
8
BLACK
6
CONTINUOUS
10
5.2508803149606296
20
-2.3570203937007874
11
5.2506061417322831
21
-2.3582354330708659
0
LINE
8
BLACK
6
CONTINUOUS
10
5.2506061417322831
20
-2.3582354330708659
11
5.250599921259842
21
-2.3582493307086612
0
LINE
8
BLACK
6
CONTINUOUS
10
5.250599921259842
20
-2.3582493307086612
11
5.2505990944881891
21
-2.358264566929134
0
LINE
8
BLACK
6
CONTINUOUS
10
5.2505990944881891
20
-2.358264566929134
11
5.2502875590551179
21
-2.3594724803149605
0
LINE
8
BLACK
6
CONTINUOUS
10
5.2502875590551179
20
-2.3594724803149605
11
5.2502808267716539
21
-2.3594863779527557
0
LINE
8
BLACK
6
CONTINUOUS
10
5.2502808267716539
20
-2.3594863779527557
11
5.250279527559055
21
-2.3595017322834644
0
LINE
8
BLACK
6
CONTINUOUS
10
5.250279527559055
20
-2.3595017322834644
11
5.2499302362204725
21
-2.3607018110236222
0
LINE
8
BLACK
6
CONTINUOUS
10
5.2499302362204725
20
-2.3607018110236222
11
5.2499230314960625
21
-2.3607155905511812
0
LINE
8
BLACK
6
CONTINUOUS
10
5.2499230314960625
20
-2.3607155905511812
11
5.2499212204724408
21
-2.3607311417322836
0
LINE
8
BLACK
6
CONTINUOUS
10
5.2499212204724408
20
-2.3607311417322836
11
5.2495337795275585
21
-2.3619225984251968
0
LINE
8
BLACK
6
CONTINUOUS
10
5.2495337795275585
20
-2.3619225984251968
11
5.2495260629921257
21
-2.3619362992125983
0
LINE
8
BLACK
6
CONTINUOUS
10
5.2495260629921257
20
-2.3619362992125983
11
5.2495237401574801
21
-2.3619518897637795
0
LINE
8
BLACK
6
CONTINUOUS
10
5.2495237401574801
20
-2.3619518897637795
11
5.2490977952755902
21
-2.3631339370078739
0
LINE
8
BLACK
6
CONTINUOUS
10
5.2490977952755902
20
-2.3631339370078739
11
5.2490895669291335
21
-2.3631475196850391
0
LINE
8
BLACK
6
CONTINUOUS
10
5.2490895669291335
20
-2.3631475196850391
11
5.2490867322834642
21
-2.3631631889763778
0
LINE
8
BLACK
6
CONTINUOUS
10
5.2490867322834642
20
-2.3631631889763778
11
5.2486218897637791
21
-2.3643350393700788
0
LINE
8
BLACK
6
CONTINUOUS
10
5.2486218897637791
20
-2.3643350393700788
11
5.2486131102362208
21
-2.3643485433070865
0
LINE
8
BLACK
6
CONTINUOUS
10
5.2486131102362208
20
-2.3643485433070865
11
5.2486097637795277
21
-2.3643641732283465
0
LINE
8
BLACK
6
CONTINUOUS
10
5.2486097637795277
20
-2.3643641732283465
11
5.2481056299212598
21
-2.3655251574803149
0
LINE
8
BLACK
6
CONTINUOUS
10
5.2481056299212598
20
-2.3655251574803149
11
5.2480964173228344
21
-2.3655383858267718
0
LINE
8
BLACK
6
CONTINUOUS
10
5.2480964173228344
20
-2.3655383858267718
11
5.2480925196850396
21
-2.3655540944881888
0
LINE
8
BLACK
6
CONTINUOUS
10
5.2480925196850396
20
-2.3655540944881888
11
5.2475487007874015
21
-2.3667034251968504
0
LINE
8
BLACK
6
CONTINUOUS
10
5.2475487007874015
20
-2.3667034251968504
11
5.2475389763779523
21
-2.3667164960629923
0
LINE
8
BLACK
6
CONTINUOUS
10
5.2475389763779523
20
-2.3667164960629923
11
5.247534527559055
21
-2.3667321259842518
0
LINE
8
BLACK
6
CONTINUOUS
10
5.247534527559055
20
-2.3667321259842518
11
5.24695062992126
21
-2.3678689763779528
0
LINE
8
BLACK
6
CONTINUOUS
10
5.24695062992126
20
-2.3678689763779528
11
5.2469405118110233
21
-2.3678816929133859
0
LINE
8
BLACK
6
CONTINUOUS
10
5.2469405118110233
20
-2.3678816929133859
11
5.2469355118110235
21
-2.3678973228346458
0
LINE
8
BLACK
6
CONTINUOUS
10
5.2469355118110235
20
-2.3678973228346458
11
5.2463111811023619
21
-2.369021023622047
0
LINE
8
BLACK
6
CONTINUOUS
10
5.2463111811023619
20
-2.369021023622047
11
5.2463005118110235
21
-2.3690335826771651
0
LINE
8
BLACK
6
CONTINUOUS
10
5.2463005118110235
20
-2.3690335826771651
11
5.2462949999999999
21
-2.3690490157480313
0
LINE
8
BLACK
6
CONTINUOUS
10
5.2462949999999999
20
-2.3690490157480313
11
5.245629881889764
21
-2.3701587007874014
0
LINE
8
BLACK
6
CONTINUOUS
10
5.245629881889764
20
-2.3701587007874014
11
5.245618818897638
21
-2.3701708661417324
0
LINE
8
BLACK
6
CONTINUOUS
10
5.245618818897638
20
-2.3701708661417324
11
5.2456127559055119
21
-2.3701862598425198
0
LINE
8
BLACK
6
CONTINUOUS
10
5.2456127559055119
20
-2.3701862598425198
11
5.2449099606299212
21
-2.3712756299212598
0
LINE
8
BLACK
6
CONTINUOUS
10
5.2449099606299212
20
-2.3712756299212598
11
5.2440679133858268
21
-2.372609409448819
0
LINE
8
BLACK
6
CONTINUOUS
10
5.2440679133858268
20
-2.372609409448819
11
5.2440539763779528
21
-2.3726240551181101
0
LINE
8
BLACK
6
CONTINUOUS
10
5.2440539763779528
20
-2.3726240551181101
11
5.2440459842519687
21
-2.3726426377952756
0
LINE
8
BLACK
6
CONTINUOUS
10
5.2440459842519687
20
-2.3726426377952756
11
5.2431542913385822
21
-2.3739361023622045
0
LINE
8
BLACK
6
CONTINUOUS
10
5.2431542913385822
20
-2.3739361023622045
11
5.2431398818897641
21
-2.3739500393700785
0
LINE
8
BLACK
6
CONTINUOUS
10
5.2431398818897641
20
-2.3739500393700785
11
5.2431312598425199
21
-2.3739681102362202
0
LINE
8
BLACK
6
CONTINUOUS
10
5.2431312598425199
20
-2.3739681102362202
11
5.2421931102362205
21
-2.3752185826771655
0
LINE
8
BLACK
6
CONTINUOUS
10
5.2421931102362205
20
-2.3752185826771655
11
5.2421783070866139
21
-2.3752318110236219
0
LINE
8
BLACK
6
CONTINUOUS
10
5.2421783070866139
20
-2.3752318110236219
11
5.2421690944881885
21
-2.3752492913385828
0
LINE
8
BLACK
6
CONTINUOUS
10
5.2421690944881885
20
-2.3752492913385828
11
5.2411861811023623
21
-2.3764567322834647
0
LINE
8
BLACK
6
CONTINUOUS
10
5.2411861811023623
20
-2.3764567322834647
11
5.2411711417322833
21
-2.3764691338582677
0
LINE
8
BLACK
6
CONTINUOUS
10
5.2411711417322833
20
-2.3764691338582677
11
5.2411612992125987
21
-2.3764861417322836
0
LINE
8
BLACK
6
CONTINUOUS
10
5.2411612992125987
20
-2.3764861417322836
11
5.2401352362204721
21
-2.3776503543307088
0
LINE
8
BLACK
6
CONTINUOUS
10
5.2401352362204721
20
-2.3776503543307088
11
5.2401198818897639
21
-2.3776620472440944
0
LINE
8
BLACK
6
CONTINUOUS
10
5.2401198818897639
20
-2.3776620472440944
11
5.2401095275590546
21
-2.3776784251968501
0
LINE
8
BLACK
6
CONTINUOUS
10
5.2401095275590546
20
-2.3776784251968501
11
5.2390419291338581
21
-2.3787992913385825
0
LINE
8
BLACK
6
CONTINUOUS
10
5.2390419291338581
20
-2.3787992913385825
11
5.2390264173228349
21
-2.3788101968503939
0
LINE
8
BLACK
6
CONTINUOUS
10
5.2390264173228349
20
-2.3788101968503939
11
5.2390155905511806
21
-2.3788259448818896
0
LINE
8
BLACK
6
CONTINUOUS
10
5.2390155905511806
20
-2.3788259448818896
11
5.2379080708661414
21
-2.379903464566929
0
LINE
8
BLACK
6
CONTINUOUS
10
5.2379080708661414
20
-2.379903464566929
11
5.2378922440944882
21
-2.3799137007874016
0
LINE
8
BLACK
6
CONTINUOUS
10
5.2378922440944882
20
-2.3799137007874016
11
5.2378811023622047
21
-2.3799287007874015
0
LINE
8
BLACK
6
CONTINUOUS
10
5.2378811023622047
20
-2.3799287007874015
11
5.2367353543307082
21
-2.3809626377952755
0
LINE
8
BLACK
6
CONTINUOUS
10
5.2367353543307082
20
-2.3809626377952755
11
5.2367194488188975
21
-2.380972086614173
0
LINE
8
BLACK
6
CONTINUOUS
10
5.2367194488188975
20
-2.380972086614173
11
5.2367079133858265
21
-2.3809864960629921
0
LINE
8
BLACK
6
CONTINUOUS
10
5.2367079133858265
20
-2.3809864960629921
11
5.2355255118110238
21
-2.3819767716535432
0
LINE
8
BLACK
6
CONTINUOUS
10
5.2355255118110238
20
-2.3819767716535432
11
5.2355095669291334
21
-2.3819854724409448
0
LINE
8
BLACK
6
CONTINUOUS
10
5.2355095669291334
20
-2.3819854724409448
11
5.2354977165354333
21
-2.3819992125984251
0
LINE
8
BLACK
6
CONTINUOUS
10
5.2354977165354333
20
-2.3819992125984251
11
5.2342803543307088
21
-2.3829457480314962
0
LINE
8
BLACK
6
CONTINUOUS
10
5.2342803543307088
20
-2.3829457480314962
11
5.2342643700787397
21
-2.3829537401574803
0
LINE
8
BLACK
6
CONTINUOUS
10
5.2342643700787397
20
-2.3829537401574803
11
5.2342521653543308
21
-2.3829668897637797
0
LINE
8
BLACK
6
CONTINUOUS
10
5.2342521653543308
20
-2.3829668897637797
11
5.233001377952756
21
-2.3838694881889761
0
LINE
8
BLACK
6
CONTINUOUS
10
5.233001377952756
20
-2.3838694881889761
11
5.2329853543307081
21
-2.3838767716535432
0
LINE
8
BLACK
6
CONTINUOUS
10
5.2329853543307081
20
-2.3838767716535432
11
5.2329729527559055
21
-2.3838892519685038
0
LINE
8
BLACK
6
CONTINUOUS
10
5.2329729527559055
20
-2.3838892519685038
11
5.2316904330708658
21
-2.3847478346456694
0
LINE
8
BLACK
6
CONTINUOUS
10
5.2316904330708658
20
-2.3847478346456694
11
5.231674527559055
21
-2.3847544094488189
0
LINE
8
BLACK
6
CONTINUOUS
10
5.231674527559055
20
-2.3847544094488189
11
5.2316618503937002
21
-2.3847662992125982
0
LINE
8
BLACK
6
CONTINUOUS
10
5.2316618503937002
20
-2.3847662992125982
11
5.2303492125984254
21
-2.3855807874015746
0
LINE
8
BLACK
6
CONTINUOUS
10
5.2303492125984254
20
-2.3855807874015746
11
5.2303331889763776
21
-2.3855867716535433
0
LINE
8
BLACK
6
CONTINUOUS
10
5.2303331889763776
20
-2.3855867716535433
11
5.2303204330708661
21
-2.3855979527559055
0
LINE
8
BLACK
6
CONTINUOUS
10
5.2303204330708661
20
-2.3855979527559055
11
5.2289792913385824
21
-2.3863681889763777
0
LINE
8
BLACK
6
CONTINUOUS
10
5.2289792913385824
20
-2.3863681889763777
11
5.2289634645669292
21
-2.386373503937008
0
LINE
8
BLACK
6
CONTINUOUS
10
5.2289634645669292
20
-2.386373503937008
11
5.2289504724409444
21
-2.3863841338582676
0
LINE
8
BLACK
6
CONTINUOUS
10
5.2289504724409444
20
-2.3863841338582676
11
5.227582519685039
21
-2.3871099999999998
0
LINE
8
BLACK
6
CONTINUOUS
10
5.227582519685039
20
-2.3871099999999998
11
5.2275666929133857
21
-2.3871147244094488
0
LINE
8
BLACK
6
CONTINUOUS
10
5.2275666929133857
20
-2.3871147244094488
11
5.2275536220472443
21
-2.3871247244094489
0
LINE
8
BLACK
6
CONTINUOUS
10
5.2275536220472443
20
-2.3871247244094489
11
5.2262600787401574
21
-2.3877573622047246
0
LINE
8
BLACK
6
CONTINUOUS
10
5.2262600787401574
20
-2.3877573622047246
11
5.1954269291338582
21
-2.412668937007874
0
LINE
8
BLACK
6
CONTINUOUS
10
5.1954269291338582
20
-2.412668937007874
11
5.1954229921259838
21
-2.4126709842519682
0
LINE
8
BLACK
6
CONTINUOUS
10
5.1954229921259838
20
-2.4126709842519682
11
5.1954200393700782
21
-2.4126744881889763
0
LINE
8
BLACK
6
CONTINUOUS
10
5.1954200393700782
20
-2.4126744881889763
11
5.1642518503937005
21
-2.4373963779527559
0
LINE
8
BLACK
6
CONTINUOUS
10
5.1642518503937005
20
-2.4373963779527559
11
5.164247913385827
21
-2.4373983464566931
0
LINE
8
BLACK
6
CONTINUOUS
10
5.164247913385827
20
-2.4373983464566931
11
5.1642451181102365
21
-2.437401653543307
0
LINE
8
BLACK
6
CONTINUOUS
10
5.1642451181102365
20
-2.437401653543307
11
5.1014293700787396
21
-2.486344527559055
0
LINE
8
BLACK
6
CONTINUOUS
10
5.1014293700787396
20
-2.486344527559055
11
5.1014277559055117
21
-2.48634531496063
0
LINE
8
BLACK
6
CONTINUOUS
10
5.1014277559055117
20
-2.48634531496063
11
5.1014266141732278
21
-2.4863466535433072
0
LINE
8
BLACK
6
CONTINUOUS
10
5.1014266141732278
20
-2.4863466535433072
11
5.038415905511811
21
-2.5350838582677166
0
LINE
8
BLACK
6
CONTINUOUS
10
5.038415905511811
20
-2.5350838582677166
11
4.9757449606299211
21
-2.584168937007874
0
LINE
8
BLACK
6
CONTINUOUS
10
4.9757449606299211
20
-2.584168937007874
11
4.9757407086614176
21
-2.5841710629921257
0
LINE
8
BLACK
6
CONTINUOUS
10
4.9757407086614176
20
-2.5841710629921257
11
4.975737598425197
21
-2.5841746456692913
0
LINE
8
BLACK
6
CONTINUOUS
10
4.975737598425197
20
-2.5841746456692913
11
4.9295003543307088
21
-2.6196902755905511
0
LINE
8
BLACK
6
CONTINUOUS
10
4.9295003543307088
20
-2.6196902755905511
11
4.8836377559055117
21
-2.6557432677165353
0
LINE
8
BLACK
6
CONTINUOUS
10
4.8836377559055117
20
-2.6557432677165353
11
4.8836377952755905
21
-2.6557432677165353
0
LINE
8
BLACK
6
CONTINUOUS
10
4.8836377952755905
20
-2.6557432677165353
11
4.8378757874015745
21
-2.6919515748031495
0
LINE
8
BLACK
6
CONTINUOUS
10
4.8378757874015745
20
-2.6919515748031495
11
4.8378735433070865
21
-2.6919526771653541
0
LINE
8
BLACK
6
CONTINUOUS
10
4.8378735433070865
20
-2.6919526771653541
11
4.8378720078740161
21
-2.6919545275590551
0
LINE
8
BLACK
6
CONTINUOUS
10
4.8378720078740161
20
-2.6919545275590551
11
4.7934045275590549
21
-2.7267862598425197
0
LINE
8
BLACK
6
CONTINUOUS
10
4.7934045275590549
20
-2.7267862598425197
11
4.827124291338583
21
-2.7377122834645671
0
LINE
8
BLACK
6
CONTINUOUS
10
4.827124291338583
20
-2.7377122834645671
11
4.9041956299212597
21
-2.7318377559055116
0
LINE
8
BLACK
6
CONTINUOUS
10
4.9041956299212597
20
-2.7318377559055116
11
4.9042011023622045
21
-2.7318383858267716
0
LINE
8
BLACK
6
CONTINUOUS
10
4.9042011023622045
20
-2.7318383858267716
11
4.9042063779527556
21
-2.7318370078740157
0
LINE
8
BLACK
6
CONTINUOUS
10
4.9042063779527556
20
-2.7318370078740157
11
4.981576338582677
21
-2.7267893700787402
0
LINE
8
BLACK
6
CONTINUOUS
10
4.981576338582677
20
-2.7267893700787402
11
4.9815783858267713
21
-2.7267896062992127
0
LINE
8
BLACK
6
CONTINUOUS
10
4.9815783858267713
20
-2.7267896062992127
11
4.9815803149606301
21
-2.7267891338582677
0
LINE
8
BLACK
6
CONTINUOUS
10
4.9815803149606301
20
-2.7267891338582677
11
5.1357255118110237
21
-2.7173607086614173
0
LINE
8
BLACK
6
CONTINUOUS
10
5.1357255118110237
20
-2.7173607086614173
11
5.1412347244094487
21
-2.7004597637795276
0
LINE
8
BLACK
6
CONTINUOUS
10
5.1412347244094487
20
-2.7004597637795276
11
5.1412350393700788
21
-2.7004591338582675
0
LINE
8
BLACK
6
CONTINUOUS
10
5.1412350393700788
20
-2.7004591338582675
11
5.141235157480315
21
-2.7004584645669292
0
LINE
8
BLACK
6
CONTINUOUS
10
5.141235157480315
20
-2.7004584645669292
11
5.1477051181102365
21
-2.6807034645669292
0
LINE
8
BLACK
6
CONTINUOUS
10
5.1477051181102365
20
-2.6807034645669292
11
5.147889409448819
21
-2.6803761023622048
0
LINE
8
BLACK
6
CONTINUOUS
10
5.147889409448819
20
-2.6803761023622048
11
5.147890708661417
21
-2.6803721653543304
0
LINE
8
BLACK
6
CONTINUOUS
10
5.147890708661417
20
-2.6803721653543304
11
5.1478920078740158
21
-2.6803714566929133
0
LINE
8
BLACK
6
CONTINUOUS
10
5.1478920078740158
20
-2.6803714566929133
11
5.1478935433070863
21
-2.6803688188976378
0
LINE
8
BLACK
6
CONTINUOUS
10
5.1478935433070863
20
-2.6803688188976378
11
5.1482322834645666
21
-2.6801972047244096
0
LINE
8
BLACK
6
CONTINUOUS
10
5.1482322834645666
20
-2.6801972047244096
11
5.1485611811023624
21
-2.680028779527559
0
LINE
8
BLACK
6
CONTINUOUS
10
5.1485611811023624
20
-2.680028779527559
11
5.1485641338582679
21
-2.680029094488189
0
LINE
8
BLACK
6
CONTINUOUS
10
5.1485641338582679
20
-2.680029094488189
11
5.1485655118110234
21
-2.6800284251968503
0
LINE
8
BLACK
6
CONTINUOUS
10
5.1485655118110234
20
-2.6800284251968503
11
5.148569566929134
21
-2.6800297244094486
0
LINE
8
BLACK
6
CONTINUOUS
10
5.148569566929134
20
-2.6800297244094486
11
5.1489426377952752
21
-2.6800731496062991
0
LINE
8
BLACK
6
CONTINUOUS
10
5.1489426377952752
20
-2.6800731496062991
11
5.1651412204724405
21
-2.6852991732283464
0
LINE
8
BLACK
6
CONTINUOUS
10
5.1651412204724405
20
-2.6852991732283464
11
5.2379556692913383
21
-2.4928992519685038
0
LINE
8
BLACK
6
CONTINUOUS
10
5.2379556692913383
20
-2.4928992519685038
11
5.2379570472440946
21
-2.492896968503937
0
LINE
8
BLACK
6
CONTINUOUS
10
5.2379570472440946
20
-2.492896968503937
11
5.2379575196850396
21
-2.4928944488188978
0
LINE
8
BLACK
6
CONTINUOUS
10
5.2379575196850396
20
-2.4928944488188978
11
5.310933031496063
21
-2.3030626377952754
0
LINE
8
BLACK
6
CONTINUOUS
10
5.310933031496063
20
-2.3030626377952754
11
5.2542549999999997
21
-2.3435885826771652
0
LINE
8
BLACK
6
CONTINUOUS
10
3.4699173622047241
20
-2.1385347637795276
11
3.4699183464566929
21
-2.1385357480314959
0
LINE
8
BLACK
6
CONTINUOUS
10
3.4699183464566929
20
-2.1385357480314959
11
3.4699198031496064
21
-2.1385357480314959
0
LINE
8
BLACK
6
CONTINUOUS
10
3.4699198031496064
20
-2.1385357480314959
11
3.470032401574803
21
-2.138648346456693
0
LINE
8
BLACK
6
CONTINUOUS
10
3.470032401574803
20
-2.138648346456693
11
3.4701832677165352
21
-2.138697598425197
0
LINE
8
BLACK
6
CONTINUOUS
10
3.4701832677165352
20
-2.138697598425197
11
3.4702876377952756
21
-2.1389030708661418
0
LINE
8
BLACK
6
CONTINUOUS
10
3.4702876377952756
20
-2.1389030708661418
11
3.4704514173228347
21
-2.1390659842519684
0
LINE
8
BLACK
6
CONTINUOUS
10
3.4704514173228347
20
-2.1390659842519684
11
3.4704514173228347
21
-2.1390673622047243
0
LINE
8
BLACK
6
CONTINUOUS
10
3.4704514173228347
20
-2.1390673622047243
11
3.4704524409448818
21
-2.1390683858267714
0
LINE
8
BLACK
6
CONTINUOUS
10
3.4704524409448818
20
-2.1390683858267714
11
3.4705044488188976
21
-2.1393298818897639
0
LINE
8
BLACK
6
CONTINUOUS
10
3.4705044488188976
20
-2.1393298818897639
11
3.470524409448819
21
-2.1393691732283462
0
LINE
8
BLACK
6
CONTINUOUS
10
3.470524409448819
20
-2.1393691732283462
11
3.470519842519685
21
-2.1394072834645668
0
LINE
8
BLACK
6
CONTINUOUS
10
3.470519842519685
20
-2.1394072834645668
11
3.4705273622047241
21
-2.1394450393700786
0
LINE
8
BLACK
6
CONTINUOUS
10
3.4705273622047241
20
-2.1394450393700786
11
3.4705273622047241
21
-2.1394451968503936
0
LINE
8
BLACK
6
CONTINUOUS
10
3.4705273622047241
20
-2.1394451968503936
11
3.4704971653543306
21
-2.1395969685039371
0
LINE
8
BLACK
6
CONTINUOUS
10
3.4704971653543306
20
-2.1395969685039371
11
3.4704788188976377
21
-2.1397504724409449
0
LINE
8
BLACK
6
CONTINUOUS
10
3.4704788188976377
20
-2.1397504724409449
11
3.4095656299212598
21
-2.3264366141732284
0
LINE
8
BLACK
6
CONTINUOUS
10
3.4095656299212598
20
-2.3264366141732284
11
3.4095653937007873
21
-2.3264369685039368
0
LINE
8
BLACK
6
CONTINUOUS
10
3.4095653937007873
20
-2.3264369685039368
11
3.4095653543307085
21
-2.3264374803149606
0
LINE
8
BLACK
6
CONTINUOUS
10
3.4095653543307085
20
-2.3264374803149606
11
3.2953890551181102
21
-2.6752938188976376
0
LINE
8
BLACK
6
CONTINUOUS
10
3.2953890551181102
20
-2.6752938188976376
11
3.2952006692913387
21
-2.675628464566929
0
LINE
8
BLACK
6
CONTINUOUS
10
3.2952006692913387
20
-2.675628464566929
11
3.2950713385826771
21
-2.6756940157480313
0
LINE
8
BLACK
6
CONTINUOUS
10
3.2950713385826771
20
-2.6756940157480313
11
3.2949890157480315
21
-2.6758135826771654
0
LINE
8
BLACK
6
CONTINUOUS
10
3.2949890157480315
20
-2.6758135826771654
11
3.2947475984251966
21
-2.6758580708661417
0
LINE
8
BLACK
6
CONTINUOUS
10
3.2947475984251966
20
-2.6758580708661417
11
3.2945287795275591
21
-2.6759690157480316
0
LINE
8
BLACK
6
CONTINUOUS
10
3.2945287795275591
20
-2.6759690157480316
11
3.294390866141732
21
-2.6759238582677165
0
LINE
8
BLACK
6
CONTINUOUS
10
3.294390866141732
20
-2.6759238582677165
11
3.2942482283464565
21
-2.6759501968503936
0
LINE
8
BLACK
6
CONTINUOUS
10
3.2942482283464565
20
-2.6759501968503936
11
3.2938955118110234
21
-2.6757983070866143
0
LINE
8
BLACK
6
CONTINUOUS
10
3.2938955118110234
20
-2.6757983070866143
11
3.2834141338582676
21
-2.6685815748031496
0
LINE
8
BLACK
6
CONTINUOUS
10
3.2834141338582676
20
-2.6685815748031496
11
3.2834101968503937
21
-2.6685775590551182
0
LINE
8
BLACK
6
CONTINUOUS
10
3.2834101968503937
20
-2.6685775590551182
11
3.2834050787401572
21
-2.668575275590551
0
LINE
8
BLACK
6
CONTINUOUS
10
3.2834050787401572
20
-2.668575275590551
11
3.2782156299212599
21
-2.6649158267716535
0
LINE
8
BLACK
6
CONTINUOUS
10
3.2782156299212599
20
-2.6649158267716535
11
3.2782120472440943
21
-2.6649120866141733
0
LINE
8
BLACK
6
CONTINUOUS
10
3.2782120472440943
20
-2.6649120866141733
11
3.2782073228346458
21
-2.6649099212598424
0
LINE
8
BLACK
6
CONTINUOUS
10
3.2782073228346458
20
-2.6649099212598424
11
3.2730652362204724
21
-2.6612035433070864
0
LINE
8
BLACK
6
CONTINUOUS
10
3.2730652362204724
20
-2.6612035433070864
11
3.2730609055118109
21
-2.6611988976377954
0
LINE
8
BLACK
6
CONTINUOUS
10
3.2730609055118109
20
-2.6611988976377954
11
3.2730553149606298
21
-2.6611962598425198
0
LINE
8
BLACK
6
CONTINUOUS
10
3.2730553149606298
20
-2.6611962598425198
11
3.2679703543307084
21
-2.6574333464566928
0
LINE
8
BLACK
6
CONTINUOUS
10
3.2679703543307084
20
-2.6574333464566928
11
3.2679653543307086
21
-2.6574278346456692
0
LINE
8
BLACK
6
CONTINUOUS
10
3.2679653543307086
20
-2.6574278346456692
11
3.2679587401574803
21
-2.6574246062992124
0
LINE
8
BLACK
6
CONTINUOUS
10
3.2679587401574803
20
-2.6574246062992124
11
3.2629409842519683
21
-2.6535954724409447
0
LINE
8
BLACK
6
CONTINUOUS
10
3.2629409842519683
20
-2.6535954724409447
11
3.2629353543307085
21
-2.653589094488189
0
LINE
8
BLACK
6
CONTINUOUS
10
3.2629353543307085
20
-2.653589094488189
11
3.2629277952755906
21
-2.6535852362204726
0
LINE
8
BLACK
6
CONTINUOUS
10
3.2629277952755906
20
-2.6535852362204726
11
3.2579869685039369
21
-2.6496802755905513
0
LINE
8
BLACK
6
CONTINUOUS
10
3.2579869685039369
20
-2.6496802755905513
11
3.2579806692913387
21
-2.6496729133858268
0
LINE
8
BLACK
6
CONTINUOUS
10
3.2579806692913387
20
-2.6496729133858268
11
3.2579722440944883
21
-2.6496683858267716
0
LINE
8
BLACK
6
CONTINUOUS
10
3.2579722440944883
20
-2.6496683858267716
11
3.2531416141732281
21
-2.6456970472440946
0
LINE
8
BLACK
6
CONTINUOUS
10
3.2531416141732281
20
-2.6456970472440946
11
3.220491496062992
21
-2.6220327952755906
0
LINE
8
BLACK
6
CONTINUOUS
10
3.220491496062992
20
-2.6220327952755906
11
3.2203681102362203
21
-2.6218996062992126
0
LINE
8
BLACK
6
CONTINUOUS
10
3.2203681102362203
20
-2.6218996062992126
11
3.220321377952756
21
-2.6218758661417323
0
LINE
8
BLACK
6
CONTINUOUS
10
3.220321377952756
20
-2.6218758661417323
11
3.2202832677165354
21
-2.6218080314960628
0
LINE
8
BLACK
6
CONTINUOUS
10
3.2202832677165354
20
-2.6218080314960628
11
3.2202305118110237
21
-2.6217510629921259
0
LINE
8
BLACK
6
CONTINUOUS
10
3.2202305118110237
20
-2.6217510629921259
11
3.2202222440944883
21
-2.6216992913385826
0
LINE
8
BLACK
6
CONTINUOUS
10
3.2202222440944883
20
-2.6216992913385826
11
3.2201333858267716
21
-2.6215410236220471
0
LINE
8
BLACK
6
CONTINUOUS
10
3.2201333858267716
20
-2.6215410236220471
11
3.2075591338582679
21
-2.5829838976377952
0
LINE
8
BLACK
6
CONTINUOUS
10
3.2075591338582679
20
-2.5829838976377952
11
3.1888081102362205
21
-2.5890284251968505
0
LINE
8
BLACK
6
CONTINUOUS
10
3.1888081102362205
20
-2.5890284251968505
11
3.1878844094488188
21
-2.5894880708661416
0
LINE
8
BLACK
6
CONTINUOUS
10
3.1878844094488188
20
-2.5894880708661416
11
3.1878775984251968
21
-2.5894898818897638
0
LINE
8
BLACK
6
CONTINUOUS
10
3.1878775984251968
20
-2.5894898818897638
11
3.1878718897637794
21
-2.5894942125984253
0
LINE
8
BLACK
6
CONTINUOUS
10
3.1878718897637794
20
-2.5894942125984253
11
3.1868763385826773
21
-2.5899721259842519
0
LINE
8
BLACK
6
CONTINUOUS
10
3.1868763385826773
20
-2.5899721259842519
11
3.1868696062992123
21
-2.5899738188976378
0
LINE
8
BLACK
6
CONTINUOUS
10
3.1868696062992123
20
-2.5899738188976378
11
3.18686405511811
21
-2.5899779133858267
0
LINE
8
BLACK
6
CONTINUOUS
10
3.18686405511811
20
-2.5899779133858267
11
3.1858627559055117
21
-2.5904417322834643
0
LINE
8
BLACK
6
CONTINUOUS
10
3.1858627559055117
20
-2.5904417322834643
11
3.1858562598425197
21
-2.5904432677165352
0
LINE
8
BLACK
6
CONTINUOUS
10
3.1858562598425197
20
-2.5904432677165352
11
3.1858508267716537
21
-2.5904471653543308
0
LINE
8
BLACK
6
CONTINUOUS
10
3.1858508267716537
20
-2.5904471653543308
11
3.1848438582677163
21
-2.5908974409448819
0
LINE
8
BLACK
6
CONTINUOUS
10
3.1848438582677163
20
-2.5908974409448819
11
3.1848375196850394
21
-2.5908988582677166
0
LINE
8
BLACK
6
CONTINUOUS
10
3.1848375196850394
20
-2.5908988582677166
11
3.1848322047244095
21
-2.590902559055118
0
LINE
8
BLACK
6
CONTINUOUS
10
3.1848322047244095
20
-2.590902559055118
11
3.1838196062992123
21
-2.5913397637795277
0
LINE
8
BLACK
6
CONTINUOUS
10
3.1838196062992123
20
-2.5913397637795277
11
3.1838135039370079
21
-2.5913410629921261
0
LINE
8
BLACK
6
CONTINUOUS
10
3.1838135039370079
20
-2.5913410629921261
11
3.1838083858267714
21
-2.591344527559055
0
LINE
8
BLACK
6
CONTINUOUS
10
3.1838083858267714
20
-2.591344527559055
11
3.1827902362204723
21
-2.5917692125984253
0
LINE
8
BLACK
6
CONTINUOUS
10
3.1827902362204723
20
-2.5917692125984253
11
3.1827843700787399
21
-2.5917703543307087
0
LINE
8
BLACK
6
CONTINUOUS
10
3.1827843700787399
20
-2.5917703543307087
11
3.1827793307086614
21
-2.5917737007874013
0
LINE
8
BLACK
6
CONTINUOUS
10
3.1827793307086614
20
-2.5917737007874013
11
3.1817557480314962
21
-2.5921863385826769
0
LINE
8
BLACK
6
CONTINUOUS
10
3.1817557480314962
20
-2.5921863385826769
11
3.1817500393700788
21
-2.5921874015748032
0
LINE
8
BLACK
6
CONTINUOUS
10
3.1817500393700788
20
-2.5921874015748032
11
3.1817452755905511
21
-2.592190472440945
0
LINE
8
BLACK
6
CONTINUOUS
10
3.1817452755905511
20
-2.592190472440945
11
3.1807162992125986
21
-2.5925916535433071
0
LINE
8
BLACK
6
CONTINUOUS
10
3.1807162992125986
20
-2.5925916535433071
11
3.1803381496062992
21
-2.5926587007874016
0
LINE
8
BLACK
6
CONTINUOUS
10
3.1803381496062992
20
-2.5926587007874016
11
3.1802371653543307
21
-2.5926143700787403
0
LINE
8
BLACK
6
CONTINUOUS
10
3.1802371653543307
20
-2.5926143700787403
11
3.180128346456693
21
-2.5926315354330707
0
LINE
8
BLACK
6
CONTINUOUS
10
3.180128346456693
20
-2.5926315354330707
11
3.17977968503937
21
-2.5924705118110234
0
LINE
8
BLACK
6
CONTINUOUS
10
3.17977968503937
20
-2.5924705118110234
11
2.7332465354330706
21
-2.2675398425196849
0
LINE
8
BLACK
6
CONTINUOUS
10
2.7332465354330706
20
-2.2675398425196849
11
2.7332323228346458
21
-2.2675244488188975
0
LINE
8
BLACK
6
CONTINUOUS
10
2.7332323228346458
20
-2.2675244488188975
11
2.7332224803149607
21
-2.2675217716535432
0
LINE
8
BLACK
6
CONTINUOUS
10
2.7332224803149607
20
-2.2675217716535432
11
2.733106220472441
21
-2.2673877952755905
0
LINE
8
BLACK
6
CONTINUOUS
10
2.733106220472441
20
-2.2673877952755905
11
2.7329860629921261
21
-2.2672576377952756
0
LINE
8
BLACK
6
CONTINUOUS
10
2.7329860629921261
20
-2.2672576377952756
11
2.7329844488188977
21
-2.2672475196850392
0
LINE
8
BLACK
6
CONTINUOUS
10
2.7329844488188977
20
-2.2672475196850392
11
2.7329707480314962
21
-2.2672317322834643
0
LINE
8
BLACK
6
CONTINUOUS
10
2.7329707480314962
20
-2.2672317322834643
11
2.7276199606299212
21
-2.2578526771653542
0
LINE
8
BLACK
6
CONTINUOUS
10
2.7276199606299212
20
-2.2578526771653542
11
2.7274983858267716
21
-2.2574883858267718
0
LINE
8
BLACK
6
CONTINUOUS
10
2.7274983858267716
20
-2.2574883858267718
11
2.72749937007874
21
-2.2574846850393699
0
LINE
8
BLACK
6
CONTINUOUS
10
2.72749937007874
20
-2.2574846850393699
11
2.7274975590551183
21
-2.2574814566929131
0
LINE
8
BLACK
6
CONTINUOUS
10
2.7274975590551183
20
-2.2574814566929131
11
2.7275983070866143
21
-2.2571229527559056
0
LINE
8
BLACK
6
CONTINUOUS
10
2.7275983070866143
20
-2.2571229527559056
11
2.7276970866141732
21
-2.2567618110236221
0
LINE
8
BLACK
6
CONTINUOUS
10
2.7276970866141732
20
-2.2567618110236221
11
2.72770031496063
21
-2.2567599212598424
0
LINE
8
BLACK
6
CONTINUOUS
10
2.72770031496063
20
-2.2567599212598424
11
2.7277013779527559
21
-2.2567562992125985
0
LINE
8
BLACK
6
CONTINUOUS
10
2.7277013779527559
20
-2.2567562992125985
11
2.7279931889763778
21
-2.2565066535433069
0
LINE
8
BLACK
6
CONTINUOUS
10
2.7279931889763778
20
-2.2565066535433069
11
2.7302410629921261
21
-2.2552452362204725
0
LINE
8
BLACK
6
CONTINUOUS
10
2.7302410629921261
20
-2.2552452362204725
11
2.7324081102362205
21
-2.2538981496062993
0
LINE
8
BLACK
6
CONTINUOUS
10
2.7324081102362205
20
-2.2538981496062993
11
2.7345102362204723
21
-2.2524539763779527
0
LINE
8
BLACK
6
CONTINUOUS
10
2.7345102362204723
20
-2.2524539763779527
11
2.7365413779527556
21
-2.2509138188976379
0
LINE
8
BLACK
6
CONTINUOUS
10
2.7365413779527556
20
-2.2509138188976379
11
2.7384985433070868
21
-2.2492767716535433
0
LINE
8
BLACK
6
CONTINUOUS
10
2.7384985433070868
20
-2.2492767716535433
11
2.7403756299212598
21
-2.2475442519685038
0
LINE
8
BLACK
6
CONTINUOUS
10
2.7403756299212598
20
-2.2475442519685038
11
2.7421703543307085
21
-2.2457144488188976
0
LINE
8
BLACK
6
CONTINUOUS
10
2.7421703543307085
20
-2.2457144488188976
11
2.7438770078740156
21
-2.2437886614173226
0
LINE
8
BLACK
6
CONTINUOUS
10
2.7438770078740156
20
-2.2437886614173226
11
2.7454916141732282
21
-2.2417663779527559
0
LINE
8
BLACK
6
CONTINUOUS
10
2.7454916141732282
20
-2.2417663779527559
11
2.74701
21
-2.2396472834645671
0
LINE
8
BLACK
6
CONTINUOUS
10
2.74701
20
-2.2396472834645671
11
2.7484283858267715
21
-2.2374304330708661
0
LINE
8
BLACK
6
CONTINUOUS
10
2.7484283858267715
20
-2.2374304330708661
11
2.7497411023622047
21
-2.2351174409448817
0
LINE
8
BLACK
6
CONTINUOUS
10
2.7497411023622047
20
-2.2351174409448817
11
2.7509444881889764
21
-2.2327071653543307
0
LINE
8
BLACK
6
CONTINUOUS
10
2.7509444881889764
20
-2.2327071653543307
11
2.7520344881889764
21
-2.2301983858267715
0
LINE
8
BLACK
6
CONTINUOUS
10
2.7520344881889764
20
-2.2301983858267715
11
2.75300562992126
21
-2.2275932677165353
0
LINE
8
BLACK
6
CONTINUOUS
10
2.75300562992126
20
-2.2275932677165353
11
2.7538622834645667
21
-2.2248640157480315
0
LINE
8
BLACK
6
CONTINUOUS
10
2.7538622834645667
20
-2.2248640157480315
11
2.7538773622047246
21
-2.2248364173228348
0
LINE
8
BLACK
6
CONTINUOUS
10
2.7538773622047246
20
-2.2248364173228348
11
2.7538827165354332
21
-2.224805472440945
0
LINE
8
BLACK
6
CONTINUOUS
10
2.7538827165354332
20
-2.224805472440945
11
2.7580266535433071
21
-2.214030275590551
0
LINE
8
BLACK
6
CONTINUOUS
10
2.7580266535433071
20
-2.214030275590551
11
2.7580331496062991
21
-2.2140199606299213
0
LINE
8
BLACK
6
CONTINUOUS
10
2.7580331496062991
20
-2.2140199606299213
11
2.7580355511811021
21
-2.2140079133858266
0
LINE
8
BLACK
6
CONTINUOUS
10
2.7580355511811021
20
-2.2140079133858266
11
2.7624546062992126
21
-2.2033055511811024
0
LINE
8
BLACK
6
CONTINUOUS
10
2.7624546062992126
20
-2.2033055511811024
11
2.7624597637795274
21
-2.2032977559055116
0
LINE
8
BLACK
6
CONTINUOUS
10
2.7624597637795274
20
-2.2032977559055116
11
2.7624617716535433
21
-2.2032886220472441
0
LINE
8
BLACK
6
CONTINUOUS
10
2.7624617716535433
20
-2.2032886220472441
11
2.7670923228346456
21
-2.1926414566929133
0
LINE
8
BLACK
6
CONTINUOUS
10
2.7670923228346456
20
-2.1926414566929133
11
2.7670959842519682
21
-2.1926361023622047
0
LINE
8
BLACK
6
CONTINUOUS
10
2.7670959842519682
20
-2.1926361023622047
11
2.7670974803149604
21
-2.1926298031496061
0
LINE
8
BLACK
6
CONTINUOUS
10
2.7670974803149604
20
-2.1926298031496061
11
2.771875905511811
21
-2.1820203937007872
0
LINE
8
BLACK
6
CONTINUOUS
10
2.771875905511811
20
-2.1820203937007872
11
2.7718782677165352
21
-2.1820170078740158
0
LINE
8
BLACK
6
CONTINUOUS
10
2.7718782677165352
20
-2.1820170078740158
11
2.771879251968504
21
-2.1820130708661418
0
LINE
8
BLACK
6
CONTINUOUS
10
2.771879251968504
20
-2.1820130708661418
11
2.7816221653543307
21
-2.1608444488188976
0
LINE
8
BLACK
6
CONTINUOUS
10
2.7816221653543307
20
-2.1608444488188976
11
2.791196535433071
21
-2.139610118110236
0
LINE
8
BLACK
6
CONTINUOUS
10
2.791196535433071
20
-2.139610118110236
11
2.79141968503937
21
-2.1392975590551182
0
LINE
8
BLACK
6
CONTINUOUS
10
2.79141968503937
20
-2.1392975590551182
11
2.7915894881889765
21
-2.1392332677165355
0
LINE
8
BLACK
6
CONTINUOUS
10
2.7915894881889765
20
-2.1392332677165355
11
2.791718031496063
21
-2.1391050393700786
0
LINE
8
BLACK
6
CONTINUOUS
10
2.791718031496063
20
-2.1391050393700786
11
2.7920947244094489
21
-2.139030472440945
0
LINE
8
BLACK
6
CONTINUOUS
10
2.7920947244094489
20
-2.139030472440945
11
3.1308490157480313
21
-2.1393616929133858
0
LINE
8
BLACK
6
CONTINUOUS
10
3.1308490157480313
20
-2.1393616929133858
11
3.4695405118110236
21
-2.1384608267716536
0
LINE
8
BLACK
6
CONTINUOUS
10
3.4695405118110236
20
-2.1384608267716536
11
3.4699173622047241
21
-2.1385347637795276
0
LINE
8
BLACK
6
CONTINUOUS
10
3.1308532677165353
20
-2.141330157480315
11
3.1308514566929131
21
-2.1413298031496062
0
LINE
8
BLACK
6
CONTINUOUS
10
3.1308514566929131
20
-2.1413298031496062
11
3.1308496850393701
21
-2.141330157480315
0
LINE
8
BLACK
6
CONTINUOUS
10
3.1308496850393701
20
-2.141330157480315
11
2.7927293700787401
21
-2.1409994881889762
0
LINE
8
BLACK
6
CONTINUOUS
10
2.7927293700787401
20
-2.1409994881889762
11
2.7834166535433069
21
-2.1616536220472442
0
LINE
8
BLACK
6
CONTINUOUS
10
2.7834166535433069
20
-2.1616536220472442
11
2.7834143307086614
21
-2.1616568110236218
0
LINE
8
BLACK
6
CONTINUOUS
10
2.7834143307086614
20
-2.1616568110236218
11
2.7834134645669293
21
-2.1616605511811025
0
LINE
8
BLACK
6
CONTINUOUS
10
2.7834134645669293
20
-2.1616605511811025
11
2.7736706692913384
21
-2.1828287795275592
0
LINE
8
BLACK
6
CONTINUOUS
10
2.7736706692913384
20
-2.1828287795275592
11
2.7736707086614172
21
-2.1828287795275592
0
LINE
8
BLACK
6
CONTINUOUS
10
2.7736707086614172
20
-2.1828287795275592
11
2.7688948425196851
21
-2.1934323622047245
0
LINE
8
BLACK
6
CONTINUOUS
10
2.7688948425196851
20
-2.1934323622047245
11
2.7642706692913386
21
-2.2040649212598424
0
LINE
8
BLACK
6
CONTINUOUS
10
2.7642706692913386
20
-2.2040649212598424
11
2.7598593307086614
21
-2.2147486614173229
0
LINE
8
BLACK
6
CONTINUOUS
10
2.7598593307086614
20
-2.2147486614173229
11
2.7557312204724407
21
-2.2254827165354332
0
LINE
8
BLACK
6
CONTINUOUS
10
2.7557312204724407
20
-2.2254827165354332
11
2.7548761023622048
21
-2.2282071259842517
0
LINE
8
BLACK
6
CONTINUOUS
10
2.7548761023622048
20
-2.2282071259842517
11
2.7548634251968505
21
-2.2282302362204724
0
LINE
8
BLACK
6
CONTINUOUS
10
2.7548634251968505
20
-2.2282302362204724
11
2.754859251968504
21
-2.2282562204724408
0
LINE
8
BLACK
6
CONTINUOUS
10
2.754859251968504
20
-2.2282562204724408
11
2.753869527559055
21
-2.2309111023622048
0
LINE
8
BLACK
6
CONTINUOUS
10
2.753869527559055
20
-2.2309111023622048
11
2.753855590551181
21
-2.2309336220472442
0
LINE
8
BLACK
6
CONTINUOUS
10
2.753855590551181
20
-2.2309336220472442
11
2.7538499999999999
21
-2.230959527559055
0
LINE
8
BLACK
6
CONTINUOUS
10
2.7538499999999999
20
-2.230959527559055
11
2.7527394094488189
21
-2.2335156692913385
0
LINE
8
BLACK
6
CONTINUOUS
10
2.7527394094488189
20
-2.2335156692913385
11
2.7527242913385828
21
-2.233537440944882
0
LINE
8
BLACK
6
CONTINUOUS
10
2.7527242913385828
20
-2.233537440944882
11
2.752717283464567
21
-2.2335631496062991
0
LINE
8
BLACK
6
CONTINUOUS
10
2.752717283464567
20
-2.2335631496062991
11
2.7514903543307088
21
-2.2360204724409449
0
LINE
8
BLACK
6
CONTINUOUS
10
2.7514903543307088
20
-2.2360204724409449
11
2.7514740944881888
21
-2.2360414173228347
0
LINE
8
BLACK
6
CONTINUOUS
10
2.7514740944881888
20
-2.2360414173228347
11
2.7514657480314959
21
-2.2360666535433071
0
LINE
8
BLACK
6
CONTINUOUS
10
2.7514657480314959
20
-2.2360666535433071
11
2.7501271259842519
21
-2.2384251968503937
0
LINE
8
BLACK
6
CONTINUOUS
10
2.7501271259842519
20
-2.2384251968503937
11
2.7501098818897636
21
-2.2384451181102363
0
LINE
8
BLACK
6
CONTINUOUS
10
2.7501098818897636
20
-2.2384451181102363
11
2.7501002362204723
21
-2.2384698425196849
0
LINE
8
BLACK
6
CONTINUOUS
10
2.7501002362204723
20
-2.2384698425196849
11
2.7486543700787402
21
-2.2407296456692913
0
LINE
8
BLACK
6
CONTINUOUS
10
2.7486543700787402
20
-2.2407296456692913
11
2.7486361417322835
21
-2.2407485826771651
0
LINE
8
BLACK
6
CONTINUOUS
10
2.7486361417322835
20
-2.2407485826771651
11
2.7486253543307084
21
-2.2407724409448817
0
LINE
8
BLACK
6
CONTINUOUS
10
2.7486253543307084
20
-2.2407724409448817
11
2.7470769291338581
21
-2.242933503937008
0
LINE
8
BLACK
6
CONTINUOUS
10
2.7470769291338581
20
-2.242933503937008
11
2.7470579527559056
21
-2.2429512204724409
0
LINE
8
BLACK
6
CONTINUOUS
10
2.7470579527559056
20
-2.2429512204724409
11
2.7470460236220471
21
-2.2429743700787399
0
LINE
8
BLACK
6
CONTINUOUS
10
2.7470460236220471
20
-2.2429743700787399
11
2.7453994881889763
21
-2.2450366535433068
0
LINE
8
BLACK
6
CONTINUOUS
10
2.7453994881889763
20
-2.2450366535433068
11
2.7453798818897637
21
-2.2450531496062993
0
LINE
8
BLACK
6
CONTINUOUS
10
2.7453798818897637
20
-2.2450531496062993
11
2.7453669685039368
21
-2.24507531496063
0
LINE
8
BLACK
6
CONTINUOUS
10
2.7453669685039368
20
-2.24507531496063
11
2.7436269291338582
21
-2.2470388188976376
0
LINE
8
BLACK
6
CONTINUOUS
10
2.7436269291338582
20
-2.2470388188976376
11
2.7436067322834643
21
-2.2470540944881887
0
LINE
8
BLACK
6
CONTINUOUS
10
2.7436067322834643
20
-2.2470540944881887
11
2.7435929527559053
21
-2.2470752362204722
0
LINE
8
BLACK
6
CONTINUOUS
10
2.7435929527559053
20
-2.2470752362204722
11
2.7417639370078741
21
-2.2489399606299214
0
LINE
8
BLACK
6
CONTINUOUS
10
2.7417639370078741
20
-2.2489399606299214
11
2.7417433858267715
21
-2.2489539370078742
0
LINE
8
BLACK
6
CONTINUOUS
10
2.7417433858267715
20
-2.2489539370078742
11
2.7417288188976379
21
-2.2489740157480314
0
LINE
8
BLACK
6
CONTINUOUS
10
2.7417288188976379
20
-2.2489740157480314
11
2.7398154724409447
21
-2.2507399606299212
0
LINE
8
BLACK
6
CONTINUOUS
10
2.7398154724409447
20
-2.2507399606299212
11
2.73979468503937
21
-2.2507526377952756
0
LINE
8
BLACK
6
CONTINUOUS
10
2.73979468503937
20
-2.2507526377952756
11
2.7397794094488188
21
-2.2507716535433069
0
LINE
8
BLACK
6
CONTINUOUS
10
2.7397794094488188
20
-2.2507716535433069
11
2.7377861811023623
21
-2.2524388582677166
0
LINE
8
BLACK
6
CONTINUOUS
10
2.7377861811023623
20
-2.2524388582677166
11
2.7377652755905513
21
-2.2524502362204726
0
LINE
8
BLACK
6
CONTINUOUS
10
2.7377652755905513
20
-2.2524502362204726
11
2.7377494094488188
21
-2.252468188976378
0
LINE
8
BLACK
6
CONTINUOUS
10
2.7377494094488188
20
-2.252468188976378
11
2.7356809055118108
21
-2.2540366141732284
0
LINE
8
BLACK
6
CONTINUOUS
10
2.7356809055118108
20
-2.2540366141732284
11
2.7356599212598423
21
-2.2540468110236218
0
LINE
8
BLACK
6
CONTINUOUS
10
2.7356599212598423
20
-2.2540468110236218
11
2.7356435826771652
21
-2.2540635826771651
0
LINE
8
BLACK
6
CONTINUOUS
10
2.7356435826771652
20
-2.2540635826771651
11
2.7335044094488188
21
-2.2555332283464566
0
LINE
8
BLACK
6
CONTINUOUS
10
2.7335044094488188
20
-2.2555332283464566
11
2.7334833464566928
21
-2.2555422440944883
0
LINE
8
BLACK
6
CONTINUOUS
10
2.7334833464566928
20
-2.2555422440944883
11
2.733466653543307
21
-2.2555579133858266
0
LINE
8
BLACK
6
CONTINUOUS
10
2.733466653543307
20
-2.2555579133858266
11
2.7312613779527557
21
-2.2569287401574805
0
LINE
8
BLACK
6
CONTINUOUS
10
2.7312613779527557
20
-2.2569287401574805
11
2.7312404330708659
21
-2.2569365748031496
0
LINE
8
BLACK
6
CONTINUOUS
10
2.7312404330708659
20
-2.2569365748031496
11
2.7312234251968501
21
-2.2569511811023624
0
LINE
8
BLACK
6
CONTINUOUS
10
2.7312234251968501
20
-2.2569511811023624
11
2.729820905511811
21
-2.2577381889763779
0
LINE
8
BLACK
6
CONTINUOUS
10
2.729820905511811
20
-2.2577381889763779
11
2.7345757086614171
21
-2.2660725984251968
0
LINE
8
BLACK
6
CONTINUOUS
10
2.7345757086614171
20
-2.2660725984251968
11
3.1805027165354329
21
-2.5905622047244092
0
LINE
8
BLACK
6
CONTINUOUS
10
3.1805027165354329
20
-2.5905622047244092
11
3.1810235826771653
21
-2.5903590944881891
0
LINE
8
BLACK
6
CONTINUOUS
10
3.1810235826771653
20
-2.5903590944881891
11
3.1820389763779526
21
-2.5899497637795275
0
LINE
8
BLACK
6
CONTINUOUS
10
3.1820389763779526
20
-2.5899497637795275
11
3.1830466141732283
21
-2.5895294488188978
0
LINE
8
BLACK
6
CONTINUOUS
10
3.1830466141732283
20
-2.5895294488188978
11
3.1840459055118111
21
-2.5890979921259842
0
LINE
8
BLACK
6
CONTINUOUS
10
3.1840459055118111
20
-2.5890979921259842
11
3.1850403937007874
21
-2.5886533070866142
0
LINE
8
BLACK
6
CONTINUOUS
10
3.1850403937007874
20
-2.5886533070866142
11
3.1860289370078738
21
-2.5881953543307086
0
LINE
8
BLACK
6
CONTINUOUS
10
3.1860289370078738
20
-2.5881953543307086
11
3.1870149606299214
21
-2.5877220472440943
0
LINE
8
BLACK
6
CONTINUOUS
10
3.1870149606299214
20
-2.5877220472440943
11
3.1879972440944879
21
-2.5872332677165355
0
LINE
8
BLACK
6
CONTINUOUS
10
3.1879972440944879
20
-2.5872332677165355
11
3.1880688976377951
21
-2.5872137795275592
0
LINE
8
BLACK
6
CONTINUOUS
10
3.1880688976377951
20
-2.5872137795275592
11
3.1881337401574803
21
-2.5871776771653541
0
LINE
8
BLACK
6
CONTINUOUS
10
3.1881337401574803
20
-2.5871776771653541
11
3.207888779527559
21
-2.580809527559055
0
LINE
8
BLACK
6
CONTINUOUS
10
3.207888779527559
20
-2.580809527559055
11
3.208263779527559
21
-2.5807659842519683
0
LINE
8
BLACK
6
CONTINUOUS
10
3.208263779527559
20
-2.5807659842519683
11
3.2082669291338584
21
-2.580765
0
LINE
8
BLACK
6
CONTINUOUS
10
3.2082669291338584
20
-2.580765
11
3.2082679527559055
21
-2.5807655118110238
0
LINE
8
BLACK
6
CONTINUOUS
10
3.2082679527559055
20
-2.5807655118110238
11
3.2082702362204722
21
-2.5807652755905512
0
LINE
8
BLACK
6
CONTINUOUS
10
3.2082702362204722
20
-2.5807652755905512
11
3.2086013385826773
21
-2.5809349212598423
0
LINE
8
BLACK
6
CONTINUOUS
10
3.2086013385826773
20
-2.5809349212598423
11
3.2089384645669292
21
-2.5811062598425196
0
LINE
8
BLACK
6
CONTINUOUS
10
3.2089384645669292
20
-2.5811062598425196
11
3.2089395669291338
21
-2.5811082677165356
0
LINE
8
BLACK
6
CONTINUOUS
10
3.2089395669291338
20
-2.5811082677165356
11
3.208940590551181
21
-2.5811087795275589
0
LINE
8
BLACK
6
CONTINUOUS
10
3.208940590551181
20
-2.5811087795275589
11
3.2089415354330706
21
-2.5811117322834645
0
LINE
8
BLACK
6
CONTINUOUS
10
3.2089415354330706
20
-2.5811117322834645
11
3.2091264566929132
21
-2.5814411023622048
0
LINE
8
BLACK
6
CONTINUOUS
10
3.2091264566929132
20
-2.5814411023622048
11
3.2219056299212596
21
-2.6206265748031496
0
LINE
8
BLACK
6
CONTINUOUS
10
3.2219056299212596
20
-2.6206265748031496
11
3.2543209448818895
21
-2.6441207480314959
0
LINE
8
BLACK
6
CONTINUOUS
10
3.2543209448818895
20
-2.6441207480314959
11
3.2543415354330709
21
-2.644142992125984
0
LINE
8
BLACK
6
CONTINUOUS
10
3.2543415354330709
20
-2.644142992125984
11
3.2543683858267718
21
-2.6441573622047243
0
LINE
8
BLACK
6
CONTINUOUS
10
3.2543683858267718
20
-2.6441573622047243
11
3.2592153149606298
21
-2.6481420866141732
0
LINE
8
BLACK
6
CONTINUOUS
10
3.2592153149606298
20
-2.6481420866141732
11
3.2641420472440945
21
-2.652035905511811
0
LINE
8
BLACK
6
CONTINUOUS
10
3.2641420472440945
20
-2.652035905511811
11
3.2691470078740155
21
-2.6558552755905511
0
LINE
8
BLACK
6
CONTINUOUS
10
3.2691470078740155
20
-2.6558552755905511
11
3.2742207874015747
21
-2.6596099606299211
0
LINE
8
BLACK
6
CONTINUOUS
10
3.2742207874015747
20
-2.6596099606299211
11
3.2793534645669289
21
-2.6633095669291338
0
LINE
8
BLACK
6
CONTINUOUS
10
3.2793534645669289
20
-2.6633095669291338
11
3.2845355905511808
21
-2.6669638582677164
0
LINE
8
BLACK
6
CONTINUOUS
10
3.2845355905511808
20
-2.6669638582677164
11
3.2939276771653541
21
-2.673430590551181
0
LINE
8
BLACK
6
CONTINUOUS
10
3.2939276771653541
20
-2.673430590551181
11
3.4076945669291336
21
-2.3258251968503938
0
LINE
8
BLACK
6
CONTINUOUS
10
3.4076945669291336
20
-2.3258251968503938
11
3.4076945669291336
21
-2.325825157480315
0
LINE
8
BLACK
6
CONTINUOUS
10
3.4076945669291336
20
-2.325825157480315
11
3.4681855905511809
21
-2.1404328346456691
0
LINE
8
BLACK
6
CONTINUOUS
10
3.4681855905511809
20
-2.1404328346456691
11
3.1308532677165353
21
-2.141330157480315
0
LINE
8
BLACK
6
CONTINUOUS
10
4.4378938976377951
20
-2.1383905118110236
11
4.4379010236220475
21
-2.138391968503937
0
LINE
8
BLACK
6
CONTINUOUS
10
4.4379010236220475
20
-2.138391968503937
11
4.4379081889763778
21
-2.1383907480314961
0
LINE
8
BLACK
6
CONTINUOUS
10
4.4379081889763778
20
-2.1383907480314961
11
4.4441788582677164
21
-2.1385363385826772
0
LINE
8
BLACK
6
CONTINUOUS
10
4.4441788582677164
20
-2.1385363385826772
11
4.4441869685039368
21
-2.138538149606299
0
LINE
8
BLACK
6
CONTINUOUS
10
4.4441869685039368
20
-2.138538149606299
11
4.4441952755905509
21
-2.1385368503937006
0
LINE
8
BLACK
6
CONTINUOUS
10
4.4441952755905509
20
-2.1385368503937006
11
4.45044905511811
21
-2.1387863385826771
0
LINE
8
BLACK
6
CONTINUOUS
10
4.45044905511811
20
-2.1387863385826771
11
4.4504581889763779
21
-2.1387885433070868
0
LINE
8
BLACK
6
CONTINUOUS
10
4.4504581889763779
20
-2.1387885433070868
11
4.4504675984251971
21
-2.1387872440944879
0
LINE
8
BLACK
6
CONTINUOUS
10
4.4504675984251971
20
-2.1387872440944879
11
4.4566726377952754
21
-2.1391518897637796
0
LINE
8
BLACK
6
CONTINUOUS
10
4.4566726377952754
20
-2.1391518897637796
11
4.5096211811023625
21
-2.1390495275590551
0
LINE
8
BLACK
6
CONTINUOUS
10
4.5096211811023625
20
-2.1390495275590551
11
4.5098529133858269
21
-2.1390951574803148
0
LINE
8
BLACK
6
CONTINUOUS
10
4.5098529133858269
20
-2.1390951574803148
11
4.5099023228346455
21
-2.1390899606299212
0
LINE
8
BLACK
6
CONTINUOUS
10
4.5099023228346455
20
-2.1390899606299212
11
4.5099477165354331
21
-2.1391138188976377
0
LINE
8
BLACK
6
CONTINUOUS
10
4.5099477165354331
20
-2.1391138188976377
11
4.5099979921259843
21
-2.1391237401574803
0
LINE
8
BLACK
6
CONTINUOUS
10
4.5099979921259843
20
-2.1391237401574803
11
4.5100331102362201
21
-2.1391587007874016
0
LINE
8
BLACK
6
CONTINUOUS
10
4.5100331102362201
20
-2.1391587007874016
11
4.5102422047244097
21
-2.1392686614173226
0
LINE
8
BLACK
6
CONTINUOUS
10
4.5102422047244097
20
-2.1392686614173226
11
4.5121925196850396
21
-2.1408469685039369
0
LINE
8
BLACK
6
CONTINUOUS
10
4.5121925196850396
20
-2.1408469685039369
11
4.5141116535433072
21
-2.1423152362204725
0
LINE
8
BLACK
6
CONTINUOUS
10
4.5141116535433072
20
-2.1423152362204725
11
4.516003858267716
21
-2.143656811023622
0
LINE
8
BLACK
6
CONTINUOUS
10
4.516003858267716
20
-2.143656811023622
11
4.517861889763779
21
-2.1448466141732281
0
LINE
8
BLACK
6
CONTINUOUS
10
4.517861889763779
20
-2.1448466141732281
11
4.519687716535433
21
-2.145865905511811
0
LINE
8
BLACK
6
CONTINUOUS
10
4.519687716535433
20
-2.145865905511811
11
4.5205706299212594
21
-2.1462964566929132
0
LINE
8
BLACK
6
CONTINUOUS
10
4.5205706299212594
20
-2.1462964566929132
11
4.5214470078740154
21
-2.1466780314960627
0
LINE
8
BLACK
6
CONTINUOUS
10
4.5214470078740154
20
-2.1466780314960627
11
4.5223100787401576
21
-2.1470053149606301
0
LINE
8
BLACK
6
CONTINUOUS
10
4.5223100787401576
20
-2.1470053149606301
11
4.523156771653543
21
-2.1472751574803151
0
LINE
8
BLACK
6
CONTINUOUS
10
4.523156771653543
20
-2.1472751574803151
11
4.5239869291338586
21
-2.1474856692913384
0
LINE
8
BLACK
6
CONTINUOUS
10
4.5239869291338586
20
-2.1474856692913384
11
4.5247996850393699
21
-2.1476350787401572
0
LINE
8
BLACK
6
CONTINUOUS
10
4.5247996850393699
20
-2.1476350787401572
11
4.52559437007874
21
-2.1477216141732285
0
LINE
8
BLACK
6
CONTINUOUS
10
4.52559437007874
20
-2.1477216141732285
11
4.5263718897637792
21
-2.1477439370078741
0
LINE
8
BLACK
6
CONTINUOUS
10
4.5263718897637792
20
-2.1477439370078741
11
4.5271316535433073
21
-2.1477004330708662
0
LINE
8
BLACK
6
CONTINUOUS
10
4.5271316535433073
20
-2.1477004330708662
11
4.527876417322835
21
-2.1475892125984251
0
LINE
8
BLACK
6
CONTINUOUS
10
4.527876417322835
20
-2.1475892125984251
11
4.5286070866141728
21
-2.1474080314960631
0
LINE
8
BLACK
6
CONTINUOUS
10
4.5286070866141728
20
-2.1474080314960631
11
4.5293263385826767
21
-2.1471537401574801
0
LINE
8
BLACK
6
CONTINUOUS
10
4.5293263385826767
20
-2.1471537401574801
11
4.5300365748031499
21
-2.1468222047244092
0
LINE
8
BLACK
6
CONTINUOUS
10
4.5300365748031499
20
-2.1468222047244092
11
4.5307391338582672
21
-2.1464090157480316
0
LINE
8
BLACK
6
CONTINUOUS
10
4.5307391338582672
20
-2.1464090157480316
11
4.5314351574803151
21
-2.1459090944881889
0
LINE
8
BLACK
6
CONTINUOUS
10
4.5314351574803151
20
-2.1459090944881889
11
4.5321250787401572
21
-2.1453170472440943
0
LINE
8
BLACK
6
CONTINUOUS
10
4.5321250787401572
20
-2.1453170472440943
11
4.5328083858267716
21
-2.1446280314960631
0
LINE
8
BLACK
6
CONTINUOUS
10
4.5328083858267716
20
-2.1446280314960631
11
4.5334838582677168
21
-2.1438374803149607
0
LINE
8
BLACK
6
CONTINUOUS
10
4.5334838582677168
20
-2.1438374803149607
11
4.5341501181102357
21
-2.1429416929133858
0
LINE
8
BLACK
6
CONTINUOUS
10
4.5341501181102357
20
-2.1429416929133858
11
4.5348057086614171
21
-2.1419368503937006
0
LINE
8
BLACK
6
CONTINUOUS
10
4.5348057086614171
20
-2.1419368503937006
11
4.5354497637795275
21
-2.1408186614173226
0
LINE
8
BLACK
6
CONTINUOUS
10
4.5354497637795275
20
-2.1408186614173226
11
4.536090275590551
21
-2.139565433070866
0
LINE
8
BLACK
6
CONTINUOUS
10
4.536090275590551
20
-2.139565433070866
11
4.5363283858267716
21
-2.1392641338582679
0
LINE
8
BLACK
6
CONTINUOUS
10
4.5363283858267716
20
-2.1392641338582679
11
4.536478897637795
21
-2.1392153937007872
0
LINE
8
BLACK
6
CONTINUOUS
10
4.536478897637795
20
-2.1392153937007872
11
4.5365907874015745
21
-2.1391037401574802
0
LINE
8
BLACK
6
CONTINUOUS
10
4.5365907874015745
20
-2.1391037401574802
11
4.5369674803149609
21
-2.1390291338582679
0
LINE
8
BLACK
6
CONTINUOUS
10
4.5369674803149609
20
-2.1390291338582679
11
4.9472663779527561
21
-2.1393755905511811
0
LINE
8
BLACK
6
CONTINUOUS
10
4.9472663779527561
20
-2.1393755905511811
11
4.9473247244094489
21
-2.1393872440944883
0
LINE
8
BLACK
6
CONTINUOUS
10
4.9473247244094489
20
-2.1393872440944883
11
4.947384133858268
21
-2.1393827559055119
0
LINE
8
BLACK
6
CONTINUOUS
10
4.947384133858268
20
-2.1393827559055119
11
4.9581352755905508
21
-2.1406875984251967
0
LINE
8
BLACK
6
CONTINUOUS
10
4.9581352755905508
20
-2.1406875984251967
11
4.9581433464566924
21
-2.1406902362204723
0
LINE
8
BLACK
6
CONTINUOUS
10
4.9581433464566924
20
-2.1406902362204723
11
4.9581518110236216
21
-2.1406897637795277
0
LINE
8
BLACK
6
CONTINUOUS
10
4.9581518110236216
20
-2.1406897637795277
11
4.9688853937007869
21
-2.1421772047244092
0
LINE
8
BLACK
6
CONTINUOUS
10
4.9688853937007869
20
-2.1421772047244092
11
4.9688931889763781
21
-2.1421799212598427
0
LINE
8
BLACK
6
CONTINUOUS
10
4.9688931889763781
20
-2.1421799212598427
11
4.9689016535433073
21
-2.1421795669291339
0
LINE
8
BLACK
6
CONTINUOUS
10
4.9689016535433073
20
-2.1421795669291339
11
4.9742593307086613
21
-2.1430133858267717
0
LINE
8
BLACK
6
CONTINUOUS
10
4.9742593307086613
20
-2.1430133858267717
11
4.9742655511811025
21
-2.1430156299212597
0
LINE
8
BLACK
6
CONTINUOUS
10
4.9742655511811025
20
-2.1430156299212597
11
4.974272204724409
21
-2.1430154724409447
0
LINE
8
BLACK
6
CONTINUOUS
10
4.974272204724409
20
-2.1430154724409447
11
4.9796224803149602
21
-2.1439208661417322
0
LINE
8
BLACK
6
CONTINUOUS
10
4.9796224803149602
20
-2.1439208661417322
11
4.9796294488188977
21
-2.1439235039370077
0
LINE
8
BLACK
6
CONTINUOUS
10
4.9796294488188977
20
-2.1439235039370077
11
4.9796368503937005
21
-2.1439234251968502
0
LINE
8
BLACK
6
CONTINUOUS
10
4.9796368503937005
20
-2.1439234251968502
11
4.9849787007874014
21
-2.144909094488189
0
LINE
8
BLACK
6
CONTINUOUS
10
4.9849787007874014
20
-2.144909094488189
11
4.9849863385826767
21
-2.1449121259842521
0
LINE
8
BLACK
6
CONTINUOUS
10
4.9849863385826767
20
-2.1449121259842521
11
4.9849945669291333
21
-2.1449121653543308
0
LINE
8
BLACK
6
CONTINUOUS
10
4.9849945669291333
20
-2.1449121653543308
11
4.9902920866141729
21
-2.145979724409449
0
LINE
8
BLACK
6
CONTINUOUS
10
4.9902920866141729
20
-2.145979724409449
11
5.0074755118110232
21
-2.1481722440944879
0
LINE
8
BLACK
6
CONTINUOUS
10
5.0074755118110232
20
-2.1481722440944879
11
5.0074813779527556
21
-2.1481742125984251
0
LINE
8
BLACK
6
CONTINUOUS
10
5.0074813779527556
20
-2.1481742125984251
11
5.0074876771653543
21
-2.1481738582677163
0
LINE
8
BLACK
6
CONTINUOUS
10
5.0074876771653543
20
-2.1481738582677163
11
5.0246987007874013
21
-2.1505880708661418
0
LINE
8
BLACK
6
CONTINUOUS
10
5.0246987007874013
20
-2.1505880708661418
11
5.0247042913385824
21
-2.1505899999999998
0
LINE
8
BLACK
6
CONTINUOUS
10
5.0247042913385824
20
-2.1505899999999998
11
5.0247100393700785
21
-2.1505897637795277
0
LINE
8
BLACK
6
CONTINUOUS
10
5.0247100393700785
20
-2.1505897637795277
11
5.0591209448818892
21
-2.155826062992126
0
LINE
8
BLACK
6
CONTINUOUS
10
5.0591209448818892
20
-2.155826062992126
11
5.0591226771653544
21
-2.1558266929133856
0
LINE
8
BLACK
6
CONTINUOUS
10
5.0591226771653544
20
-2.1558266929133856
11
5.0591247244094486
21
-2.1558266141732285
0
LINE
8
BLACK
6
CONTINUOUS
10
5.0591247244094486
20
-2.1558266141732285
11
5.0935371653543307
21
-2.1611996062992125
0
LINE
8
BLACK
6
CONTINUOUS
10
5.0935371653543307
20
-2.1611996062992125
11
5.1279698425196854
21
-2.1662209448818897
0
LINE
8
BLACK
6
CONTINUOUS
10
5.1279698425196854
20
-2.1662209448818897
11
5.1283317322834643
21
-2.1663494094488187
0
LINE
8
BLACK
6
CONTINUOUS
10
5.1283317322834643
20
-2.1663494094488187
11
5.1283730708661412
21
-2.1664048425196851
0
LINE
8
BLACK
6
CONTINUOUS
10
5.1283730708661412
20
-2.1664048425196851
11
5.1284395669291341
21
-2.1664238582677164
0
LINE
8
BLACK
6
CONTINUOUS
10
5.1284395669291341
20
-2.1664238582677164
11
5.128593031496063
21
-2.1666999606299213
0
LINE
8
BLACK
6
CONTINUOUS
10
5.128593031496063
20
-2.1666999606299213
11
5.1287819291338579
21
-2.166953346456693
0
LINE
8
BLACK
6
CONTINUOUS
10
5.1287819291338579
20
-2.166953346456693
11
5.1287719291338583
21
-2.1670217716535434
0
LINE
8
BLACK
6
CONTINUOUS
10
5.1287719291338583
20
-2.1670217716535434
11
5.1288055511811024
21
-2.1670822440944884
0
LINE
8
BLACK
6
CONTINUOUS
10
5.1288055511811024
20
-2.1670822440944884
11
5.128774212598425
21
-2.167465
0
LINE
8
BLACK
6
CONTINUOUS
10
5.128774212598425
20
-2.167465
11
5.1256440157480316
21
-2.1784307086614172
0
LINE
8
BLACK
6
CONTINUOUS
10
5.1256440157480316
20
-2.1784307086614172
11
5.12415531496063
21
-2.1839861417322832
0
LINE
8
BLACK
6
CONTINUOUS
10
5.12415531496063
20
-2.1839861417322832
11
5.1227575984251965
21
-2.1895774803149606
0
LINE
8
BLACK
6
CONTINUOUS
10
5.1227575984251965
20
-2.1895774803149606
11
5.1214833070866144
21
-2.1951856692913387
0
LINE
8
BLACK
6
CONTINUOUS
10
5.1214833070866144
20
-2.1951856692913387
11
5.1203637401574804
21
-2.2007962992125982
0
LINE
8
BLACK
6
CONTINUOUS
10
5.1203637401574804
20
-2.2007962992125982
11
5.1194307874015745
21
-2.2063913779527558
0
LINE
8
BLACK
6
CONTINUOUS
10
5.1194307874015745
20
-2.2063913779527558
11
5.1187127559055119
21
-2.2119776771653541
0
LINE
8
BLACK
6
CONTINUOUS
10
5.1187127559055119
20
-2.2119776771653541
11
5.118691102362205
21
-2.2120420078740155
0
LINE
8
BLACK
6
CONTINUOUS
10
5.118691102362205
20
-2.2120420078740155
11
5.1186864960629919
21
-2.2121097244094488
0
LINE
8
BLACK
6
CONTINUOUS
10
5.1186864960629919
20
-2.2121097244094488
11
5.1181101968503935
21
-2.2142355511811025
0
LINE
8
BLACK
6
CONTINUOUS
10
5.1181101968503935
20
-2.2142355511811025
11
5.1175897637795273
21
-2.2163646850393701
0
LINE
8
BLACK
6
CONTINUOUS
10
5.1175897637795273
20
-2.2163646850393701
11
5.1171227559055117
21
-2.2185049606299212
0
LINE
8
BLACK
6
CONTINUOUS
10
5.1171227559055117
20
-2.2185049606299212
11
5.1167084251968502
21
-2.2206585826771654
0
LINE
8
BLACK
6
CONTINUOUS
10
5.1167084251968502
20
-2.2206585826771654
11
5.1163483858267718
21
-2.2228169291338582
0
LINE
8
BLACK
6
CONTINUOUS
10
5.1163483858267718
20
-2.2228169291338582
11
5.1160418503937004
21
-2.2249843700787402
0
LINE
8
BLACK
6
CONTINUOUS
10
5.1160418503937004
20
-2.2249843700787402
11
5.1157897637795271
21
-2.2271539763779526
0
LINE
8
BLACK
6
CONTINUOUS
10
5.1157897637795271
20
-2.2271539763779526
11
5.1155922047244093
21
-2.2293251574803148
0
LINE
8
BLACK
6
CONTINUOUS
10
5.1155922047244093
20
-2.2293251574803148
11
5.1154494881889763
21
-2.2314955118110236
0
LINE
8
BLACK
6
CONTINUOUS
10
5.1154494881889763
20
-2.2314955118110236
11
5.1153616929133854
21
-2.2336654724409448
0
LINE
8
BLACK
6
CONTINUOUS
10
5.1153616929133854
20
-2.2336654724409448
11
5.1153294094488189
21
-2.2358267322834644
0
LINE
8
BLACK
6
CONTINUOUS
10
5.1153294094488189
20
-2.2358267322834644
11
5.1153527559055121
21
-2.2379845275590551
0
LINE
8
BLACK
6
CONTINUOUS
10
5.1153527559055121
20
-2.2379845275590551
11
5.1154319685039367
21
-2.240130433070866
0
LINE
8
BLACK
6
CONTINUOUS
10
5.1154319685039367
20
-2.240130433070866
11
5.1155674803149607
21
-2.2422665748031494
0
LINE
8
BLACK
6
CONTINUOUS
10
5.1155674803149607
20
-2.2422665748031494
11
5.1157591732283461
21
-2.244386181102362
0
LINE
8
BLACK
6
CONTINUOUS
10
5.1157591732283461
20
-2.244386181102362
11
5.1160094881889764
21
-2.2465064173228346
0
LINE
8
BLACK
6
CONTINUOUS
10
5.1160094881889764
20
-2.2465064173228346
11
5.1160087795275588
21
-2.2465152362204726
0
LINE
8
BLACK
6
CONTINUOUS
10
5.1160087795275588
20
-2.2465152362204726
11
5.1160113385826769
21
-2.2465236220472442
0
LINE
8
BLACK
6
CONTINUOUS
10
5.1160113385826769
20
-2.2465236220472442
11
5.1165352362204723
21
-2.2517492519685041
0
LINE
8
BLACK
6
CONTINUOUS
10
5.1165352362204723
20
-2.2517492519685041
11
5.1165333464566931
21
-2.2517684645669291
0
LINE
8
BLACK
6
CONTINUOUS
10
5.1165333464566931
20
-2.2517684645669291
11
5.1165383070866142
21
-2.2517872047244092
0
LINE
8
BLACK
6
CONTINUOUS
10
5.1165383070866142
20
-2.2517872047244092
11
5.1168651574803148
21
-2.2571167716535432
0
LINE
8
BLACK
6
CONTINUOUS
10
5.1168651574803148
20
-2.2571167716535432
11
5.116863031496063
21
-2.2571322440944881
0
LINE
8
BLACK
6
CONTINUOUS
10
5.116863031496063
20
-2.2571322440944881
11
5.1168665748031499
21
-2.2571475984251967
0
LINE
8
BLACK
6
CONTINUOUS
10
5.1168665748031499
20
-2.2571475984251967
11
5.1170287007874018
21
-2.2625666929133859
0
LINE
8
BLACK
6
CONTINUOUS
10
5.1170287007874018
20
-2.2625666929133859
11
5.1170266535433067
21
-2.2625787007874014
0
LINE
8
BLACK
6
CONTINUOUS
10
5.1170266535433067
20
-2.2625787007874014
11
5.1170291338582672
21
-2.2625907480314962
0
LINE
8
BLACK
6
CONTINUOUS
10
5.1170291338582672
20
-2.2625907480314962
11
5.1170590551181103
21
-2.2680848031496064
0
LINE
8
BLACK
6
CONTINUOUS
10
5.1170590551181103
20
-2.2680848031496064
11
5.1170573228346452
21
-2.2680937007874014
0
LINE
8
BLACK
6
CONTINUOUS
10
5.1170573228346452
20
-2.2680937007874014
11
5.1170589763779528
21
-2.268102559055118
0
LINE
8
BLACK
6
CONTINUOUS
10
5.1170589763779528
20
-2.268102559055118
11
5.1169890944881891
21
-2.2736570472440945
0
LINE
8
BLACK
6
CONTINUOUS
10
5.1169890944881891
20
-2.2736570472440945
11
5.116987834645669
21
-2.2736629527559056
0
LINE
8
BLACK
6
CONTINUOUS
10
5.116987834645669
20
-2.2736629527559056
11
5.1169888582677165
21
-2.2736688188976379
0
LINE
8
BLACK
6
CONTINUOUS
10
5.1169888582677165
20
-2.2736688188976379
11
5.1168515354330708
21
-2.2792693700787403
0
LINE
8
BLACK
6
CONTINUOUS
10
5.1168515354330708
20
-2.2792693700787403
11
5.1168508267716533
21
-2.2792723622047242
0
LINE
8
BLACK
6
CONTINUOUS
10
5.1168508267716533
20
-2.2792723622047242
11
5.1168513779527558
21
-2.2792755118110235
0
LINE
8
BLACK
6
CONTINUOUS
10
5.1168513779527558
20
-2.2792755118110235
11
5.1165041732283463
21
-2.2905566929133858
0
LINE
8
BLACK
6
CONTINUOUS
10
5.1165041732283463
20
-2.2905566929133858
11
5.116417716535433
21
-2.290930866141732
0
LINE
8
BLACK
6
CONTINUOUS
10
5.116417716535433
20
-2.290930866141732
11
5.116364527559055
21
-2.2909808267716536
0
LINE
8
BLACK
6
CONTINUOUS
10
5.116364527559055
20
-2.2909808267716536
11
5.1163520866141727
21
-2.2910527952755904
0
LINE
8
BLACK
6
CONTINUOUS
10
5.1163520866141727
20
-2.2910527952755904
11
5.1160873228346455
21
-2.2913309842519682
0
LINE
8
BLACK
6
CONTINUOUS
10
5.1160873228346455
20
-2.2913309842519682
11
4.8466119685039368
21
-2.4811965354330709
0
LINE
8
BLACK
6
CONTINUOUS
10
4.8466119685039368
20
-2.4811965354330709
11
4.5779234251968504
21
-2.6720456692913386
0
LINE
8
BLACK
6
CONTINUOUS
10
4.5779234251968504
20
-2.6720456692913386
11
4.5775729527559053
21
-2.6722027165354332
0
LINE
8
BLACK
6
CONTINUOUS
10
4.5775729527559053
20
-2.6722027165354332
11
4.577416811023622
21
-2.6721762598425198
0
LINE
8
BLACK
6
CONTINUOUS
10
4.577416811023622
20
-2.6721762598425198
11
4.5772657086614172
21
-2.6722235826771654
0
LINE
8
BLACK
6
CONTINUOUS
10
4.5772657086614172
20
-2.6722235826771654
11
4.5770595275590553
21
-2.6721157086614173
0
LINE
8
BLACK
6
CONTINUOUS
10
4.5770595275590553
20
-2.6721157086614173
11
4.5768302755905514
21
-2.6720768897637797
0
LINE
8
BLACK
6
CONTINUOUS
10
4.5768302755905514
20
-2.6720768897637797
11
4.5767385826771649
21
-2.6719478346456693
0
LINE
8
BLACK
6
CONTINUOUS
10
4.5767385826771649
20
-2.6719478346456693
11
4.576598228346457
21
-2.6718744094488187
0
LINE
8
BLACK
6
CONTINUOUS
10
4.576598228346457
20
-2.6718744094488187
11
4.5764142125984248
21
-2.6715373228346455
0
LINE
8
BLACK
6
CONTINUOUS
10
4.5764142125984248
20
-2.6715373228346455
11
4.5746625984251965
21
-2.665942401574803
0
LINE
8
BLACK
6
CONTINUOUS
10
4.5746625984251965
20
-2.665942401574803
11
4.5746615748031498
21
-2.665933188976378
0
LINE
8
BLACK
6
CONTINUOUS
10
4.5746615748031498
20
-2.665933188976378
11
4.5746573622047242
21
-2.6659250787401576
0
LINE
8
BLACK
6
CONTINUOUS
10
4.5746573622047242
20
-2.6659250787401576
11
4.5730134251968506
21
-2.6603140944881889
0
LINE
8
BLACK
6
CONTINUOUS
10
4.5730134251968506
20
-2.6603140944881889
11
4.5730127165354331
21
-2.6603064173228348
0
LINE
8
BLACK
6
CONTINUOUS
10
4.5730127165354331
20
-2.6603064173228348
11
4.5730093307086612
21
-2.6602996456692911
0
LINE
8
BLACK
6
CONTINUOUS
10
4.5730093307086612
20
-2.6602996456692911
11
4.5722318897637795
21
-2.6574877165354329
0
LINE
8
BLACK
6
CONTINUOUS
10
4.5722318897637795
20
-2.6574877165354329
11
4.5722314566929132
21
-2.6574822440944881
0
LINE
8
BLACK
6
CONTINUOUS
10
4.5722314566929132
20
-2.6574822440944881
11
4.5722290551181102
21
-2.657477283464567
0
LINE
8
BLACK
6
CONTINUOUS
10
4.5722290551181102
20
-2.657477283464567
11
4.5714835433070862
21
-2.6546609055118111
0
LINE
8
BLACK
6
CONTINUOUS
10
4.5714835433070862
20
-2.6546609055118111
11
4.5714831496062995
21
-2.6546550787401575
0
LINE
8
BLACK
6
CONTINUOUS
10
4.5714831496062995
20
-2.6546550787401575
11
4.5714807086614169
21
-2.6546498818897639
0
LINE
8
BLACK
6
CONTINUOUS
10
4.5714807086614169
20
-2.6546498818897639
11
4.5707687795275591
21
-2.6518288188976378
0
LINE
8
BLACK
6
CONTINUOUS
10
4.5707687795275591
20
-2.6518288188976378
11
4.5707684645669291
21
-2.6518227165354329
0
LINE
8
BLACK
6
CONTINUOUS
10
4.5707684645669291
20
-2.6518227165354329
11
4.5707659448818898
21
-2.651817244094488
0
LINE
8
BLACK
6
CONTINUOUS
10
4.5707659448818898
20
-2.651817244094488
11
4.5700980314960633
21
-2.6490284251968501
0
LINE
8
BLACK
6
CONTINUOUS
10
4.5700980314960633
20
-2.6490284251968501
11
4.4054168110236223
21
-2.1400533070866143
0
LINE
8
BLACK
6
CONTINUOUS
10
4.4054168110236223
20
-2.1400533070866143
11
4.4054159448818897
21
-2.1400461417322836
0
LINE
8
BLACK
6
CONTINUOUS
10
4.4054159448818897
20
-2.1400461417322836
11
4.4054125196850391
21
-2.1400397637795274
0
LINE
8
BLACK
6
CONTINUOUS
10
4.4054125196850391
20
-2.1400397637795274
11
4.4054122047244091
21
-2.1400387401574803
0
LINE
8
BLACK
6
CONTINUOUS
10
4.4054122047244091
20
-2.1400387401574803
11
4.4054073622047243
21
-2.1399916141732285
0
LINE
8
BLACK
6
CONTINUOUS
10
4.4054073622047243
20
-2.1399916141732285
11
4.4053920078740161
21
-2.1399699999999999
0
LINE
8
BLACK
6
CONTINUOUS
10
4.4053920078740161
20
-2.1399699999999999
11
4.405400196850394
21
-2.1399215748031497
0
LINE
8
BLACK
6
CONTINUOUS
10
4.405400196850394
20
-2.1399215748031497
11
4.4053920078740161
21
-2.1398417716535434
0
LINE
8
BLACK
6
CONTINUOUS
10
4.4053920078740161
20
-2.1398417716535434
11
4.4053721259842522
21
-2.1396718897637794
0
LINE
8
BLACK
6
CONTINUOUS
10
4.4053721259842522
20
-2.1396718897637794
11
4.4053741732283465
21
-2.1396677952755905
0
LINE
8
BLACK
6
CONTINUOUS
10
4.4053741732283465
20
-2.1396677952755905
11
4.4053730708661414
21
-2.1396566929133858
0
LINE
8
BLACK
6
CONTINUOUS
10
4.4053730708661414
20
-2.1396566929133858
11
4.4054372440944878
21
-2.1395354330708662
0
LINE
8
BLACK
6
CONTINUOUS
10
4.4054372440944878
20
-2.1395354330708662
11
4.405434173228346
21
-2.1393935433070865
0
LINE
8
BLACK
6
CONTINUOUS
10
4.405434173228346
20
-2.1393935433070865
11
4.4055014566929129
21
-2.1393232283464565
0
LINE
8
BLACK
6
CONTINUOUS
10
4.4055014566929129
20
-2.1393232283464565
11
4.4055177165354333
21
-2.1392272834645669
0
LINE
8
BLACK
6
CONTINUOUS
10
4.4055177165354333
20
-2.1392272834645669
11
4.405695748031496
21
-2.1390386220472442
0
LINE
8
BLACK
6
CONTINUOUS
10
4.405695748031496
20
-2.1390386220472442
11
4.4057149606299211
21
-2.1390011417322836
0
LINE
8
BLACK
6
CONTINUOUS
10
4.4057149606299211
20
-2.1390011417322836
11
4.4057211811023622
21
-2.1389990944881889
0
LINE
8
BLACK
6
CONTINUOUS
10
4.4057211811023622
20
-2.1389990944881889
11
4.4057255118110232
21
-2.1389909842519685
0
LINE
8
BLACK
6
CONTINUOUS
10
4.4057255118110232
20
-2.1389909842519685
11
4.405747007874016
21
-2.1389843307086616
0
LINE
8
BLACK
6
CONTINUOUS
10
4.405747007874016
20
-2.1389843307086616
11
4.4057813385826767
21
-2.1389480314960632
0
LINE
8
BLACK
6
CONTINUOUS
10
4.4057813385826767
20
-2.1389480314960632
11
4.4057828740157481
21
-2.1389469685039368
0
LINE
8
BLACK
6
CONTINUOUS
10
4.4057828740157481
20
-2.1389469685039368
11
4.405920984251968
21
-2.1388850393700789
0
LINE
8
BLACK
6
CONTINUOUS
10
4.405920984251968
20
-2.1388850393700789
11
4.4059550787401571
21
-2.1388494488188976
0
LINE
8
BLACK
6
CONTINUOUS
10
4.4059550787401571
20
-2.1388494488188976
11
4.4060447244094485
21
-2.1388295669291337
0
LINE
8
BLACK
6
CONTINUOUS
10
4.4060447244094485
20
-2.1388295669291337
11
4.4061333070866144
21
-2.1387898818897639
0
LINE
8
BLACK
6
CONTINUOUS
10
4.4061333070866144
20
-2.1387898818897639
11
4.4061846850393698
21
-2.1387985433070864
0
LINE
8
BLACK
6
CONTINUOUS
10
4.4061846850393698
20
-2.1387985433070864
11
4.4062419291338584
21
-2.1387858661417321
0
LINE
8
BLACK
6
CONTINUOUS
10
4.4062419291338584
20
-2.1387858661417321
11
4.4063283858267717
21
-2.1387664173228345
0
LINE
8
BLACK
6
CONTINUOUS
10
4.4063283858267717
20
-2.1387664173228345
11
4.4189680314960631
21
-2.1384475196850392
0
LINE
8
BLACK
6
CONTINUOUS
10
4.4189680314960631
20
-2.1384475196850392
11
4.4189761023622047
21
-2.1384488976377951
0
LINE
8
BLACK
6
CONTINUOUS
10
4.4189761023622047
20
-2.1384488976377951
11
4.4189841732283464
21
-2.1384472440944879
0
LINE
8
BLACK
6
CONTINUOUS
10
4.4189841732283464
20
-2.1384472440944879
11
4.4315911811023625
21
-2.1383358661417322
0
LINE
8
BLACK
6
CONTINUOUS
10
4.4315911811023625
20
-2.1383358661417322
11
4.4315998031496058
21
-2.1383374803149606
0
LINE
8
BLACK
6
CONTINUOUS
10
4.4315998031496058
20
-2.1383374803149606
11
4.4316084251968499
21
-2.1383358661417322
0
LINE
8
BLACK
6
CONTINUOUS
10
4.4316084251968499
20
-2.1383358661417322
11
4.4378938976377951
21
-2.1383905118110236
0
LINE
8
BLACK
6
CONTINUOUS
10
4.4190095275590551
20
-2.1404155118110237
11
4.407695236220472
21
-2.1407009448818899
0
LINE
8
BLACK
6
CONTINUOUS
10
4.407695236220472
20
-2.1407009448818899
11
4.571982716535433
21
-2.6484590944881887
0
LINE
8
BLACK
6
CONTINUOUS
10
4.571982716535433
20
-2.6484590944881887
11
4.571987204724409
21
-2.6484975590551181
0
LINE
8
BLACK
6
CONTINUOUS
10
4.571987204724409
20
-2.6484975590551181
11
4.5720034645669294
21
-2.6485328740157481
0
LINE
8
BLACK
6
CONTINUOUS
10
4.5720034645669294
20
-2.6485328740157481
11
4.5726791732283463
21
-2.6513543307086613
0
LINE
8
BLACK
6
CONTINUOUS
10
4.5726791732283463
20
-2.6513543307086613
11
4.5733875590551181
21
-2.6541614566929135
0
LINE
8
BLACK
6
CONTINUOUS
10
4.5733875590551181
20
-2.6541614566929135
11
4.5741308267716532
21
-2.6569693307086615
0
LINE
8
BLACK
6
CONTINUOUS
10
4.5741308267716532
20
-2.6569693307086615
11
4.5749040551181102
21
-2.6597659842519685
0
LINE
8
BLACK
6
CONTINUOUS
10
4.5749040551181102
20
-2.6597659842519685
11
4.5765440157480315
21
-2.6653636614173228
0
LINE
8
BLACK
6
CONTINUOUS
10
4.5765440157480315
20
-2.6653636614173228
11
4.5778879527559058
21
-2.6696563385826773
0
LINE
8
BLACK
6
CONTINUOUS
10
4.5778879527559058
20
-2.6696563385826773
11
4.8454751181102358
21
-2.4795895669291337
0
LINE
8
BLACK
6
CONTINUOUS
10
4.8454751181102358
20
-2.4795895669291337
11
4.8454768503937009
21
-2.4795887401574803
0
LINE
8
BLACK
6
CONTINUOUS
10
4.8454768503937009
20
-2.4795887401574803
11
4.8454781889763776
21
-2.4795874015748032
0
LINE
8
BLACK
6
CONTINUOUS
10
4.8454781889763776
20
-2.4795874015748032
11
5.1145518110236221
21
-2.2900049212598423
0
LINE
8
BLACK
6
CONTINUOUS
10
5.1145518110236221
20
-2.2900049212598423
11
5.1148838976377951
21
-2.279214960629921
0
LINE
8
BLACK
6
CONTINUOUS
10
5.1148838976377951
20
-2.279214960629921
11
5.115020866141732
21
-2.2736279133858268
0
LINE
8
BLACK
6
CONTINUOUS
10
5.115020866141732
20
-2.2736279133858268
11
5.115090551181102
21
-2.2680874803149607
0
LINE
8
BLACK
6
CONTINUOUS
10
5.115090551181102
20
-2.2680874803149607
11
5.115060748031496
21
-2.2626131889763781
0
LINE
8
BLACK
6
CONTINUOUS
10
5.115060748031496
20
-2.2626131889763781
11
5.1148994488188979
21
-2.2572214566929132
0
LINE
8
BLACK
6
CONTINUOUS
10
5.1148994488188979
20
-2.2572214566929132
11
5.114574724409449
21
-2.2519264173228346
0
LINE
8
BLACK
6
CONTINUOUS
10
5.114574724409449
20
-2.2519264173228346
11
5.1140537401574804
21
-2.2467301181102362
0
LINE
8
BLACK
6
CONTINUOUS
10
5.1140537401574804
20
-2.2467301181102362
11
5.1138028740157475
21
-2.2446047244094487
0
LINE
8
BLACK
6
CONTINUOUS
10
5.1138028740157475
20
-2.2446047244094487
11
5.1138039370078738
21
-2.2445909842519685
0
LINE
8
BLACK
6
CONTINUOUS
10
5.1138039370078738
20
-2.2445909842519685
11
5.1138001181102357
21
-2.2445779921259841
0
LINE
8
BLACK
6
CONTINUOUS
10
5.1138001181102357
20
-2.2445779921259841
11
5.1136058267716535
21
-2.2424299606299214
0
LINE
8
BLACK
6
CONTINUOUS
10
5.1136058267716535
20
-2.2424299606299214
11
5.1136072440944877
21
-2.2424166141732282
0
LINE
8
BLACK
6
CONTINUOUS
10
5.1136072440944877
20
-2.2424166141732282
11
5.1136037795275593
21
-2.2424035826771651
0
LINE
8
BLACK
6
CONTINUOUS
10
5.1136037795275593
20
-2.2424035826771651
11
5.1134666929133861
21
-2.2402422047244093
0
LINE
8
BLACK
6
CONTINUOUS
10
5.1134666929133861
20
-2.2402422047244093
11
5.1134684251968503
21
-2.2402290944881891
0
LINE
8
BLACK
6
CONTINUOUS
10
5.1134684251968503
20
-2.2402290944881891
11
5.1134653937007872
21
-2.2402162598425197
0
LINE
8
BLACK
6
CONTINUOUS
10
5.1134653937007872
20
-2.2402162598425197
11
5.1133851968503938
21
-2.2380436220472442
0
LINE
8
BLACK
6
CONTINUOUS
10
5.1133851968503938
20
-2.2380436220472442
11
5.1133872440944881
21
-2.238030748031496
0
LINE
8
BLACK
6
CONTINUOUS
10
5.1133872440944881
20
-2.238030748031496
11
5.1133845669291338
21
-2.2380179527559054
0
LINE
8
BLACK
6
CONTINUOUS
10
5.1133845669291338
20
-2.2380179527559054
11
5.1133609448818893
21
-2.2358364173228344
0
LINE
8
BLACK
6
CONTINUOUS
10
5.1133609448818893
20
-2.2358364173228344
11
5.1133633070866145
21
-2.2358236220472438
0
LINE
8
BLACK
6
CONTINUOUS
10
5.1133633070866145
20
-2.2358236220472438
11
5.1133610236220468
21
-2.235811023622047
0
LINE
8
BLACK
6
CONTINUOUS
10
5.1133610236220468
20
-2.235811023622047
11
5.1133937401574805
21
-2.2336225984251969
0
LINE
8
BLACK
6
CONTINUOUS
10
5.1133937401574805
20
-2.2336225984251969
11
5.113396377952756
21
-2.2336101574803151
0
LINE
8
BLACK
6
CONTINUOUS
10
5.113396377952756
20
-2.2336101574803151
11
5.1133944094488184
21
-2.2335975196850395
0
LINE
8
BLACK
6
CONTINUOUS
10
5.1133944094488184
20
-2.2335975196850395
11
5.1134831102362206
21
-2.2314042913385825
0
LINE
8
BLACK
6
CONTINUOUS
10
5.1134831102362206
20
-2.2314042913385825
11
5.1134860629921262
21
-2.2313919291338582
0
LINE
8
BLACK
6
CONTINUOUS
10
5.1134860629921262
20
-2.2313919291338582
11
5.1134844488188973
21
-2.2313794881889764
0
LINE
8
BLACK
6
CONTINUOUS
10
5.1134844488188973
20
-2.2313794881889764
11
5.1136288582677167
21
-2.2291838582677164
0
LINE
8
BLACK
6
CONTINUOUS
10
5.1136288582677167
20
-2.2291838582677164
11
5.1136320866141727
21
-2.2291717322834645
0
LINE
8
BLACK
6
CONTINUOUS
10
5.1136320866141727
20
-2.2291717322834645
11
5.1136307874015747
21
-2.229159251968504
0
LINE
8
BLACK
6
CONTINUOUS
10
5.1136307874015747
20
-2.229159251968504
11
5.1138305905511814
21
-2.2269632283464564
0
LINE
8
BLACK
6
CONTINUOUS
10
5.1138305905511814
20
-2.2269632283464564
11
5.1138340944881886
21
-2.2269512598425196
0
LINE
8
BLACK
6
CONTINUOUS
10
5.1138340944881886
20
-2.2269512598425196
11
5.1138331102362207
21
-2.2269388188976378
0
LINE
8
BLACK
6
CONTINUOUS
10
5.1138331102362207
20
-2.2269388188976378
11
5.114088070866142
21
-2.2247445669291337
0
LINE
8
BLACK
6
CONTINUOUS
10
5.114088070866142
20
-2.2247445669291337
11
5.1140918503937005
21
-2.2247327559055119
0
LINE
8
BLACK
6
CONTINUOUS
10
5.1140918503937005
20
-2.2247327559055119
11
5.1140911811023617
21
-2.2247203149606301
0
LINE
8
BLACK
6
CONTINUOUS
10
5.1140911811023617
20
-2.2247203149606301
11
5.1144009448818899
21
-2.2225300787401574
0
LINE
8
BLACK
6
CONTINUOUS
10
5.1144009448818899
20
-2.2225300787401574
11
5.1144050393700784
21
-2.2225182677165356
0
LINE
8
BLACK
6
CONTINUOUS
10
5.1144050393700784
20
-2.2225182677165356
11
5.1144046850393696
21
-2.2225059842519683
0
LINE
8
BLACK
6
CONTINUOUS
10
5.1144046850393696
20
-2.2225059842519683
11
5.1147690157480312
21
-2.2203218503937006
0
LINE
8
BLACK
6
CONTINUOUS
10
5.1147690157480312
20
-2.2203218503937006
11
5.1147733858267719
21
-2.2203102755905513
0
LINE
8
BLACK
6
CONTINUOUS
10
5.1147733858267719
20
-2.2203102755905513
11
5.1147733070866144
21
-2.2202978740157482
0
LINE
8
BLACK
6
CONTINUOUS
10
5.1147733070866144
20
-2.2202978740157482
11
5.1151918897637794
21
-2.2181220866141733
0
LINE
8
BLACK
6
CONTINUOUS
10
5.1151918897637794
20
-2.2181220866141733
11
5.1151965748031492
21
-2.2181105511811023
0
LINE
8
BLACK
6
CONTINUOUS
10
5.1151965748031492
20
-2.2181105511811023
11
5.1151968110236217
21
-2.218098188976378
0
LINE
8
BLACK
6
CONTINUOUS
10
5.1151968110236217
20
-2.218098188976378
11
5.1156692913385822
21
-2.2159328740157478
0
LINE
8
BLACK
6
CONTINUOUS
10
5.1156692913385822
20
-2.2159328740157478
11
5.1156742519685041
21
-2.2159214566929135
0
LINE
8
BLACK
6
CONTINUOUS
10
5.1156742519685041
20
-2.2159214566929135
11
5.1156748031496058
21
-2.2159089763779529
0
LINE
8
BLACK
6
CONTINUOUS
10
5.1156748031496058
20
-2.2159089763779529
11
5.116200984251968
21
-2.2137563385826771
0
LINE
8
BLACK
6
CONTINUOUS
10
5.116200984251968
20
-2.2137563385826771
11
5.11620625984252
21
-2.2137449606299211
0
LINE
8
BLACK
6
CONTINUOUS
10
5.11620625984252
20
-2.2137449606299211
11
5.1162071259842516
21
-2.2137325196850393
0
LINE
8
BLACK
6
CONTINUOUS
10
5.1162071259842516
20
-2.2137325196850393
11
5.1167689763779522
21
-2.2116598031496064
0
LINE
8
BLACK
6
CONTINUOUS
10
5.1167689763779522
20
-2.2116598031496064
11
5.1174808661417321
21
-2.206121653543307
0
LINE
8
BLACK
6
CONTINUOUS
10
5.1174808661417321
20
-2.206121653543307
11
5.1174867716535433
21
-2.2061039763779529
0
LINE
8
BLACK
6
CONTINUOUS
10
5.1174867716535433
20
-2.2061039763779529
11
5.1174862204724407
21
-2.2060852362204724
0
LINE
8
BLACK
6
CONTINUOUS
10
5.1174862204724407
20
-2.2060852362204724
11
5.118424881889764
21
-2.200456181102362
0
LINE
8
BLACK
6
CONTINUOUS
10
5.118424881889764
20
-2.200456181102362
11
5.1184304724409451
21
-2.2004412992125983
0
LINE
8
BLACK
6
CONTINUOUS
10
5.1184304724409451
20
-2.2004412992125983
11
5.1184305118110238
21
-2.2004254724409447
0
LINE
8
BLACK
6
CONTINUOUS
10
5.1184305118110238
20
-2.2004254724409447
11
5.1195554724409451
21
-2.1947876771653543
0
LINE
8
BLACK
6
CONTINUOUS
10
5.1195554724409451
20
-2.1947876771653543
11
5.1195605118110237
21
-2.1947754330708662
0
LINE
8
BLACK
6
CONTINUOUS
10
5.1195605118110237
20
-2.1947754330708662
11
5.1195609055118112
21
-2.1947622047244093
0
LINE
8
BLACK
6
CONTINUOUS
10
5.1195609055118112
20
-2.1947622047244093
11
5.1208404330708657
21
-2.1891309842519684
0
LINE
8
BLACK
6
CONTINUOUS
10
5.1208404330708657
20
-2.1891309842519684
11
5.1208448031496063
21
-2.1891211023622046
0
LINE
8
BLACK
6
CONTINUOUS
10
5.1208448031496063
20
-2.1891211023622046
11
5.1208453543307089
21
-2.1891103543307087
0
LINE
8
BLACK
6
CONTINUOUS
10
5.1208453543307089
20
-2.1891103543307087
11
5.122247637795275
21
-2.1835009055118109
0
LINE
8
BLACK
6
CONTINUOUS
10
5.122247637795275
20
-2.1835009055118109
11
5.1222512598425194
21
-2.1834932283464568
0
LINE
8
BLACK
6
CONTINUOUS
10
5.1222512598425194
20
-2.1834932283464568
11
5.1222518110236219
21
-2.1834848425196851
0
LINE
8
BLACK
6
CONTINUOUS
10
5.1222518110236219
20
-2.1834848425196851
11
5.1237450393700783
21
-2.1779124803149608
0
LINE
8
BLACK
6
CONTINUOUS
10
5.1237450393700783
20
-2.1779124803149608
11
5.1237486220472439
21
-2.1779051968503937
0
LINE
8
BLACK
6
CONTINUOUS
10
5.1237486220472439
20
-2.1779051968503937
11
5.1237492913385827
21
-2.1778970866141734
0
LINE
8
BLACK
6
CONTINUOUS
10
5.1237492913385827
20
-2.1778970866141734
11
5.1265725984251969
21
-2.1680063779527559
0
LINE
8
BLACK
6
CONTINUOUS
10
5.1265725984251969
20
-2.1680063779527559
11
5.0932453937007871
21
-2.1631462992125985
0
LINE
8
BLACK
6
CONTINUOUS
10
5.0932453937007871
20
-2.1631462992125985
11
5.0932406692913386
21
-2.1631446062992126
0
LINE
8
BLACK
6
CONTINUOUS
10
5.0932406692913386
20
-2.1631446062992126
11
5.0932355905511812
21
-2.1631448425196851
0
LINE
8
BLACK
6
CONTINUOUS
10
5.0932355905511812
20
-2.1631448425196851
11
5.0588233858267717
21
-2.1577718503937007
0
LINE
8
BLACK
6
CONTINUOUS
10
5.0588233858267717
20
-2.1577718503937007
11
5.0244220078740156
21
-2.1525369685039371
0
LINE
8
BLACK
6
CONTINUOUS
10
5.0244220078740156
20
-2.1525369685039371
11
5.0072190944881889
21
-2.1501238976377954
0
LINE
8
BLACK
6
CONTINUOUS
10
5.0072190944881889
20
-2.1501238976377954
11
4.9900079921259843
21
-2.1479278740157479
0
LINE
8
BLACK
6
CONTINUOUS
10
4.9900079921259843
20
-2.1479278740157479
11
4.9899739370078739
21
-2.1479164566929132
0
LINE
8
BLACK
6
CONTINUOUS
10
4.9899739370078739
20
-2.1479164566929132
11
4.9899381496062993
21
-2.1479163779527557
0
LINE
8
BLACK
6
CONTINUOUS
10
4.9899381496062993
20
-2.1479163779527557
11
4.984614488188976
21
-2.1468435433070865
0
LINE
8
BLACK
6
CONTINUOUS
10
4.984614488188976
20
-2.1468435433070865
11
4.9792879921259843
21
-2.1458607086614174
0
LINE
8
BLACK
6
CONTINUOUS
10
4.9792879921259843
20
-2.1458607086614174
11
4.9739503149606294
21
-2.1449574409448817
0
LINE
8
BLACK
6
CONTINUOUS
10
4.9739503149606294
20
-2.1449574409448817
11
4.9686056692913381
21
-2.1441256299212599
0
LINE
8
BLACK
6
CONTINUOUS
10
4.9686056692913381
20
-2.1441256299212599
11
4.9578907480314962
21
-2.1426407874015747
0
LINE
8
BLACK
6
CONTINUOUS
10
4.9578907480314962
20
-2.1426407874015747
11
4.9472055905511807
21
-2.141343937007874
0
LINE
8
BLACK
6
CONTINUOUS
10
4.9472055905511807
20
-2.141343937007874
11
4.537568661417323
21
-2.1409980314960628
0
LINE
8
BLACK
6
CONTINUOUS
10
4.537568661417323
20
-2.1409980314960628
11
4.5371911811023624
21
-2.1417366929133856
0
LINE
8
BLACK
6
CONTINUOUS
10
4.5371911811023624
20
-2.1417366929133856
11
4.5371756692913383
21
-2.1417562598425195
0
LINE
8
BLACK
6
CONTINUOUS
10
4.5371756692913383
20
-2.1417562598425195
11
4.5371676771653542
21
-2.1417799999999998
0
LINE
8
BLACK
6
CONTINUOUS
10
4.5371676771653542
20
-2.1417799999999998
11
4.5364978740157476
21
-2.1429429133858267
0
LINE
8
BLACK
6
CONTINUOUS
10
4.5364978740157476
20
-2.1429429133858267
11
4.5364795669291338
21
-2.1429637795275589
0
LINE
8
BLACK
6
CONTINUOUS
10
4.5364795669291338
20
-2.1429637795275589
11
4.5364692913385829
21
-2.1429894488188976
0
LINE
8
BLACK
6
CONTINUOUS
10
4.5364692913385829
20
-2.1429894488188976
11
4.5357820866141729
21
-2.1440427952755905
0
LINE
8
BLACK
6
CONTINUOUS
10
4.5357820866141729
20
-2.1440427952755905
11
4.5357606299212598
21
-2.1440646850393699
0
LINE
8
BLACK
6
CONTINUOUS
10
4.5357606299212598
20
-2.1440646850393699
11
4.5357475196850396
21
-2.1440923622047245
0
LINE
8
BLACK
6
CONTINUOUS
10
4.5357475196850396
20
-2.1440923622047245
11
4.5350433070866139
21
-2.1450391732283465
0
LINE
8
BLACK
6
CONTINUOUS
10
4.5350433070866139
20
-2.1450391732283465
11
4.5350182677165352
21
-2.1450617716535434
0
LINE
8
BLACK
6
CONTINUOUS
10
4.5350182677165352
20
-2.1450617716535434
11
4.5350018110236219
21
-2.1450911811023623
0
LINE
8
BLACK
6
CONTINUOUS
10
4.5350018110236219
20
-2.1450911811023623
11
4.5342812204724412
21
-2.1459345275590551
0
LINE
8
BLACK
6
CONTINUOUS
10
4.5342812204724412
20
-2.1459345275590551
11
4.5342521653543306
21
-2.1459573622047246
0
LINE
8
BLACK
6
CONTINUOUS
10
4.5342521653543306
20
-2.1459573622047246
11
4.5342318110236217
21
-2.1459881889763781
0
LINE
8
BLACK
6
CONTINUOUS
10
4.5342318110236217
20
-2.1459881889763781
11
4.5334951181102365
21
-2.1467310629921261
0
LINE
8
BLACK
6
CONTINUOUS
10
4.5334951181102365
20
-2.1467310629921261
11
4.5334618897637791
21
-2.1467534251968505
0
LINE
8
BLACK
6
CONTINUOUS
10
4.5334618897637791
20
-2.1467534251968505
11
4.5334372440944879
21
-2.1467848818897637
0
LINE
8
BLACK
6
CONTINUOUS
10
4.5334372440944879
20
-2.1467848818897637
11
4.5326851181102361
21
-2.1474303937007875
0
LINE
8
BLACK
6
CONTINUOUS
10
4.5326851181102361
20
-2.1474303937007875
11
4.5326475984251964
21
-2.1474514960629922
0
LINE
8
BLACK
6
CONTINUOUS
10
4.5326475984251964
20
-2.1474514960629922
11
4.5326183070866142
21
-2.1474828740157479
0
LINE
8
BLACK
6
CONTINUOUS
10
4.5326183070866142
20
-2.1474828740157479
11
4.5318511417322833
21
-2.1480339763779526
0
LINE
8
BLACK
6
CONTINUOUS
10
4.5318511417322833
20
-2.1480339763779526
11
4.5318097244094488
21
-2.1480527559055118
0
LINE
8
BLACK
6
CONTINUOUS
10
4.5318097244094488
20
-2.1480527559055118
11
4.5317758661417322
21
-2.1480829921259841
0
LINE
8
BLACK
6
CONTINUOUS
10
4.5317758661417322
20
-2.1480829921259841
11
4.5309941732283461
21
-2.1485427165354332
0
LINE
8
BLACK
6
CONTINUOUS
10
4.5309941732283461
20
-2.1485427165354332
11
4.5309495275590548
21
-2.1485582677165356
0
LINE
8
BLACK
6
CONTINUOUS
10
4.5309495275590548
20
-2.1485582677165356
11
4.5309114960629921
21
-2.1485861811023623
0
LINE
8
BLACK
6
CONTINUOUS
10
4.5309114960629921
20
-2.1485861811023623
11
4.5301157480314957
21
-2.1489575984251967
0
LINE
8
BLACK
6
CONTINUOUS
10
4.5301157480314957
20
-2.1489575984251967
11
4.5300689370078739
21
-2.1489690551181102
0
LINE
8
BLACK
6
CONTINUOUS
10
4.5300689370078739
20
-2.1489690551181102
11
4.5300275590551182
21
-2.1489936614173226
0
LINE
8
BLACK
6
CONTINUOUS
10
4.5300275590551182
20
-2.1489936614173226
11
4.5292182283464566
21
-2.1492798031496063
0
LINE
8
BLACK
6
CONTINUOUS
10
4.5292182283464566
20
-2.1492798031496063
11
4.5291705511811022
21
-2.1492866535433071
0
LINE
8
BLACK
6
CONTINUOUS
10
4.5291705511811022
20
-2.1492866535433071
11
4.529127007874016
21
-2.1493071653543305
0
LINE
8
BLACK
6
CONTINUOUS
10
4.529127007874016
20
-2.1493071653543305
11
4.5283046456692908
21
-2.1495110629921261
0
LINE
8
BLACK
6
CONTINUOUS
10
4.5283046456692908
20
-2.1495110629921261
11
4.5282575590551177
21
-2.1495132283464566
0
LINE
8
BLACK
6
CONTINUOUS
10
4.5282575590551177
20
-2.1495132283464566
11
4.5282131496062989
21
-2.1495292125984253
0
LINE
8
BLACK
6
CONTINUOUS
10
4.5282131496062989
20
-2.1495292125984253
11
4.5273781496062995
21
-2.149653897637795
0
LINE
8
BLACK
6
CONTINUOUS
10
4.5273781496062995
20
-2.149653897637795
11
4.5273328346456694
21
-2.1496516929133858
0
LINE
8
BLACK
6
CONTINUOUS
10
4.5273328346456694
20
-2.1496516929133858
11
4.5272890551181098
21
-2.1496630708661417
0
LINE
8
BLACK
6
CONTINUOUS
10
4.5272890551181098
20
-2.1496630708661417
11
4.5264420078740155
21
-2.1497115748031494
0
LINE
8
BLACK
6
CONTINUOUS
10
4.5264420078740155
20
-2.1497115748031494
11
4.5263996850393697
21
-2.1497056299212596
0
LINE
8
BLACK
6
CONTINUOUS
10
4.5263996850393697
20
-2.1497056299212596
11
4.526357519685039
21
-2.1497127952755903
0
LINE
8
BLACK
6
CONTINUOUS
10
4.526357519685039
20
-2.1497127952755903
11
4.5254988188976375
21
-2.1496881496062992
0
LINE
8
BLACK
6
CONTINUOUS
10
4.5254988188976375
20
-2.1496881496062992
11
4.5254600393700786
21
-2.1496792519685037
0
LINE
8
BLACK
6
CONTINUOUS
10
4.5254600393700786
20
-2.1496792519685037
11
4.5254205118110233
21
-2.1496827559055118
0
LINE
8
BLACK
6
CONTINUOUS
10
4.5254205118110233
20
-2.1496827559055118
11
4.5245506692913384
21
-2.1495880314960631
0
LINE
8
BLACK
6
CONTINUOUS
10
4.5245506692913384
20
-2.1495880314960631
11
4.5245157874015751
21
-2.1495770472440943
0
LINE
8
BLACK
6
CONTINUOUS
10
4.5245157874015751
20
-2.1495770472440943
11
4.5244792519685042
21
-2.1495775984251968
0
LINE
8
BLACK
6
CONTINUOUS
10
4.5244792519685042
20
-2.1495775984251968
11
4.5235988188976375
21
-2.1494157480314962
0
LINE
8
BLACK
6
CONTINUOUS
10
4.5235988188976375
20
-2.1494157480314962
11
4.5235679527559052
21
-2.1494034645669289
0
LINE
8
BLACK
6
CONTINUOUS
10
4.5235679527559052
20
-2.1494034645669289
11
4.5235348425196849
21
-2.1494017716535434
0
LINE
8
BLACK
6
CONTINUOUS
10
4.5235348425196849
20
-2.1494017716535434
11
4.5226442125984248
21
-2.1491759055118109
0
LINE
8
BLACK
6
CONTINUOUS
10
4.5226442125984248
20
-2.1491759055118109
11
4.5226171259842518
21
-2.1491629921259841
0
LINE
8
BLACK
6
CONTINUOUS
10
4.5226171259842518
20
-2.1491629921259841
11
4.5225873228346458
21
-2.1491596456692914
0
LINE
8
BLACK
6
CONTINUOUS
10
4.5225873228346458
20
-2.1491596456692914
11
4.5216870078740152
21
-2.1488727559055119
0
LINE
8
BLACK
6
CONTINUOUS
10
4.5216870078740152
20
-2.1488727559055119
11
4.5216634251968504
21
-2.1488597244094487
0
LINE
8
BLACK
6
CONTINUOUS
10
4.5216634251968504
20
-2.1488597244094487
11
4.5216368503937003
21
-2.148855275590551
0
LINE
8
BLACK
6
CONTINUOUS
10
4.5216368503937003
20
-2.148855275590551
11
4.5207274015748027
21
-2.1485103937007874
0
LINE
8
BLACK
6
CONTINUOUS
10
4.5207274015748027
20
-2.1485103937007874
11
4.5207068897637797
21
-2.1484975590551181
0
LINE
8
BLACK
6
CONTINUOUS
10
4.5207068897637797
20
-2.1484975590551181
11
4.5206834645669289
21
-2.1484924803149608
0
LINE
8
BLACK
6
CONTINUOUS
10
4.5206834645669289
20
-2.1484924803149608
11
4.5197652755905509
21
-2.1480926771653541
0
LINE
8
BLACK
6
CONTINUOUS
10
4.5197652755905509
20
-2.1480926771653541
11
4.5197476377952759
21
-2.148080433070866
0
LINE
8
BLACK
6
CONTINUOUS
10
4.5197476377952759
20
-2.148080433070866
11
4.5197268110236219
21
-2.1480749606299212
0
LINE
8
BLACK
6
CONTINUOUS
10
4.5197268110236219
20
-2.1480749606299212
11
4.5188003937007872
21
-2.1476232283464567
0
LINE
8
BLACK
6
CONTINUOUS
10
4.5188003937007872
20
-2.1476232283464567
11
4.5187783070866141
21
-2.1476064173228346
0
LINE
8
BLACK
6
CONTINUOUS
10
4.5187783070866141
20
-2.1476064173228346
11
4.5187520472440941
21
-2.1475979527559055
0
LINE
8
BLACK
6
CONTINUOUS
10
4.5187520472440941
20
-2.1475979527559055
11
4.5168765354330711
21
-2.1465509448818896
0
LINE
8
BLACK
6
CONTINUOUS
10
4.5168765354330711
20
-2.1465509448818896
11
4.5168535826771654
21
-2.1465314173228345
0
LINE
8
BLACK
6
CONTINUOUS
10
4.5168535826771654
20
-2.1465314173228345
11
4.5168255511811024
21
-2.146520433070866
0
LINE
8
BLACK
6
CONTINUOUS
10
4.5168255511811024
20
-2.146520433070866
11
4.5149230708661419
21
-2.1453021653543307
0
LINE
8
BLACK
6
CONTINUOUS
10
4.5149230708661419
20
-2.1453021653543307
11
4.5149060236220473
21
-2.1452857480314962
0
LINE
8
BLACK
6
CONTINUOUS
10
4.5149060236220473
20
-2.1452857480314962
11
4.5148845669291333
21
-2.145276181102362
0
LINE
8
BLACK
6
CONTINUOUS
10
4.5148845669291333
20
-2.145276181102362
11
4.5129589370078742
21
-2.1439109842519684
0
LINE
8
BLACK
6
CONTINUOUS
10
4.5129589370078742
20
-2.1439109842519684
11
4.5129464173228344
21
-2.1438977165354332
0
LINE
8
BLACK
6
CONTINUOUS
10
4.5129464173228344
20
-2.1438977165354332
11
4.5129301574803149
21
-2.1438897637795273
0
LINE
8
BLACK
6
CONTINUOUS
10
4.5129301574803149
20
-2.1438897637795273
11
4.5109852755905511
21
-2.142401811023622
0
LINE
8
BLACK
6
CONTINUOUS
10
4.5109852755905511
20
-2.142401811023622
11
4.5109762204724406
21
-2.1423915354330707
0
LINE
8
BLACK
6
CONTINUOUS
10
4.5109762204724406
20
-2.1423915354330707
11
4.5109641732283468
21
-2.1423851968503937
0
LINE
8
BLACK
6
CONTINUOUS
10
4.5109641732283468
20
-2.1423851968503937
11
4.5092755118110235
21
-2.1410186220472442
0
LINE
8
BLACK
6
CONTINUOUS
10
4.5092755118110235
20
-2.1410186220472442
11
4.4566466141732279
21
-2.1411203937007874
0
LINE
8
BLACK
6
CONTINUOUS
10
4.4566466141732279
20
-2.1411203937007874
11
4.4566169291338582
21
-2.1411145275590551
0
LINE
8
BLACK
6
CONTINUOUS
10
4.4566169291338582
20
-2.1411145275590551
11
4.4565869685039372
21
-2.1411187007874015
0
LINE
8
BLACK
6
CONTINUOUS
10
4.4565869685039372
20
-2.1411187007874015
11
4.4503609448818899
21
-2.1407527952755907
0
LINE
8
BLACK
6
CONTINUOUS
10
4.4503609448818899
20
-2.1407527952755907
11
4.4441245669291334
21
-2.1405039763779525
0
LINE
8
BLACK
6
CONTINUOUS
10
4.4441245669291334
20
-2.1405039763779525
11
4.437870196850394
21
-2.1403587795275589
0
LINE
8
BLACK
6
CONTINUOUS
10
4.437870196850394
20
-2.1403587795275589
11
4.4315999999999995
21
-2.1403042519685038
0
LINE
8
BLACK
6
CONTINUOUS
10
4.4315999999999995
20
-2.1403042519685038
11
4.4190095275590551
21
-2.1404155118110237
0
LINE
8
BLACK
6
CONTINUOUS
10
3.0446238188976378
20
-1.7560272440944882
11
3.0451447637795277
21
-1.7560692519685039
0
LINE
8
BLACK
6
CONTINUOUS
10
3.0451447637795277
20
-1.7560692519685039
11
3.0456712992125983
21
-1.7561055905511811
0
LINE
8
BLACK
6
CONTINUOUS
10
3.0456712992125983
20
-1.7561055905511811
11
3.0462007086614173
21
-1.7561370472440945
0
LINE
8
BLACK
6
CONTINUOUS
10
3.0462007086614173
20
-1.7561370472440945
11
3.0462638582677166
21
-1.7561535433070865
0
LINE
8
BLACK
6
CONTINUOUS
10
3.0462638582677166
20
-1.7561535433070865
11
3.0463290551181101
21
-1.756153188976378
0
LINE
8
BLACK
6
CONTINUOUS
10
3.0463290551181101
20
-1.756153188976378
11
3.0486622047244092
21
-1.7566038582677166
0
LINE
8
BLACK
6
CONTINUOUS
10
3.0486622047244092
20
-1.7566038582677166
11
3.0509826771653543
21
-1.7569588976377952
0
LINE
8
BLACK
6
CONTINUOUS
10
3.0509826771653543
20
-1.7569588976377952
11
3.0533098031496064
21
-1.7572193700787402
0
LINE
8
BLACK
6
CONTINUOUS
10
3.0533098031496064
20
-1.7572193700787402
11
3.0556447637795277
21
-1.7573823228346457
0
LINE
8
BLACK
6
CONTINUOUS
10
3.0556447637795277
20
-1.7573823228346457
11
3.0568046062992127
21
-1.7574258661417324
0
LINE
8
BLACK
6
CONTINUOUS
10
3.0568046062992127
20
-1.7574258661417324
11
3.0579729133858269
21
-1.7574442125984251
0
LINE
8
BLACK
6
CONTINUOUS
10
3.0579729133858269
20
-1.7574442125984251
11
3.0591371259842517
21
-1.757436653543307
0
LINE
8
BLACK
6
CONTINUOUS
10
3.0591371259842517
20
-1.757436653543307
11
3.0603060236220472
21
-1.7574028346456692
0
LINE
8
BLACK
6
CONTINUOUS
10
3.0603060236220472
20
-1.7574028346456692
11
3.0614743700787401
21
-1.7573423622047244
0
LINE
8
BLACK
6
CONTINUOUS
10
3.0614743700787401
20
-1.7573423622047244
11
3.0626400393700788
21
-1.7572551968503936
0
LINE
8
BLACK
6
CONTINUOUS
10
3.0626400393700788
20
-1.7572551968503936
11
3.0638064566929133
21
-1.7571406692913385
0
LINE
8
BLACK
6
CONTINUOUS
10
3.0638064566929133
20
-1.7571406692913385
11
3.0649850000000001
21
-1.7569969685039371
0
LINE
8
BLACK
6
CONTINUOUS
10
3.0649850000000001
20
-1.7569969685039371
11
3.065072559055118
21
-1.7570035433070865
0
LINE
8
BLACK
6
CONTINUOUS
10
3.065072559055118
20
-1.7570035433070865
11
3.0651594881889763
21
-1.7569912992125984
0
LINE
8
BLACK
6
CONTINUOUS
10
3.0651594881889763
20
-1.7569912992125984
11
3.0739610236220472
21
-1.7574870866141732
0
LINE
8
BLACK
6
CONTINUOUS
10
3.0739610236220472
20
-1.7574870866141732
11
3.0827743307086615
21
-1.7578624409448818
0
LINE
8
BLACK
6
CONTINUOUS
10
3.0827743307086615
20
-1.7578624409448818
11
3.0915981889763779
21
-1.7581188582677165
0
LINE
8
BLACK
6
CONTINUOUS
10
3.0915981889763779
20
-1.7581188582677165
11
3.1004339763779525
21
-1.7582578346456692
0
LINE
8
BLACK
6
CONTINUOUS
10
3.1004339763779525
20
-1.7582578346456692
11
3.1092710236220471
21
-1.7582803149606299
0
LINE
8
BLACK
6
CONTINUOUS
10
3.1092710236220471
20
-1.7582803149606299
11
3.1181104724409447
21
-1.7581876771653544
0
LINE
8
BLACK
6
CONTINUOUS
10
3.1181104724409447
20
-1.7581876771653544
11
3.1269386614173227
21
-1.7579811811023622
0
LINE
8
BLACK
6
CONTINUOUS
10
3.1269386614173227
20
-1.7579811811023622
11
3.1357675196850394
21
-1.7576616929133857
0
LINE
8
BLACK
6
CONTINUOUS
10
3.1357675196850394
20
-1.7576616929133857
11
3.1361466535433071
21
-1.7577229527559055
0
LINE
8
BLACK
6
CONTINUOUS
10
3.1361466535433071
20
-1.7577229527559055
11
3.1361520078740157
21
-1.7577279527559055
0
LINE
8
BLACK
6
CONTINUOUS
10
3.1361520078740157
20
-1.7577279527559055
11
3.1361593700787402
21
-1.7577277952755905
0
LINE
8
BLACK
6
CONTINUOUS
10
3.1361593700787402
20
-1.7577277952755905
11
3.1364833464566928
21
-1.7579339763779527
0
LINE
8
BLACK
6
CONTINUOUS
10
3.1364833464566928
20
-1.7579339763779527
11
3.2224437007874016
21
-1.8401428740157479
0
LINE
8
BLACK
6
CONTINUOUS
10
3.2224437007874016
20
-1.8401428740157479
11
3.2224444881889762
21
-1.8401440157480315
0
LINE
8
BLACK
6
CONTINUOUS
10
3.2224444881889762
20
-1.8401440157480315
11
3.2224456692913384
21
-1.8401447637795276
0
LINE
8
BLACK
6
CONTINUOUS
10
3.2224456692913384
20
-1.8401447637795276
11
3.3081974409448818
21
-1.9226087007874015
0
LINE
8
BLACK
6
CONTINUOUS
10
3.3081974409448818
20
-1.9226087007874015
11
3.3082475196850392
21
-1.9226805511811023
0
LINE
8
BLACK
6
CONTINUOUS
10
3.3082475196850392
20
-1.9226805511811023
11
3.3083118897637793
21
-1.9227401574803149
0
LINE
8
BLACK
6
CONTINUOUS
10
3.3083118897637793
20
-1.9227401574803149
11
3.3377715748031496
21
-1.9633489370078741
0
LINE
8
BLACK
6
CONTINUOUS
10
3.3377715748031496
20
-1.9633489370078741
11
3.3378334251968504
21
-1.963483346456693
0
LINE
8
BLACK
6
CONTINUOUS
10
3.3378334251968504
20
-1.963483346456693
11
3.3378698031496064
21
-1.9635171653543306
0
LINE
8
BLACK
6
CONTINUOUS
10
3.3378698031496064
20
-1.9635171653543306
11
3.3378715748031493
21
-1.9635662992125984
0
LINE
8
BLACK
6
CONTINUOUS
10
3.3378715748031493
20
-1.9635662992125984
11
3.3379321259842518
21
-1.9636978346456693
0
LINE
8
BLACK
6
CONTINUOUS
10
3.3379321259842518
20
-1.9636978346456693
11
3.3378868503937009
21
-1.9639822834645668
0
LINE
8
BLACK
6
CONTINUOUS
10
3.3378868503937009
20
-1.9639822834645668
11
3.3378974015748031
21
-1.96427
0
LINE
8
BLACK
6
CONTINUOUS
10
3.3378974015748031
20
-1.96427
11
3.337829409448819
21
-1.9643431102362203
0
LINE
8
BLACK
6
CONTINUOUS
10
3.337829409448819
20
-1.9643431102362203
11
3.3378137401574803
21
-1.9644417322834644
0
LINE
8
BLACK
6
CONTINUOUS
10
3.3378137401574803
20
-1.9644417322834644
11
3.3375807086614171
21
-1.964610748031496
0
LINE
8
BLACK
6
CONTINUOUS
10
3.3375807086614171
20
-1.964610748031496
11
3.3373846456692911
21
-1.9648217716535432
0
LINE
8
BLACK
6
CONTINUOUS
10
3.3373846456692911
20
-1.9648217716535432
11
3.3372438188976377
21
-1.9648551574803148
0
LINE
8
BLACK
6
CONTINUOUS
10
3.3372438188976377
20
-1.9648551574803148
11
3.3372039763779529
21
-1.9648840944881889
0
LINE
8
BLACK
6
CONTINUOUS
10
3.3372039763779529
20
-1.9648840944881889
11
3.3371548818897638
21
-1.9648762598425196
0
LINE
8
BLACK
6
CONTINUOUS
10
3.3371548818897638
20
-1.9648762598425196
11
3.3370109842519686
21
-1.964910433070866
0
LINE
8
BLACK
6
CONTINUOUS
10
3.3370109842519686
20
-1.964910433070866
11
2.7448071653543304
21
-1.9866186220472442
0
LINE
8
BLACK
6
CONTINUOUS
10
2.7448071653543304
20
-1.9866186220472442
11
2.7447514566929132
21
-1.9866096456692912
0
LINE
8
BLACK
6
CONTINUOUS
10
2.7447514566929132
20
-1.9866096456692912
11
2.7446954724409447
21
-1.9866163779527559
0
LINE
8
BLACK
6
CONTINUOUS
10
2.7446954724409447
20
-1.9866163779527559
11
2.7431668503937008
21
-1.9864985826771653
0
LINE
8
BLACK
6
CONTINUOUS
10
2.7431668503937008
20
-1.9864985826771653
11
2.7416755511811024
21
-1.9864339370078741
0
LINE
8
BLACK
6
CONTINUOUS
10
2.7416755511811024
20
-1.9864339370078741
11
2.7402079921259843
21
-1.9864198425196851
0
LINE
8
BLACK
6
CONTINUOUS
10
2.7402079921259843
20
-1.9864198425196851
11
2.7387616929133856
21
-1.9864545669291338
0
LINE
8
BLACK
6
CONTINUOUS
10
2.7387616929133856
20
-1.9864545669291338
11
2.7373358661417324
21
-1.9865367322834646
0
LINE
8
BLACK
6
CONTINUOUS
10
2.7373358661417324
20
-1.9865367322834646
11
2.7359315354330707
21
-1.9866647244094489
0
LINE
8
BLACK
6
CONTINUOUS
10
2.7359315354330707
20
-1.9866647244094489
11
2.7345459842519686
21
-1.9868372047244094
0
LINE
8
BLACK
6
CONTINUOUS
10
2.7345459842519686
20
-1.9868372047244094
11
2.7331649212598426
21
-1.987055
0
LINE
8
BLACK
6
CONTINUOUS
10
2.7331649212598426
20
-1.987055
11
2.7331054724409447
21
-1.9870525984251968
0
LINE
8
BLACK
6
CONTINUOUS
10
2.7331054724409447
20
-1.9870525984251968
11
2.7330476771653545
21
-1.9870663385826772
0
LINE
8
BLACK
6
CONTINUOUS
10
2.7330476771653545
20
-1.9870663385826772
11
2.7222627952755905
21
-1.9874618897637795
0
LINE
8
BLACK
6
CONTINUOUS
10
2.7222627952755905
20
-1.9874618897637795
11
2.7208852362204725
21
-1.9884764566929134
0
LINE
8
BLACK
6
CONTINUOUS
10
2.7208852362204725
20
-1.9884764566929134
11
2.7192661811023622
21
-1.9897273228346457
0
LINE
8
BLACK
6
CONTINUOUS
10
2.7192661811023622
20
-1.9897273228346457
11
2.7176446850393701
21
-1.9910394094488189
0
LINE
8
BLACK
6
CONTINUOUS
10
2.7176446850393701
20
-1.9910394094488189
11
2.7160276377952757
21
-1.9924082283464566
0
LINE
8
BLACK
6
CONTINUOUS
10
2.7160276377952757
20
-1.9924082283464566
11
2.7144166141732282
21
-1.9938339763779527
0
LINE
8
BLACK
6
CONTINUOUS
10
2.7144166141732282
20
-1.9938339763779527
11
2.712821968503937
21
-1.9953089763779528
0
LINE
8
BLACK
6
CONTINUOUS
10
2.712821968503937
20
-1.9953089763779528
11
2.7112444881889761
21
-1.9968341338582676
0
LINE
8
BLACK
6
CONTINUOUS
10
2.7112444881889761
20
-1.9968341338582676
11
2.7096838976377953
21
-1.9984120866141732
0
LINE
8
BLACK
6
CONTINUOUS
10
2.7096838976377953
20
-1.9984120866141732
11
2.709637401574803
21
-1.9984435039370079
0
LINE
8
BLACK
6
CONTINUOUS
10
2.709637401574803
20
-1.9984435039370079
11
2.7096012992125984
21
-1.9984866929133858
0
LINE
8
BLACK
6
CONTINUOUS
10
2.7096012992125984
20
-1.9984866929133858
11
2.7082481102362204
21
-1.9995759448818897
0
LINE
8
BLACK
6
CONTINUOUS
10
2.7082481102362204
20
-1.9995759448818897
11
2.7069147244094487
21
-2.0006888582677167
0
LINE
8
BLACK
6
CONTINUOUS
10
2.7069147244094487
20
-2.0006888582677167
11
2.704272755905512
21
-2.0030029527559057
0
LINE
8
BLACK
6
CONTINUOUS
10
2.704272755905512
20
-2.0030029527559057
11
2.7016725196850393
21
-2.0054080708661415
0
LINE
8
BLACK
6
CONTINUOUS
10
2.7016725196850393
20
-2.0054080708661415
11
2.6991001574803151
21
-2.0078933464566928
0
LINE
8
BLACK
6
CONTINUOUS
10
2.6991001574803151
20
-2.0078933464566928
11
2.6965547637795275
21
-2.0104357086614173
0
LINE
8
BLACK
6
CONTINUOUS
10
2.6965547637795275
20
-2.0104357086614173
11
2.6940243307086615
21
-2.0130226377952756
0
LINE
8
BLACK
6
CONTINUOUS
10
2.6940243307086615
20
-2.0130226377952756
11
2.6889816929133858
21
-2.0182594094488189
0
LINE
8
BLACK
6
CONTINUOUS
10
2.6889816929133858
20
-2.0182594094488189
11
2.6886664566929133
21
-2.0184787795275589
0
LINE
8
BLACK
6
CONTINUOUS
10
2.6886664566929133
20
-2.0184787795275589
11
2.6886585826771654
21
-2.0184788976377952
0
LINE
8
BLACK
6
CONTINUOUS
10
2.6886585826771654
20
-2.0184788976377952
11
2.6886531102362206
21
-2.0184844488188975
0
LINE
8
BLACK
6
CONTINUOUS
10
2.6886531102362206
20
-2.0184844488188975
11
2.6882767716535434
21
-2.0185609448818895
0
LINE
8
BLACK
6
CONTINUOUS
10
2.6882767716535434
20
-2.0185609448818895
11
2.6289098818897636
21
-2.0188049606299212
0
LINE
8
BLACK
6
CONTINUOUS
10
2.6289098818897636
20
-2.0188049606299212
11
2.6287563385826771
21
-2.0187750393700785
0
LINE
8
BLACK
6
CONTINUOUS
10
2.6287563385826771
20
-2.0187750393700785
11
2.6286011417322834
21
-2.0187566141732285
0
LINE
8
BLACK
6
CONTINUOUS
10
2.6286011417322834
20
-2.0187566141732285
11
2.6251018503937007
21
-2.0176173228346457
0
LINE
8
BLACK
6
CONTINUOUS
10
2.6251018503937007
20
-2.0176173228346457
11
2.6249129133858267
21
-2.017511377952756
0
LINE
8
BLACK
6
CONTINUOUS
10
2.6249129133858267
20
-2.017511377952756
11
2.6248622047244092
21
-2.0175014566929135
0
LINE
8
BLACK
6
CONTINUOUS
10
2.6248622047244092
20
-2.0175014566929135
11
2.6248422047244095
21
-2.0174716929133858
0
LINE
8
BLACK
6
CONTINUOUS
10
2.6248422047244095
20
-2.0174716929133858
11
2.6247668897637793
21
-2.0174294881889763
0
LINE
8
BLACK
6
CONTINUOUS
10
2.6247668897637793
20
-2.0174294881889763
11
2.6246211023622048
21
-2.0171429527559055
0
LINE
8
BLACK
6
CONTINUOUS
10
2.6246211023622048
20
-2.0171429527559055
11
2.6244418110236221
21
-2.0168763385826769
0
LINE
8
BLACK
6
CONTINUOUS
10
2.6244418110236221
20
-2.0168763385826769
11
2.6244539370078739
21
-2.0168143700787402
0
LINE
8
BLACK
6
CONTINUOUS
10
2.6244539370078739
20
-2.0168143700787402
11
2.62442531496063
21
-2.0167581102362204
0
LINE
8
BLACK
6
CONTINUOUS
10
2.62442531496063
20
-2.0167581102362204
11
2.6245247637795277
21
-2.0164525984251966
0
LINE
8
BLACK
6
CONTINUOUS
10
2.6245247637795277
20
-2.0164525984251966
11
2.6245865354330706
21
-2.016137125984252
0
LINE
8
BLACK
6
CONTINUOUS
10
2.6245865354330706
20
-2.016137125984252
11
2.6246474015748031
21
-2.0160758661417324
0
LINE
8
BLACK
6
CONTINUOUS
10
2.6246474015748031
20
-2.0160758661417324
11
2.6246585039370078
21
-2.016041811023622
0
LINE
8
BLACK
6
CONTINUOUS
10
2.6246585039370078
20
-2.016041811023622
11
2.6247045669291338
21
-2.016018346456693
0
LINE
8
BLACK
6
CONTINUOUS
10
2.6247045669291338
20
-2.016018346456693
11
2.6248572834645669
21
-2.0158647637795277
0
LINE
8
BLACK
6
CONTINUOUS
10
2.6248572834645669
20
-2.0158647637795277
11
2.6329659842519684
21
-2.0104113779527557
0
LINE
8
BLACK
6
CONTINUOUS
10
2.6329659842519684
20
-2.0104113779527557
11
2.632971811023622
21
-2.0104088976377952
0
LINE
8
BLACK
6
CONTINUOUS
10
2.632971811023622
20
-2.0104088976377952
11
2.6329764960629922
21
-2.01040437007874
0
LINE
8
BLACK
6
CONTINUOUS
10
2.6329764960629922
20
-2.01040437007874
11
2.6411662598425196
21
-2.0050479527559055
0
LINE
8
BLACK
6
CONTINUOUS
10
2.6411662598425196
20
-2.0050479527559055
11
2.6411734645669291
21
-2.005045
0
LINE
8
BLACK
6
CONTINUOUS
10
2.6411734645669291
20
-2.005045
11
2.6411791732283465
21
-2.0050396456692914
0
LINE
8
BLACK
6
CONTINUOUS
10
2.6411791732283465
20
-2.0050396456692914
11
2.6494645669291339
21
-1.9998035433070867
0
LINE
8
BLACK
6
CONTINUOUS
10
2.6494645669291339
20
-1.9998035433070867
11
2.6494707874015746
21
-1.9998011417322834
0
LINE
8
BLACK
6
CONTINUOUS
10
2.6494707874015746
20
-1.9998011417322834
11
2.6494757874015749
21
-1.9997965354330709
0
LINE
8
BLACK
6
CONTINUOUS
10
2.6494757874015749
20
-1.9997965354330709
11
2.6536588976377953
21
-1.9972308267716534
0
LINE
8
BLACK
6
CONTINUOUS
10
2.6536588976377953
20
-1.9972308267716534
11
2.6536634645669293
21
-1.9972291338582677
0
LINE
8
BLACK
6
CONTINUOUS
10
2.6536634645669293
20
-1.9972291338582677
11
2.6536671653543307
21
-1.9972257874015749
0
LINE
8
BLACK
6
CONTINUOUS
10
2.6536671653543307
20
-1.9972257874015749
11
2.6578600393700786
21
-1.9947106299212598
0
LINE
8
BLACK
6
CONTINUOUS
10
2.6578600393700786
20
-1.9947106299212598
11
2.8312213385826772
21
-1.8792959842519685
0
LINE
8
BLACK
6
CONTINUOUS
10
2.8312213385826772
20
-1.8792959842519685
11
2.831221535433071
21
-1.8792958661417323
0
LINE
8
BLACK
6
CONTINUOUS
10
2.831221535433071
20
-1.8792958661417323
11
2.8312216929133855
21
-1.879295748031496
0
LINE
8
BLACK
6
CONTINUOUS
10
2.8312216929133855
20
-1.879295748031496
11
2.9179356692913383
21
-1.8216192125984252
0
LINE
8
BLACK
6
CONTINUOUS
10
2.9179356692913383
20
-1.8216192125984252
11
3.0042303149606298
21
-1.7633834251968503
0
LINE
8
BLACK
6
CONTINUOUS
10
3.0042303149606298
20
-1.7633834251968503
11
3.0045295669291336
21
-1.7632578346456693
0
LINE
8
BLACK
6
CONTINUOUS
10
3.0045295669291336
20
-1.7632578346456693
11
3.0045510629921259
21
-1.7632422440944882
0
LINE
8
BLACK
6
CONTINUOUS
10
3.0045510629921259
20
-1.7632422440944882
11
3.0045624409448819
21
-1.7632440157480314
0
LINE
8
BLACK
6
CONTINUOUS
10
3.0045624409448819
20
-1.7632440157480314
11
3.0045844094488188
21
-1.7632348425196851
0
LINE
8
BLACK
6
CONTINUOUS
10
3.0045844094488188
20
-1.7632348425196851
11
3.0049387401574803
21
-1.763303622047244
0
LINE
8
BLACK
6
CONTINUOUS
10
3.0049387401574803
20
-1.763303622047244
11
3.0052950787401573
21
-1.7633600393700788
0
LINE
8
BLACK
6
CONTINUOUS
10
3.0052950787401573
20
-1.7633600393700788
11
3.0053125196850394
21
-1.7633761811023623
0
LINE
8
BLACK
6
CONTINUOUS
10
3.0053125196850394
20
-1.7633761811023623
11
3.0053238976377954
21
-1.7633783858267715
0
LINE
8
BLACK
6
CONTINUOUS
10
3.0053238976377954
20
-1.7633783858267715
11
3.0053387401574803
21
-1.7634003937007874
0
LINE
8
BLACK
6
CONTINUOUS
10
3.0053387401574803
20
-1.7634003937007874
11
3.0055770866141733
21
-1.7636207086614173
0
LINE
8
BLACK
6
CONTINUOUS
10
3.0055770866141733
20
-1.7636207086614173
11
3.0151098031496062
21
-1.7767403937007873
0
LINE
8
BLACK
6
CONTINUOUS
10
3.0151098031496062
20
-1.7767403937007873
11
3.0434272440944881
21
-1.7561602755905512
0
LINE
8
BLACK
6
CONTINUOUS
10
3.0434272440944881
20
-1.7561602755905512
11
3.0434569291338582
21
-1.7561465354330708
0
LINE
8
BLACK
6
CONTINUOUS
10
3.0434569291338582
20
-1.7561465354330708
11
3.0434657086614174
21
-1.7561337007874016
0
LINE
8
BLACK
6
CONTINUOUS
10
3.0434657086614174
20
-1.7561337007874016
11
3.0434983464566927
21
-1.7561274803149607
0
LINE
8
BLACK
6
CONTINUOUS
10
3.0434983464566927
20
-1.7561274803149607
11
3.0436898818897635
21
-1.7560391338582677
0
LINE
8
BLACK
6
CONTINUOUS
10
3.0436898818897635
20
-1.7560391338582677
11
3.0437157086614173
21
-1.7560177559055117
0
LINE
8
BLACK
6
CONTINUOUS
10
3.0437157086614173
20
-1.7560177559055117
11
3.0437422440944881
21
-1.7560149999999999
0
LINE
8
BLACK
6
CONTINUOUS
10
3.0437422440944881
20
-1.7560149999999999
11
3.0437759842519685
21
-1.7559994488188977
0
LINE
8
BLACK
6
CONTINUOUS
10
3.0437759842519685
20
-1.7559994488188977
11
3.0438220078740157
21
-1.7560067322834645
0
LINE
8
BLACK
6
CONTINUOUS
10
3.0438220078740157
20
-1.7560067322834645
11
3.0440976771653543
21
-1.7559781496062992
0
LINE
8
BLACK
6
CONTINUOUS
10
3.0440976771653543
20
-1.7559781496062992
11
3.0446238188976378
21
-1.7560272440944882
0
LINE
8
BLACK
6
CONTINUOUS
10
3.0154708267716535
20
-1.7789113779527559
11
3.015122086614173
21
-1.7790722440944882
0
LINE
8
BLACK
6
CONTINUOUS
10
3.015122086614173
20
-1.7790722440944882
11
3.0151220078740155
21
-1.7790722047244094
0
LINE
8
BLACK
6
CONTINUOUS
10
3.0151220078740155
20
-1.7790722047244094
11
3.0151220078740155
21
-1.7790722440944882
0
LINE
8
BLACK
6
CONTINUOUS
10
3.0151220078740155
20
-1.7790722440944882
11
3.0148864960629922
21
-1.7790349212598424
0
LINE
8
BLACK
6
CONTINUOUS
10
3.0148864960629922
20
-1.7790349212598424
11
3.0143780708661416
21
-1.7789544881889763
0
LINE
8
BLACK
6
CONTINUOUS
10
3.0143780708661416
20
-1.7789544881889763
11
3.0143780314960629
21
-1.7789544488188975
0
LINE
8
BLACK
6
CONTINUOUS
10
3.0143780314960629
20
-1.7789544488188975
11
3.0143779921259841
21
-1.7789544488188975
0
LINE
8
BLACK
6
CONTINUOUS
10
3.0143779921259841
20
-1.7789544488188975
11
3.0140959842519686
21
-1.778693779527559
0
LINE
8
BLACK
6
CONTINUOUS
10
3.0140959842519686
20
-1.778693779527559
11
3.0045434251968501
21
-1.7655468110236221
0
LINE
8
BLACK
6
CONTINUOUS
10
3.0045434251968501
20
-1.7655468110236221
11
2.919036771653543
21
-1.8232508661417322
0
LINE
8
BLACK
6
CONTINUOUS
10
2.919036771653543
20
-1.8232508661417322
11
2.9190336614173229
21
-1.8232521653543308
0
LINE
8
BLACK
6
CONTINUOUS
10
2.9190336614173229
20
-1.8232521653543308
11
2.9190312992125982
21
-1.823254527559055
0
LINE
8
BLACK
6
CONTINUOUS
10
2.9190312992125982
20
-1.823254527559055
11
2.8323121653543306
21
-1.8809344881889762
0
LINE
8
BLACK
6
CONTINUOUS
10
2.8323121653543306
20
-1.8809344881889762
11
2.8323122047244094
21
-1.8809344881889762
0
LINE
8
BLACK
6
CONTINUOUS
10
2.8323122047244094
20
-1.8809344881889762
11
2.6589313779527557
21
-1.9963621653543306
0
LINE
8
BLACK
6
CONTINUOUS
10
2.6589313779527557
20
-1.9963621653543306
11
2.6589096850393701
21
-1.9963711023622046
0
LINE
8
BLACK
6
CONTINUOUS
10
2.6589096850393701
20
-1.9963711023622046
11
2.658892244094488
21
-1.9963869291338583
0
LINE
8
BLACK
6
CONTINUOUS
10
2.658892244094488
20
-1.9963869291338583
11
2.6546838582677164
21
-1.9989113385826771
0
LINE
8
BLACK
6
CONTINUOUS
10
2.6546838582677164
20
-1.9989113385826771
11
2.6505114960629919
21
-2.0014704330708661
0
LINE
8
BLACK
6
CONTINUOUS
10
2.6505114960629919
20
-2.0014704330708661
11
2.6422364173228345
21
-2.0067000393700787
0
LINE
8
BLACK
6
CONTINUOUS
10
2.6422364173228345
20
-2.0067000393700787
11
2.6340572834645668
21
-2.0120495669291336
0
LINE
8
BLACK
6
CONTINUOUS
10
2.6340572834645668
20
-2.0120495669291336
11
2.6276318503937008
21
-2.0163709055118111
0
LINE
8
BLACK
6
CONTINUOUS
10
2.6276318503937008
20
-2.0163709055118111
11
2.62906
21
-2.016835866141732
0
LINE
8
BLACK
6
CONTINUOUS
10
2.62906
20
-2.016835866141732
11
2.6878524409448818
21
-2.0165942125984251
0
LINE
8
BLACK
6
CONTINUOUS
10
2.6878524409448818
20
-2.0165942125984251
11
2.6926087401574801
21
-2.0116549212598427
0
LINE
8
BLACK
6
CONTINUOUS
10
2.6926087401574801
20
-2.0116549212598427
11
2.6926118897637794
21
-2.0116526771653542
0
LINE
8
BLACK
6
CONTINUOUS
10
2.6926118897637794
20
-2.0116526771653542
11
2.6926140944881891
21
-2.0116493700787399
0
LINE
8
BLACK
6
CONTINUOUS
10
2.6926140944881891
20
-2.0116493700787399
11
2.6951513779527558
21
-2.0090554330708663
0
LINE
8
BLACK
6
CONTINUOUS
10
2.6951513779527558
20
-2.0090554330708663
11
2.6951561811023623
21
-2.009052125984252
0
LINE
8
BLACK
6
CONTINUOUS
10
2.6951561811023623
20
-2.009052125984252
11
2.6951594488188975
21
-2.0090472834645667
0
LINE
8
BLACK
6
CONTINUOUS
10
2.6951594488188975
20
-2.0090472834645667
11
2.6977164173228347
21
-2.0064933858267717
0
LINE
8
BLACK
6
CONTINUOUS
10
2.6977164173228347
20
-2.0064933858267717
11
2.6977233070866142
21
-2.0064887401574802
0
LINE
8
BLACK
6
CONTINUOUS
10
2.6977233070866142
20
-2.0064887401574802
11
2.6977280708661415
21
-2.0064819291338583
0
LINE
8
BLACK
6
CONTINUOUS
10
2.6977280708661415
20
-2.0064819291338583
11
2.7003121259842517
21
-2.0039853937007872
0
LINE
8
BLACK
6
CONTINUOUS
10
2.7003121259842517
20
-2.0039853937007872
11
2.7003212204724409
21
-2.0039794881889765
0
LINE
8
BLACK
6
CONTINUOUS
10
2.7003212204724409
20
-2.0039794881889765
11
2.7003276771653542
21
-2.0039706692913386
0
LINE
8
BLACK
6
CONTINUOUS
10
2.7003276771653542
20
-2.0039706692913386
11
2.7029461417322835
21
-2.0015487007874015
0
LINE
8
BLACK
6
CONTINUOUS
10
2.7029461417322835
20
-2.0015487007874015
11
2.7029576771653541
21
-2.0015416141732283
0
LINE
8
BLACK
6
CONTINUOUS
10
2.7029576771653541
20
-2.0015416141732283
11
2.7029659448818899
21
-2.0015308661417324
0
LINE
8
BLACK
6
CONTINUOUS
10
2.7029659448818899
20
-2.0015308661417324
11
2.7056262598425196
21
-1.9992007086614172
0
LINE
8
BLACK
6
CONTINUOUS
10
2.7056262598425196
20
-1.9992007086614172
11
2.7056365354330709
21
-1.9991947637795275
0
LINE
8
BLACK
6
CONTINUOUS
10
2.7056365354330709
20
-1.9991947637795275
11
2.70564405511811
21
-1.9991854724409448
0
LINE
8
BLACK
6
CONTINUOUS
10
2.70564405511811
20
-1.9991854724409448
11
2.7069921653543307
21
-1.9980602362204725
0
LINE
8
BLACK
6
CONTINUOUS
10
2.7069921653543307
20
-1.9980602362204725
11
2.7069999606299211
21
-1.9980559448818898
0
LINE
8
BLACK
6
CONTINUOUS
10
2.7069999606299211
20
-1.9980559448818898
11
2.7070056692913385
21
-1.9980491732283465
0
LINE
8
BLACK
6
CONTINUOUS
10
2.7070056692913385
20
-1.9980491732283465
11
2.7083235433070865
21
-1.9969882677165354
0
LINE
8
BLACK
6
CONTINUOUS
10
2.7083235433070865
20
-1.9969882677165354
11
2.7098531496062992
21
-1.9954416929133858
0
LINE
8
BLACK
6
CONTINUOUS
10
2.7098531496062992
20
-1.9954416929133858
11
2.709862401574803
21
-1.9954353937007874
0
LINE
8
BLACK
6
CONTINUOUS
10
2.709862401574803
20
-1.9954353937007874
11
2.7098687795275591
21
-1.9954262598425196
0
LINE
8
BLACK
6
CONTINUOUS
10
2.7098687795275591
20
-1.9954262598425196
11
2.7114614173228344
21
-1.9938864173228346
0
LINE
8
BLACK
6
CONTINUOUS
10
2.7114614173228344
20
-1.9938864173228346
11
2.7114707086614174
21
-1.9938803937007874
0
LINE
8
BLACK
6
CONTINUOUS
10
2.7114707086614174
20
-1.9938803937007874
11
2.7114772047244093
21
-1.9938714960629922
0
LINE
8
BLACK
6
CONTINUOUS
10
2.7114772047244093
20
-1.9938714960629922
11
2.7130887007874014
21
-1.9923809448818897
0
LINE
8
BLACK
6
CONTINUOUS
10
2.7130887007874014
20
-1.9923809448818897
11
2.7130979921259843
21
-1.9923751968503935
0
LINE
8
BLACK
6
CONTINUOUS
10
2.7130979921259843
20
-1.9923751968503935
11
2.7131047244094488
21
-1.9923664173228346
0
LINE
8
BLACK
6
CONTINUOUS
10
2.7131047244094488
20
-1.9923664173228346
11
2.7147301181102361
21
-1.9909279527559054
0
LINE
8
BLACK
6
CONTINUOUS
10
2.7147301181102361
20
-1.9909279527559054
11
2.7147396850393699
21
-1.9909223622047243
0
LINE
8
BLACK
6
CONTINUOUS
10
2.7147396850393699
20
-1.9909223622047243
11
2.7147464960629919
21
-1.9909138188976379
0
LINE
8
BLACK
6
CONTINUOUS
10
2.7147464960629919
20
-1.9909138188976379
11
2.7163807874015746
21
-1.9895303543307086
0
LINE
8
BLACK
6
CONTINUOUS
10
2.7163807874015746
20
-1.9895303543307086
11
2.7163904330708659
21
-1.9895249606299212
0
LINE
8
BLACK
6
CONTINUOUS
10
2.7163904330708659
20
-1.9895249606299212
11
2.7163975984251967
21
-1.9895164173228346
0
LINE
8
BLACK
6
CONTINUOUS
10
2.7163975984251967
20
-1.9895164173228346
11
2.7180358661417321
21
-1.9881907874015747
0
LINE
8
BLACK
6
CONTINUOUS
10
2.7180358661417321
20
-1.9881907874015747
11
2.7180457874015747
21
-1.9881855511811024
0
LINE
8
BLACK
6
CONTINUOUS
10
2.7180457874015747
20
-1.9881855511811024
11
2.7180532283464567
21
-1.9881770472440945
0
LINE
8
BLACK
6
CONTINUOUS
10
2.7180532283464567
20
-1.9881770472440945
11
2.719690472440945
21
-1.9869120866141732
0
LINE
8
BLACK
6
CONTINUOUS
10
2.719690472440945
20
-1.9869120866141732
11
2.7197007086614171
21
-1.9869069685039369
0
LINE
8
BLACK
6
CONTINUOUS
10
2.7197007086614171
20
-1.9869069685039369
11
2.7197085433070867
21
-1.9868984251968504
0
LINE
8
BLACK
6
CONTINUOUS
10
2.7197085433070867
20
-1.9868984251968504
11
2.7213398031496063
21
-1.9856970078740157
0
LINE
8
BLACK
6
CONTINUOUS
10
2.7213398031496063
20
-1.9856970078740157
11
2.7214794094488188
21
-1.9856315354330709
0
LINE
8
BLACK
6
CONTINUOUS
10
2.7214794094488188
20
-1.9856315354330709
11
2.72151374015748
21
-1.9855946062992125
0
LINE
8
BLACK
6
CONTINUOUS
10
2.72151374015748
20
-1.9855946062992125
11
2.7216037401574802
21
-1.9855732283464567
0
LINE
8
BLACK
6
CONTINUOUS
10
2.7216037401574802
20
-1.9855732283464567
11
2.7216875196850392
21
-1.9855339763779527
0
LINE
8
BLACK
6
CONTINUOUS
10
2.7216875196850392
20
-1.9855339763779527
11
2.7217373622047245
21
-1.9855415354330708
0
LINE
8
BLACK
6
CONTINUOUS
10
2.7217373622047245
20
-1.9855415354330708
11
2.7218874015748029
21
-1.9855059448818897
0
LINE
8
BLACK
6
CONTINUOUS
10
2.7218874015748029
20
-1.9855059448818897
11
2.7329164566929132
21
-1.9851013779527558
0
LINE
8
BLACK
6
CONTINUOUS
10
2.7329164566929132
20
-1.9851013779527558
11
2.7342553937007872
21
-1.9848902755905511
0
LINE
8
BLACK
6
CONTINUOUS
10
2.7342553937007872
20
-1.9848902755905511
11
2.7342716141732284
21
-1.9848909055118109
0
LINE
8
BLACK
6
CONTINUOUS
10
2.7342716141732284
20
-1.9848909055118109
11
2.7342871259842521
21
-1.9848857874015748
0
LINE
8
BLACK
6
CONTINUOUS
10
2.7342871259842521
20
-1.9848857874015748
11
2.7357041732283465
21
-1.9847094094488189
0
LINE
8
BLACK
6
CONTINUOUS
10
2.7357041732283465
20
-1.9847094094488189
11
2.7357206299212598
21
-1.984710590551181
0
LINE
8
BLACK
6
CONTINUOUS
10
2.7357206299212598
20
-1.984710590551181
11
2.7357364173228347
21
-1.9847059448818898
0
LINE
8
BLACK
6
CONTINUOUS
10
2.7357364173228347
20
-1.9847059448818898
11
2.7371737795275588
21
-1.9845749212598425
0
LINE
8
BLACK
6
CONTINUOUS
10
2.7371737795275588
20
-1.9845749212598425
11
2.7371903543307088
21
-1.9845766535433071
0
LINE
8
BLACK
6
CONTINUOUS
10
2.7371903543307088
20
-1.9845766535433071
11
2.7372065354330708
21
-1.9845724803149605
0
LINE
8
BLACK
6
CONTINUOUS
10
2.7372065354330708
20
-1.9845724803149605
11
2.7386647637795276
21
-1.9844884645669292
0
LINE
8
BLACK
6
CONTINUOUS
10
2.7386647637795276
20
-1.9844884645669292
11
2.7386813385826771
21
-1.9844907480314959
0
LINE
8
BLACK
6
CONTINUOUS
10
2.7386813385826771
20
-1.9844907480314959
11
2.7386977165354329
21
-1.984487125984252
0
LINE
8
BLACK
6
CONTINUOUS
10
2.7386977165354329
20
-1.984487125984252
11
2.7401772440944883
21
-1.9844515748031495
0
LINE
8
BLACK
6
CONTINUOUS
10
2.7401772440944883
20
-1.9844515748031495
11
2.7401938188976378
21
-1.9844544488188975
0
LINE
8
BLACK
6
CONTINUOUS
10
2.7401938188976378
20
-1.9844544488188975
11
2.7402103543307086
21
-1.9844513385826772
0
LINE
8
BLACK
6
CONTINUOUS
10
2.7402103543307086
20
-1.9844513385826772
11
2.741711496062992
21
-1.9844657874015748
0
LINE
8
BLACK
6
CONTINUOUS
10
2.741711496062992
20
-1.9844657874015748
11
2.7417279527559053
21
-1.9844692125984251
0
LINE
8
BLACK
6
CONTINUOUS
10
2.7417279527559053
20
-1.9844692125984251
11
2.7417446456692911
21
-1.9844666535433071
0
LINE
8
BLACK
6
CONTINUOUS
10
2.7417446456692911
20
-1.9844666535433071
11
2.7432678740157481
21
-1.9845326771653542
0
LINE
8
BLACK
6
CONTINUOUS
10
2.7432678740157481
20
-1.9845326771653542
11
2.7432842125984251
21
-1.9845366535433071
0
LINE
8
BLACK
6
CONTINUOUS
10
2.7432842125984251
20
-1.9845366535433071
11
2.7433008661417322
21
-1.9845346850393701
0
LINE
8
BLACK
6
CONTINUOUS
10
2.7433008661417322
20
-1.9845346850393701
11
2.7447909448818897
21
-1.9846494488188975
0
LINE
8
BLACK
6
CONTINUOUS
10
2.7447909448818897
20
-1.9846494488188975
11
3.3350944881889761
21
-1.9630109448818898
0
LINE
8
BLACK
6
CONTINUOUS
10
3.3350944881889761
20
-1.9630109448818898
11
3.3067698818897635
21
-1.9239668110236221
0
LINE
8
BLACK
6
CONTINUOUS
10
3.3067698818897635
20
-1.9239668110236221
11
3.2210832677165353
21
-1.8415655118110237
0
LINE
8
BLACK
6
CONTINUOUS
10
3.2210832677165353
20
-1.8415655118110237
11
3.2210831889763778
21
-1.8415654724409449
0
LINE
8
BLACK
6
CONTINUOUS
10
3.2210831889763778
20
-1.8415654724409449
11
3.1354232677165355
21
-1.7596438582677165
0
LINE
8
BLACK
6
CONTINUOUS
10
3.1354232677165355
20
-1.7596438582677165
11
3.1270051181102363
21
-1.7599485433070865
0
LINE
8
BLACK
6
CONTINUOUS
10
3.1270051181102363
20
-1.7599485433070865
11
3.1269987007874014
21
-1.7599474803149606
0
LINE
8
BLACK
6
CONTINUOUS
10
3.1269987007874014
20
-1.7599474803149606
11
3.1269925196850394
21
-1.7599488976377953
0
LINE
8
BLACK
6
CONTINUOUS
10
3.1269925196850394
20
-1.7599488976377953
11
3.1181485826771653
21
-1.760155748031496
0
LINE
8
BLACK
6
CONTINUOUS
10
3.1181485826771653
20
-1.760155748031496
11
3.1181422440944879
21
-1.7601546062992126
0
LINE
8
BLACK
6
CONTINUOUS
10
3.1181422440944879
20
-1.7601546062992126
11
3.1181358661417322
21
-1.7601559842519685
0
LINE
8
BLACK
6
CONTINUOUS
10
3.1181358661417322
20
-1.7601559842519685
11
3.1092861417322832
21
-1.7602487401574802
0
LINE
8
BLACK
6
CONTINUOUS
10
3.1092861417322832
20
-1.7602487401574802
11
3.10927968503937
21
-1.7602475196850393
0
LINE
8
BLACK
6
CONTINUOUS
10
3.10927968503937
20
-1.7602475196850393
11
3.1092733464566926
21
-1.760248779527559
0
LINE
8
BLACK
6
CONTINUOUS
10
3.1092733464566926
20
-1.760248779527559
11
3.1004224803149607
21
-1.7602262598425196
0
LINE
8
BLACK
6
CONTINUOUS
10
3.1004224803149607
20
-1.7602262598425196
11
3.1004159842519683
21
-1.7602249212598424
0
LINE
8
BLACK
6
CONTINUOUS
10
3.1004159842519683
20
-1.7602249212598424
11
3.1004095275590551
21
-1.7602261417322835
0
LINE
8
BLACK
6
CONTINUOUS
10
3.1004095275590551
20
-1.7602261417322835
11
3.0915623228346454
21
-1.7600870078740156
0
LINE
8
BLACK
6
CONTINUOUS
10
3.0915623228346454
20
-1.7600870078740156
11
3.0915557086614172
21
-1.760085590551181
0
LINE
8
BLACK
6
CONTINUOUS
10
3.0915557086614172
20
-1.760085590551181
11
3.0915492125984252
21
-1.7600866929133858
0
LINE
8
BLACK
6
CONTINUOUS
10
3.0915492125984252
20
-1.7600866929133858
11
3.0827101968503938
21
-1.7598298031496062
0
LINE
8
BLACK
6
CONTINUOUS
10
3.0827101968503938
20
-1.7598298031496062
11
3.0827035826771652
21
-1.7598282677165353
0
LINE
8
BLACK
6
CONTINUOUS
10
3.0827035826771652
20
-1.7598282677165353
11
3.0826968897637794
21
-1.7598293307086614
0
LINE
8
BLACK
6
CONTINUOUS
10
3.0826968897637794
20
-1.7598293307086614
11
3.0738707874015749
21
-1.7594534251968503
0
LINE
8
BLACK
6
CONTINUOUS
10
3.0738707874015749
20
-1.7594534251968503
11
3.0738640944881888
21
-1.7594517716535432
0
LINE
8
BLACK
6
CONTINUOUS
10
3.0738640944881888
20
-1.7594517716535432
11
3.0738573228346455
21
-1.7594527559055118
0
LINE
8
BLACK
6
CONTINUOUS
10
3.0738573228346455
20
-1.7594527559055118
11
3.0651363385826773
21
-1.758961496062992
0
LINE
8
BLACK
6
CONTINUOUS
10
3.0651363385826773
20
-1.758961496062992
11
3.0640337795275592
21
-1.7590959842519684
0
LINE
8
BLACK
6
CONTINUOUS
10
3.0640337795275592
20
-1.7590959842519684
11
3.0640219685039369
21
-1.7590950787401574
0
LINE
8
BLACK
6
CONTINUOUS
10
3.0640219685039369
20
-1.7590950787401574
11
3.064010748031496
21
-1.7590985039370077
0
LINE
8
BLACK
6
CONTINUOUS
10
3.064010748031496
20
-1.7590985039370077
11
3.062821023622047
21
-1.7592153149606298
0
LINE
8
BLACK
6
CONTINUOUS
10
3.062821023622047
20
-1.7592153149606298
11
3.062809409448819
21
-1.7592141338582676
0
LINE
8
BLACK
6
CONTINUOUS
10
3.062809409448819
20
-1.7592141338582676
11
3.0627982283464568
21
-1.759217283464567
0
LINE
8
BLACK
6
CONTINUOUS
10
3.0627982283464568
20
-1.759217283464567
11
3.0616085039370078
21
-1.7593062598425195
0
LINE
8
BLACK
6
CONTINUOUS
10
3.0616085039370078
20
-1.7593062598425195
11
3.0615971653543306
21
-1.7593048425196851
0
LINE
8
BLACK
6
CONTINUOUS
10
3.0615971653543306
20
-1.7593048425196851
11
3.0615859448818896
21
-1.7593077165354329
0
LINE
8
BLACK
6
CONTINUOUS
10
3.0615859448818896
20
-1.7593077165354329
11
3.0603963385826769
21
-1.7593692519685038
0
LINE
8
BLACK
6
CONTINUOUS
10
3.0603963385826769
20
-1.7593692519685038
11
3.0603850787401572
21
-1.7593675984251969
0
LINE
8
BLACK
6
CONTINUOUS
10
3.0603850787401572
20
-1.7593675984251969
11
3.0603739763779525
21
-1.7593701574803149
0
LINE
8
BLACK
6
CONTINUOUS
10
3.0603739763779525
20
-1.7593701574803149
11
3.0591846850393698
21
-1.7594045669291338
0
LINE
8
BLACK
6
CONTINUOUS
10
3.0591846850393698
20
-1.7594045669291338
11
3.0591735039370076
21
-1.7594026771653544
0
LINE
8
BLACK
6
CONTINUOUS
10
3.0591735039370076
20
-1.7594026771653544
11
3.0591626377952754
21
-1.7594049212598424
0
LINE
8
BLACK
6
CONTINUOUS
10
3.0591626377952754
20
-1.7594049212598424
11
3.0579738188976378
21
-1.7594126377952755
0
LINE
8
BLACK
6
CONTINUOUS
10
3.0579738188976378
20
-1.7594126377952755
11
3.0579629921259843
21
-1.7594105511811022
0
LINE
8
BLACK
6
CONTINUOUS
10
3.0579629921259843
20
-1.7594105511811022
11
3.0579520472440946
21
-1.7594125590551182
0
LINE
8
BLACK
6
CONTINUOUS
10
3.0579520472440946
20
-1.7594125590551182
11
3.0567638582677166
21
-1.7593939370078739
0
LINE
8
BLACK
6
CONTINUOUS
10
3.0567638582677166
20
-1.7593939370078739
11
3.0567530708661415
21
-1.7593916141732282
0
LINE
8
BLACK
6
CONTINUOUS
10
3.0567530708661415
20
-1.7593916141732282
11
3.0567423228346455
21
-1.7593933464566929
0
LINE
8
BLACK
6
CONTINUOUS
10
3.0567423228346455
20
-1.7593933464566929
11
3.055555
21
-1.7593487401574803
0
LINE
8
BLACK
6
CONTINUOUS
10
3.055555
20
-1.7593487401574803
11
3.0555393700787401
21
-1.7593449999999999
0
LINE
8
BLACK
6
CONTINUOUS
10
3.0555393700787401
20
-1.7593449999999999
11
3.0555234645669289
21
-1.7593470472440944
0
LINE
8
BLACK
6
CONTINUOUS
10
3.0555234645669289
20
-1.7593470472440944
11
3.0531518897637793
21
-1.7591815354330709
0
LINE
8
BLACK
6
CONTINUOUS
10
3.0531518897637793
20
-1.7591815354330709
11
3.0531317716535433
21
-1.7591760236220473
0
LINE
8
BLACK
6
CONTINUOUS
10
3.0531317716535433
20
-1.7591760236220473
11
3.0531109055118111
21
-1.7591778346456692
0
LINE
8
BLACK
6
CONTINUOUS
10
3.0531109055118111
20
-1.7591778346456692
11
3.0507445669291338
21
-1.7589129921259843
0
LINE
8
BLACK
6
CONTINUOUS
10
3.0507445669291338
20
-1.7589129921259843
11
3.0507252755905512
21
-1.7589068503937006
0
LINE
8
BLACK
6
CONTINUOUS
10
3.0507252755905512
20
-1.7589068503937006
11
3.0507051968503935
21
-1.7589077559055117
0
LINE
8
BLACK
6
CONTINUOUS
10
3.0507051968503935
20
-1.7589077559055117
11
3.0483454330708661
21
-1.7585466929133857
0
LINE
8
BLACK
6
CONTINUOUS
10
3.0483454330708661
20
-1.7585466929133857
11
3.0483271259842519
21
-1.7585400393700787
0
LINE
8
BLACK
6
CONTINUOUS
10
3.0483271259842519
20
-1.7585400393700787
11
3.0483076377952756
21
-1.758540157480315
0
LINE
8
BLACK
6
CONTINUOUS
10
3.0483076377952756
20
-1.758540157480315
11
3.0460194488188974
21
-1.7580981496062991
0
LINE
8
BLACK
6
CONTINUOUS
10
3.0460194488188974
20
-1.7580981496062991
11
3.0455474803149607
21
-1.7580701574803148
0
LINE
8
BLACK
6
CONTINUOUS
10
3.0455474803149607
20
-1.7580701574803148
11
3.0455426771653542
21
-1.7580688976377952
0
LINE
8
BLACK
6
CONTINUOUS
10
3.0455426771653542
20
-1.7580688976377952
11
3.0455378740157482
21
-1.758069527559055
0
LINE
8
BLACK
6
CONTINUOUS
10
3.0455378740157482
20
-1.758069527559055
11
3.0450025984251967
21
-1.7580325196850393
0
LINE
8
BLACK
6
CONTINUOUS
10
3.0450025984251967
20
-1.7580325196850393
11
3.0449970866141731
21
-1.7580310236220471
0
LINE
8
BLACK
6
CONTINUOUS
10
3.0449970866141731
20
-1.7580310236220471
11
3.0449914173228345
21
-1.7580316929133857
0
LINE
8
BLACK
6
CONTINUOUS
10
3.0449914173228345
20
-1.7580316929133857
11
3.044457992125984
21
-1.7579887007874015
0
LINE
8
BLACK
6
CONTINUOUS
10
3.044457992125984
20
-1.7579887007874015
11
3.0444518897637796
21
-1.7579869685039369
0
LINE
8
BLACK
6
CONTINUOUS
10
3.0444518897637796
20
-1.7579869685039369
11
3.0444455511811022
21
-1.7579876377952754
0
LINE
8
BLACK
6
CONTINUOUS
10
3.0444455511811022
20
-1.7579876377952754
11
3.0442820472440943
21
-1.7579723622047243
0
LINE
8
BLACK
6
CONTINUOUS
10
3.0442820472440943
20
-1.7579723622047243
11
3.0154708267716535
21
-1.7789113779527559
0
LINE
8
BLACK
6
CONTINUOUS
10
3.8831329527559055
20
-1.3080774015748031
11
3.8831689763779527
21
-1.3080758267716535
0
LINE
8
BLACK
6
CONTINUOUS
10
3.8831689763779527
20
-1.3080758267716535
11
3.8831944881889764
21
-1.3080912992125984
0
LINE
8
BLACK
6
CONTINUOUS
10
3.8831944881889764
20
-1.3080912992125984
11
3.883209212598425
21
-1.3080912992125984
0
LINE
8
BLACK
6
CONTINUOUS
10
3.883209212598425
20
-1.3080912992125984
11
3.8832318897637794
21
-1.3081139763779528
0
LINE
8
BLACK
6
CONTINUOUS
10
3.8832318897637794
20
-1.3081139763779528
11
3.8834973622047242
21
-1.3082750000000001
0
LINE
8
BLACK
6
CONTINUOUS
10
3.8834973622047242
20
-1.3082750000000001
11
3.9256302755905512
21
-1.3468676771653543
0
LINE
8
BLACK
6
CONTINUOUS
10
3.9256302755905512
20
-1.3468676771653543
11
3.9256314566929134
21
-1.3468692913385827
0
LINE
8
BLACK
6
CONTINUOUS
10
3.9256314566929134
20
-1.3468692913385827
11
3.925633188976378
21
-1.3468703543307086
0
LINE
8
BLACK
6
CONTINUOUS
10
3.925633188976378
20
-1.3468703543307086
11
3.9676374803149606
21
-1.3856586614173227
0
LINE
8
BLACK
6
CONTINUOUS
10
3.9676374803149606
20
-1.3856586614173227
11
4.0099431889763775
21
-1.4240989763779528
0
LINE
8
BLACK
6
CONTINUOUS
10
4.0099431889763775
20
-1.4240989763779528
11
4.0313460236220475
21
-1.4430212598425196
0
LINE
8
BLACK
6
CONTINUOUS
10
4.0313460236220475
20
-1.4430212598425196
11
4.0529896456692915
21
-1.4616566535433071
0
LINE
8
BLACK
6
CONTINUOUS
10
4.0529896456692915
20
-1.4616566535433071
11
4.0530579921259839
21
-1.4617440551181102
0
LINE
8
BLACK
6
CONTINUOUS
10
4.0530579921259839
20
-1.4617440551181102
11
4.0530960629921262
21
-1.4617634645669291
0
LINE
8
BLACK
6
CONTINUOUS
10
4.0530960629921262
20
-1.4617634645669291
11
4.0531536614173227
21
-1.4618663779527559
0
LINE
8
BLACK
6
CONTINUOUS
10
4.0531536614173227
20
-1.4618663779527559
11
4.0532262204724407
21
-1.4619591732283463
0
LINE
8
BLACK
6
CONTINUOUS
10
4.0532262204724407
20
-1.4619591732283463
11
4.0532293700787401
21
-1.4620016929133859
0
LINE
8
BLACK
6
CONTINUOUS
10
4.0532293700787401
20
-1.4620016929133859
11
4.0532836220472444
21
-1.4620985826771653
0
LINE
8
BLACK
6
CONTINUOUS
10
4.0532836220472444
20
-1.4620985826771653
11
4.2294718897637793
21
-2.0048435433070866
0
LINE
8
BLACK
6
CONTINUOUS
10
4.2294718897637793
20
-2.0048435433070866
11
4.2295169291338581
21
-2.0052249212598423
0
LINE
8
BLACK
6
CONTINUOUS
10
4.2295169291338581
20
-2.0052249212598423
11
4.2294451968503939
21
-2.0053655905511811
0
LINE
8
BLACK
6
CONTINUOUS
10
4.2294451968503939
20
-2.0053655905511811
11
4.2294453149606301
21
-2.0055233858267716
0
LINE
8
BLACK
6
CONTINUOUS
10
4.2294453149606301
20
-2.0055233858267716
11
4.2292806692913381
21
-2.0056882677165353
0
LINE
8
BLACK
6
CONTINUOUS
10
4.2292806692913381
20
-2.0056882677165353
11
4.2291747637795272
21
-2.0058959842519686
0
LINE
8
BLACK
6
CONTINUOUS
10
4.2291747637795272
20
-2.0058959842519686
11
4.2290245669291338
21
-2.0059447244094488
0
LINE
8
BLACK
6
CONTINUOUS
10
4.2290245669291338
20
-2.0059447244094488
11
4.2289130708661418
21
-2.0060564173228346
0
LINE
8
BLACK
6
CONTINUOUS
10
4.2289130708661418
20
-2.0060564173228346
11
4.2285364566929129
21
-2.0061316141732282
0
LINE
8
BLACK
6
CONTINUOUS
10
4.2285364566929129
20
-2.0061316141732282
11
3.642741338582677
21
-2.0065587401574803
0
LINE
8
BLACK
6
CONTINUOUS
10
3.642741338582677
20
-2.0065587401574803
11
3.6423646456692911
21
-2.0064840944881888
0
LINE
8
BLACK
6
CONTINUOUS
10
3.6423646456692911
20
-2.0064840944881888
11
3.6422515748031494
21
-2.0063711811023621
0
LINE
8
BLACK
6
CONTINUOUS
10
3.6422515748031494
20
-2.0063711811023621
11
3.6420997637795276
21
-2.0063214960629923
0
LINE
8
BLACK
6
CONTINUOUS
10
3.6420997637795276
20
-2.0063214960629923
11
3.6419952362204722
21
-2.0061152362204724
0
LINE
8
BLACK
6
CONTINUOUS
10
3.6419952362204722
20
-2.0061152362204724
11
3.6418316141732281
21
-2.0059518503937008
0
LINE
8
BLACK
6
CONTINUOUS
10
3.6418316141732281
20
-2.0059518503937008
11
3.6418314960629918
21
-2.0057920472440944
0
LINE
8
BLACK
6
CONTINUOUS
10
3.6418314960629918
20
-2.0057920472440944
11
3.6417592913385826
21
-2.0056495669291339
0
LINE
8
BLACK
6
CONTINUOUS
10
3.6417592913385826
20
-2.0056495669291339
11
3.641805275590551
21
-2.005268307086614
0
LINE
8
BLACK
6
CONTINUOUS
10
3.641805275590551
20
-2.005268307086614
11
3.6679485433070864
21
-1.9254138976377952
0
LINE
8
BLACK
6
CONTINUOUS
10
3.6679485433070864
20
-1.9254138976377952
11
3.6680364173228344
21
-1.9252577559055117
0
LINE
8
BLACK
6
CONTINUOUS
10
3.6680364173228344
20
-1.9252577559055117
11
3.6680446062992127
21
-1.9252061023622047
0
LINE
8
BLACK
6
CONTINUOUS
10
3.6680446062992127
20
-1.9252061023622047
11
3.6680981102362202
21
-1.9251481496062992
0
LINE
8
BLACK
6
CONTINUOUS
10
3.6680981102362202
20
-1.9251481496062992
11
3.6681369291338584
21
-1.9250792519685038
0
LINE
8
BLACK
6
CONTINUOUS
10
3.6681369291338584
20
-1.9250792519685038
11
3.6681837007874014
21
-1.9250555118110235
0
LINE
8
BLACK
6
CONTINUOUS
10
3.6681837007874014
20
-1.9250555118110235
11
3.6683052362204722
21
-1.9249240157480314
0
LINE
8
BLACK
6
CONTINUOUS
10
3.6683052362204722
20
-1.9249240157480314
11
3.7033367322834643
21
-1.8994609842519685
0
LINE
8
BLACK
6
CONTINUOUS
10
3.7033367322834643
20
-1.8994609842519685
11
3.6850961417322834
21
-1.8743578346456693
0
LINE
8
BLACK
6
CONTINUOUS
10
3.6850961417322834
20
-1.8743578346456693
11
3.6849353543307086
21
-1.8740090944881889
0
LINE
8
BLACK
6
CONTINUOUS
10
3.6849353543307086
20
-1.8740090944881889
11
3.684948188976378
21
-1.8739277559055119
0
LINE
8
BLACK
6
CONTINUOUS
10
3.684948188976378
20
-1.8739277559055119
11
3.684911023622047
21
-1.87385437007874
0
LINE
8
BLACK
6
CONTINUOUS
10
3.684911023622047
20
-1.87385437007874
11
3.6849570078740155
21
-1.8734731102362205
0
LINE
8
BLACK
6
CONTINUOUS
10
3.6849570078740155
20
-1.8734731102362205
11
3.8606568503937009
21
-1.3367502755905512
0
LINE
8
BLACK
6
CONTINUOUS
10
3.8606568503937009
20
-1.3367502755905512
11
3.8607269685039367
21
-1.3366256692913385
0
LINE
8
BLACK
6
CONTINUOUS
10
3.8607269685039367
20
-1.3366256692913385
11
3.8607842519685041
21
-1.3364944488188977
0
LINE
8
BLACK
6
CONTINUOUS
10
3.8607842519685041
20
-1.3364944488188977
11
3.8632677165354328
21
-1.3329245669291339
0
LINE
8
BLACK
6
CONTINUOUS
10
3.8632677165354328
20
-1.3329245669291339
11
3.8632732283464568
21
-1.3329192519685038
0
LINE
8
BLACK
6
CONTINUOUS
10
3.8632732283464568
20
-1.3329192519685038
11
3.8632764173228344
21
-1.3329122440944881
0
LINE
8
BLACK
6
CONTINUOUS
10
3.8632764173228344
20
-1.3329122440944881
11
3.86582405511811
21
-1.3293671259842519
0
LINE
8
BLACK
6
CONTINUOUS
10
3.86582405511811
20
-1.3293671259842519
11
3.8658289763779528
21
-1.3293624803149606
0
LINE
8
BLACK
6
CONTINUOUS
10
3.8658289763779528
20
-1.3293624803149606
11
3.8658318110236221
21
-1.3293565354330708
0
LINE
8
BLACK
6
CONTINUOUS
10
3.8658318110236221
20
-1.3293565354330708
11
3.8684360629921257
21
-1.3258327952755906
0
LINE
8
BLACK
6
CONTINUOUS
10
3.8684360629921257
20
-1.3258327952755906
11
3.8684402362204722
21
-1.3258289763779527
0
LINE
8
BLACK
6
CONTINUOUS
10
3.8684402362204722
20
-1.3258289763779527
11
3.8684427559055119
21
-1.3258238188976377
0
LINE
8
BLACK
6
CONTINUOUS
10
3.8684427559055119
20
-1.3258238188976377
11
3.8710959842519683
21
-1.322318031496063
0
LINE
8
BLACK
6
CONTINUOUS
10
3.8710959842519683
20
-1.322318031496063
11
3.8711009842519686
21
-1.3223135433070865
0
LINE
8
BLACK
6
CONTINUOUS
10
3.8711009842519686
20
-1.3223135433070865
11
3.8711039763779524
21
-1.3223076377952756
0
LINE
8
BLACK
6
CONTINUOUS
10
3.8711039763779524
20
-1.3223076377952756
11
3.876527244094488
21
-1.3153363779527558
0
LINE
8
BLACK
6
CONTINUOUS
10
3.876527244094488
20
-1.3153363779527558
11
3.8765315748031495
21
-1.3153325984251969
0
LINE
8
BLACK
6
CONTINUOUS
10
3.8765315748031495
20
-1.3153325984251969
11
3.8765342519685038
21
-1.3153274803149606
0
LINE
8
BLACK
6
CONTINUOUS
10
3.8765342519685038
20
-1.3153274803149606
11
3.8820627165354331
21
-1.3083873622047244
0
LINE
8
BLACK
6
CONTINUOUS
10
3.8820627165354331
20
-1.3083873622047244
11
3.8823560236220471
21
-1.3081394488188975
0
LINE
8
BLACK
6
CONTINUOUS
10
3.8823560236220471
20
-1.3081394488188975
11
3.8823921259842518
21
-1.3081353543307086
0
LINE
8
BLACK
6
CONTINUOUS
10
3.8823921259842518
20
-1.3081353543307086
11
3.8824164566929134
21
-1.3081088188976377
0
LINE
8
BLACK
6
CONTINUOUS
10
3.8824164566929134
20
-1.3081088188976377
11
3.8824393700787398
21
-1.3081077952755906
0
LINE
8
BLACK
6
CONTINUOUS
10
3.8824393700787398
20
-1.3081077952755906
11
3.8824559055118111
21
-1.3080912992125984
0
LINE
8
BLACK
6
CONTINUOUS
10
3.8824559055118111
20
-1.3080912992125984
11
3.8827813779527558
21
-1.3080912992125984
0
LINE
8
BLACK
6
CONTINUOUS
10
3.8827813779527558
20
-1.3080912992125984
11
3.8831044881889762
21
-1.3080547244094487
0
LINE
8
BLACK
6
CONTINUOUS
10
3.8831044881889762
20
-1.3080547244094487
11
3.8831329527559055
21
-1.3080774015748031
0
LINE
8
BLACK
6
CONTINUOUS
10
3.8780791732283464
20
-1.3165472047244093
11
3.8726622047244095
21
-1.32351031496063
0
LINE
8
BLACK
6
CONTINUOUS
10
3.8726622047244095
20
-1.32351031496063
11
3.870014842519685
21
-1.3270083464566929
0
LINE
8
BLACK
6
CONTINUOUS
10
3.870014842519685
20
-1.3270083464566929
11
3.8674200393700788
21
-1.3305193307086614
0
LINE
8
BLACK
6
CONTINUOUS
10
3.8674200393700788
20
-1.3305193307086614
11
3.8648785433070865
21
-1.3340559055118111
0
LINE
8
BLACK
6
CONTINUOUS
10
3.8648785433070865
20
-1.3340559055118111
11
3.8624825590551182
21
-1.3375000393700787
0
LINE
8
BLACK
6
CONTINUOUS
10
3.8624825590551182
20
-1.3375000393700787
11
3.6869841338582678
21
-1.8736075196850392
0
LINE
8
BLACK
6
CONTINUOUS
10
3.6869841338582678
20
-1.8736075196850392
11
3.7055076377952756
21
-1.8991
0
LINE
8
BLACK
6
CONTINUOUS
10
3.7055076377952756
20
-1.8991
11
3.7056681889763778
21
-1.8994483070866142
0
LINE
8
BLACK
6
CONTINUOUS
10
3.7056681889763778
20
-1.8994483070866142
11
3.7056684251968504
21
-1.8994485826771652
0
LINE
8
BLACK
6
CONTINUOUS
10
3.7056684251968504
20
-1.8994485826771652
11
3.7056683858267716
21
-1.8994486614173227
0
LINE
8
BLACK
6
CONTINUOUS
10
3.7056683858267716
20
-1.8994486614173227
11
3.7056684251968504
21
-1.8994487401574802
0
LINE
8
BLACK
6
CONTINUOUS
10
3.7056684251968504
20
-1.8994487401574802
11
3.7056338582677166
21
-1.8996668897637794
0
LINE
8
BLACK
6
CONTINUOUS
10
3.7056338582677166
20
-1.8996668897637794
11
3.7055507086614172
21
-1.9001925984251968
0
LINE
8
BLACK
6
CONTINUOUS
10
3.7055507086614172
20
-1.9001925984251968
11
3.7055506299212597
21
-1.9001926377952756
0
LINE
8
BLACK
6
CONTINUOUS
10
3.7055506299212597
20
-1.9001926377952756
11
3.7055506299212597
21
-1.9001927165354331
0
LINE
8
BLACK
6
CONTINUOUS
10
3.7055506299212597
20
-1.9001927165354331
11
3.7055505118110235
21
-1.9001927559055118
0
LINE
8
BLACK
6
CONTINUOUS
10
3.7055505118110235
20
-1.9001927559055118
11
3.705290118110236
21
-1.9004746456692914
0
LINE
8
BLACK
6
CONTINUOUS
10
3.705290118110236
20
-1.9004746456692914
11
3.6697201574803149
21
-1.9263290551181103
0
LINE
8
BLACK
6
CONTINUOUS
10
3.6697201574803149
20
-1.9263290551181103
11
3.6440987401574803
21
-2.0045892913385828
0
LINE
8
BLACK
6
CONTINUOUS
10
3.6440987401574803
20
-2.0045892913385828
11
4.2271818110236223
21
-2.0041641732283466
0
LINE
8
BLACK
6
CONTINUOUS
10
4.2271818110236223
20
-2.0041641732283466
11
4.0514963779527555
21
-1.4629684251968504
0
LINE
8
BLACK
6
CONTINUOUS
10
4.0514963779527555
20
-1.4629684251968504
11
4.0300544488188974
21
-1.4445066929133858
0
LINE
8
BLACK
6
CONTINUOUS
10
4.0300544488188974
20
-1.4445066929133858
11
4.0300503937007877
21
-1.4445015354330708
0
LINE
8
BLACK
6
CONTINUOUS
10
4.0300503937007877
20
-1.4445015354330708
11
4.0300447244094491
21
-1.4444982283464567
0
LINE
8
BLACK
6
CONTINUOUS
10
4.0300447244094491
20
-1.4444982283464567
11
4.0086348031496062
21
-1.4255696456692912
0
LINE
8
BLACK
6
CONTINUOUS
10
4.0086348031496062
20
-1.4255696456692912
11
4.0086306692913389
21
-1.4255642519685039
0
LINE
8
BLACK
6
CONTINUOUS
10
4.0086306692913389
20
-1.4255642519685039
11
4.0086248031496066
21
-1.4255607086614173
0
LINE
8
BLACK
6
CONTINUOUS
10
4.0086248031496066
20
-1.4255607086614173
11
3.9663095669291337
21
-1.3871116929133858
0
LINE
8
BLACK
6
CONTINUOUS
10
3.9663095669291337
20
-1.3871116929133858
11
3.9663071653543307
21
-1.3871084645669292
0
LINE
8
BLACK
6
CONTINUOUS
10
3.9663071653543307
20
-1.3871084645669292
11
3.9663037007874014
21
-1.3871063385826772
0
LINE
8
BLACK
6
CONTINUOUS
10
3.9663037007874014
20
-1.3871063385826772
11
3.9242977559055117
21
-1.3483164960629921
0
LINE
8
BLACK
6
CONTINUOUS
10
3.9242977559055117
20
-1.3483164960629921
11
3.8829452755905511
21
-1.3104386614173229
0
LINE
8
BLACK
6
CONTINUOUS
10
3.8829452755905511
20
-1.3104386614173229
11
3.8780791732283464
21
-1.3165472047244093
0
LINE
8
BLACK
6
CONTINUOUS
10
4.9177332283464565
20
-1.7061044881889764
11
4.9178070472440947
21
-1.7060925984251969
0
LINE
8
BLACK
6
CONTINUOUS
10
4.9178070472440947
20
-1.7060925984251969
11
4.9178124015748033
21
-1.7060950393700787
0
LINE
8
BLACK
6
CONTINUOUS
10
4.9178124015748033
20
-1.7060950393700787
11
4.917812755905512
21
-1.7060949999999999
0
LINE
8
BLACK
6
CONTINUOUS
10
4.917812755905512
20
-1.7060949999999999
11
4.9178595669291338
21
-1.7061166141732282
0
LINE
8
BLACK
6
CONTINUOUS
10
4.9178595669291338
20
-1.7061166141732282
11
4.9181562598425197
21
-1.7062524015748031
0
LINE
8
BLACK
6
CONTINUOUS
10
4.9181562598425197
20
-1.7062524015748031
11
4.9181583858267715
21
-1.706253937007874
0
LINE
8
BLACK
6
CONTINUOUS
10
4.9181583858267715
20
-1.706253937007874
11
4.9181596456692915
21
-1.7062552755905511
0
LINE
8
BLACK
6
CONTINUOUS
10
4.9181596456692915
20
-1.7062552755905511
11
4.9181613779527558
21
-1.7062561023622047
0
LINE
8
BLACK
6
CONTINUOUS
10
4.9181613779527558
20
-1.7062561023622047
11
5.1220782283464565
21
-1.8546993307086614
0
LINE
8
BLACK
6
CONTINUOUS
10
5.1220782283464565
20
-1.8546993307086614
11
5.1220782677165353
21
-1.8546993700787402
0
LINE
8
BLACK
6
CONTINUOUS
10
5.1220782677165353
20
-1.8546993700787402
11
5.2240820472440941
21
-1.9288380314960629
0
LINE
8
BLACK
6
CONTINUOUS
10
5.2240820472440941
20
-1.9288380314960629
11
5.2240821653543303
21
-1.9288380708661417
0
LINE
8
BLACK
6
CONTINUOUS
10
5.2240821653543303
20
-1.9288380708661417
11
5.3264206692913385
21
-2.0024360629921261
0
LINE
8
BLACK
6
CONTINUOUS
10
5.3264206692913385
20
-2.0024360629921261
11
5.3266827165354327
21
-2.002716811023622
0
LINE
8
BLACK
6
CONTINUOUS
10
5.3266827165354327
20
-2.002716811023622
11
5.3267057874015746
21
-2.0028582283464567
0
LINE
8
BLACK
6
CONTINUOUS
10
5.3267057874015746
20
-2.0028582283464567
11
5.3267941338582672
21
-2.002971023622047
0
LINE
8
BLACK
6
CONTINUOUS
10
5.3267941338582672
20
-2.002971023622047
11
5.3267642913385824
21
-2.0032162992125984
0
LINE
8
BLACK
6
CONTINUOUS
10
5.3267642913385824
20
-2.0032162992125984
11
5.3268041338582677
21
-2.0034602362204725
0
LINE
8
BLACK
6
CONTINUOUS
10
5.3268041338582677
20
-2.0034602362204725
11
5.3267204724409449
21
-2.003576535433071
0
LINE
8
BLACK
6
CONTINUOUS
10
5.3267204724409449
20
-2.003576535433071
11
5.3267031889763778
21
-2.0037188188976378
0
LINE
8
BLACK
6
CONTINUOUS
10
5.3267031889763778
20
-2.0037188188976378
11
5.3265085826771656
21
-2.0038711811023622
0
LINE
8
BLACK
6
CONTINUOUS
10
5.3265085826771656
20
-2.0038711811023622
11
5.3263643307086612
21
-2.0040718110236222
0
LINE
8
BLACK
6
CONTINUOUS
10
5.3263643307086612
20
-2.0040718110236222
11
5.3262228740157482
21
-2.0040948818897637
0
LINE
8
BLACK
6
CONTINUOUS
10
5.3262228740157482
20
-2.0040948818897637
11
5.3261101181102362
21
-2.0041832283464567
0
LINE
8
BLACK
6
CONTINUOUS
10
5.3261101181102362
20
-2.0041832283464567
11
5.3257272047244095
21
-2.0042121259842518
0
LINE
8
BLACK
6
CONTINUOUS
10
5.3257272047244095
20
-2.0042121259842518
11
4.6498667322834644
21
-1.922000433070866
0
LINE
8
BLACK
6
CONTINUOUS
10
4.6498667322834644
20
-1.922000433070866
11
4.6473109448818892
21
-1.9218088976377952
0
LINE
8
BLACK
6
CONTINUOUS
10
4.6473109448818892
20
-1.9218088976377952
11
4.647304881889764
21
-1.9218072047244095
0
LINE
8
BLACK
6
CONTINUOUS
10
4.647304881889764
20
-1.9218072047244095
11
4.6472985826771653
21
-1.9218079133858268
0
LINE
8
BLACK
6
CONTINUOUS
10
4.6472985826771653
20
-1.9218079133858268
11
4.6447146062992122
21
-1.9215815748031495
0
LINE
8
BLACK
6
CONTINUOUS
10
4.6447146062992122
20
-1.9215815748031495
11
4.6447066929133856
21
-1.921579251968504
0
LINE
8
BLACK
6
CONTINUOUS
10
4.6447066929133856
20
-1.921579251968504
11
4.6446985433070864
21
-1.9215800393700786
0
LINE
8
BLACK
6
CONTINUOUS
10
4.6446985433070864
20
-1.9215800393700786
11
4.6395162598425195
21
-1.9210405118110236
0
LINE
8
BLACK
6
CONTINUOUS
10
4.6395162598425195
20
-1.9210405118110236
11
4.6395077165354328
21
-1.9210378740157479
0
LINE
8
BLACK
6
CONTINUOUS
10
4.6395077165354328
20
-1.9210378740157479
11
4.6394988976377949
21
-1.9210385433070867
0
LINE
8
BLACK
6
CONTINUOUS
10
4.6394988976377949
20
-1.9210385433070867
11
4.6343011023622047
21
-1.9204038976377953
0
LINE
8
BLACK
6
CONTINUOUS
10
4.6343011023622047
20
-1.9204038976377953
11
4.6342948425196848
21
-1.9204018110236221
0
LINE
8
BLACK
6
CONTINUOUS
10
4.6342948425196848
20
-1.9204018110236221
11
4.6342883858267712
21
-1.9204022440944881
0
LINE
8
BLACK
6
CONTINUOUS
10
4.6342883858267712
20
-1.9204022440944881
11
4.6290791338582675
21
-1.9196971653543307
0
LINE
8
BLACK
6
CONTINUOUS
10
4.6290791338582675
20
-1.9196971653543307
11
4.6290121259842518
21
-1.9196741338582677
0
LINE
8
BLACK
6
CONTINUOUS
10
4.6290121259842518
20
-1.9196741338582677
11
4.6289818110236221
21
-1.9196789763779527
0
LINE
8
BLACK
6
CONTINUOUS
10
4.6289818110236221
20
-1.9196789763779527
11
4.6288514566929129
21
-1.919618937007874
0
LINE
8
BLACK
6
CONTINUOUS
10
4.6288514566929129
20
-1.919618937007874
11
4.6287159448818898
21
-1.919572401574803
0
LINE
8
BLACK
6
CONTINUOUS
10
4.6287159448818898
20
-1.919572401574803
11
4.628697322834646
21
-1.9195479527559054
0
LINE
8
BLACK
6
CONTINUOUS
10
4.628697322834646
20
-1.9195479527559054
11
4.6286329921259846
21
-1.9195183464566929
0
LINE
8
BLACK
6
CONTINUOUS
10
4.6286329921259846
20
-1.9195183464566929
11
4.6048088582677167
21
-1.9022250000000001
0
LINE
8
BLACK
6
CONTINUOUS
10
4.6048088582677167
20
-1.9022250000000001
11
4.604548031496063
21
-1.9019431102362205
0
LINE
8
BLACK
6
CONTINUOUS
10
4.604548031496063
20
-1.9019431102362205
11
4.6045306692913384
21
-1.9018338188976378
0
LINE
8
BLACK
6
CONTINUOUS
10
4.6045306692913384
20
-1.9018338188976378
11
4.604457204724409
21
-1.9017512204724409
0
LINE
8
BLACK
6
CONTINUOUS
10
4.604457204724409
20
-1.9017512204724409
11
4.6044734645669294
21
-1.9014737401574802
0
LINE
8
BLACK
6
CONTINUOUS
10
4.6044734645669294
20
-1.9014737401574802
11
4.6044298818897635
21
-1.9011991732283464
0
LINE
8
BLACK
6
CONTINUOUS
10
4.6044298818897635
20
-1.9011991732283464
11
4.604494842519685
21
-1.9011096456692913
0
LINE
8
BLACK
6
CONTINUOUS
10
4.604494842519685
20
-1.9011096456692913
11
4.6045013385826774
21
-1.9009992519685039
0
LINE
8
BLACK
6
CONTINUOUS
10
4.6045013385826774
20
-1.9009992519685039
11
4.6047330314960631
21
-1.9006929921259843
0
LINE
8
BLACK
6
CONTINUOUS
10
4.6047330314960631
20
-1.9006929921259843
11
4.6421168897637797
21
-1.8674533070866142
0
LINE
8
BLACK
6
CONTINUOUS
10
4.6421168897637797
20
-1.8674533070866142
11
4.6793514566929133
21
-1.834078188976378
0
LINE
8
BLACK
6
CONTINUOUS
10
4.6793514566929133
20
-1.834078188976378
11
4.7163331496062995
21
-1.8004533070866142
0
LINE
8
BLACK
6
CONTINUOUS
10
4.7163331496062995
20
-1.8004533070866142
11
4.7529511811023619
21
-1.766470433070866
0
LINE
8
BLACK
6
CONTINUOUS
10
4.7529511811023619
20
-1.766470433070866
11
4.7532782283464563
21
-1.7662691338582677
0
LINE
8
BLACK
6
CONTINUOUS
10
4.7532782283464563
20
-1.7662691338582677
11
4.7532788188976376
21
-1.7662691338582677
0
LINE
8
BLACK
6
CONTINUOUS
10
4.7532788188976376
20
-1.7662691338582677
11
4.7532792913385826
21
-1.7662687401574804
0
LINE
8
BLACK
6
CONTINUOUS
10
4.7532792913385826
20
-1.7662687401574804
11
4.7536585826771649
21
-1.7662083464566929
0
LINE
8
BLACK
6
CONTINUOUS
10
4.7536585826771649
20
-1.7662083464566929
11
4.760547322834646
21
-1.7664735433070866
0
LINE
8
BLACK
6
CONTINUOUS
10
4.760547322834646
20
-1.7664735433070866
11
4.7674394094488184
21
-1.7666479921259841
0
LINE
8
BLACK
6
CONTINUOUS
10
4.7674394094488184
20
-1.7666479921259841
11
4.7743290157480311
21
-1.7667279133858267
0
LINE
8
BLACK
6
CONTINUOUS
10
4.7743290157480311
20
-1.7667279133858267
11
4.7812205511811019
21
-1.7667097244094487
0
LINE
8
BLACK
6
CONTINUOUS
10
4.7812205511811019
20
-1.7667097244094487
11
4.7881019685039368
21
-1.7665896062992126
0
LINE
8
BLACK
6
CONTINUOUS
10
4.7881019685039368
20
-1.7665896062992126
11
4.7949773622047243
21
-1.7663637007874016
0
LINE
8
BLACK
6
CONTINUOUS
10
4.7949773622047243
20
-1.7663637007874016
11
4.8018396456692916
21
-1.7660282283464566
0
LINE
8
BLACK
6
CONTINUOUS
10
4.8018396456692916
20
-1.7660282283464566
11
4.8086916141732283
21
-1.7655789763779528
0
LINE
8
BLACK
6
CONTINUOUS
10
4.8086916141732283
20
-1.7655789763779528
11
4.8088077559055113
21
-1.7655942519685039
0
LINE
8
BLACK
6
CONTINUOUS
10
4.8088077559055113
20
-1.7655942519685039
11
4.8089251968503932
21
-1.7655914960629921
0
LINE
8
BLACK
6
CONTINUOUS
10
4.8089251968503932
20
-1.7655914960629921
11
4.8107921653543304
21
-1.7659172047244094
0
LINE
8
BLACK
6
CONTINUOUS
10
4.8107921653543304
20
-1.7659172047244094
11
4.8126484645669292
21
-1.7661744881889763
0
LINE
8
BLACK
6
CONTINUOUS
10
4.8126484645669292
20
-1.7661744881889763
11
4.814511338582677
21
-1.7663651968503937
0
LINE
8
BLACK
6
CONTINUOUS
10
4.814511338582677
20
-1.7663651968503937
11
4.8163772440944879
21
-1.7664878346456692
0
LINE
8
BLACK
6
CONTINUOUS
10
4.8163772440944879
20
-1.7664878346456692
11
4.8182468897637794
21
-1.7665413385826771
0
LINE
8
BLACK
6
CONTINUOUS
10
4.8182468897637794
20
-1.7665413385826771
11
4.8201167716535434
21
-1.7665242913385826
0
LINE
8
BLACK
6
CONTINUOUS
10
4.8201167716535434
20
-1.7665242913385826
11
4.8219865354330711
21
-1.7664354724409448
0
LINE
8
BLACK
6
CONTINUOUS
10
4.8219865354330711
20
-1.7664354724409448
11
4.8238549212598425
21
-1.7662735039370079
0
LINE
8
BLACK
6
CONTINUOUS
10
4.8238549212598425
20
-1.7662735039370079
11
4.8257200787401571
21
-1.7660371653543308
0
LINE
8
BLACK
6
CONTINUOUS
10
4.8257200787401571
20
-1.7660371653543308
11
4.8275805905511806
21
-1.7657252362204725
0
LINE
8
BLACK
6
CONTINUOUS
10
4.8275805905511806
20
-1.7657252362204725
11
4.8294351968503939
21
-1.7653362992125985
0
LINE
8
BLACK
6
CONTINUOUS
10
4.8294351968503939
20
-1.7653362992125985
11
4.8312835433070864
21
-1.7648687795275591
0
LINE
8
BLACK
6
CONTINUOUS
10
4.8312835433070864
20
-1.7648687795275591
11
4.8331223228346456
21
-1.7643218110236221
0
LINE
8
BLACK
6
CONTINUOUS
10
4.8331223228346456
20
-1.7643218110236221
11
4.8349505118110239
21
-1.7636940944881889
0
LINE
8
BLACK
6
CONTINUOUS
10
4.8349505118110239
20
-1.7636940944881889
11
4.8367685433070866
21
-1.7629835433070866
0
LINE
8
BLACK
6
CONTINUOUS
10
4.8367685433070866
20
-1.7629835433070866
11
4.8385924409448817
21
-1.7621810236220472
0
LINE
8
BLACK
6
CONTINUOUS
10
4.8385924409448817
20
-1.7621810236220472
11
4.8387100393700786
21
-1.7621549212598424
0
LINE
8
BLACK
6
CONTINUOUS
10
4.8387100393700786
20
-1.7621549212598424
11
4.8388227559055119
21
-1.7621117716535433
0
LINE
8
BLACK
6
CONTINUOUS
10
4.8388227559055119
20
-1.7621117716535433
11
4.8391080708661418
21
-1.7620629133858268
0
LINE
8
BLACK
6
CONTINUOUS
10
4.8391080708661418
20
-1.7620629133858268
11
4.8393807480314956
21
-1.7620121653543306
0
LINE
8
BLACK
6
CONTINUOUS
10
4.8393807480314956
20
-1.7620121653543306
11
4.8393808661417319
21
-1.7620121653543306
0
LINE
8
BLACK
6
CONTINUOUS
10
4.8393808661417319
20
-1.7620121653543306
11
4.839661811023622
21
-1.7619594881889764
0
LINE
8
BLACK
6
CONTINUOUS
10
4.839661811023622
20
-1.7619594881889764
11
4.8396677952755907
21
-1.7619595275590552
0
LINE
8
BLACK
6
CONTINUOUS
10
4.8396677952755907
20
-1.7619595275590552
11
4.8396733858267718
21
-1.7619574015748032
0
LINE
8
BLACK
6
CONTINUOUS
10
4.8396733858267718
20
-1.7619574015748032
11
4.8398753543307089
21
-1.7619220078740156
0
LINE
8
BLACK
6
CONTINUOUS
10
4.8398753543307089
20
-1.7619220078740156
11
4.8418116141732286
21
-1.7612351968503936
0
LINE
8
BLACK
6
CONTINUOUS
10
4.8418116141732286
20
-1.7612351968503936
11
4.8437486614173224
21
-1.7604672440944882
0
LINE
8
BLACK
6
CONTINUOUS
10
4.8437486614173224
20
-1.7604672440944882
11
4.8456288188976373
21
-1.7596401181102361
0
LINE
8
BLACK
6
CONTINUOUS
10
4.8456288188976373
20
-1.7596401181102361
11
4.8474485433070864
21
-1.7587570866141733
0
LINE
8
BLACK
6
CONTINUOUS
10
4.8474485433070864
20
-1.7587570866141733
11
4.8492114173228344
21
-1.757818188976378
0
LINE
8
BLACK
6
CONTINUOUS
10
4.8492114173228344
20
-1.757818188976378
11
4.8509144881889759
21
-1.7568266929133858
0
LINE
8
BLACK
6
CONTINUOUS
10
4.8509144881889759
20
-1.7568266929133858
11
4.8525616535433072
21
-1.7557821653543306
0
LINE
8
BLACK
6
CONTINUOUS
10
4.8525616535433072
20
-1.7557821653543306
11
4.8541496850393697
21
-1.7546882677165354
0
LINE
8
BLACK
6
CONTINUOUS
10
4.8541496850393697
20
-1.7546882677165354
11
4.8556825590551176
21
-1.7535441732283463
0
LINE
8
BLACK
6
CONTINUOUS
10
4.8556825590551176
20
-1.7535441732283463
11
4.8571573622047239
21
-1.7523536614173227
0
LINE
8
BLACK
6
CONTINUOUS
10
4.8571573622047239
20
-1.7523536614173227
11
4.8585770472440943
21
-1.7511161417322834
0
LINE
8
BLACK
6
CONTINUOUS
10
4.8585770472440943
20
-1.7511161417322834
11
4.8599400393700787
21
-1.7498347244094488
0
LINE
8
BLACK
6
CONTINUOUS
10
4.8599400393700787
20
-1.7498347244094488
11
4.861246653543307
21
-1.7485109055118109
0
LINE
8
BLACK
6
CONTINUOUS
10
4.861246653543307
20
-1.7485109055118109
11
4.8624979133858268
21
-1.7471455511811023
0
LINE
8
BLACK
6
CONTINUOUS
10
4.8624979133858268
20
-1.7471455511811023
11
4.8636947637795274
21
-1.7457392125984252
0
LINE
8
BLACK
6
CONTINUOUS
10
4.8636947637795274
20
-1.7457392125984252
11
4.8648465748031491
21
-1.7442818503937008
0
LINE
8
BLACK
6
CONTINUOUS
10
4.8648465748031491
20
-1.7442818503937008
11
4.8650369291338578
21
-1.7441196456692913
0
LINE
8
BLACK
6
CONTINUOUS
10
4.8650369291338578
20
-1.7441196456692913
11
4.8650629133858265
21
-1.7440798425196851
0
LINE
8
BLACK
6
CONTINUOUS
10
4.8650629133858265
20
-1.7440798425196851
11
4.8651045275590548
21
-1.7440620472440944
0
LINE
8
BLACK
6
CONTINUOUS
10
4.8651045275590548
20
-1.7440620472440944
11
4.8651388976377952
21
-1.7440327952755905
0
LINE
8
BLACK
6
CONTINUOUS
10
4.8651388976377952
20
-1.7440327952755905
11
4.8651859448818895
21
-1.7440272440944882
0
LINE
8
BLACK
6
CONTINUOUS
10
4.8651859448818895
20
-1.7440272440944882
11
4.8654161023622047
21
-1.7439289763779526
0
LINE
8
BLACK
6
CONTINUOUS
10
4.8654161023622047
20
-1.7439289763779526
11
4.8694625984251969
21
-1.7430775196850394
0
LINE
8
BLACK
6
CONTINUOUS
10
4.8694625984251969
20
-1.7430775196850394
11
4.8734305511811025
21
-1.7420281496062993
0
LINE
8
BLACK
6
CONTINUOUS
10
4.8734305511811025
20
-1.7420281496062993
11
4.8773332283464566
21
-1.7407766141732284
0
LINE
8
BLACK
6
CONTINUOUS
10
4.8773332283464566
20
-1.7407766141732284
11
4.8811585433070865
21
-1.7393240157480314
0
LINE
8
BLACK
6
CONTINUOUS
10
4.8811585433070865
20
-1.7393240157480314
11
4.8848929133858263
21
-1.737672125984252
0
LINE
8
BLACK
6
CONTINUOUS
10
4.8848929133858263
20
-1.737672125984252
11
4.8885272834645672
21
-1.7358208661417323
0
LINE
8
BLACK
6
CONTINUOUS
10
4.8885272834645672
20
-1.7358208661417323
11
4.8920468503937009
21
-1.7337728740157481
0
LINE
8
BLACK
6
CONTINUOUS
10
4.8920468503937009
20
-1.7337728740157481
11
4.8954420866141728
21
-1.7315279527559055
0
LINE
8
BLACK
6
CONTINUOUS
10
4.8954420866141728
20
-1.7315279527559055
11
4.8987003149606299
21
-1.729087716535433
0
LINE
8
BLACK
6
CONTINUOUS
10
4.8987003149606299
20
-1.729087716535433
11
4.9018088976377951
21
-1.7264541338582677
0
LINE
8
BLACK
6
CONTINUOUS
10
4.9018088976377951
20
-1.7264541338582677
11
4.9047579133858266
21
-1.7236267716535432
0
LINE
8
BLACK
6
CONTINUOUS
10
4.9047579133858266
20
-1.7236267716535432
11
4.9075347637795277
21
-1.7206074409448819
0
LINE
8
BLACK
6
CONTINUOUS
10
4.9075347637795277
20
-1.7206074409448819
11
4.9101281889763779
21
-1.7173968503937007
0
LINE
8
BLACK
6
CONTINUOUS
10
4.9101281889763779
20
-1.7173968503937007
11
4.9125268110236222
21
-1.71399531496063
0
LINE
8
BLACK
6
CONTINUOUS
10
4.9125268110236222
20
-1.71399531496063
11
4.9147185826771649
21
-1.7104043700787401
0
LINE
8
BLACK
6
CONTINUOUS
10
4.9147185826771649
20
-1.7104043700787401
11
4.9167075196850396
21
-1.7065947637795276
0
LINE
8
BLACK
6
CONTINUOUS
10
4.9167075196850396
20
-1.7065947637795276
11
4.9169482677165357
21
-1.7062955511811024
0
LINE
8
BLACK
6
CONTINUOUS
10
4.9169482677165357
20
-1.7062955511811024
11
4.9170196062992124
21
-1.7062731102362205
0
LINE
8
BLACK
6
CONTINUOUS
10
4.9170196062992124
20
-1.7062731102362205
11
4.9170633858267712
21
-1.706212559055118
0
LINE
8
BLACK
6
CONTINUOUS
10
4.9170633858267712
20
-1.706212559055118
11
4.9173701181102363
21
-1.7061630708661417
0
LINE
8
BLACK
6
CONTINUOUS
10
4.9173701181102363
20
-1.7061630708661417
11
4.9176669291338584
21
-1.7060698818897637
0
LINE
8
BLACK
6
CONTINUOUS
10
4.9176669291338584
20
-1.7060698818897637
11
4.9177332283464565
21
-1.7061044881889764
0
LINE
8
BLACK
6
CONTINUOUS
10
4.9164483070866138
20
-1.7113446062992126
11
4.9164273228346458
21
-1.7113706299212599
0
LINE
8
BLACK
6
CONTINUOUS
10
4.9164273228346458
20
-1.7113706299212599
11
4.9164159055118111
21
-1.7114018503937007
0
LINE
8
BLACK
6
CONTINUOUS
10
4.9164159055118111
20
-1.7114018503937007
11
4.9141899606299209
21
-1.7150487795275591
0
LINE
8
BLACK
6
CONTINUOUS
10
4.9141899606299209
20
-1.7150487795275591
11
4.9141676377952752
21
-1.7150729921259842
0
LINE
8
BLACK
6
CONTINUOUS
10
4.9141676377952752
20
-1.7150729921259842
11
4.9141542519685038
21
-1.7151031889763779
0
LINE
8
BLACK
6
CONTINUOUS
10
4.9141542519685038
20
-1.7151031889763779
11
4.9117185039370082
21
-1.7185573228346456
0
LINE
8
BLACK
6
CONTINUOUS
10
4.9117185039370082
20
-1.7185573228346456
11
4.9116949212598424
21
-1.7185797244094487
0
LINE
8
BLACK
6
CONTINUOUS
10
4.9116949212598424
20
-1.7185797244094487
11
4.9116798031496058
21
-1.7186085826771653
0
LINE
8
BLACK
6
CONTINUOUS
10
4.9116798031496058
20
-1.7186085826771653
11
4.9090462992125987
21
-1.7218688582677164
0
LINE
8
BLACK
6
CONTINUOUS
10
4.9090462992125987
20
-1.7218688582677164
11
4.9090216929133854
21
-1.7218893307086613
0
LINE
8
BLACK
6
CONTINUOUS
10
4.9090216929133854
20
-1.7218893307086613
11
4.9090050787401571
21
-1.721916653543307
0
LINE
8
BLACK
6
CONTINUOUS
10
4.9090050787401571
20
-1.721916653543307
11
4.9061858267716536
21
-1.7249820472440944
0
LINE
8
BLACK
6
CONTINUOUS
10
4.9061858267716536
20
-1.7249820472440944
11
4.9061605118110236
21
-1.7250005118110237
0
LINE
8
BLACK
6
CONTINUOUS
10
4.9061605118110236
20
-1.7250005118110237
11
4.9061425590551178
21
-1.7250262204724409
0
LINE
8
BLACK
6
CONTINUOUS
10
4.9061425590551178
20
-1.7250262204724409
11
4.9031494881889763
21
-1.7278958267716535
0
LINE
8
BLACK
6
CONTINUOUS
10
4.9031494881889763
20
-1.7278958267716535
11
4.9031236614173226
21
-1.7279122834645668
0
LINE
8
BLACK
6
CONTINUOUS
10
4.9031236614173226
20
-1.7279122834645668
11
4.9031045669291338
21
-1.7279363385826771
0
LINE
8
BLACK
6
CONTINUOUS
10
4.9031045669291338
20
-1.7279363385826771
11
4.8999496456692908
21
-1.7306091338582676
0
LINE
8
BLACK
6
CONTINUOUS
10
4.8999496456692908
20
-1.7306091338582676
11
4.8999234645669292
21
-1.730623622047244
0
LINE
8
BLACK
6
CONTINUOUS
10
4.8999234645669292
20
-1.730623622047244
11
4.899903464566929
21
-1.7306459448818898
0
LINE
8
BLACK
6
CONTINUOUS
10
4.899903464566929
20
-1.7306459448818898
11
4.8965988188976377
21
-1.7331209055118111
0
LINE
8
BLACK
6
CONTINUOUS
10
4.8965988188976377
20
-1.7331209055118111
11
4.8965724409448814
21
-1.7331335039370079
0
LINE
8
BLACK
6
CONTINUOUS
10
4.8965724409448814
20
-1.7331335039370079
11
4.8965516535433071
21
-1.7331541338582677
0
LINE
8
BLACK
6
CONTINUOUS
10
4.8965516535433071
20
-1.7331541338582677
11
4.893109212598425
21
-1.7354302755905511
0
LINE
8
BLACK
6
CONTINUOUS
10
4.893109212598425
20
-1.7354302755905511
11
4.8930827165354334
21
-1.735441062992126
0
LINE
8
BLACK
6
CONTINUOUS
10
4.8930827165354334
20
-1.735441062992126
11
4.8930613779527556
21
-1.7354599606299212
0
LINE
8
BLACK
6
CONTINUOUS
10
4.8930613779527556
20
-1.7354599606299212
11
4.8894931496062988
21
-1.7375362992125984
0
LINE
8
BLACK
6
CONTINUOUS
10
4.8894931496062988
20
-1.7375362992125984
11
4.8894668110236221
21
-1.7375453149606299
0
LINE
8
BLACK
6
CONTINUOUS
10
4.8894668110236221
20
-1.7375453149606299
11
4.889444881889764
21
-1.7375626377952755
0
LINE
8
BLACK
6
CONTINUOUS
10
4.889444881889764
20
-1.7375626377952755
11
4.8857628346456687
21
-1.7394381889763779
0
LINE
8
BLACK
6
CONTINUOUS
10
4.8857628346456687
20
-1.7394381889763779
11
4.8857364960629921
21
-1.739445590551181
0
LINE
8
BLACK
6
CONTINUOUS
10
4.8857364960629921
20
-1.739445590551181
11
4.885714251968504
21
-1.7394612598425196
0
LINE
8
BLACK
6
CONTINUOUS
10
4.885714251968504
20
-1.7394612598425196
11
4.8819303937007872
21
-1.7411349999999999
0
LINE
8
BLACK
6
CONTINUOUS
10
4.8819303937007872
20
-1.7411349999999999
11
4.8819043307086609
21
-1.7411407874015747
0
LINE
8
BLACK
6
CONTINUOUS
10
4.8819043307086609
20
-1.7411407874015747
11
4.8818816535433074
21
-1.7411550393700788
0
LINE
8
BLACK
6
CONTINUOUS
10
4.8818816535433074
20
-1.7411550393700788
11
4.878008031496063
21
-1.7426259842519685
0
LINE
8
BLACK
6
CONTINUOUS
10
4.878008031496063
20
-1.7426259842519685
11
4.877982086614173
21
-1.7426303149606299
0
LINE
8
BLACK
6
CONTINUOUS
10
4.877982086614173
20
-1.7426303149606299
11
4.877959173228346
21
-1.7426430708661418
0
LINE
8
BLACK
6
CONTINUOUS
10
4.877959173228346
20
-1.7426430708661418
11
4.8740076771653547
21
-1.7439102755905511
0
LINE
8
BLACK
6
CONTINUOUS
10
4.8740076771653547
20
-1.7439102755905511
11
4.8739819685039372
21
-1.7439131889763779
0
LINE
8
BLACK
6
CONTINUOUS
10
4.8739819685039372
20
-1.7439131889763779
11
4.873958779527559
21
-1.7439245669291339
0
LINE
8
BLACK
6
CONTINUOUS
10
4.873958779527559
20
-1.7439245669291339
11
4.8699414566929136
21
-1.744986968503937
0
LINE
8
BLACK
6
CONTINUOUS
10
4.8699414566929136
20
-1.744986968503937
11
4.8699159448818898
21
-1.7449885433070866
0
LINE
8
BLACK
6
CONTINUOUS
10
4.8699159448818898
20
-1.7449885433070866
11
4.8698924803149604
21
-1.7449985826771652
0
LINE
8
BLACK
6
CONTINUOUS
10
4.8698924803149604
20
-1.7449985826771652
11
4.8661700000000003
21
-1.7457818110236221
0
LINE
8
BLACK
6
CONTINUOUS
10
4.8661700000000003
20
-1.7457818110236221
11
4.8652276377952752
21
-1.7469742519685039
0
LINE
8
BLACK
6
CONTINUOUS
10
4.8652276377952752
20
-1.7469742519685039
11
4.8652138582677162
21
-1.7469859448818896
0
LINE
8
BLACK
6
CONTINUOUS
10
4.8652138582677162
20
-1.7469859448818896
11
4.8652049999999996
21
-1.7470018897637796
0
LINE
8
BLACK
6
CONTINUOUS
10
4.8652049999999996
20
-1.7470018897637796
11
4.8639854724409446
21
-1.7484348818897637
0
LINE
8
BLACK
6
CONTINUOUS
10
4.8639854724409446
20
-1.7484348818897637
11
4.8639710236220468
21
-1.7484462598425197
0
LINE
8
BLACK
6
CONTINUOUS
10
4.8639710236220468
20
-1.7484462598425197
11
4.863961535433071
21
-1.7484619685039369
0
LINE
8
BLACK
6
CONTINUOUS
10
4.863961535433071
20
-1.7484619685039369
11
4.8626854330708662
21
-1.7498544094488189
0
LINE
8
BLACK
6
CONTINUOUS
10
4.8626854330708662
20
-1.7498544094488189
11
4.8626704724409446
21
-1.7498653149606298
0
LINE
8
BLACK
6
CONTINUOUS
10
4.8626704724409446
20
-1.7498653149606298
11
4.86266031496063
21
-1.7498808267716535
0
LINE
8
BLACK
6
CONTINUOUS
10
4.86266031496063
20
-1.7498808267716535
11
4.8613275196850392
21
-1.7512311417322834
0
LINE
8
BLACK
6
CONTINUOUS
10
4.8613275196850392
20
-1.7512311417322834
11
4.861312007874016
21
-1.7512416141732283
0
LINE
8
BLACK
6
CONTINUOUS
10
4.861312007874016
20
-1.7512416141732283
11
4.8613011811023625
21
-1.7512568503937007
0
LINE
8
BLACK
6
CONTINUOUS
10
4.8613011811023625
20
-1.7512568503937007
11
4.8599113779527556
21
-1.752563464566929
0
LINE
8
BLACK
6
CONTINUOUS
10
4.8599113779527556
20
-1.752563464566929
11
4.8598953937007874
21
-1.7525734251968503
0
LINE
8
BLACK
6
CONTINUOUS
10
4.8598953937007874
20
-1.7525734251968503
11
4.8598839370078739
21
-1.7525883070866142
0
LINE
8
BLACK
6
CONTINUOUS
10
4.8598839370078739
20
-1.7525883070866142
11
4.8584369685039368
21
-1.7538495669291339
0
LINE
8
BLACK
6
CONTINUOUS
10
4.8584369685039368
20
-1.7538495669291339
11
4.8584205118110235
21
-1.7538589763779526
0
LINE
8
BLACK
6
CONTINUOUS
10
4.8584205118110235
20
-1.7538589763779526
11
4.8584084645669288
21
-1.7538734645669292
0
LINE
8
BLACK
6
CONTINUOUS
10
4.8584084645669288
20
-1.7538734645669292
11
4.8569040944881889
21
-1.7550878346456693
0
LINE
8
BLACK
6
CONTINUOUS
10
4.8569040944881889
20
-1.7550878346456693
11
4.8568873228346456
21
-1.7550966141732283
0
LINE
8
BLACK
6
CONTINUOUS
10
4.8568873228346456
20
-1.7550966141732283
11
4.8568746062992121
21
-1.755110748031496
0
LINE
8
BLACK
6
CONTINUOUS
10
4.8568746062992121
20
-1.755110748031496
11
4.855312598425197
21
-1.7562766141732282
0
LINE
8
BLACK
6
CONTINUOUS
10
4.855312598425197
20
-1.7562766141732282
11
4.8552954330708662
21
-1.7562847637795276
0
LINE
8
BLACK
6
CONTINUOUS
10
4.8552954330708662
20
-1.7562847637795276
11
4.8552822047244097
21
-1.7562984251968503
0
LINE
8
BLACK
6
CONTINUOUS
10
4.8552822047244097
20
-1.7562984251968503
11
4.8536623622047239
21
-1.7574141732283464
0
LINE
8
BLACK
6
CONTINUOUS
10
4.8536623622047239
20
-1.7574141732283464
11
4.8536449212598427
21
-1.7574216535433071
0
LINE
8
BLACK
6
CONTINUOUS
10
4.8536449212598427
20
-1.7574216535433071
11
4.8536311417322837
21
-1.7574348425196851
0
LINE
8
BLACK
6
CONTINUOUS
10
4.8536311417322837
20
-1.7574348425196851
11
4.8519531889763776
21
-1.7584988976377953
0
LINE
8
BLACK
6
CONTINUOUS
10
4.8519531889763776
20
-1.7584988976377953
11
4.8519355511811026
21
-1.7585057086614173
0
LINE
8
BLACK
6
CONTINUOUS
10
4.8519355511811026
20
-1.7585057086614173
11
4.8519212992125986
21
-1.7585183070866142
0
LINE
8
BLACK
6
CONTINUOUS
10
4.8519212992125986
20
-1.7585183070866142
11
4.8501850787401573
21
-1.7595290551181102
0
LINE
8
BLACK
6
CONTINUOUS
10
4.8501850787401573
20
-1.7595290551181102
11
4.850167165354331
21
-1.7595351968503936
0
LINE
8
BLACK
6
CONTINUOUS
10
4.850167165354331
20
-1.7595351968503936
11
4.8501525196850395
21
-1.7595472047244094
0
LINE
8
BLACK
6
CONTINUOUS
10
4.8501525196850395
20
-1.7595472047244094
11
4.8483578346456691
21
-1.7605030708661418
0
LINE
8
BLACK
6
CONTINUOUS
10
4.8483578346456691
20
-1.7605030708661418
11
4.8483398031496066
21
-1.7605085039370079
0
LINE
8
BLACK
6
CONTINUOUS
10
4.8483398031496066
20
-1.7605085039370079
11
4.848324842519685
21
-1.7605198425196851
0
LINE
8
BLACK
6
CONTINUOUS
10
4.848324842519685
20
-1.7605198425196851
11
4.8464713779527555
21
-1.7614192519685039
0
LINE
8
BLACK
6
CONTINUOUS
10
4.8464713779527555
20
-1.7614192519685039
11
4.846453346456693
21
-1.7614239370078739
0
LINE
8
BLACK
6
CONTINUOUS
10
4.846453346456693
20
-1.7614239370078739
11
4.8464380314960627
21
-1.7614346850393701
0
LINE
8
BLACK
6
CONTINUOUS
10
4.8464380314960627
20
-1.7614346850393701
11
4.8445255905511813
21
-1.7622760236220472
0
LINE
8
BLACK
6
CONTINUOUS
10
4.8445255905511813
20
-1.7622760236220472
11
4.8445074015748029
21
-1.7622800393700786
0
LINE
8
BLACK
6
CONTINUOUS
10
4.8445074015748029
20
-1.7622800393700786
11
4.8444919685039372
21
-1.7622900393700787
0
LINE
8
BLACK
6
CONTINUOUS
10
4.8444919685039372
20
-1.7622900393700787
11
4.8425203543307083
21
-1.7630716929133858
0
LINE
8
BLACK
6
CONTINUOUS
10
4.8425203543307083
20
-1.7630716929133858
11
4.8425024015748033
21
-1.7630749606299212
0
LINE
8
BLACK
6
CONTINUOUS
10
4.8425024015748033
20
-1.7630749606299212
11
4.8424866535433067
21
-1.7630843700787402
0
LINE
8
BLACK
6
CONTINUOUS
10
4.8424866535433067
20
-1.7630843700787402
11
4.8404556692913383
21
-1.7638048031496063
0
LINE
8
BLACK
6
CONTINUOUS
10
4.8404556692913383
20
-1.7638048031496063
11
4.8403736220472444
21
-1.7638167322834646
0
LINE
8
BLACK
6
CONTINUOUS
10
4.8403736220472444
20
-1.7638167322834646
11
4.8402964566929132
21
-1.7638466535433071
0
LINE
8
BLACK
6
CONTINUOUS
10
4.8402964566929132
20
-1.7638466535433071
11
4.8400197244094487
21
-1.7638950787401575
0
LINE
8
BLACK
6
CONTINUOUS
10
4.8400197244094487
20
-1.7638950787401575
11
4.8397436220472443
21
-1.7639468897637796
0
LINE
8
BLACK
6
CONTINUOUS
10
4.8397436220472443
20
-1.7639468897637796
11
4.8397427952755905
21
-1.7639468503937008
0
LINE
8
BLACK
6
CONTINUOUS
10
4.8397427952755905
20
-1.7639468503937008
11
4.8397422047244092
21
-1.7639471259842519
0
LINE
8
BLACK
6
CONTINUOUS
10
4.8397422047244092
20
-1.7639471259842519
11
4.8394590551181098
21
-1.7639998031496062
0
LINE
8
BLACK
6
CONTINUOUS
10
4.8394590551181098
20
-1.7639998031496062
11
4.8394518897637795
21
-1.76399968503937
0
LINE
8
BLACK
6
CONTINUOUS
10
4.8394518897637795
20
-1.76399968503937
11
4.8394451181102358
21
-1.7640023228346455
0
LINE
8
BLACK
6
CONTINUOUS
10
4.8394451181102358
20
-1.7640023228346455
11
4.8392742125984247
21
-1.7640315354330709
0
LINE
8
BLACK
6
CONTINUOUS
10
4.8392742125984247
20
-1.7640315354330709
11
4.837542362204724
21
-1.764793622047244
0
LINE
8
BLACK
6
CONTINUOUS
10
4.837542362204724
20
-1.764793622047244
11
4.8375218897637797
21
-1.7647981496062992
0
LINE
8
BLACK
6
CONTINUOUS
10
4.8375218897637797
20
-1.7647981496062992
11
4.8375042519685039
21
-1.7648094488188977
0
LINE
8
BLACK
6
CONTINUOUS
10
4.8375042519685039
20
-1.7648094488188977
11
4.8356481496062989
21
-1.7655348818897638
0
LINE
8
BLACK
6
CONTINUOUS
10
4.8356481496062989
20
-1.7655348818897638
11
4.8356275590551183
21
-1.7655385433070865
0
LINE
8
BLACK
6
CONTINUOUS
10
4.8356275590551183
20
-1.7655385433070865
11
4.8356095275590549
21
-1.7655490551181101
0
LINE
8
BLACK
6
CONTINUOUS
10
4.8356095275590549
20
-1.7655490551181101
11
4.8337416535433073
21
-1.7661903937007875
0
LINE
8
BLACK
6
CONTINUOUS
10
4.8337416535433073
20
-1.7661903937007875
11
4.8337210236220471
21
-1.7661931496062993
0
LINE
8
BLACK
6
CONTINUOUS
10
4.8337210236220471
20
-1.7661931496062993
11
4.8337026771653546
21
-1.766202874015748
0
LINE
8
BLACK
6
CONTINUOUS
10
4.8337026771653546
20
-1.766202874015748
11
4.831824566929134
21
-1.766761496062992
0
LINE
8
BLACK
6
CONTINUOUS
10
4.831824566929134
20
-1.766761496062992
11
4.8318040551181101
21
-1.7667633858267715
0
LINE
8
BLACK
6
CONTINUOUS
10
4.8318040551181101
20
-1.7667633858267715
11
4.83178531496063
21
-1.7667723228346457
0
LINE
8
BLACK
6
CONTINUOUS
10
4.83178531496063
20
-1.7667723228346457
11
4.8298985039370077
21
-1.7672495669291337
0
LINE
8
BLACK
6
CONTINUOUS
10
4.8298985039370077
20
-1.7672495669291337
11
4.8298780314960625
21
-1.7672505905511811
0
LINE
8
BLACK
6
CONTINUOUS
10
4.8298780314960625
20
-1.7672505905511811
11
4.8298591732283462
21
-1.7672586614173227
0
LINE
8
BLACK
6
CONTINUOUS
10
4.8298591732283462
20
-1.7672586614173227
11
4.8279651181102361
21
-1.7676558661417323
0
LINE
8
BLACK
6
CONTINUOUS
10
4.8279651181102361
20
-1.7676558661417323
11
4.8279448031496059
21
-1.7676560629921259
0
LINE
8
BLACK
6
CONTINUOUS
10
4.8279448031496059
20
-1.7676560629921259
11
4.8279258661417321
21
-1.7676632677165354
0
LINE
8
BLACK
6
CONTINUOUS
10
4.8279258661417321
20
-1.7676632677165354
11
4.8260261023622046
21
-1.7679818110236221
0
LINE
8
BLACK
6
CONTINUOUS
10
4.8260261023622046
20
-1.7679818110236221
11
4.8260061023622045
21
-1.7679811811023622
0
LINE
8
BLACK
6
CONTINUOUS
10
4.8260061023622045
20
-1.7679811811023622
11
4.8259870866141732
21
-1.7679875590551182
0
LINE
8
BLACK
6
CONTINUOUS
10
4.8259870866141732
20
-1.7679875590551182
11
4.8240831102362201
21
-1.7682288188976378
0
LINE
8
BLACK
6
CONTINUOUS
10
4.8240831102362201
20
-1.7682288188976378
11
4.8240633464566924
21
-1.7682274015748032
0
LINE
8
BLACK
6
CONTINUOUS
10
4.8240633464566924
20
-1.7682274015748032
11
4.8240443700787399
21
-1.7682329527559055
0
LINE
8
BLACK
6
CONTINUOUS
10
4.8240443700787399
20
-1.7682329527559055
11
4.8221376771653546
21
-1.7683982283464565
0
LINE
8
BLACK
6
CONTINUOUS
10
4.8221376771653546
20
-1.7683982283464565
11
4.8221182677165357
21
-1.768396062992126
0
LINE
8
BLACK
6
CONTINUOUS
10
4.8221182677165357
20
-1.768396062992126
11
4.8220994094488185
21
-1.7684007874015748
0
LINE
8
BLACK
6
CONTINUOUS
10
4.8220994094488185
20
-1.7684007874015748
11
4.8201914566929132
21
-1.7684914173228345
0
LINE
8
BLACK
6
CONTINUOUS
10
4.8201914566929132
20
-1.7684914173228345
11
4.8201724803149606
21
-1.7684885433070865
0
LINE
8
BLACK
6
CONTINUOUS
10
4.8201724803149606
20
-1.7684885433070865
11
4.8201537401574805
21
-1.7684924803149606
0
LINE
8
BLACK
6
CONTINUOUS
10
4.8201537401574805
20
-1.7684924803149606
11
4.8182461023622043
21
-1.7685098818897638
0
LINE
8
BLACK
6
CONTINUOUS
10
4.8182461023622043
20
-1.7685098818897638
11
4.818227559055118
21
-1.7685063385826771
0
LINE
8
BLACK
6
CONTINUOUS
10
4.818227559055118
20
-1.7685063385826771
11
4.818208976377953
21
-1.768509527559055
0
LINE
8
BLACK
6
CONTINUOUS
10
4.818208976377953
20
-1.768509527559055
11
4.8163031496062993
21
-1.7684549999999999
0
LINE
8
BLACK
6
CONTINUOUS
10
4.8163031496062993
20
-1.7684549999999999
11
4.8162850393700785
21
-1.7684508267716534
0
LINE
8
BLACK
6
CONTINUOUS
10
4.8162850393700785
20
-1.7684508267716534
11
4.8162667322834647
21
-1.7684532677165354
0
LINE
8
BLACK
6
CONTINUOUS
10
4.8162667322834647
20
-1.7684532677165354
11
4.8143642125984254
21
-1.768328188976378
0
LINE
8
BLACK
6
CONTINUOUS
10
4.8143642125984254
20
-1.768328188976378
11
4.814346653543307
21
-1.768323464566929
0
LINE
8
BLACK
6
CONTINUOUS
10
4.814346653543307
20
-1.768323464566929
11
4.8143285826771649
21
-1.7683251968503937
0
LINE
8
BLACK
6
CONTINUOUS
10
4.8143285826771649
20
-1.7683251968503937
11
4.8124308267716538
21
-1.7681309448818898
0
LINE
8
BLACK
6
CONTINUOUS
10
4.8124308267716538
20
-1.7681309448818898
11
4.8124137007874017
21
-1.7681256692913385
0
LINE
8
BLACK
6
CONTINUOUS
10
4.8124137007874017
20
-1.7681256692913385
11
4.8123959448818896
21
-1.7681267322834646
0
LINE
8
BLACK
6
CONTINUOUS
10
4.8123959448818896
20
-1.7681267322834646
11
4.8105044881889762
21
-1.7678645669291337
0
LINE
8
BLACK
6
CONTINUOUS
10
4.8105044881889762
20
-1.7678645669291337
11
4.8104879527559055
21
-1.7678588188976379
0
LINE
8
BLACK
6
CONTINUOUS
10
4.8104879527559055
20
-1.7678588188976379
11
4.8104704724409446
21
-1.7678592519685039
0
LINE
8
BLACK
6
CONTINUOUS
10
4.8104704724409446
20
-1.7678592519685039
11
4.8087027952755905
21
-1.7675508267716535
0
LINE
8
BLACK
6
CONTINUOUS
10
4.8087027952755905
20
-1.7675508267716535
11
4.8019598425196852
21
-1.7679929921259843
0
LINE
8
BLACK
6
CONTINUOUS
10
4.8019598425196852
20
-1.7679929921259843
11
4.8019515748031498
21
-1.7679918897637794
0
LINE
8
BLACK
6
CONTINUOUS
10
4.8019515748031498
20
-1.7679918897637794
11
4.8019435039370082
21
-1.7679939370078739
0
LINE
8
BLACK
6
CONTINUOUS
10
4.8019435039370082
20
-1.7679939370078739
11
4.7950664173228343
21
-1.7683301181102362
0
LINE
8
BLACK
6
CONTINUOUS
10
4.7950664173228343
20
-1.7683301181102362
11
4.7950585433070865
21
-1.7683289370078741
0
LINE
8
BLACK
6
CONTINUOUS
10
4.7950585433070865
20
-1.7683289370078741
11
4.7950506692913386
21
-1.7683307874015748
0
LINE
8
BLACK
6
CONTINUOUS
10
4.7950506692913386
20
-1.7683307874015748
11
4.7881608267716533
21
-1.7685572047244094
0
LINE
8
BLACK
6
CONTINUOUS
10
4.7881608267716533
20
-1.7685572047244094
11
4.7881531496062992
21
-1.768555905511811
0
LINE
8
BLACK
6
CONTINUOUS
10
4.7881531496062992
20
-1.768555905511811
11
4.7881457086614176
21
-1.7685575590551181
0
LINE
8
BLACK
6
CONTINUOUS
10
4.7881457086614176
20
-1.7685575590551181
11
4.7812468503937007
21
-1.7686779921259843
0
LINE
8
BLACK
6
CONTINUOUS
10
4.7812468503937007
20
-1.7686779921259843
11
4.7812395669291341
21
-1.7686766535433069
0
LINE
8
BLACK
6
CONTINUOUS
10
4.7812395669291341
20
-1.7686766535433069
11
4.7812322834645666
21
-1.7686781496062991
0
LINE
8
BLACK
6
CONTINUOUS
10
4.7812322834645666
20
-1.7686781496062991
11
4.7743283464566932
21
-1.7686963779527558
0
LINE
8
BLACK
6
CONTINUOUS
10
4.7743283464566932
20
-1.7686963779527558
11
4.7743212992125983
21
-1.7686949606299212
0
LINE
8
BLACK
6
CONTINUOUS
10
4.7743212992125983
20
-1.7686949606299212
11
4.7743143307086617
21
-1.7686962992125983
0
LINE
8
BLACK
6
CONTINUOUS
10
4.7743143307086617
20
-1.7686962992125983
11
4.7674089763779524
21
-1.7686161811023622
0
LINE
8
BLACK
6
CONTINUOUS
10
4.7674089763779524
20
-1.7686161811023622
11
4.7674022440944883
21
-1.7686147637795275
0
LINE
8
BLACK
6
CONTINUOUS
10
4.7674022440944883
20
-1.7686147637795275
11
4.7673954724409446
21
-1.7686159448818897
0
LINE
8
BLACK
6
CONTINUOUS
10
4.7673954724409446
20
-1.7686159448818897
11
4.7604925196850392
21
-1.7684412204724409
0
LINE
8
BLACK
6
CONTINUOUS
10
4.7604925196850392
20
-1.7684412204724409
11
4.760486141732283
21
-1.7684397637795275
0
LINE
8
BLACK
6
CONTINUOUS
10
4.760486141732283
20
-1.7684397637795275
11
4.7604796062992127
21
-1.7684408267716536
0
LINE
8
BLACK
6
CONTINUOUS
10
4.7604796062992127
20
-1.7684408267716536
11
4.7539908267716537
21
-1.7681910236220473
0
LINE
8
BLACK
6
CONTINUOUS
10
4.7539908267716537
20
-1.7681910236220473
11
4.7176678346456695
21
-1.8019001574803148
0
LINE
8
BLACK
6
CONTINUOUS
10
4.7176678346456695
20
-1.8019001574803148
11
4.7176635039370076
21
-1.8019027952755906
0
LINE
8
BLACK
6
CONTINUOUS
10
4.7176635039370076
20
-1.8019027952755906
11
4.7176604724409446
21
-1.8019069291338583
0
LINE
8
BLACK
6
CONTINUOUS
10
4.7176604724409446
20
-1.8019069291338583
11
4.6806736614173223
21
-1.8355364960629921
0
LINE
8
BLACK
6
CONTINUOUS
10
4.6806736614173223
20
-1.8355364960629921
11
4.6806705905511814
21
-1.835538307086614
0
LINE
8
BLACK
6
CONTINUOUS
10
4.6806705905511814
20
-1.835538307086614
11
4.6806684645669288
21
-1.8355411811023621
0
LINE
8
BLACK
6
CONTINUOUS
10
4.6806684645669288
20
-1.8355411811023621
11
4.6434277952755902
21
-1.8689216929133858
0
LINE
8
BLACK
6
CONTINUOUS
10
4.6434277952755902
20
-1.8689216929133858
11
4.6434260236220473
21
-1.868922716535433
0
LINE
8
BLACK
6
CONTINUOUS
10
4.6434260236220473
20
-1.868922716535433
11
4.6434248425196847
21
-1.8689243307086614
0
LINE
8
BLACK
6
CONTINUOUS
10
4.6434248425196847
20
-1.8689243307086614
11
4.6069554724409452
21
-1.9013508661417322
0
LINE
8
BLACK
6
CONTINUOUS
10
4.6069554724409452
20
-1.9013508661417322
11
4.6295887007874015
21
-1.9177797637795275
0
LINE
8
BLACK
6
CONTINUOUS
10
4.6295887007874015
20
-1.9177797637795275
11
4.6345451574803151
21
-1.9184506299212598
0
LINE
8
BLACK
6
CONTINUOUS
10
4.6345451574803151
20
-1.9184506299212598
11
4.639728267716535
21
-1.919083464566929
0
LINE
8
BLACK
6
CONTINUOUS
10
4.639728267716535
20
-1.919083464566929
11
4.64489437007874
21
-1.9196212992125983
0
LINE
8
BLACK
6
CONTINUOUS
10
4.64489437007874
20
-1.9196212992125983
11
4.6474655511811021
21
-1.9198465354330709
0
LINE
8
BLACK
6
CONTINUOUS
10
4.6474655511811021
20
-1.9198465354330709
11
4.6500366535433066
21
-1.9200392519685039
0
LINE
8
BLACK
6
CONTINUOUS
10
4.6500366535433066
20
-1.9200392519685039
11
4.6500588976377948
21
-1.9200454330708661
0
LINE
8
BLACK
6
CONTINUOUS
10
4.6500588976377948
20
-1.9200454330708661
11
4.650081929133858
21
-1.9200437007874016
0
LINE
8
BLACK
6
CONTINUOUS
10
4.650081929133858
20
-1.9200437007874016
11
5.3221577952755901
21
-2.001795
0
LINE
8
BLACK
6
CONTINUOUS
10
5.3221577952755901
20
-2.001795
11
5.2229328740157479
21
-1.9304361811023623
0
LINE
8
BLACK
6
CONTINUOUS
10
5.2229328740157479
20
-1.9304361811023623
11
5.2229311023622049
21
-1.9304342913385826
0
LINE
8
BLACK
6
CONTINUOUS
10
5.2229311023622049
20
-1.9304342913385826
11
5.222928858267716
21
-1.9304332677165355
0
LINE
8
BLACK
6
CONTINUOUS
10
5.222928858267716
20
-1.9304332677165355
11
5.12092094488189
21
-1.8562916535433069
0
LINE
8
BLACK
6
CONTINUOUS
10
5.12092094488189
20
-1.8562916535433069
11
5.1209206692913387
21
-1.8562913385826771
0
LINE
8
BLACK
6
CONTINUOUS
10
5.1209206692913387
20
-1.8562913385826771
11
5.1209203543307087
21
-1.8562912204724409
0
LINE
8
BLACK
6
CONTINUOUS
10
5.1209203543307087
20
-1.8562912204724409
11
4.9179239763779528
21
-1.7085180314960629
0
LINE
8
BLACK
6
CONTINUOUS
10
4.9179239763779528
20
-1.7085180314960629
11
4.9164483070866138
21
-1.7113446062992126
0
LINE
8
BLACK
6
CONTINUOUS
10
4.0866312204724409
20
-1.1698403149606298
11
4.0867296850393702
21
-1.1698283070866142
0
LINE
8
BLACK
6
CONTINUOUS
10
4.0867296850393702
20
-1.1698283070866142
11
4.0870725590551178
21
-1.1700013385826771
0
LINE
8
BLACK
6
CONTINUOUS
10
4.0870725590551178
20
-1.1700013385826771
11
4.2597907874015748
21
-1.3050829527559056
0
LINE
8
BLACK
6
CONTINUOUS
10
4.2597907874015748
20
-1.3050829527559056
11
4.2597908267716535
21
-1.3050829921259843
0
LINE
8
BLACK
6
CONTINUOUS
10
4.2597908267716535
20
-1.3050829921259843
11
4.3463371259842516
21
-1.3723401968503937
0
LINE
8
BLACK
6
CONTINUOUS
10
4.3463371259842516
20
-1.3723401968503937
11
4.3463370866141728
21
-1.3723401968503937
0
LINE
8
BLACK
6
CONTINUOUS
10
4.3463370866141728
20
-1.3723401968503937
11
4.4331966535433072
21
-1.4391614960629922
0
LINE
8
BLACK
6
CONTINUOUS
10
4.4331966535433072
20
-1.4391614960629922
11
4.4334176771653544
21
-1.4394141338582678
0
LINE
8
BLACK
6
CONTINUOUS
10
4.4334176771653544
20
-1.4394141338582678
11
4.4334355905511806
21
-1.4394271653543307
0
LINE
8
BLACK
6
CONTINUOUS
10
4.4334355905511806
20
-1.4394271653543307
11
4.4334370078740157
21
-1.4394362598425197
0
LINE
8
BLACK
6
CONTINUOUS
10
4.4334370078740157
20
-1.4394362598425197
11
4.4334494881889759
21
-1.4394505118110237
0
LINE
8
BLACK
6
CONTINUOUS
10
4.4334494881889759
20
-1.4394505118110237
11
4.4334964960629923
21
-1.4398111811023622
0
LINE
8
BLACK
6
CONTINUOUS
10
4.4334964960629923
20
-1.4398111811023622
11
4.4335536220472438
21
-1.4401711023622048
0
LINE
8
BLACK
6
CONTINUOUS
10
4.4335536220472438
20
-1.4401711023622048
11
4.4335456692913384
21
-1.4401883070866142
0
LINE
8
BLACK
6
CONTINUOUS
10
4.4335456692913384
20
-1.4401883070866142
11
4.4335468897637798
21
-1.4401974803149606
0
LINE
8
BLACK
6
CONTINUOUS
10
4.4335468897637798
20
-1.4401974803149606
11
4.4335333464566924
21
-1.4402150393700788
0
LINE
8
BLACK
6
CONTINUOUS
10
4.4335333464566924
20
-1.4402150393700788
11
4.433392913385827
21
-1.4405199212598425
0
LINE
8
BLACK
6
CONTINUOUS
10
4.433392913385827
20
-1.4405199212598425
11
4.424042677165354
21
-1.4533954724409448
0
LINE
8
BLACK
6
CONTINUOUS
10
4.424042677165354
20
-1.4533954724409448
11
4.4547811811023621
21
-1.4757257086614173
0
LINE
8
BLACK
6
CONTINUOUS
10
4.4547811811023621
20
-1.4757257086614173
11
4.4547884645669287
21
-1.4757335826771654
0
LINE
8
BLACK
6
CONTINUOUS
10
4.4547884645669287
20
-1.4757335826771654
11
4.4547937401574806
21
-1.4757349606299213
0
LINE
8
BLACK
6
CONTINUOUS
10
4.4547937401574806
20
-1.4757349606299213
11
4.4548008267716535
21
-1.4757469685039371
0
LINE
8
BLACK
6
CONTINUOUS
10
4.4548008267716535
20
-1.4757469685039371
11
4.4550418897637796
21
-1.4760076771653543
0
LINE
8
BLACK
6
CONTINUOUS
10
4.4550418897637796
20
-1.4760076771653543
11
4.4550737007874011
21
-1.4762084251968504
0
LINE
8
BLACK
6
CONTINUOUS
10
4.4550737007874011
20
-1.4762084251968504
11
4.4551771259842523
21
-1.4763833858267716
0
LINE
8
BLACK
6
CONTINUOUS
10
4.4551771259842523
20
-1.4763833858267716
11
4.4551575590551176
21
-1.4767378346456692
0
LINE
8
BLACK
6
CONTINUOUS
10
4.4551575590551176
20
-1.4767378346456692
11
4.4551597637795277
21
-1.476751653543307
0
LINE
8
BLACK
6
CONTINUOUS
10
4.4551597637795277
20
-1.476751653543307
11
4.4551565748031496
21
-1.4767560236220472
0
LINE
8
BLACK
6
CONTINUOUS
10
4.4551565748031496
20
-1.4767560236220472
11
4.4551559842519683
21
-1.4767668110236221
0
LINE
8
BLACK
6
CONTINUOUS
10
4.4551559842519683
20
-1.4767668110236221
11
4.414559015748031
21
-1.6348168503937008
0
LINE
8
BLACK
6
CONTINUOUS
10
4.414559015748031
20
-1.6348168503937008
11
4.414559015748031
21
-1.6348169291338581
0
LINE
8
BLACK
6
CONTINUOUS
10
4.414559015748031
20
-1.6348169291338581
11
4.3943732283464563
21
-1.7138655118110235
0
LINE
8
BLACK
6
CONTINUOUS
10
4.3943732283464563
20
-1.7138655118110235
11
4.3751626377952757
21
-1.7930990551181103
0
LINE
8
BLACK
6
CONTINUOUS
10
4.3751626377952757
20
-1.7930990551181103
11
4.3751423622047243
21
-1.7931426771653542
0
LINE
8
BLACK
6
CONTINUOUS
10
4.3751423622047243
20
-1.7931426771653542
11
4.3751442913385823
21
-1.7931648031496064
0
LINE
8
BLACK
6
CONTINUOUS
10
4.3751442913385823
20
-1.7931648031496064
11
4.3750676377952757
21
-1.7933038582677165
0
LINE
8
BLACK
6
CONTINUOUS
10
4.3750676377952757
20
-1.7933038582677165
11
4.3750010629921263
21
-1.7934474803149605
0
LINE
8
BLACK
6
CONTINUOUS
10
4.3750010629921263
20
-1.7934474803149605
11
4.3749821653543304
21
-1.7934589763779527
0
LINE
8
BLACK
6
CONTINUOUS
10
4.3749821653543304
20
-1.7934589763779527
11
4.3749589370078743
21
-1.7935011811023622
0
LINE
8
BLACK
6
CONTINUOUS
10
4.3749589370078743
20
-1.7935011811023622
11
4.3685479921259844
21
-1.8011133070866141
0
LINE
8
BLACK
6
CONTINUOUS
10
4.3685479921259844
20
-1.8011133070866141
11
4.3685478346456694
21
-1.8011133858267716
0
LINE
8
BLACK
6
CONTINUOUS
10
4.3685478346456694
20
-1.8011133858267716
11
4.3685477165354332
21
-1.8011136614173229
0
LINE
8
BLACK
6
CONTINUOUS
10
4.3685477165354332
20
-1.8011136614173229
11
4.3653470866141735
21
-1.8049103149606298
0
LINE
8
BLACK
6
CONTINUOUS
10
4.3653470866141735
20
-1.8049103149606298
11
4.3622098425196851
21
-1.8087184645669292
0
LINE
8
BLACK
6
CONTINUOUS
10
4.3622098425196851
20
-1.8087184645669292
11
4.3591694094488185
21
-1.8125648818897637
0
LINE
8
BLACK
6
CONTINUOUS
10
4.3591694094488185
20
-1.8125648818897637
11
4.3577021653543309
21
-1.8145027952755906
0
LINE
8
BLACK
6
CONTINUOUS
10
4.3577021653543309
20
-1.8145027952755906
11
4.3562722834645671
21
-1.8164596456692912
0
LINE
8
BLACK
6
CONTINUOUS
10
4.3562722834645671
20
-1.8164596456692912
11
4.3548874015748034
21
-1.8184341338582677
0
LINE
8
BLACK
6
CONTINUOUS
10
4.3548874015748034
20
-1.8184341338582677
11
4.353552283464567
21
-1.8204288582677164
0
LINE
8
BLACK
6
CONTINUOUS
10
4.353552283464567
20
-1.8204288582677164
11
4.3522720866141729
21
-1.8224455511811024
0
LINE
8
BLACK
6
CONTINUOUS
10
4.3522720866141729
20
-1.8224455511811024
11
4.3510435039370075
21
-1.8245001968503936
0
LINE
8
BLACK
6
CONTINUOUS
10
4.3510435039370075
20
-1.8245001968503936
11
4.3509023622047245
21
-1.8246561811023623
0
LINE
8
BLACK
6
CONTINUOUS
10
4.3509023622047245
20
-1.8246561811023623
11
4.3508814960629918
21
-1.8247040551181102
0
LINE
8
BLACK
6
CONTINUOUS
10
4.3508814960629918
20
-1.8247040551181102
11
4.3508467322834647
21
-1.8247176377952756
0
LINE
8
BLACK
6
CONTINUOUS
10
4.3508467322834647
20
-1.8247176377952756
11
4.3507858661417318
21
-1.8247849999999999
0
LINE
8
BLACK
6
CONTINUOUS
10
4.3507858661417318
20
-1.8247849999999999
11
4.3504770472440946
21
-1.8248626771653542
0
LINE
8
BLACK
6
CONTINUOUS
10
4.3504770472440946
20
-1.8248626771653542
11
4.3501801968503937
21
-1.8249791338582677
0
LINE
8
BLACK
6
CONTINUOUS
10
4.3501801968503937
20
-1.8249791338582677
11
4.3501194881889766
21
-1.8249526377952756
0
LINE
8
BLACK
6
CONTINUOUS
10
4.3501194881889766
20
-1.8249526377952756
11
4.3500553937007869
21
-1.8249687795275591
0
LINE
8
BLACK
6
CONTINUOUS
10
4.3500553937007869
20
-1.8249687795275591
11
4.3497821259842517
21
-1.8248053543307086
0
LINE
8
BLACK
6
CONTINUOUS
10
4.3497821259842517
20
-1.8248053543307086
11
4.3494898425196853
21
-1.8246777952755906
0
LINE
8
BLACK
6
CONTINUOUS
10
4.3494898425196853
20
-1.8246777952755906
11
4.3494407480314958
21
-1.8246012204724409
0
LINE
8
BLACK
6
CONTINUOUS
10
4.3494407480314958
20
-1.8246012204724409
11
4.3494088582677168
21
-1.8245821653543306
0
LINE
8
BLACK
6
CONTINUOUS
10
4.3494088582677168
20
-1.8245821653543306
11
4.3493961417322833
21
-1.8245316929133857
0
LINE
8
BLACK
6
CONTINUOUS
10
4.3493961417322833
20
-1.8245316929133857
11
4.3492825590551183
21
-1.8243545275590551
0
LINE
8
BLACK
6
CONTINUOUS
10
4.3492825590551183
20
-1.8243545275590551
11
4.1768808267716535
21
-1.3848653937007873
0
LINE
8
BLACK
6
CONTINUOUS
10
4.1768808267716535
20
-1.3848653937007873
11
4.1766858661417325
21
-1.3848167716535433
0
LINE
8
BLACK
6
CONTINUOUS
10
4.1766858661417325
20
-1.3848167716535433
11
4.1766777559055122
21
-1.3848129527559054
0
LINE
8
BLACK
6
CONTINUOUS
10
4.1766777559055122
20
-1.3848129527559054
11
4.1766687795275592
21
-1.3848123622047244
0
LINE
8
BLACK
6
CONTINUOUS
10
4.1766687795275592
20
-1.3848123622047244
11
4.1759846456692911
21
-1.3846286614173229
0
LINE
8
BLACK
6
CONTINUOUS
10
4.1759846456692911
20
-1.3846286614173229
11
4.1759768110236219
21
-1.3846248031496062
0
LINE
8
BLACK
6
CONTINUOUS
10
4.1759768110236219
20
-1.3846248031496062
11
4.1759682677165353
21
-1.3846240944881889
0
LINE
8
BLACK
6
CONTINUOUS
10
4.1759682677165353
20
-1.3846240944881889
11
4.175287519685039
21
-1.3844286220472442
0
LINE
8
BLACK
6
CONTINUOUS
10
4.175287519685039
20
-1.3844286220472442
11
4.1752800787401574
21
-1.3844248031496063
0
LINE
8
BLACK
6
CONTINUOUS
10
4.1752800787401574
20
-1.3844248031496063
11
4.1752718503937007
21
-1.3844239763779527
0
LINE
8
BLACK
6
CONTINUOUS
10
4.1752718503937007
20
-1.3844239763779527
11
4.174594212598425
21
-1.3842171653543307
0
LINE
8
BLACK
6
CONTINUOUS
10
4.174594212598425
20
-1.3842171653543307
11
4.1745872047244097
21
-1.3842133858267716
0
LINE
8
BLACK
6
CONTINUOUS
10
4.1745872047244097
20
-1.3842133858267716
11
4.1745792519685034
21
-1.3842124803149607
0
LINE
8
BLACK
6
CONTINUOUS
10
4.1745792519685034
20
-1.3842124803149607
11
4.1739047244094492
21
-1.3839948031496063
0
LINE
8
BLACK
6
CONTINUOUS
10
4.1739047244094492
20
-1.3839948031496063
11
4.1738980708661417
21
-1.3839911023622047
0
LINE
8
BLACK
6
CONTINUOUS
10
4.1738980708661417
20
-1.3839911023622047
11
4.1738905905511814
21
-1.3839901181102361
0
LINE
8
BLACK
6
CONTINUOUS
10
4.1738905905511814
20
-1.3839901181102361
11
4.1732189370078743
21
-1.3837620866141731
0
LINE
8
BLACK
6
CONTINUOUS
10
4.1732189370078743
20
-1.3837620866141731
11
4.1732126377952756
21
-1.3837584251968504
0
LINE
8
BLACK
6
CONTINUOUS
10
4.1732126377952756
20
-1.3837584251968504
11
4.1732054724409444
21
-1.3837574015748031
0
LINE
8
BLACK
6
CONTINUOUS
10
4.1732054724409444
20
-1.3837574015748031
11
4.1725364960629916
21
-1.3835194488188975
0
LINE
8
BLACK
6
CONTINUOUS
10
4.1725364960629916
20
-1.3835194488188975
11
4.1725305905511814
21
-1.3835159055118109
0
LINE
8
BLACK
6
CONTINUOUS
10
4.1725305905511814
20
-1.3835159055118109
11
4.1725238188976377
21
-1.383514842519685
0
LINE
8
BLACK
6
CONTINUOUS
10
4.1725238188976377
20
-1.383514842519685
11
4.1718573622047241
21
-1.383267440944882
0
LINE
8
BLACK
6
CONTINUOUS
10
4.1718573622047241
20
-1.383267440944882
11
4.1716637007874011
21
-1.3831482283464567
0
LINE
8
BLACK
6
CONTINUOUS
10
4.1716637007874011
20
-1.3831482283464567
11
4.1716144881889763
21
-1.3831359842519684
0
LINE
8
BLACK
6
CONTINUOUS
10
4.1716144881889763
20
-1.3831359842519684
11
4.1715773228346453
21
-1.3830950787401575
0
LINE
8
BLACK
6
CONTINUOUS
10
4.1715773228346453
20
-1.3830950787401575
11
4.1715303149606298
21
-1.3830661417322834
0
LINE
8
BLACK
6
CONTINUOUS
10
4.1715303149606298
20
-1.3830661417322834
11
4.1715091732283467
21
-1.3830200393700787
0
LINE
8
BLACK
6
CONTINUOUS
10
4.1715091732283467
20
-1.3830200393700787
11
4.1713562992125981
21
-1.3828517322834646
0
LINE
8
BLACK
6
CONTINUOUS
10
4.1713562992125981
20
-1.3828517322834646
11
4.1677548031496059
21
-1.3768586220472441
0
LINE
8
BLACK
6
CONTINUOUS
10
4.1677548031496059
20
-1.3768586220472441
11
4.1640157086614176
21
-1.3709505511811024
0
LINE
8
BLACK
6
CONTINUOUS
10
4.1640157086614176
20
-1.3709505511811024
11
4.1601471259842517
21
-1.3651053543307086
0
LINE
8
BLACK
6
CONTINUOUS
10
4.1601471259842517
20
-1.3651053543307086
11
4.1561674409448814
21
-1.3593177165354331
0
LINE
8
BLACK
6
CONTINUOUS
10
4.1561674409448814
20
-1.3593177165354331
11
4.152091968503937
21
-1.353577283464567
0
LINE
8
BLACK
6
CONTINUOUS
10
4.152091968503937
20
-1.353577283464567
11
4.1479362598425196
21
-1.3478744488188976
0
LINE
8
BLACK
6
CONTINUOUS
10
4.1479362598425196
20
-1.3478744488188976
11
4.1394504330708664
21
-1.3365481496062992
0
LINE
8
BLACK
6
CONTINUOUS
10
4.1394504330708664
20
-1.3365481496062992
11
4.1393808267716539
21
-1.3364028346456693
0
LINE
8
BLACK
6
CONTINUOUS
10
4.1393808267716539
20
-1.3364028346456693
11
4.1393022440944884
21
-1.3362626771653543
0
LINE
8
BLACK
6
CONTINUOUS
10
4.1393022440944884
20
-1.3362626771653543
11
4.0855303543307082
21
-1.1710812598425198
0
LINE
8
BLACK
6
CONTINUOUS
10
4.0855303543307082
20
-1.1710812598425198
11
4.0854850000000003
21
-1.1706999212598426
0
LINE
8
BLACK
6
CONTINUOUS
10
4.0854850000000003
20
-1.1706999212598426
11
4.0855299212598428
21
-1.1706115748031496
0
LINE
8
BLACK
6
CONTINUOUS
10
4.0855299212598428
20
-1.1706115748031496
11
4.0855179133858268
21
-1.1705131496062993
0
LINE
8
BLACK
6
CONTINUOUS
10
4.0855179133858268
20
-1.1705131496062993
11
4.085695708661417
21
-1.1702857874015749
0
LINE
8
BLACK
6
CONTINUOUS
10
4.085695708661417
20
-1.1702857874015749
11
4.0858266141732287
21
-1.1700285826771653
0
LINE
8
BLACK
6
CONTINUOUS
10
4.0858266141732287
20
-1.1700285826771653
11
4.0859209055118111
21
-1.169997874015748
0
LINE
8
BLACK
6
CONTINUOUS
10
4.0859209055118111
20
-1.169997874015748
11
4.0859820078740157
21
-1.1699197637795276
0
LINE
8
BLACK
6
CONTINUOUS
10
4.0859820078740157
20
-1.1699197637795276
11
4.0862685039370081
21
-1.16988468503937
0
LINE
8
BLACK
6
CONTINUOUS
10
4.0862685039370081
20
-1.16988468503937
11
4.0865429133858271
21
-1.1697953937007874
0
LINE
8
BLACK
6
CONTINUOUS
10
4.0865429133858271
20
-1.1697953937007874
11
4.0866312204724409
21
-1.1698403149606298
0
LINE
8
BLACK
6
CONTINUOUS
10
4.141123503937008
20
-1.335498346456693
11
4.1495161811023618
21
-1.3467003149606298
0
LINE
8
BLACK
6
CONTINUOUS
10
4.1495161811023618
20
-1.3467003149606298
11
4.1495190157480311
21
-1.3467062598425197
0
LINE
8
BLACK
6
CONTINUOUS
10
4.1495190157480311
20
-1.3467062598425197
11
4.1495239370078743
21
-1.3467107874015747
0
LINE
8
BLACK
6
CONTINUOUS
10
4.1495239370078743
20
-1.3467107874015747
11
4.1536855905511807
21
-1.3524217716535434
0
LINE
8
BLACK
6
CONTINUOUS
10
4.1536855905511807
20
-1.3524217716535434
11
4.1536881889763775
21
-1.352427401574803
0
LINE
8
BLACK
6
CONTINUOUS
10
4.1536881889763775
20
-1.352427401574803
11
4.1536926771653544
21
-1.352431653543307
0
LINE
8
BLACK
6
CONTINUOUS
10
4.1536926771653544
20
-1.352431653543307
11
4.1577765354330705
21
-1.3581838582677166
0
LINE
8
BLACK
6
CONTINUOUS
10
4.1577765354330705
20
-1.3581838582677166
11
4.1577796062992123
21
-1.3581907086614173
0
LINE
8
BLACK
6
CONTINUOUS
10
4.1577796062992123
20
-1.3581907086614173
11
4.1577849999999996
21
-1.3581959842519684
0
LINE
8
BLACK
6
CONTINUOUS
10
4.1577849999999996
20
-1.3581959842519684
11
4.1617744881889767
21
-1.3639979133858267
0
LINE
8
BLACK
6
CONTINUOUS
10
4.1617744881889767
20
-1.3639979133858267
11
4.1617779527559051
21
-1.3640060236220473
0
LINE
8
BLACK
6
CONTINUOUS
10
4.1617779527559051
20
-1.3640060236220473
11
4.1617842519685038
21
-1.3640123622047244
0
LINE
8
BLACK
6
CONTINUOUS
10
4.1617842519685038
20
-1.3640123622047244
11
4.1656627559055117
21
-1.3698725196850394
0
LINE
8
BLACK
6
CONTINUOUS
10
4.1656627559055117
20
-1.3698725196850394
11
4.1656666141732286
21
-1.369881968503937
0
LINE
8
BLACK
6
CONTINUOUS
10
4.1656666141732286
20
-1.369881968503937
11
4.1656736614173226
21
-1.3698893700787402
0
LINE
8
BLACK
6
CONTINUOUS
10
4.1656736614173226
20
-1.3698893700787402
11
4.1694246456692916
21
-1.3758162598425197
0
LINE
8
BLACK
6
CONTINUOUS
10
4.1694246456692916
20
-1.3758162598425197
11
4.1694287795275589
21
-1.3758270078740158
0
LINE
8
BLACK
6
CONTINUOUS
10
4.1694287795275589
20
-1.3758270078740158
11
4.169436614173228
21
-1.3758356299212597
0
LINE
8
BLACK
6
CONTINUOUS
10
4.169436614173228
20
-1.3758356299212597
11
4.1728657874015749
21
-1.381542125984252
0
LINE
8
BLACK
6
CONTINUOUS
10
4.1728657874015749
20
-1.381542125984252
11
4.1732025984251964
21
-1.3816671653543307
0
LINE
8
BLACK
6
CONTINUOUS
10
4.1732025984251964
20
-1.3816671653543307
11
4.1738581102362202
21
-1.3819003149606299
0
LINE
8
BLACK
6
CONTINUOUS
10
4.1738581102362202
20
-1.3819003149606299
11
4.174515236220472
21
-1.3821233858267716
0
LINE
8
BLACK
6
CONTINUOUS
10
4.174515236220472
20
-1.3821233858267716
11
4.1751770078740158
21
-1.3823369685039371
0
LINE
8
BLACK
6
CONTINUOUS
10
4.1751770078740158
20
-1.3823369685039371
11
4.1758389370078737
21
-1.3825390157480315
0
LINE
8
BLACK
6
CONTINUOUS
10
4.1758389370078737
20
-1.3825390157480315
11
4.1765029921259842
21
-1.3827296456692912
0
LINE
8
BLACK
6
CONTINUOUS
10
4.1765029921259842
20
-1.3827296456692912
11
4.177171496062992
21
-1.3829091732283465
0
LINE
8
BLACK
6
CONTINUOUS
10
4.177171496062992
20
-1.3829091732283465
11
4.1778498031496065
21
-1.3830783464566929
0
LINE
8
BLACK
6
CONTINUOUS
10
4.1778498031496065
20
-1.3830783464566929
11
4.1781971653543311
21
-1.3832422047244095
0
LINE
8
BLACK
6
CONTINUOUS
10
4.1781971653543311
20
-1.3832422047244095
11
4.1782415354330711
21
-1.3833160629921259
0
LINE
8
BLACK
6
CONTINUOUS
10
4.1782415354330711
20
-1.3833160629921259
11
4.1783205905511807
21
-1.3833505905511811
0
LINE
8
BLACK
6
CONTINUOUS
10
4.1783205905511807
20
-1.3833505905511811
11
4.1785278740157477
21
-1.3836738976377951
0
LINE
8
BLACK
6
CONTINUOUS
10
4.1785278740157477
20
-1.3836738976377951
11
4.3503829133858263
21
-1.8217693307086613
0
LINE
8
BLACK
6
CONTINUOUS
10
4.3503829133858263
20
-1.8217693307086613
11
4.3505894094488191
21
-1.8214240551181102
0
LINE
8
BLACK
6
CONTINUOUS
10
4.3505894094488191
20
-1.8214240551181102
11
4.3505983464566924
21
-1.8214141338582677
0
LINE
8
BLACK
6
CONTINUOUS
10
4.3505983464566924
20
-1.8214141338582677
11
4.3506031889763781
21
-1.8214016929133858
0
LINE
8
BLACK
6
CONTINUOUS
10
4.3506031889763781
20
-1.8214016929133858
11
4.3518972047244091
21
-1.8193632677165354
0
LINE
8
BLACK
6
CONTINUOUS
10
4.3518972047244091
20
-1.8193632677165354
11
4.3519055905511808
21
-1.8193544488188975
0
LINE
8
BLACK
6
CONTINUOUS
10
4.3519055905511808
20
-1.8193544488188975
11
4.3519102362204727
21
-1.8193433070866141
0
LINE
8
BLACK
6
CONTINUOUS
10
4.3519102362204727
20
-1.8193433070866141
11
4.3532578740157479
21
-1.8173298818897636
0
LINE
8
BLACK
6
CONTINUOUS
10
4.3532578740157479
20
-1.8173298818897636
11
4.3532655905511808
21
-1.817322125984252
0
LINE
8
BLACK
6
CONTINUOUS
10
4.3532655905511808
20
-1.817322125984252
11
4.3532700000000002
21
-1.8173122047244095
0
LINE
8
BLACK
6
CONTINUOUS
10
4.3532700000000002
20
-1.8173122047244095
11
4.3546662992125986
21
-1.8153214173228347
0
LINE
8
BLACK
6
CONTINUOUS
10
4.3546662992125986
20
-1.8153214173228347
11
4.3546733070866139
21
-1.81531468503937
0
LINE
8
BLACK
6
CONTINUOUS
10
4.3546733070866139
20
-1.81531468503937
11
4.3546774015748033
21
-1.815305905511811
0
LINE
8
BLACK
6
CONTINUOUS
10
4.3546774015748033
20
-1.815305905511811
11
4.3561173622047242
21
-1.8133352362204724
0
LINE
8
BLACK
6
CONTINUOUS
10
4.3561173622047242
20
-1.8133352362204724
11
4.3561236220472441
21
-1.8133294488188976
0
LINE
8
BLACK
6
CONTINUOUS
10
4.3561236220472441
20
-1.8133294488188976
11
4.3561273622047247
21
-1.813321811023622
0
LINE
8
BLACK
6
CONTINUOUS
10
4.3561273622047247
20
-1.813321811023622
11
4.3576060236220471
21
-1.8113688188976378
0
LINE
8
BLACK
6
CONTINUOUS
10
4.3576060236220471
20
-1.8113688188976378
11
4.3576138188976374
21
-1.8113618503937008
0
LINE
8
BLACK
6
CONTINUOUS
10
4.3576138188976374
20
-1.8113618503937008
11
4.3576185826771656
21
-1.8113525984251968
0
LINE
8
BLACK
6
CONTINUOUS
10
4.3576185826771656
20
-1.8113525984251968
11
4.3606719291338578
21
-1.807489842519685
0
LINE
8
BLACK
6
CONTINUOUS
10
4.3606719291338578
20
-1.807489842519685
11
4.3606796456692916
21
-1.8074832283464566
0
LINE
8
BLACK
6
CONTINUOUS
10
4.3606796456692916
20
-1.8074832283464566
11
4.3606844094488189
21
-1.8074744094488189
0
LINE
8
BLACK
6
CONTINUOUS
10
4.3606844094488189
20
-1.8074744094488189
11
4.3638325590551181
21
-1.803653031496063
0
LINE
8
BLACK
6
CONTINUOUS
10
4.3638325590551181
20
-1.803653031496063
11
4.3638368503937004
21
-1.8036494881889764
0
LINE
8
BLACK
6
CONTINUOUS
10
4.3638368503937004
20
-1.8036494881889764
11
4.3638396456692909
21
-1.8036444881889764
0
LINE
8
BLACK
6
CONTINUOUS
10
4.3638396456692909
20
-1.8036444881889764
11
4.3670427165354333
21
-1.7998449212598424
0
LINE
8
BLACK
6
CONTINUOUS
10
4.3670427165354333
20
-1.7998449212598424
11
4.3733041732283464
21
-1.7924101968503936
0
LINE
8
BLACK
6
CONTINUOUS
10
4.3733041732283464
20
-1.7924101968503936
11
4.3924619685039366
21
-1.7133946062992125
0
LINE
8
BLACK
6
CONTINUOUS
10
4.3924619685039366
20
-1.7133946062992125
11
4.3924644881889758
21
-1.7133890944881889
0
LINE
8
BLACK
6
CONTINUOUS
10
4.3924644881889758
20
-1.7133890944881889
11
4.3924648425196846
21
-1.713383031496063
0
LINE
8
BLACK
6
CONTINUOUS
10
4.3924648425196846
20
-1.713383031496063
11
4.4126517716535432
21
-1.6343298818897638
0
LINE
8
BLACK
6
CONTINUOUS
10
4.4126517716535432
20
-1.6343298818897638
11
4.4126520866141732
21
-1.6343292125984252
0
LINE
8
BLACK
6
CONTINUOUS
10
4.4126520866141732
20
-1.6343292125984252
11
4.4126521259842519
21
-1.6343285826771654
0
LINE
8
BLACK
6
CONTINUOUS
10
4.4126521259842519
20
-1.6343285826771654
11
4.4530829921259842
21
-1.4769250393700788
0
LINE
8
BLACK
6
CONTINUOUS
10
4.4530829921259842
20
-1.4769250393700788
11
4.4220896456692911
21
-1.4544096456692912
0
LINE
8
BLACK
6
CONTINUOUS
10
4.4220896456692911
20
-1.4544096456692912
11
4.4218291338582674
21
-1.4541278740157479
0
LINE
8
BLACK
6
CONTINUOUS
10
4.4218291338582674
20
-1.4541278740157479
11
4.4218290551181099
21
-1.4541278346456692
0
LINE
8
BLACK
6
CONTINUOUS
10
4.4218290551181099
20
-1.4541278346456692
11
4.4218290157480311
21
-1.4541277952755904
0
LINE
8
BLACK
6
CONTINUOUS
10
4.4218290157480311
20
-1.4541277952755904
11
4.4218289370078736
21
-1.4541276771653544
0
LINE
8
BLACK
6
CONTINUOUS
10
4.4218289370078736
20
-1.4541276771653544
11
4.4217434645669291
21
-1.4535882283464567
0
LINE
8
BLACK
6
CONTINUOUS
10
4.4217434645669291
20
-1.4535882283464567
11
4.4217110236220467
21
-1.4533838582677165
0
LINE
8
BLACK
6
CONTINUOUS
10
4.4217110236220467
20
-1.4533838582677165
11
4.4217110629921255
21
-1.4533837401574803
0
LINE
8
BLACK
6
CONTINUOUS
10
4.4217110629921255
20
-1.4533837401574803
11
4.4217110629921255
21
-1.4533837007874015
0
LINE
8
BLACK
6
CONTINUOUS
10
4.4217110629921255
20
-1.4533837007874015
11
4.421711141732283
21
-1.4533835433070865
0
LINE
8
BLACK
6
CONTINUOUS
10
4.421711141732283
20
-1.4533835433070865
11
4.4218717322834644
21
-1.4530350787401574
0
LINE
8
BLACK
6
CONTINUOUS
10
4.4218717322834644
20
-1.4530350787401574
11
4.4312375984251968
21
-1.440137874015748
0
LINE
8
BLACK
6
CONTINUOUS
10
4.4312375984251968
20
-1.440137874015748
11
4.3451368503937005
21
-1.3739003543307087
0
LINE
8
BLACK
6
CONTINUOUS
10
4.3451368503937005
20
-1.3739003543307087
11
4.3451352362204725
21
-1.3738985039370077
0
LINE
8
BLACK
6
CONTINUOUS
10
4.3451352362204725
20
-1.3738985039370077
11
4.345133070866142
21
-1.3738974409448819
0
LINE
8
BLACK
6
CONTINUOUS
10
4.345133070866142
20
-1.3738974409448819
11
4.2585805118110232
21
-1.3066353543307085
0
LINE
8
BLACK
6
CONTINUOUS
10
4.2585805118110232
20
-1.3066353543307085
11
4.2585795275590552
21
-1.3066342125984252
0
LINE
8
BLACK
6
CONTINUOUS
10
4.2585795275590552
20
-1.3066342125984252
11
4.2585781102362201
21
-1.3066335039370078
0
LINE
8
BLACK
6
CONTINUOUS
10
4.2585781102362201
20
-1.3066335039370078
11
4.0884004330708663
21
-1.1735388188976377
0
LINE
8
BLACK
6
CONTINUOUS
10
4.0884004330708663
20
-1.1735388188976377
11
4.141123503937008
21
-1.335498346456693
0
LINE
8
BLACK
6
CONTINUOUS
10
3.7868187795275592
20
-1.1107538976377953
11
3.7870740551181101
21
-1.1107943307086614
0
LINE
8
BLACK
6
CONTINUOUS
10
3.7870740551181101
20
-1.1107943307086614
11
3.7871512204724409
21
-1.1109005511811023
0
LINE
8
BLACK
6
CONTINUOUS
10
3.7871512204724409
20
-1.1109005511811023
11
3.7872714173228346
21
-1.1109535826771653
0
LINE
8
BLACK
6
CONTINUOUS
10
3.7872714173228346
20
-1.1109535826771653
11
3.7873648818897636
21
-1.1111946456692914
0
LINE
8
BLACK
6
CONTINUOUS
10
3.7873648818897636
20
-1.1111946456692914
11
3.7875168110236221
21
-1.1114037401574803
0
LINE
8
BLACK
6
CONTINUOUS
10
3.7875168110236221
20
-1.1114037401574803
11
3.7874962598425195
21
-1.1115333858267715
0
LINE
8
BLACK
6
CONTINUOUS
10
3.7874962598425195
20
-1.1115333858267715
11
3.7875437795275588
21
-1.1116559055118109
0
LINE
8
BLACK
6
CONTINUOUS
10
3.7875437795275588
20
-1.1116559055118109
11
3.7874602755905511
21
-1.1120307480314959
0
LINE
8
BLACK
6
CONTINUOUS
10
3.7874602755905511
20
-1.1120307480314959
11
3.5139209842519685
21
-1.7320867322834645
0
LINE
8
BLACK
6
CONTINUOUS
10
3.5139209842519685
20
-1.7320867322834645
11
3.5138655118110234
21
-1.7321657874015748
0
LINE
8
BLACK
6
CONTINUOUS
10
3.5138655118110234
20
-1.7321657874015748
11
3.5138594094488189
21
-1.7322042125984252
0
LINE
8
BLACK
6
CONTINUOUS
10
3.5138594094488189
20
-1.7322042125984252
11
3.5137732677165352
21
-1.7322972440944882
0
LINE
8
BLACK
6
CONTINUOUS
10
3.5137732677165352
20
-1.7322972440944882
11
3.5137004330708659
21
-1.7324011023622048
0
LINE
8
BLACK
6
CONTINUOUS
10
3.5137004330708659
20
-1.7324011023622048
11
3.5136641338582675
21
-1.7324151574803148
0
LINE
8
BLACK
6
CONTINUOUS
10
3.5136641338582675
20
-1.7324151574803148
11
3.5135985433070864
21
-1.7324860629921259
0
LINE
8
BLACK
6
CONTINUOUS
10
3.5135985433070864
20
-1.7324860629921259
11
3.4751869291338582
21
-1.7603587401574803
0
LINE
8
BLACK
6
CONTINUOUS
10
3.4751869291338582
20
-1.7603587401574803
11
3.4748380708661415
21
-1.7605193307086613
0
LINE
8
BLACK
6
CONTINUOUS
10
3.4748380708661415
20
-1.7605193307086613
11
3.4747535433070866
21
-1.7605058661417323
0
LINE
8
BLACK
6
CONTINUOUS
10
3.4747535433070866
20
-1.7605058661417323
11
3.4746770078740155
21
-1.7605440157480314
0
LINE
8
BLACK
6
CONTINUOUS
10
3.4746770078740155
20
-1.7605440157480314
11
3.4743916141732281
21
-1.7604483464566929
0
LINE
8
BLACK
6
CONTINUOUS
10
3.4743916141732281
20
-1.7604483464566929
11
3.4740941732283463
21
-1.7604010629921258
0
LINE
8
BLACK
6
CONTINUOUS
10
3.4740941732283463
20
-1.7604010629921258
11
3.4740438976377952
21
-1.7603317716535434
0
LINE
8
BLACK
6
CONTINUOUS
10
3.4740438976377952
20
-1.7603317716535434
11
3.4739627952755905
21
-1.7603046062992125
0
LINE
8
BLACK
6
CONTINUOUS
10
3.4739627952755905
20
-1.7603046062992125
11
3.473727874015748
21
-1.7600008267716536
0
LINE
8
BLACK
6
CONTINUOUS
10
3.473727874015748
20
-1.7600008267716536
11
3.4257058661417323
21
-1.6635528740157479
0
LINE
8
BLACK
6
CONTINUOUS
10
3.4257058661417323
20
-1.6635528740157479
11
3.4015080708661416
21
-1.615435748031496
0
LINE
8
BLACK
6
CONTINUOUS
10
3.4015080708661416
20
-1.615435748031496
11
3.3770725590551178
21
-1.5674633464566929
0
LINE
8
BLACK
6
CONTINUOUS
10
3.3770725590551178
20
-1.5674633464566929
11
3.3770596850393702
21
-1.567417716535433
0
LINE
8
BLACK
6
CONTINUOUS
10
3.3770596850393702
20
-1.567417716535433
11
3.377044094488189
21
-1.5674024409448819
0
LINE
8
BLACK
6
CONTINUOUS
10
3.377044094488189
20
-1.5674024409448819
11
3.3770436614173227
21
-1.5673608661417322
0
LINE
8
BLACK
6
CONTINUOUS
10
3.3770436614173227
20
-1.5673608661417322
11
3.3769683858267716
21
-1.5670937401574803
0
LINE
8
BLACK
6
CONTINUOUS
10
3.3769683858267716
20
-1.5670937401574803
11
3.3770388188976379
21
-1.5668770078740157
0
LINE
8
BLACK
6
CONTINUOUS
10
3.3770388188976379
20
-1.5668770078740157
11
3.3770365354330707
21
-1.5666492125984253
0
LINE
8
BLACK
6
CONTINUOUS
10
3.3770365354330707
20
-1.5666492125984253
11
3.377188346456693
21
-1.5664169291338583
0
LINE
8
BLACK
6
CONTINUOUS
10
3.377188346456693
20
-1.5664169291338583
11
3.3772012204724411
21
-1.5663773622047243
0
LINE
8
BLACK
6
CONTINUOUS
10
3.3772012204724411
20
-1.5663773622047243
11
3.3772207086614174
21
-1.566367401574803
0
LINE
8
BLACK
6
CONTINUOUS
10
3.3772207086614174
20
-1.566367401574803
11
3.377246653543307
21
-1.5663277559055118
0
LINE
8
BLACK
6
CONTINUOUS
10
3.377246653543307
20
-1.5663277559055118
11
3.382192244094488
21
-1.5612814960629922
0
LINE
8
BLACK
6
CONTINUOUS
10
3.382192244094488
20
-1.5612814960629922
11
3.3846635826771654
21
-1.5586912598425195
0
LINE
8
BLACK
6
CONTINUOUS
10
3.3846635826771654
20
-1.5586912598425195
11
3.3871223622047242
21
-1.5560535433070866
0
LINE
8
BLACK
6
CONTINUOUS
10
3.3871223622047242
20
-1.5560535433070866
11
3.3895559842519685
21
-1.5533705118110235
0
LINE
8
BLACK
6
CONTINUOUS
10
3.3895559842519685
20
-1.5533705118110235
11
3.3919527952755906
21
-1.5506433464566929
0
LINE
8
BLACK
6
CONTINUOUS
10
3.3919527952755906
20
-1.5506433464566929
11
3.394301338582677
21
-1.5478727952755904
0
LINE
8
BLACK
6
CONTINUOUS
10
3.394301338582677
20
-1.5478727952755904
11
3.3965954330708659
21
-1.5450534645669292
0
LINE
8
BLACK
6
CONTINUOUS
10
3.3965954330708659
20
-1.5450534645669292
11
3.3966154724409447
21
-1.5450368503937006
0
LINE
8
BLACK
6
CONTINUOUS
10
3.3966154724409447
20
-1.5450368503937006
11
3.3966288582677167
21
-1.5450144881889762
0
LINE
8
BLACK
6
CONTINUOUS
10
3.3966288582677167
20
-1.5450144881889762
11
3.3994806692913384
21
-1.5418609448818896
0
LINE
8
BLACK
6
CONTINUOUS
10
3.3994806692913384
20
-1.5418609448818896
11
3.4021289370078738
21
-1.5385466141732282
0
LINE
8
BLACK
6
CONTINUOUS
10
3.4021289370078738
20
-1.5385466141732282
11
3.4045873622047242
21
-1.5350638188976378
0
LINE
8
BLACK
6
CONTINUOUS
10
3.4045873622047242
20
-1.5350638188976378
11
3.4068475590551182
21
-1.5314288976377952
0
LINE
8
BLACK
6
CONTINUOUS
10
3.4068475590551182
20
-1.5314288976377952
11
3.4089014566929134
21
-1.5276587007874016
0
LINE
8
BLACK
6
CONTINUOUS
10
3.4089014566929134
20
-1.5276587007874016
11
3.4107412598425197
21
-1.5237694094488188
0
LINE
8
BLACK
6
CONTINUOUS
10
3.4107412598425197
20
-1.5237694094488188
11
3.4123596456692913
21
-1.5197763779527558
0
LINE
8
BLACK
6
CONTINUOUS
10
3.4123596456692913
20
-1.5197763779527558
11
3.4137481496062994
21
-1.515697401574803
0
LINE
8
BLACK
6
CONTINUOUS
10
3.4137481496062994
20
-1.515697401574803
11
3.414899566929134
21
-1.5115475984251969
0
LINE
8
BLACK
6
CONTINUOUS
10
3.414899566929134
20
-1.5115475984251969
11
3.4158059448818898
21
-1.5073446456692914
0
LINE
8
BLACK
6
CONTINUOUS
10
3.4158059448818898
20
-1.5073446456692914
11
3.4164598425196848
21
-1.5031040157480315
0
LINE
8
BLACK
6
CONTINUOUS
10
3.4164598425196848
20
-1.5031040157480315
11
3.4168537795275591
21
-1.4988423622047244
0
LINE
8
BLACK
6
CONTINUOUS
10
3.4168537795275591
20
-1.4988423622047244
11
3.4169803149606297
21
-1.4945763385826771
0
LINE
8
BLACK
6
CONTINUOUS
10
3.4169803149606297
20
-1.4945763385826771
11
3.4168320078740155
21
-1.490321220472441
0
LINE
8
BLACK
6
CONTINUOUS
10
3.4168320078740155
20
-1.490321220472441
11
3.4164016929133858
21
-1.4860948818897637
0
LINE
8
BLACK
6
CONTINUOUS
10
3.4164016929133858
20
-1.4860948818897637
11
3.4156759448818899
21
-1.4818766929133858
0
LINE
8
BLACK
6
CONTINUOUS
10
3.4156759448818899
20
-1.4818766929133858
11
3.4156849999999999
21
-1.4815270078740157
0
LINE
8
BLACK
6
CONTINUOUS
10
3.4156849999999999
20
-1.4815270078740157
11
3.4156819685039368
21
-1.4815111023622047
0
LINE
8
BLACK
6
CONTINUOUS
10
3.4156819685039368
20
-1.4815111023622047
11
3.4156856299212599
21
-1.4815023622047243
0
LINE
8
BLACK
6
CONTINUOUS
10
3.4156856299212599
20
-1.4815023622047243
11
3.4156859055118107
21
-1.4814927952755905
0
LINE
8
BLACK
6
CONTINUOUS
10
3.4156859055118107
20
-1.4814927952755905
11
3.4156953149606299
21
-1.4814794094488188
0
LINE
8
BLACK
6
CONTINUOUS
10
3.4156953149606299
20
-1.4814794094488188
11
3.415831377952756
21
-1.4811573228346457
0
LINE
8
BLACK
6
CONTINUOUS
10
3.415831377952756
20
-1.4811573228346457
11
3.4170384251968504
21
-1.4793777952755904
0
LINE
8
BLACK
6
CONTINUOUS
10
3.4170384251968504
20
-1.4793777952755904
11
3.418182401574803
21
-1.477562716535433
0
LINE
8
BLACK
6
CONTINUOUS
10
3.418182401574803
20
-1.477562716535433
11
3.4192692913385825
21
-1.4757016929133857
0
LINE
8
BLACK
6
CONTINUOUS
10
3.4192692913385825
20
-1.4757016929133857
11
3.4202997637795276
21
-1.4737909448818898
0
LINE
8
BLACK
6
CONTINUOUS
10
3.4202997637795276
20
-1.4737909448818898
11
3.4212708661417324
21
-1.4718333464566928
0
LINE
8
BLACK
6
CONTINUOUS
10
3.4212708661417324
20
-1.4718333464566928
11
3.4221813779527559
21
-1.469828188976378
0
LINE
8
BLACK
6
CONTINUOUS
10
3.4221813779527559
20
-1.469828188976378
11
3.4230304330708661
21
-1.4677744488188975
0
LINE
8
BLACK
6
CONTINUOUS
10
3.4230304330708661
20
-1.4677744488188975
11
3.4238214173228347
21
-1.4656588188976378
0
LINE
8
BLACK
6
CONTINUOUS
10
3.4238214173228347
20
-1.4656588188976378
11
3.4238296850393701
21
-1.4656454330708661
0
LINE
8
BLACK
6
CONTINUOUS
10
3.4238296850393701
20
-1.4656454330708661
11
3.4238327165354332
21
-1.4656299606299212
0
LINE
8
BLACK
6
CONTINUOUS
10
3.4238327165354332
20
-1.4656299606299212
11
3.4243614566929135
21
-1.4643407874015748
0
LINE
8
BLACK
6
CONTINUOUS
10
3.4243614566929135
20
-1.4643407874015748
11
3.4248552362204725
21
-1.4630575196850393
0
LINE
8
BLACK
6
CONTINUOUS
10
3.4248552362204725
20
-1.4630575196850393
11
3.4253206299212597
21
-1.4617659842519686
0
LINE
8
BLACK
6
CONTINUOUS
10
3.4253206299212597
20
-1.4617659842519686
11
3.4257564173228348
21
-1.4604717716535434
0
LINE
8
BLACK
6
CONTINUOUS
10
3.4257564173228348
20
-1.4604717716535434
11
3.4261646850393701
21
-1.4591709448818897
0
LINE
8
BLACK
6
CONTINUOUS
10
3.4261646850393701
20
-1.4591709448818897
11
3.4265444881889762
21
-1.4578695275590552
0
LINE
8
BLACK
6
CONTINUOUS
10
3.4265444881889762
20
-1.4578695275590552
11
3.4268977165354331
21
-1.4565635039370077
0
LINE
8
BLACK
6
CONTINUOUS
10
3.4268977165354331
20
-1.4565635039370077
11
3.4272244881889762
21
-1.4552553937007873
0
LINE
8
BLACK
6
CONTINUOUS
10
3.4272244881889762
20
-1.4552553937007873
11
3.4275259448818898
21
-1.4539459842519684
0
LINE
8
BLACK
6
CONTINUOUS
10
3.4275259448818898
20
-1.4539459842519684
11
3.4278001968503937
21
-1.4526424015748032
0
LINE
8
BLACK
6
CONTINUOUS
10
3.4278001968503937
20
-1.4526424015748032
11
3.4280485433070864
21
-1.4513306692913386
0
LINE
8
BLACK
6
CONTINUOUS
10
3.4280485433070864
20
-1.4513306692913386
11
3.4281611417322835
21
-1.4506789370078741
0
LINE
8
BLACK
6
CONTINUOUS
10
3.4281611417322835
20
-1.4506789370078741
11
3.4282649212598426
21
-1.4500364960629921
0
LINE
8
BLACK
6
CONTINUOUS
10
3.4282649212598426
20
-1.4500364960629921
11
3.4287929921259841
21
-1.4457421653543308
0
LINE
8
BLACK
6
CONTINUOUS
10
3.4287929921259841
20
-1.4457421653543308
11
3.4290448031496061
21
-1.4414564960629921
0
LINE
8
BLACK
6
CONTINUOUS
10
3.4290448031496061
20
-1.4414564960629921
11
3.4290291338582675
21
-1.4371769291338583
0
LINE
8
BLACK
6
CONTINUOUS
10
3.4290291338582675
20
-1.4371769291338583
11
3.428753031496063
21
-1.4329139370078741
0
LINE
8
BLACK
6
CONTINUOUS
10
3.428753031496063
20
-1.4329139370078741
11
3.4282236614173227
21
-1.4286790944881889
0
LINE
8
BLACK
6
CONTINUOUS
10
3.4282236614173227
20
-1.4286790944881889
11
3.4274479133858269
21
-1.4244819291338582
0
LINE
8
BLACK
6
CONTINUOUS
10
3.4274479133858269
20
-1.4244819291338582
11
3.4264330708661417
21
-1.4203340157480315
0
LINE
8
BLACK
6
CONTINUOUS
10
3.4264330708661417
20
-1.4203340157480315
11
3.4251864566929133
21
-1.4162469685039369
0
LINE
8
BLACK
6
CONTINUOUS
10
3.4251864566929133
20
-1.4162469685039369
11
3.4237146456692913
21
-1.4122299212598426
0
LINE
8
BLACK
6
CONTINUOUS
10
3.4237146456692913
20
-1.4122299212598426
11
3.4220256299212597
21
-1.4082959448818897
0
LINE
8
BLACK
6
CONTINUOUS
10
3.4220256299212597
20
-1.4082959448818897
11
3.4201257874015747
21
-1.4044540157480314
0
LINE
8
BLACK
6
CONTINUOUS
10
3.4201257874015747
20
-1.4044540157480314
11
3.4180226377952754
21
-1.4007157086614173
0
LINE
8
BLACK
6
CONTINUOUS
10
3.4180226377952754
20
-1.4007157086614173
11
3.4157243700787401
21
-1.3970935039370078
0
LINE
8
BLACK
6
CONTINUOUS
10
3.4157243700787401
20
-1.3970935039370078
11
3.4132373228346458
21
-1.3935966929133858
0
LINE
8
BLACK
6
CONTINUOUS
10
3.4132373228346458
20
-1.3935966929133858
11
3.4105694488188973
21
-1.3902369685039371
0
LINE
8
BLACK
6
CONTINUOUS
10
3.4105694488188973
20
-1.3902369685039371
11
3.4077098818897635
21
-1.3870047637795275
0
LINE
8
BLACK
6
CONTINUOUS
10
3.4077098818897635
20
-1.3870047637795275
11
3.4075164173228347
21
-1.3866729921259842
0
LINE
8
BLACK
6
CONTINUOUS
10
3.4075164173228347
20
-1.3866729921259842
11
3.4075194488188973
21
-1.3866229133858268
0
LINE
8
BLACK
6
CONTINUOUS
10
3.4075194488188973
20
-1.3866229133858268
11
3.4074900000000001
21
-1.3865823622047244
0
LINE
8
BLACK
6
CONTINUOUS
10
3.4074900000000001
20
-1.3865823622047244
11
3.4075420472440943
21
-1.3862535826771654
0
LINE
8
BLACK
6
CONTINUOUS
10
3.4075420472440943
20
-1.3862535826771654
11
3.4075624015748032
21
-1.3859211417322834
0
LINE
8
BLACK
6
CONTINUOUS
10
3.4075624015748032
20
-1.3859211417322834
11
3.4075999606299212
21
-1.3858878740157481
0
LINE
8
BLACK
6
CONTINUOUS
10
3.4075999606299212
20
-1.3858878740157481
11
3.4076078346456691
21
-1.3858383464566928
0
LINE
8
BLACK
6
CONTINUOUS
10
3.4076078346456691
20
-1.3858383464566928
11
3.4078685039370078
21
-1.3855563385826772
0
LINE
8
BLACK
6
CONTINUOUS
10
3.4078685039370078
20
-1.3855563385826772
11
3.7859812992125983
21
-1.1108372440944883
0
LINE
8
BLACK
6
CONTINUOUS
10
3.7859812992125983
20
-1.1108372440944883
11
3.7863300393700787
21
-1.110676496062992
0
LINE
8
BLACK
6
CONTINUOUS
10
3.7863300393700787
20
-1.110676496062992
11
3.7864596850393699
21
-1.1106970078740157
0
LINE
8
BLACK
6
CONTINUOUS
10
3.7864596850393699
20
-1.1106970078740157
11
3.7865822047244095
21
-1.1106495275590551
0
LINE
8
BLACK
6
CONTINUOUS
10
3.7865822047244095
20
-1.1106495275590551
11
3.7868187795275592
21
-1.1107538976377953
0
LINE
8
BLACK
6
CONTINUOUS
10
3.4099020866141729
20
-1.3865119291338583
11
3.4120609055118107
21
-1.3889520866141731
0
LINE
8
BLACK
6
CONTINUOUS
10
3.4120609055118107
20
-1.3889520866141731
11
3.4120742913385826
21
-1.3889750393700786
0
LINE
8
BLACK
6
CONTINUOUS
10
3.4120742913385826
20
-1.3889750393700786
11
3.4120945275590548
21
-1.3889922047244094
0
LINE
8
BLACK
6
CONTINUOUS
10
3.4120945275590548
20
-1.3889922047244094
11
3.4147951574803148
21
-1.3923931496062991
0
LINE
8
BLACK
6
CONTINUOUS
10
3.4147951574803148
20
-1.3923931496062991
11
3.4148072047244096
21
-1.3924166141732284
0
LINE
8
BLACK
6
CONTINUOUS
10
3.4148072047244096
20
-1.3924166141732284
11
3.4148264566929134
21
-1.3924347637795276
0
LINE
8
BLACK
6
CONTINUOUS
10
3.4148264566929134
20
-1.3924347637795276
11
3.4173436614173229
21
-1.3959740157480314
0
LINE
8
BLACK
6
CONTINUOUS
10
3.4173436614173229
20
-1.3959740157480314
11
3.4173544488188976
21
-1.3959980314960629
0
LINE
8
BLACK
6
CONTINUOUS
10
3.4173544488188976
20
-1.3959980314960629
11
3.4173726771653543
21
-1.3960171653543307
0
LINE
8
BLACK
6
CONTINUOUS
10
3.4173726771653543
20
-1.3960171653543307
11
3.4196991338582676
21
-1.3996838582677165
0
LINE
8
BLACK
6
CONTINUOUS
10
3.4196991338582676
20
-1.3996838582677165
11
3.4197086220472439
21
-1.3997084645669291
0
LINE
8
BLACK
6
CONTINUOUS
10
3.4197086220472439
20
-1.3997084645669291
11
3.4197258661417322
21
-1.3997285433070865
0
LINE
8
BLACK
6
CONTINUOUS
10
3.4197258661417322
20
-1.3997285433070865
11
3.4218542125984253
21
-1.4035116929133857
0
LINE
8
BLACK
6
CONTINUOUS
10
3.4218542125984253
20
-1.4035116929133857
11
3.4218624409448819
21
-1.4035368897637794
0
LINE
8
BLACK
6
CONTINUOUS
10
3.4218624409448819
20
-1.4035368897637794
11
3.4218787007874014
21
-1.403558031496063
0
LINE
8
BLACK
6
CONTINUOUS
10
3.4218787007874014
20
-1.403558031496063
11
3.4238016929133859
21
-1.4074467716535433
0
LINE
8
BLACK
6
CONTINUOUS
10
3.4238016929133859
20
-1.4074467716535433
11
3.4238086614173229
21
-1.4074726771653543
0
LINE
8
BLACK
6
CONTINUOUS
10
3.4238086614173229
20
-1.4074726771653543
11
3.4238238188976378
21
-1.4074947637795274
0
LINE
8
BLACK
6
CONTINUOUS
10
3.4238238188976378
20
-1.4074947637795274
11
3.4255340551181104
21
-1.4114781496062991
0
LINE
8
BLACK
6
CONTINUOUS
10
3.4255340551181104
20
-1.4114781496062991
11
3.4255396850393698
21
-1.41150468503937
0
LINE
8
BLACK
6
CONTINUOUS
10
3.4255396850393698
20
-1.41150468503937
11
3.4255538188976375
21
-1.411527874015748
0
LINE
8
BLACK
6
CONTINUOUS
10
3.4255538188976375
20
-1.411527874015748
11
3.4270439763779525
21
-1.4155950393700787
0
LINE
8
BLACK
6
CONTINUOUS
10
3.4270439763779525
20
-1.4155950393700787
11
3.4270481889763778
21
-1.4156222047244094
0
LINE
8
BLACK
6
CONTINUOUS
10
3.4270481889763778
20
-1.4156222047244094
11
3.4270612204724409
21
-1.4156464566929134
0
LINE
8
BLACK
6
CONTINUOUS
10
3.4270612204724409
20
-1.4156464566929134
11
3.4283240157480313
21
-1.4197864173228345
0
LINE
8
BLACK
6
CONTINUOUS
10
3.4283240157480313
20
-1.4197864173228345
11
3.428326771653543
21
-1.4198142125984252
0
LINE
8
BLACK
6
CONTINUOUS
10
3.428326771653543
20
-1.4198142125984252
11
3.4283386614173228
21
-1.41983968503937
0
LINE
8
BLACK
6
CONTINUOUS
10
3.4283386614173228
20
-1.41983968503937
11
3.4293666929133857
21
-1.4240415354330709
0
LINE
8
BLACK
6
CONTINUOUS
10
3.4293666929133857
20
-1.4240415354330709
11
3.4293679133858266
21
-1.4240700393700787
0
LINE
8
BLACK
6
CONTINUOUS
10
3.4293679133858266
20
-1.4240700393700787
11
3.4293785039370079
21
-1.4240965748031496
0
LINE
8
BLACK
6
CONTINUOUS
10
3.4293785039370079
20
-1.4240965748031496
11
3.4301645275590551
21
-1.4283494094488189
0
LINE
8
BLACK
6
CONTINUOUS
10
3.4301645275590551
20
-1.4283494094488189
11
3.4301640944881888
21
-1.4283785433070866
0
LINE
8
BLACK
6
CONTINUOUS
10
3.4301640944881888
20
-1.4283785433070866
11
3.4301733070866143
21
-1.4284061811023623
0
LINE
8
BLACK
6
CONTINUOUS
10
3.4301733070866143
20
-1.4284061811023623
11
3.4307099606299212
21
-1.432699094488189
0
LINE
8
BLACK
6
CONTINUOUS
10
3.4307099606299212
20
-1.432699094488189
11
3.4307077952755907
21
-1.4327287401574802
0
LINE
8
BLACK
6
CONTINUOUS
10
3.4307077952755907
20
-1.4327287401574802
11
3.4307155118110235
21
-1.432757559055118
0
LINE
8
BLACK
6
CONTINUOUS
10
3.4307155118110235
20
-1.432757559055118
11
3.4309954330708661
21
-1.4370796062992126
0
LINE
8
BLACK
6
CONTINUOUS
10
3.4309954330708661
20
-1.4370796062992126
11
3.4309914173228346
21
-1.4371098031496063
0
LINE
8
BLACK
6
CONTINUOUS
10
3.4309914173228346
20
-1.4371098031496063
11
3.4309974803149608
21
-1.4371396456692913
0
LINE
8
BLACK
6
CONTINUOUS
10
3.4309974803149608
20
-1.4371396456692913
11
3.4310133464566928
21
-1.4414799212598426
0
LINE
8
BLACK
6
CONTINUOUS
10
3.4310133464566928
20
-1.4414799212598426
11
3.4310073622047241
21
-1.4415104330708661
0
LINE
8
BLACK
6
CONTINUOUS
10
3.4310073622047241
20
-1.4415104330708661
11
3.4310116535433068
21
-1.4415412598425197
0
LINE
8
BLACK
6
CONTINUOUS
10
3.4310116535433068
20
-1.4415412598425197
11
3.4307562204724409
21
-1.4458888188976378
0
LINE
8
BLACK
6
CONTINUOUS
10
3.4307562204724409
20
-1.4458888188976378
11
3.430748188976378
21
-1.4459195275590551
0
LINE
8
BLACK
6
CONTINUOUS
10
3.430748188976378
20
-1.4459195275590551
11
3.4307505511811023
21
-1.445951220472441
0
LINE
8
BLACK
6
CONTINUOUS
10
3.4307505511811023
20
-1.445951220472441
11
3.4302163779527559
21
-1.4502951574803149
0
LINE
8
BLACK
6
CONTINUOUS
10
3.4302163779527559
20
-1.4502951574803149
11
3.430210433070866
21
-1.4503130708661418
0
LINE
8
BLACK
6
CONTINUOUS
10
3.430210433070866
20
-1.4503130708661418
11
3.4302111417322836
21
-1.4503320078740156
0
LINE
8
BLACK
6
CONTINUOUS
10
3.4302111417322836
20
-1.4503320078740156
11
3.4301034645669293
21
-1.4509985826771654
0
LINE
8
BLACK
6
CONTINUOUS
10
3.4301034645669293
20
-1.4509985826771654
11
3.4301015354330708
21
-1.4510037007874015
0
LINE
8
BLACK
6
CONTINUOUS
10
3.4301015354330708
20
-1.4510037007874015
11
3.4301016929133858
21
-1.4510092125984251
0
LINE
8
BLACK
6
CONTINUOUS
10
3.4301016929133858
20
-1.4510092125984251
11
3.4299867716535433
21
-1.4516743700787402
0
LINE
8
BLACK
6
CONTINUOUS
10
3.4299867716535433
20
-1.4516743700787402
11
3.4299838976377952
21
-1.451681811023622
0
LINE
8
BLACK
6
CONTINUOUS
10
3.4299838976377952
20
-1.451681811023622
11
3.4299839763779527
21
-1.4516898818897637
0
LINE
8
BLACK
6
CONTINUOUS
10
3.4299839763779527
20
-1.4516898818897637
11
3.4297327165354332
21
-1.4530170866141732
0
LINE
8
BLACK
6
CONTINUOUS
10
3.4297327165354332
20
-1.4530170866141732
11
3.4297288582677163
21
-1.4530265354330709
0
LINE
8
BLACK
6
CONTINUOUS
10
3.4297288582677163
20
-1.4530265354330709
11
3.4297287795275588
21
-1.453036653543307
0
LINE
8
BLACK
6
CONTINUOUS
10
3.4297287795275588
20
-1.453036653543307
11
3.4294499606299214
21
-1.4543619291338583
0
LINE
8
BLACK
6
CONTINUOUS
10
3.4294499606299214
20
-1.4543619291338583
11
3.4294462598425195
21
-1.4543705511811023
0
LINE
8
BLACK
6
CONTINUOUS
10
3.4294462598425195
20
-1.4543705511811023
11
3.4294459842519682
21
-1.4543801181102363
0
LINE
8
BLACK
6
CONTINUOUS
10
3.4294459842519682
20
-1.4543801181102363
11
3.4291407480314962
21
-1.4557059448818896
0
LINE
8
BLACK
6
CONTINUOUS
10
3.4291407480314962
20
-1.4557059448818896
11
3.429136929133858
21
-1.45571437007874
0
LINE
8
BLACK
6
CONTINUOUS
10
3.429136929133858
20
-1.45571437007874
11
3.4291364960629922
21
-1.4557236614173228
0
LINE
8
BLACK
6
CONTINUOUS
10
3.4291364960629922
20
-1.4557236614173228
11
3.4288051968503934
21
-1.4570498425196849
0
LINE
8
BLACK
6
CONTINUOUS
10
3.4288051968503934
20
-1.4570498425196849
11
3.428801023622047
21
-1.4570586220472441
0
LINE
8
BLACK
6
CONTINUOUS
10
3.428801023622047
20
-1.4570586220472441
11
3.4288003937007874
21
-1.4570682677165354
0
LINE
8
BLACK
6
CONTINUOUS
10
3.4288003937007874
20
-1.4570682677165354
11
3.4284422047244094
21
-1.4583925196850394
0
LINE
8
BLACK
6
CONTINUOUS
10
3.4284422047244094
20
-1.4583925196850394
11
3.4284377952755904
21
-1.4584013779527558
0
LINE
8
BLACK
6
CONTINUOUS
10
3.4284377952755904
20
-1.4584013779527558
11
3.4284369291338583
21
-1.4584112992125984
0
LINE
8
BLACK
6
CONTINUOUS
10
3.4284369291338583
20
-1.4584112992125984
11
3.4280512204724407
21
-1.4597329527559055
0
LINE
8
BLACK
6
CONTINUOUS
10
3.4280512204724407
20
-1.4597329527559055
11
3.4280465354330709
21
-1.4597418897637795
0
LINE
8
BLACK
6
CONTINUOUS
10
3.4280465354330709
20
-1.4597418897637795
11
3.4280454724409446
21
-1.4597519685039371
0
LINE
8
BLACK
6
CONTINUOUS
10
3.4280454724409446
20
-1.4597519685039371
11
3.4276316535433069
21
-1.4610703937007874
0
LINE
8
BLACK
6
CONTINUOUS
10
3.4276316535433069
20
-1.4610703937007874
11
3.4276266535433071
21
-1.4610794881889764
0
LINE
8
BLACK
6
CONTINUOUS
10
3.4276266535433071
20
-1.4610794881889764
11
3.4276253543307087
21
-1.4610897244094487
0
LINE
8
BLACK
6
CONTINUOUS
10
3.4276253543307087
20
-1.4610897244094487
11
3.4271827559055117
21
-1.4624042519685039
0
LINE
8
BLACK
6
CONTINUOUS
10
3.4271827559055117
20
-1.4624042519685039
11
3.4271775196850394
21
-1.4624133464566929
0
LINE
8
BLACK
6
CONTINUOUS
10
3.4271775196850394
20
-1.4624133464566929
11
3.4271759448818897
21
-1.4624238582677165
0
LINE
8
BLACK
6
CONTINUOUS
10
3.4271759448818897
20
-1.4624238582677165
11
3.4267039370078738
21
-1.4637337795275591
0
LINE
8
BLACK
6
CONTINUOUS
10
3.4267039370078738
20
-1.4637337795275591
11
3.4266983858267714
21
-1.4637429527559054
0
LINE
8
BLACK
6
CONTINUOUS
10
3.4266983858267714
20
-1.4637429527559054
11
3.4266965748031497
21
-1.4637535433070865
0
LINE
8
BLACK
6
CONTINUOUS
10
3.4266965748031497
20
-1.4637535433070865
11
3.4261945275590548
21
-1.4650582283464566
0
LINE
8
BLACK
6
CONTINUOUS
10
3.4261945275590548
20
-1.4650582283464566
11
3.4261886614173229
21
-1.4650674409448818
0
LINE
8
BLACK
6
CONTINUOUS
10
3.4261886614173229
20
-1.4650674409448818
11
3.4261865748031495
21
-1.4650782677165355
0
LINE
8
BLACK
6
CONTINUOUS
10
3.4261865748031495
20
-1.4650782677165355
11
3.4256596456692914
21
-1.4663628740157479
0
LINE
8
BLACK
6
CONTINUOUS
10
3.4256596456692914
20
-1.4663628740157479
11
3.4248681102362202
21
-1.468480157480315
0
LINE
8
BLACK
6
CONTINUOUS
10
3.4248681102362202
20
-1.468480157480315
11
3.4248590551181102
21
-1.4684947244094488
0
LINE
8
BLACK
6
CONTINUOUS
10
3.4248590551181102
20
-1.4684947244094488
11
3.4248557480314958
21
-1.4685115354330709
0
LINE
8
BLACK
6
CONTINUOUS
10
3.4248557480314958
20
-1.4685115354330709
11
3.4239941732283463
21
-1.4705956692913384
0
LINE
8
BLACK
6
CONTINUOUS
10
3.4239941732283463
20
-1.4705956692913384
11
3.4239846062992125
21
-1.4706099606299212
0
LINE
8
BLACK
6
CONTINUOUS
10
3.4239846062992125
20
-1.4706099606299212
11
3.4239807480314961
21
-1.4706265748031495
0
LINE
8
BLACK
6
CONTINUOUS
10
3.4239807480314961
20
-1.4706265748031495
11
3.4230561417322836
21
-1.4726626771653544
0
LINE
8
BLACK
6
CONTINUOUS
10
3.4230561417322836
20
-1.4726626771653544
11
3.4230461417322835
21
-1.4726765748031496
0
LINE
8
BLACK
6
CONTINUOUS
10
3.4230461417322835
20
-1.4726765748031496
11
3.4230416929133858
21
-1.4726931102362204
0
LINE
8
BLACK
6
CONTINUOUS
10
3.4230416929133858
20
-1.4726931102362204
11
3.4220555905511811
21
-1.4746809842519684
0
LINE
8
BLACK
6
CONTINUOUS
10
3.4220555905511811
20
-1.4746809842519684
11
3.4220451574803148
21
-1.4746944488188976
0
LINE
8
BLACK
6
CONTINUOUS
10
3.4220451574803148
20
-1.4746944488188976
11
3.422040157480315
21
-1.4747108267716535
0
LINE
8
BLACK
6
CONTINUOUS
10
3.422040157480315
20
-1.4747108267716535
11
3.4209941338582674
21
-1.4766503543307086
0
LINE
8
BLACK
6
CONTINUOUS
10
3.4209941338582674
20
-1.4766503543307086
11
3.4209832677165353
21
-1.4766634251968505
0
LINE
8
BLACK
6
CONTINUOUS
10
3.4209832677165353
20
-1.4766634251968505
11
3.4209777559055117
21
-1.4766795275590552
0
LINE
8
BLACK
6
CONTINUOUS
10
3.4209777559055117
20
-1.4766795275590552
11
3.4198733858267714
21
-1.4785704724409447
0
LINE
8
BLACK
6
CONTINUOUS
10
3.4198733858267714
20
-1.4785704724409447
11
3.4198621653543309
21
-1.4785830708661416
0
LINE
8
BLACK
6
CONTINUOUS
10
3.4198621653543309
20
-1.4785830708661416
11
3.4198561417322835
21
-1.4785988976377953
0
LINE
8
BLACK
6
CONTINUOUS
10
3.4198561417322835
20
-1.4785988976377953
11
3.418695
21
-1.4804412204724409
0
LINE
8
BLACK
6
CONTINUOUS
10
3.418695
20
-1.4804412204724409
11
3.4186833464566928
21
-1.4804534645669292
0
LINE
8
BLACK
6
CONTINUOUS
10
3.4186833464566928
20
-1.4804534645669292
11
3.4186768503937008
21
-1.4804689370078741
0
LINE
8
BLACK
6
CONTINUOUS
10
3.4186768503937008
20
-1.4804689370078741
11
3.4176831102362204
21
-1.4819339370078739
0
LINE
8
BLACK
6
CONTINUOUS
10
3.4176831102362204
20
-1.4819339370078739
11
3.4183473622047242
21
-1.4857942913385827
0
LINE
8
BLACK
6
CONTINUOUS
10
3.4183473622047242
20
-1.4857942913385827
11
3.4183464566929134
21
-1.4858286614173228
0
LINE
8
BLACK
6
CONTINUOUS
10
3.4183464566929134
20
-1.4858286614173228
11
3.4183565354330709
21
-1.4858614960629921
0
LINE
8
BLACK
6
CONTINUOUS
10
3.4183565354330709
20
-1.4858614960629921
11
3.4187936614173227
21
-1.4901548425196851
0
LINE
8
BLACK
6
CONTINUOUS
10
3.4187936614173227
20
-1.4901548425196851
11
3.4187905118110233
21
-1.4901877952755904
0
LINE
8
BLACK
6
CONTINUOUS
10
3.4187905118110233
20
-1.4901877952755904
11
3.4187981496062991
21
-1.4902202362204724
0
LINE
8
BLACK
6
CONTINUOUS
10
3.4187981496062991
20
-1.4902202362204724
11
3.4189486614173226
21
-1.4945394488188977
0
LINE
8
BLACK
6
CONTINUOUS
10
3.4189486614173226
20
-1.4945394488188977
11
3.418943464566929
21
-1.4945711811023621
0
LINE
8
BLACK
6
CONTINUOUS
10
3.418943464566929
20
-1.4945711811023621
11
3.4189488188976376
21
-1.494602874015748
0
LINE
8
BLACK
6
CONTINUOUS
10
3.4189488188976376
20
-1.494602874015748
11
3.418820433070866
21
-1.4989315748031495
0
LINE
8
BLACK
6
CONTINUOUS
10
3.418820433070866
20
-1.4989315748031495
11
3.4188134251968503
21
-1.4989619291338583
0
LINE
8
BLACK
6
CONTINUOUS
10
3.4188134251968503
20
-1.4989619291338583
11
3.4188166929133859
21
-1.4989929921259841
0
LINE
8
BLACK
6
CONTINUOUS
10
3.4188166929133859
20
-1.4989929921259841
11
3.4184172047244092
21
-1.5033149606299212
0
LINE
8
BLACK
6
CONTINUOUS
10
3.4184172047244092
20
-1.5033149606299212
11
3.4184085433070863
21
-1.5033440157480316
0
LINE
8
BLACK
6
CONTINUOUS
10
3.4184085433070863
20
-1.5033440157480316
11
3.4184098818897639
21
-1.5033743307086613
0
LINE
8
BLACK
6
CONTINUOUS
10
3.4184098818897639
20
-1.5033743307086613
11
3.4177469685039368
21
-1.5076733858267717
0
LINE
8
BLACK
6
CONTINUOUS
10
3.4177469685039368
20
-1.5076733858267717
11
3.4177368110236221
21
-1.5077012204724409
0
LINE
8
BLACK
6
CONTINUOUS
10
3.4177368110236221
20
-1.5077012204724409
11
3.4177363385826771
21
-1.5077308661417324
0
LINE
8
BLACK
6
CONTINUOUS
10
3.4177363385826771
20
-1.5077308661417324
11
3.4168177165354332
21
-1.5119906299212598
0
LINE
8
BLACK
6
CONTINUOUS
10
3.4168177165354332
20
-1.5119906299212598
11
3.4168061417322835
21
-1.5120172440944881
0
LINE
8
BLACK
6
CONTINUOUS
10
3.4168061417322835
20
-1.5120172440944881
11
3.4168040157480313
21
-1.5120462992125985
0
LINE
8
BLACK
6
CONTINUOUS
10
3.4168040157480313
20
-1.5120462992125985
11
3.4156374803149605
21
-1.5162506299212599
0
LINE
8
BLACK
6
CONTINUOUS
10
3.4156374803149605
20
-1.5162506299212599
11
3.4156245275590549
21
-1.5162762598425197
0
LINE
8
BLACK
6
CONTINUOUS
10
3.4156245275590549
20
-1.5162762598425197
11
3.4156207874015747
21
-1.5163046456692912
0
LINE
8
BLACK
6
CONTINUOUS
10
3.4156207874015747
20
-1.5163046456692912
11
3.4142140157480316
21
-1.5204372047244095
0
LINE
8
BLACK
6
CONTINUOUS
10
3.4142140157480316
20
-1.5204372047244095
11
3.4141998031496064
21
-1.5204617322834646
0
LINE
8
BLACK
6
CONTINUOUS
10
3.4141998031496064
20
-1.5204617322834646
11
3.4141944881889761
21
-1.5204896850393701
0
LINE
8
BLACK
6
CONTINUOUS
10
3.4141944881889761
20
-1.5204896850393701
11
3.4125552755905511
21
-1.5245343307086614
0
LINE
8
BLACK
6
CONTINUOUS
10
3.4125552755905511
20
-1.5245343307086614
11
3.4125396456692911
21
-1.5245580708661417
0
LINE
8
BLACK
6
CONTINUOUS
10
3.4125396456692911
20
-1.5245580708661417
11
3.4125327952755904
21
-1.5245855118110236
0
LINE
8
BLACK
6
CONTINUOUS
10
3.4125327952755904
20
-1.5245855118110236
11
3.4106688188976375
21
-1.5285258661417322
0
LINE
8
BLACK
6
CONTINUOUS
10
3.4106688188976375
20
-1.5285258661417322
11
3.4106518897637796
21
-1.528548622047244
0
LINE
8
BLACK
6
CONTINUOUS
10
3.4106518897637796
20
-1.528548622047244
11
3.4106434251968505
21
-1.5285758661417324
0
LINE
8
BLACK
6
CONTINUOUS
10
3.4106434251968505
20
-1.5285758661417324
11
3.4085624409448818
21
-1.532395748031496
0
LINE
8
BLACK
6
CONTINUOUS
10
3.4085624409448818
20
-1.532395748031496
11
3.4085440157480313
21
-1.5324177952755904
0
LINE
8
BLACK
6
CONTINUOUS
10
3.4085440157480313
20
-1.5324177952755904
11
3.4085339370078738
21
-1.5324446456692913
0
LINE
8
BLACK
6
CONTINUOUS
10
3.4085339370078738
20
-1.5324446456692913
11
3.4062437007874014
21
-1.5361277952755905
0
LINE
8
BLACK
6
CONTINUOUS
10
3.4062437007874014
20
-1.5361277952755905
11
3.4062238188976379
21
-1.5361489763779528
0
LINE
8
BLACK
6
CONTINUOUS
10
3.4062238188976379
20
-1.5361489763779528
11
3.4062120078740157
21
-1.5361756299212599
0
LINE
8
BLACK
6
CONTINUOUS
10
3.4062120078740157
20
-1.5361756299212599
11
3.4037201968503936
21
-1.5397057874015747
0
LINE
8
BLACK
6
CONTINUOUS
10
3.4037201968503936
20
-1.5397057874015747
11
3.4036986220472438
21
-1.5397262598425197
0
LINE
8
BLACK
6
CONTINUOUS
10
3.4036986220472438
20
-1.5397262598425197
11
3.4036849999999998
21
-1.5397525984251967
0
LINE
8
BLACK
6
CONTINUOUS
10
3.4036849999999998
20
-1.5397525984251967
11
3.4009994488188977
21
-1.5431135433070866
0
LINE
8
BLACK
6
CONTINUOUS
10
3.4009994488188977
20
-1.5431135433070866
11
3.4009761417322832
21
-1.5431331496062992
0
LINE
8
BLACK
6
CONTINUOUS
10
3.4009761417322832
20
-1.5431331496062992
11
3.4009605118110233
21
-1.5431593307086613
0
LINE
8
BLACK
6
CONTINUOUS
10
3.4009605118110233
20
-1.5431593307086613
11
3.398105905511811
21
-1.546315905511811
0
LINE
8
BLACK
6
CONTINUOUS
10
3.398105905511811
20
-1.546315905511811
11
3.3958215748031497
21
-1.5491233464566929
0
LINE
8
BLACK
6
CONTINUOUS
10
3.3958215748031497
20
-1.5491233464566929
11
3.3958137401574802
21
-1.5491298031496064
0
LINE
8
BLACK
6
CONTINUOUS
10
3.3958137401574802
20
-1.5491298031496064
11
3.3958088976377954
21
-1.5491385826771653
0
LINE
8
BLACK
6
CONTINUOUS
10
3.3958088976377954
20
-1.5491385826771653
11
3.393448897637795
21
-1.5519225984251968
0
LINE
8
BLACK
6
CONTINUOUS
10
3.393448897637795
20
-1.5519225984251968
11
3.393441929133858
21
-1.5519281102362203
0
LINE
8
BLACK
6
CONTINUOUS
10
3.393441929133858
20
-1.5519281102362203
11
3.393437440944882
21
-1.5519359055118109
0
LINE
8
BLACK
6
CONTINUOUS
10
3.393437440944882
20
-1.5519359055118109
11
3.3910298425196848
21
-1.5546753543307086
0
LINE
8
BLACK
6
CONTINUOUS
10
3.3910298425196848
20
-1.5546753543307086
11
3.3910235433070866
21
-1.5546801574803149
0
LINE
8
BLACK
6
CONTINUOUS
10
3.3910235433070866
20
-1.5546801574803149
11
3.3910195275590551
21
-1.5546868897637796
0
LINE
8
BLACK
6
CONTINUOUS
10
3.3910195275590551
20
-1.5546868897637796
11
3.388576181102362
21
-1.5573806692913386
0
LINE
8
BLACK
6
CONTINUOUS
10
3.388576181102362
20
-1.5573806692913386
11
3.3885707086614172
21
-1.55738468503937
0
LINE
8
BLACK
6
CONTINUOUS
10
3.3885707086614172
20
-1.55738468503937
11
3.388567125984252
21
-1.5573905511811024
0
LINE
8
BLACK
6
CONTINUOUS
10
3.388567125984252
20
-1.5573905511811024
11
3.3860995669291336
21
-1.5600376377952756
0
LINE
8
BLACK
6
CONTINUOUS
10
3.3860995669291336
20
-1.5600376377952756
11
3.3860948425196851
21
-1.5600410236220472
0
LINE
8
BLACK
6
CONTINUOUS
10
3.3860948425196851
20
-1.5600410236220472
11
3.3860917322834645
21
-1.5600459448818897
0
LINE
8
BLACK
6
CONTINUOUS
10
3.3860917322834645
20
-1.5600459448818897
11
3.3836118110236222
21
-1.5626451968503936
0
LINE
8
BLACK
6
CONTINUOUS
10
3.3836118110236222
20
-1.5626451968503936
11
3.3836062992125981
21
-1.5626490551181103
0
LINE
8
BLACK
6
CONTINUOUS
10
3.3836062992125981
20
-1.5626490551181103
11
3.3836026377952755
21
-1.5626546850393701
0
LINE
8
BLACK
6
CONTINUOUS
10
3.3836026377952755
20
-1.5626546850393701
11
3.3791476377952754
21
-1.5672002755905512
0
LINE
8
BLACK
6
CONTINUOUS
10
3.3791476377952754
20
-1.5672002755905512
11
3.4032643700787402
21
-1.6145468110236221
0
LINE
8
BLACK
6
CONTINUOUS
10
3.4032643700787402
20
-1.6145468110236221
11
3.4032650393700785
21
-1.6145492913385826
0
LINE
8
BLACK
6
CONTINUOUS
10
3.4032650393700785
20
-1.6145492913385826
11
3.4032666535433069
21
-1.6145513385826771
0
LINE
8
BLACK
6
CONTINUOUS
10
3.4032666535433069
20
-1.6145513385826771
11
3.4274644488188977
21
-1.6626685039370079
0
LINE
8
BLACK
6
CONTINUOUS
10
3.4274644488188977
20
-1.6626685039370079
11
3.4274649999999998
21
-1.6626705118110237
0
LINE
8
BLACK
6
CONTINUOUS
10
3.4274649999999998
20
-1.6626705118110237
11
3.4274661811023623
21
-1.6626720472440943
0
LINE
8
BLACK
6
CONTINUOUS
10
3.4274661811023623
20
-1.6626720472440943
11
3.4749717716535433
21
-1.7580827952755904
0
LINE
8
BLACK
6
CONTINUOUS
10
3.4749717716535433
20
-1.7580827952755904
11
3.5122273228346454
21
-1.7310489370078739
0
LINE
8
BLACK
6
CONTINUOUS
10
3.5122273228346454
20
-1.7310489370078739
11
3.7841867716535433
21
-1.1145741338582678
0
LINE
8
BLACK
6
CONTINUOUS
10
3.7841867716535433
20
-1.1145741338582678
11
3.4099020866141729
21
-1.3865119291338583
0
LINE
8
BLACK
6
CONTINUOUS
10
3.9434062992125982
20
-0.9070176377952756
11
3.9443672834645667
21
-0.907169842519685
0
LINE
8
BLACK
6
CONTINUOUS
10
3.9443672834645667
20
-0.907169842519685
11
3.944577874015748
21
-0.9072988976377953
0
LINE
8
BLACK
6
CONTINUOUS
10
3.944577874015748
20
-0.9072988976377953
11
3.9448180708661416
21
-0.9073565748031496
0
LINE
8
BLACK
6
CONTINUOUS
10
3.9448180708661416
20
-0.9073565748031496
11
3.9458690944881889
21
-0.9079726377952756
0
LINE
8
BLACK
6
CONTINUOUS
10
3.9458690944881889
20
-0.9079726377952756
11
5.5384199212598428
21
-2.0650314960629923
0
LINE
8
BLACK
6
CONTINUOUS
10
5.5384199212598428
20
-2.0650314960629923
11
5.5393305905511809
21
-2.0658407086614172
0
LINE
8
BLACK
6
CONTINUOUS
10
5.5393305905511809
20
-2.0658407086614172
11
5.53945968503937
21
-2.0660513779527561
0
LINE
8
BLACK
6
CONTINUOUS
10
5.53945968503937
20
-2.0660513779527561
11
5.5396474409448819
21
-2.0662117322834646
0
LINE
8
BLACK
6
CONTINUOUS
10
5.5396474409448819
20
-2.0662117322834646
11
5.5400890157480314
21
-2.0670783858267714
0
LINE
8
BLACK
6
CONTINUOUS
10
5.5400890157480314
20
-2.0670783858267714
11
5.540597519685039
21
-2.0679081889763777
0
LINE
8
BLACK
6
CONTINUOUS
10
5.540597519685039
20
-2.0679081889763777
11
5.5406361417322829
21
-2.0681521653543307
0
LINE
8
BLACK
6
CONTINUOUS
10
5.5406361417322829
20
-2.0681521653543307
11
5.5407483070866137
21
-2.068372283464567
0
LINE
8
BLACK
6
CONTINUOUS
10
5.5407483070866137
20
-2.068372283464567
11
5.5408246062992124
21
-2.0693420472440947
0
LINE
8
BLACK
6
CONTINUOUS
10
5.5408246062992124
20
-2.0693420472440947
11
5.5409768503937009
21
-2.0703031496062994
0
LINE
8
BLACK
6
CONTINUOUS
10
5.5409768503937009
20
-2.0703031496062994
11
5.5409191338582673
21
-2.0705433858267717
0
LINE
8
BLACK
6
CONTINUOUS
10
5.5409191338582673
20
-2.0705433858267717
11
5.5409385433070861
21
-2.0707895669291339
0
LINE
8
BLACK
6
CONTINUOUS
10
5.5409385433070861
20
-2.0707895669291339
11
5.540677440944882
21
-2.0719795275590549
0
LINE
8
BLACK
6
CONTINUOUS
10
5.540677440944882
20
-2.0719795275590549
11
4.9323786220472439
21
-3.9441366929133856
0
LINE
8
BLACK
6
CONTINUOUS
10
4.9323786220472439
20
-3.9441366929133856
11
4.9318904330708664
21
-3.945252834645669
0
LINE
8
BLACK
6
CONTINUOUS
10
4.9318904330708664
20
-3.945252834645669
11
4.9317299999999999
21
-3.9454406692913384
0
LINE
8
BLACK
6
CONTINUOUS
10
4.9317299999999999
20
-3.9454406692913384
11
4.931635472440945
21
-3.9456688976377952
0
LINE
8
BLACK
6
CONTINUOUS
10
4.931635472440945
20
-3.9456688976377952
11
4.9309474803149609
21
-3.9463568503937005
0
LINE
8
BLACK
6
CONTINUOUS
10
4.9309474803149609
20
-3.9463568503937005
11
4.9303156692913381
21
-3.9470966535433072
0
LINE
8
BLACK
6
CONTINUOUS
10
4.9303156692913381
20
-3.9470966535433072
11
4.9300955511811022
21
-3.9472087795275588
0
LINE
8
BLACK
6
CONTINUOUS
10
4.9300955511811022
20
-3.9472087795275588
11
4.9299208661417318
21
-3.947383503937008
0
LINE
8
BLACK
6
CONTINUOUS
10
4.9299208661417318
20
-3.947383503937008
11
4.9290219291338584
21
-3.9477558267716533
0
LINE
8
BLACK
6
CONTINUOUS
10
4.9290219291338584
20
-3.9477558267716533
11
4.9281551181102365
21
-3.9481975196850394
0
LINE
8
BLACK
6
CONTINUOUS
10
4.9281551181102365
20
-3.9481975196850394
11
4.9279088188976381
21
-3.9482168897637795
0
LINE
8
BLACK
6
CONTINUOUS
10
4.9279088188976381
20
-3.9482168897637795
11
4.9276806692913384
21
-3.9483114173228344
0
LINE
8
BLACK
6
CONTINUOUS
10
4.9276806692913384
20
-3.9483114173228344
11
4.926468267716535
21
-3.9484308267716535
0
LINE
8
BLACK
6
CONTINUOUS
10
4.926468267716535
20
-3.9484308267716535
11
2.9579643307086614
21
-3.9484308267716535
0
LINE
8
BLACK
6
CONTINUOUS
10
2.9579643307086614
20
-3.9484308267716535
11
2.956751929133858
21
-3.9483114173228344
0
LINE
8
BLACK
6
CONTINUOUS
10
2.956751929133858
20
-3.9483114173228344
11
2.9565237401574804
21
-3.9482168897637795
0
LINE
8
BLACK
6
CONTINUOUS
10
2.9565237401574804
20
-3.9482168897637795
11
2.9562774803149607
21
-3.9481975196850394
0
LINE
8
BLACK
6
CONTINUOUS
10
2.9562774803149607
20
-3.9481975196850394
11
2.9554104724409447
21
-3.9477557480314958
0
LINE
8
BLACK
6
CONTINUOUS
10
2.9554104724409447
20
-3.9477557480314958
11
2.9545117322834646
21
-3.947383503937008
0
LINE
8
BLACK
6
CONTINUOUS
10
2.9545117322834646
20
-3.947383503937008
11
2.9543370866141734
21
-3.9472088582677163
0
LINE
8
BLACK
6
CONTINUOUS
10
2.9543370866141734
20
-3.9472088582677163
11
2.9541169291338583
21
-3.9470966929133859
0
LINE
8
BLACK
6
CONTINUOUS
10
2.9541169291338583
20
-3.9470966929133859
11
2.9534849606299214
21
-3.9463567322834643
0
LINE
8
BLACK
6
CONTINUOUS
10
2.9534849606299214
20
-3.9463567322834643
11
2.9527971259842518
21
-3.9456688976377952
0
LINE
8
BLACK
6
CONTINUOUS
10
2.9527971259842518
20
-3.9456688976377952
11
2.9527025590551181
21
-3.9454406299212597
0
LINE
8
BLACK
6
CONTINUOUS
10
2.9527025590551181
20
-3.9454406299212597
11
2.9525422047244092
21
-3.9452528740157478
0
LINE
8
BLACK
6
CONTINUOUS
10
2.9525422047244092
20
-3.9452528740157478
11
2.9520539763779525
21
-3.9441366929133856
0
LINE
8
BLACK
6
CONTINUOUS
10
2.9520539763779525
20
-3.9441366929133856
11
2.3437509055118109
21
-2.0719795275590549
0
LINE
8
BLACK
6
CONTINUOUS
10
2.3437509055118109
20
-2.0719795275590549
11
2.3434898031496063
21
-2.0707895669291339
0
LINE
8
BLACK
6
CONTINUOUS
10
2.3434898031496063
20
-2.0707895669291339
11
2.3435091732283464
21
-2.0705432283464567
0
LINE
8
BLACK
6
CONTINUOUS
10
2.3435091732283464
20
-2.0705432283464567
11
2.3434515354330707
21
-2.0703031102362206
0
LINE
8
BLACK
6
CONTINUOUS
10
2.3434515354330707
20
-2.0703031102362206
11
2.3436037007874013
21
-2.0693422834645667
0
LINE
8
BLACK
6
CONTINUOUS
10
2.3436037007874013
20
-2.0693422834645667
11
2.3436800393700787
21
-2.068372283464567
0
LINE
8
BLACK
6
CONTINUOUS
10
2.3436800393700787
20
-2.068372283464567
11
2.3437921653543308
21
-2.0681521653543307
0
LINE
8
BLACK
6
CONTINUOUS
10
2.3437921653543308
20
-2.0681521653543307
11
2.3438308267716534
21
-2.067908149606299
0
LINE
8
BLACK
6
CONTINUOUS
10
2.3438308267716534
20
-2.067908149606299
11
2.3443391338582678
21
-2.0670786220472439
0
LINE
8
BLACK
6
CONTINUOUS
10
2.3443391338582678
20
-2.0670786220472439
11
2.3447808661417322
21
-2.0662117322834646
0
LINE
8
BLACK
6
CONTINUOUS
10
2.3447808661417322
20
-2.0662117322834646
11
2.3449687401574804
21
-2.0660512204724411
0
LINE
8
BLACK
6
CONTINUOUS
10
2.3449687401574804
20
-2.0660512204724411
11
2.3450977952755907
21
-2.0658407086614172
0
LINE
8
BLACK
6
CONTINUOUS
10
2.3450977952755907
20
-2.0658407086614172
11
2.3460084645669292
21
-2.0650314566929135
0
LINE
8
BLACK
6
CONTINUOUS
10
2.3460084645669292
20
-2.0650314566929135
11
3.9385635039370079
21
-0.9079726377952756
0
LINE
8
BLACK
6
CONTINUOUS
10
3.9385635039370079
20
-0.9079726377952756
11
3.9396145275590548
21
-0.9073565748031496
0
LINE
8
BLACK
6
CONTINUOUS
10
3.9396145275590548
20
-0.9073565748031496
11
3.9398547244094488
21
-0.9072988976377953
0
LINE
8
BLACK
6
CONTINUOUS
10
3.9398547244094488
20
-0.9072988976377953
11
3.9400653543307085
21
-0.907169842519685
0
LINE
8
BLACK
6
CONTINUOUS
10
3.9400653543307085
20
-0.907169842519685
11
3.9410262204724407
21
-0.9070176377952756
0
LINE
8
BLACK
6
CONTINUOUS
10
3.9410262204724407
20
-0.9070176377952756
11
3.9419722834645667
21
-0.9067905511811023
0
LINE
8
BLACK
6
CONTINUOUS
10
3.9419722834645667
20
-0.9067905511811023
11
3.9422162992125984
21
-0.9068291732283464
0
LINE
8
BLACK
6
CONTINUOUS
10
3.9422162992125984
20
-0.9068291732283464
11
3.9424603149606297
21
-0.9067905511811023
0
LINE
8
BLACK
6
CONTINUOUS
10
3.9424603149606297
20
-0.9067905511811023
11
3.9434062992125982
21
-0.9070176377952756
0
LINE
8
BLACK
6
CONTINUOUS
10
2.3569668503937007
20
-2.0724328740157478
11
2.9624794488188977
21
-3.9360017716535434
0
LINE
8
BLACK
6
CONTINUOUS
10
2.9624794488188977
20
-3.9360017716535434
11
4.9219531496062991
21
-3.9360017716535434
0
LINE
8
BLACK
6
CONTINUOUS
10
4.9219531496062991
20
-3.9360017716535434
11
5.5274614566929134
21
-2.0724328740157478
0
LINE
8
BLACK
6
CONTINUOUS
10
5.5274614566929134
20
-2.0724328740157478
11
3.9422162992125984
21
-0.920681811023622
0
LINE
8
BLACK
6
CONTINUOUS
10
3.9422162992125984
20
-0.920681811023622
11
2.3569668503937007
21
-2.0724328740157478
  0
ENDSEC
  0
EOF
