solid 
 facet normal  0.000000e+00 -1.000000e+00  0.000000e+00
   outer loop
     vertex -2.500000e+01 -2.162500e+01  0.000000e+00
     vertex  2.500000e+01 -2.162500e+01  0.000000e+00
     vertex  2.500000e+01 -2.162500e+01  7.100000e-01
   endloop
 endfacet
 facet normal  0.000000e+00 -1.000000e+00  0.000000e+00
   outer loop
     vertex -2.500000e+01 -2.162500e+01  0.000000e+00
     vertex  2.500000e+01 -2.162500e+01  7.100000e-01
     vertex -2.500000e+01 -2.162500e+01  7.100000e-01
   endloop
 endfacet
 facet normal  8.657687e-01  5.004443e-01  0.000000e+00
   outer loop
     vertex  2.500000e+01 -2.162500e+01  0.000000e+00
     vertex  0.000000e+00  2.162500e+01  0.000000e+00
     vertex  0.000000e+00  2.162500e+01  7.100000e-01
   endloop
 endfacet
 facet normal  8.657687e-01  5.004443e-01 -0.000000e+00
   outer loop
     vertex  2.500000e+01 -2.162500e+01  0.000000e+00
     vertex  0.000000e+00  2.162500e+01  7.100000e-01
     vertex  2.500000e+01 -2.162500e+01  7.100000e-01
   endloop
 endfacet
 facet normal -8.657687e-01  5.004443e-01  0.000000e+00
   outer loop
     vertex  0.000000e+00  2.162500e+01  0.000000e+00
     vertex -2.500000e+01 -2.162500e+01  0.000000e+00
     vertex -2.500000e+01 -2.162500e+01  7.100000e-01
   endloop
 endfacet
 facet normal -8.657687e-01  5.004443e-01  0.000000e+00
   outer loop
     vertex  0.000000e+00  2.162500e+01  0.000000e+00
     vertex -2.500000e+01 -2.162500e+01  7.100000e-01
     vertex  0.000000e+00  2.162500e+01  7.100000e-01
   endloop
 endfacet
 facet normal -0.000000e+00  0.000000e+00 -1.000000e+00
   outer loop
     vertex -5.410000e+00 -2.005801e+01  0.000000e+00
     vertex -2.500000e+01 -2.162500e+01  0.000000e+00
     vertex -5.513553e+00 -1.997855e+01  0.000000e+00
   endloop
 endfacet
 facet normal  0.000000e+00 -0.000000e+00 -1.000000e+00
   outer loop
     vertex -5.593013e+00 -1.987500e+01  0.000000e+00
     vertex -5.513553e+00 -1.997855e+01  0.000000e+00
     vertex -2.500000e+01 -2.162500e+01  0.000000e+00
   endloop
 endfacet
 facet normal  0.000000e+00 -0.000000e+00 -1.000000e+00
   outer loop
     vertex -5.642963e+00 -1.975441e+01  0.000000e+00
     vertex -5.593013e+00 -1.987500e+01  0.000000e+00
     vertex -2.500000e+01 -2.162500e+01  0.000000e+00
   endloop
 endfacet
 facet normal -0.000000e+00  0.000000e+00 -1.000000e+00
   outer loop
     vertex -5.289410e+00 -2.010796e+01  0.000000e+00
     vertex -2.500000e+01 -2.162500e+01  0.000000e+00
     vertex -5.410000e+00 -2.005801e+01  0.000000e+00
   endloop
 endfacet
 facet normal -0.000000e+00  0.000000e+00 -1.000000e+00
   outer loop
     vertex -5.160000e+00 -2.012500e+01  0.000000e+00
     vertex -2.500000e+01 -2.162500e+01  0.000000e+00
     vertex -5.289410e+00 -2.010796e+01  0.000000e+00
   endloop
 endfacet
 facet normal  0.000000e+00 -0.000000e+00 -1.000000e+00
   outer loop
     vertex -5.660000e+00 -1.962500e+01  0.000000e+00
     vertex -5.642963e+00 -1.975441e+01  0.000000e+00
     vertex -2.500000e+01 -2.162500e+01  0.000000e+00
   endloop
 endfacet
 facet normal  0.000000e+00  0.000000e+00 -1.000000e+00
   outer loop
     vertex -5.642963e+00 -1.949559e+01  0.000000e+00
     vertex -5.660000e+00 -1.962500e+01  0.000000e+00
     vertex -2.500000e+01 -2.162500e+01  0.000000e+00
   endloop
 endfacet
 facet normal  0.000000e+00  0.000000e+00 -1.000000e+00
   outer loop
     vertex -2.870000e+00 -2.005801e+01  0.000000e+00
     vertex -4.910000e+00 -2.005801e+01  0.000000e+00
     vertex -4.806447e+00 -1.997855e+01  0.000000e+00
   endloop
 endfacet
 facet normal  0.000000e+00  0.000000e+00 -1.000000e+00
   outer loop
     vertex -2.870000e+00 -2.005801e+01  0.000000e+00
     vertex -4.806447e+00 -1.997855e+01  0.000000e+00
     vertex -2.973553e+00 -1.997855e+01  0.000000e+00
   endloop
 endfacet
 facet normal -0.000000e+00  0.000000e+00 -1.000000e+00
   outer loop
     vertex -3.053013e+00 -1.987500e+01  0.000000e+00
     vertex -4.806447e+00 -1.997855e+01  0.000000e+00
     vertex -4.726987e+00 -1.987500e+01  0.000000e+00
   endloop
 endfacet
 facet normal  0.000000e+00 -0.000000e+00 -1.000000e+00
   outer loop
     vertex -3.053013e+00 -1.987500e+01  0.000000e+00
     vertex -2.973553e+00 -1.997855e+01  0.000000e+00
     vertex -4.806447e+00 -1.997855e+01  0.000000e+00
   endloop
 endfacet
 facet normal  0.000000e+00  0.000000e+00 -1.000000e+00
   outer loop
     vertex -2.749410e+00 -2.010796e+01  0.000000e+00
     vertex -4.910000e+00 -2.005801e+01  0.000000e+00
     vertex -2.870000e+00 -2.005801e+01  0.000000e+00
   endloop
 endfacet
 facet normal  0.000000e+00  0.000000e+00 -1.000000e+00
   outer loop
     vertex -2.749410e+00 -2.010796e+01  0.000000e+00
     vertex -5.030590e+00 -2.010796e+01  0.000000e+00
     vertex -4.910000e+00 -2.005801e+01  0.000000e+00
   endloop
 endfacet
 facet normal  0.000000e+00 -0.000000e+00 -1.000000e+00
   outer loop
     vertex -3.102963e+00 -1.975441e+01  0.000000e+00
     vertex -3.053013e+00 -1.987500e+01  0.000000e+00
     vertex -4.726987e+00 -1.987500e+01  0.000000e+00
   endloop
 endfacet
 facet normal  0.000000e+00  0.000000e+00 -1.000000e+00
   outer loop
     vertex -3.102963e+00 -1.975441e+01  0.000000e+00
     vertex -4.677037e+00 -1.975441e+01  0.000000e+00
     vertex -4.660000e+00 -1.962500e+01  0.000000e+00
   endloop
 endfacet
 facet normal -0.000000e+00  0.000000e+00 -1.000000e+00
   outer loop
     vertex -3.102963e+00 -1.975441e+01  0.000000e+00
     vertex -4.726987e+00 -1.987500e+01  0.000000e+00
     vertex -4.677037e+00 -1.975441e+01  0.000000e+00
   endloop
 endfacet
 facet normal  0.000000e+00  0.000000e+00 -1.000000e+00
   outer loop
     vertex -2.620000e+00 -2.012500e+01  0.000000e+00
     vertex -5.160000e+00 -2.012500e+01  0.000000e+00
     vertex -5.030590e+00 -2.010796e+01  0.000000e+00
   endloop
 endfacet
 facet normal -0.000000e+00  0.000000e+00 -1.000000e+00
   outer loop
     vertex -2.620000e+00 -2.012500e+01  0.000000e+00
     vertex -2.500000e+01 -2.162500e+01  0.000000e+00
     vertex -5.160000e+00 -2.012500e+01  0.000000e+00
   endloop
 endfacet
 facet normal  0.000000e+00  0.000000e+00 -1.000000e+00
   outer loop
     vertex -2.620000e+00 -2.012500e+01  0.000000e+00
     vertex -5.030590e+00 -2.010796e+01  0.000000e+00
     vertex -2.749410e+00 -2.010796e+01  0.000000e+00
   endloop
 endfacet
 facet normal -0.000000e+00 -0.000000e+00 -1.000000e+00
   outer loop
     vertex -3.120000e+00 -1.962500e+01  0.000000e+00
     vertex -3.102963e+00 -1.975441e+01  0.000000e+00
     vertex -4.660000e+00 -1.962500e+01  0.000000e+00
   endloop
 endfacet
 facet normal -0.000000e+00  0.000000e+00 -1.000000e+00
   outer loop
     vertex -3.102963e+00 -1.949559e+01  0.000000e+00
     vertex -4.660000e+00 -1.962500e+01  0.000000e+00
     vertex -4.677037e+00 -1.949559e+01  0.000000e+00
   endloop
 endfacet
 facet normal  0.000000e+00  0.000000e+00 -1.000000e+00
   outer loop
     vertex -3.102963e+00 -1.949559e+01  0.000000e+00
     vertex -3.120000e+00 -1.962500e+01  0.000000e+00
     vertex -4.660000e+00 -1.962500e+01  0.000000e+00
   endloop
 endfacet
 facet normal -0.000000e+00  0.000000e+00 -1.000000e+00
   outer loop
     vertex -3.053013e+00 -1.937500e+01  0.000000e+00
     vertex -4.677037e+00 -1.949559e+01  0.000000e+00
     vertex -4.726987e+00 -1.937500e+01  0.000000e+00
   endloop
 endfacet
 facet normal  0.000000e+00  0.000000e+00 -1.000000e+00
   outer loop
     vertex -3.053013e+00 -1.937500e+01  0.000000e+00
     vertex -3.102963e+00 -1.949559e+01  0.000000e+00
     vertex -4.677037e+00 -1.949559e+01  0.000000e+00
   endloop
 endfacet
 facet normal -0.000000e+00  0.000000e+00 -1.000000e+00
   outer loop
     vertex -2.973553e+00 -1.927145e+01  0.000000e+00
     vertex -4.726987e+00 -1.937500e+01  0.000000e+00
     vertex -4.806447e+00 -1.927145e+01  0.000000e+00
   endloop
 endfacet
 facet normal  0.000000e+00  0.000000e+00 -1.000000e+00
   outer loop
     vertex -2.973553e+00 -1.927145e+01  0.000000e+00
     vertex -3.053013e+00 -1.937500e+01  0.000000e+00
     vertex -4.726987e+00 -1.937500e+01  0.000000e+00
   endloop
 endfacet
 facet normal  0.000000e+00  0.000000e+00 -1.000000e+00
   outer loop
     vertex -2.870000e+00 -1.919199e+01  0.000000e+00
     vertex -2.973553e+00 -1.927145e+01  0.000000e+00
     vertex -4.806447e+00 -1.927145e+01  0.000000e+00
   endloop
 endfacet
 facet normal  0.000000e+00  0.000000e+00 -1.000000e+00
   outer loop
     vertex -2.870000e+00 -1.919199e+01  0.000000e+00
     vertex -4.910000e+00 -1.919199e+01  0.000000e+00
     vertex -5.030590e+00 -1.914204e+01  0.000000e+00
   endloop
 endfacet
 facet normal -0.000000e+00  0.000000e+00 -1.000000e+00
   outer loop
     vertex -2.870000e+00 -1.919199e+01  0.000000e+00
     vertex -4.806447e+00 -1.927145e+01  0.000000e+00
     vertex -4.910000e+00 -1.919199e+01  0.000000e+00
   endloop
 endfacet
 facet normal -0.000000e+00  0.000000e+00 -1.000000e+00
   outer loop
     vertex -2.749410e+00 -1.914204e+01  0.000000e+00
     vertex -2.870000e+00 -1.919199e+01  0.000000e+00
     vertex -5.030590e+00 -1.914204e+01  0.000000e+00
   endloop
 endfacet
 facet normal -0.000000e+00  0.000000e+00 -1.000000e+00
   outer loop
     vertex -2.620000e+00 -1.912500e+01  0.000000e+00
     vertex -5.030590e+00 -1.914204e+01  0.000000e+00
     vertex -5.160000e+00 -1.912500e+01  0.000000e+00
   endloop
 endfacet
 facet normal  0.000000e+00  0.000000e+00 -1.000000e+00
   outer loop
     vertex -2.620000e+00 -1.912500e+01  0.000000e+00
     vertex -2.749410e+00 -1.914204e+01  0.000000e+00
     vertex -5.030590e+00 -1.914204e+01  0.000000e+00
   endloop
 endfacet
 facet normal  0.000000e+00  0.000000e+00 -1.000000e+00
   outer loop
     vertex -3.300000e-01 -2.005801e+01  0.000000e+00
     vertex -2.266447e+00 -1.997855e+01  0.000000e+00
     vertex -4.335534e-01 -1.997855e+01  0.000000e+00
   endloop
 endfacet
 facet normal  0.000000e+00  0.000000e+00 -1.000000e+00
   outer loop
     vertex -3.300000e-01 -2.005801e+01  0.000000e+00
     vertex -2.370000e+00 -2.005801e+01  0.000000e+00
     vertex -2.266447e+00 -1.997855e+01  0.000000e+00
   endloop
 endfacet
 facet normal -0.000000e+00  0.000000e+00 -1.000000e+00
   outer loop
     vertex -3.300000e-01 -2.005801e+01  0.000000e+00
     vertex -2.490590e+00 -2.010796e+01  0.000000e+00
     vertex -2.370000e+00 -2.005801e+01  0.000000e+00
   endloop
 endfacet
 facet normal  0.000000e+00 -0.000000e+00 -1.000000e+00
   outer loop
     vertex -5.130127e-01 -1.987500e+01  0.000000e+00
     vertex -4.335534e-01 -1.997855e+01  0.000000e+00
     vertex -2.266447e+00 -1.997855e+01  0.000000e+00
   endloop
 endfacet
 facet normal -0.000000e+00  0.000000e+00 -1.000000e+00
   outer loop
     vertex -5.130127e-01 -1.987500e+01  0.000000e+00
     vertex -2.266447e+00 -1.997855e+01  0.000000e+00
     vertex -2.186987e+00 -1.987500e+01  0.000000e+00
   endloop
 endfacet
 facet normal -0.000000e+00  0.000000e+00 -1.000000e+00
   outer loop
     vertex -2.094095e-01 -2.010796e+01  0.000000e+00
     vertex -2.620000e+00 -2.012500e+01  0.000000e+00
     vertex -2.490590e+00 -2.010796e+01  0.000000e+00
   endloop
 endfacet
 facet normal  0.000000e+00  0.000000e+00 -1.000000e+00
   outer loop
     vertex -2.094095e-01 -2.010796e+01  0.000000e+00
     vertex -2.490590e+00 -2.010796e+01  0.000000e+00
     vertex -3.300000e-01 -2.005801e+01  0.000000e+00
   endloop
 endfacet
 facet normal -0.000000e+00  0.000000e+00 -1.000000e+00
   outer loop
     vertex -5.629629e-01 -1.975441e+01  0.000000e+00
     vertex -2.186987e+00 -1.987500e+01  0.000000e+00
     vertex -2.137037e+00 -1.975441e+01  0.000000e+00
   endloop
 endfacet
 facet normal  0.000000e+00 -0.000000e+00 -1.000000e+00
   outer loop
     vertex -5.629629e-01 -1.975441e+01  0.000000e+00
     vertex -5.130127e-01 -1.987500e+01  0.000000e+00
     vertex -2.186987e+00 -1.987500e+01  0.000000e+00
   endloop
 endfacet
 facet normal  0.000000e+00  0.000000e+00 -1.000000e+00
   outer loop
     vertex -8.000000e-02 -2.012500e+01  0.000000e+00
     vertex -2.620000e+00 -2.012500e+01  0.000000e+00
     vertex -2.094095e-01 -2.010796e+01  0.000000e+00
   endloop
 endfacet
 facet normal -0.000000e+00  0.000000e+00 -1.000000e+00
   outer loop
     vertex -5.800000e-01 -1.962500e+01  0.000000e+00
     vertex -2.137037e+00 -1.975441e+01  0.000000e+00
     vertex -2.120000e+00 -1.962500e+01  0.000000e+00
   endloop
 endfacet
 facet normal  0.000000e+00 -0.000000e+00 -1.000000e+00
   outer loop
     vertex -5.800000e-01 -1.962500e+01  0.000000e+00
     vertex -5.629629e-01 -1.975441e+01  0.000000e+00
     vertex -2.137037e+00 -1.975441e+01  0.000000e+00
   endloop
 endfacet
 facet normal -0.000000e+00  0.000000e+00 -1.000000e+00
   outer loop
     vertex -5.629629e-01 -1.949559e+01  0.000000e+00
     vertex -2.120000e+00 -1.962500e+01  0.000000e+00
     vertex -2.137037e+00 -1.949559e+01  0.000000e+00
   endloop
 endfacet
 facet normal  0.000000e+00  0.000000e+00 -1.000000e+00
   outer loop
     vertex -5.629629e-01 -1.949559e+01  0.000000e+00
     vertex -5.800000e-01 -1.962500e+01  0.000000e+00
     vertex -2.120000e+00 -1.962500e+01  0.000000e+00
   endloop
 endfacet
 facet normal  0.000000e+00  0.000000e+00 -1.000000e+00
   outer loop
     vertex -5.130127e-01 -1.937500e+01  0.000000e+00
     vertex -2.186987e+00 -1.937500e+01  0.000000e+00
     vertex -2.266447e+00 -1.927145e+01  0.000000e+00
   endloop
 endfacet
 facet normal -0.000000e+00  0.000000e+00 -1.000000e+00
   outer loop
     vertex -5.130127e-01 -1.937500e+01  0.000000e+00
     vertex -2.137037e+00 -1.949559e+01  0.000000e+00
     vertex -2.186987e+00 -1.937500e+01  0.000000e+00
   endloop
 endfacet
 facet normal  0.000000e+00  0.000000e+00 -1.000000e+00
   outer loop
     vertex -5.130127e-01 -1.937500e+01  0.000000e+00
     vertex -5.629629e-01 -1.949559e+01  0.000000e+00
     vertex -2.137037e+00 -1.949559e+01  0.000000e+00
   endloop
 endfacet
 facet normal -0.000000e+00  0.000000e+00 -1.000000e+00
   outer loop
     vertex -4.335534e-01 -1.927145e+01  0.000000e+00
     vertex -5.130127e-01 -1.937500e+01  0.000000e+00
     vertex -2.266447e+00 -1.927145e+01  0.000000e+00
   endloop
 endfacet
 facet normal -0.000000e+00  0.000000e+00 -1.000000e+00
   outer loop
     vertex -3.300000e-01 -1.919199e+01  0.000000e+00
     vertex -2.266447e+00 -1.927145e+01  0.000000e+00
     vertex -2.370000e+00 -1.919199e+01  0.000000e+00
   endloop
 endfacet
 facet normal  0.000000e+00  0.000000e+00 -1.000000e+00
   outer loop
     vertex -3.300000e-01 -1.919199e+01  0.000000e+00
     vertex -4.335534e-01 -1.927145e+01  0.000000e+00
     vertex -2.266447e+00 -1.927145e+01  0.000000e+00
   endloop
 endfacet
 facet normal -0.000000e+00  0.000000e+00 -1.000000e+00
   outer loop
     vertex -2.094095e-01 -1.914204e+01  0.000000e+00
     vertex -2.370000e+00 -1.919199e+01  0.000000e+00
     vertex -2.490590e+00 -1.914204e+01  0.000000e+00
   endloop
 endfacet
 facet normal  0.000000e+00  0.000000e+00 -1.000000e+00
   outer loop
     vertex -2.094095e-01 -1.914204e+01  0.000000e+00
     vertex -3.300000e-01 -1.919199e+01  0.000000e+00
     vertex -2.370000e+00 -1.919199e+01  0.000000e+00
   endloop
 endfacet
 facet normal -0.000000e+00  0.000000e+00 -1.000000e+00
   outer loop
     vertex -8.000000e-02 -1.912500e+01  0.000000e+00
     vertex -2.490590e+00 -1.914204e+01  0.000000e+00
     vertex -2.620000e+00 -1.912500e+01  0.000000e+00
   endloop
 endfacet
 facet normal  0.000000e+00  0.000000e+00 -1.000000e+00
   outer loop
     vertex -8.000000e-02 -1.912500e+01  0.000000e+00
     vertex -2.094095e-01 -1.914204e+01  0.000000e+00
     vertex -2.490590e+00 -1.914204e+01  0.000000e+00
   endloop
 endfacet
 facet normal  0.000000e+00 -0.000000e+00 -1.000000e+00
   outer loop
     vertex -1.376301e+01 -5.423818e+00  0.000000e+00
     vertex -1.368355e+01 -5.527371e+00  0.000000e+00
     vertex -2.500000e+01 -2.162500e+01  0.000000e+00
   endloop
 endfacet
 facet normal -0.000000e+00  0.000000e+00 -1.000000e+00
   outer loop
     vertex -1.358000e+01 -5.606831e+00  0.000000e+00
     vertex -2.500000e+01 -2.162500e+01  0.000000e+00
     vertex -1.368355e+01 -5.527371e+00  0.000000e+00
   endloop
 endfacet
 facet normal  0.000000e+00 -0.000000e+00 -1.000000e+00
   outer loop
     vertex -1.381296e+01 -5.303228e+00  0.000000e+00
     vertex -1.376301e+01 -5.423818e+00  0.000000e+00
     vertex -2.500000e+01 -2.162500e+01  0.000000e+00
   endloop
 endfacet
 facet normal -0.000000e+00  0.000000e+00 -1.000000e+00
   outer loop
     vertex -1.345941e+01 -5.656781e+00  0.000000e+00
     vertex -2.500000e+01 -2.162500e+01  0.000000e+00
     vertex -1.358000e+01 -5.606831e+00  0.000000e+00
   endloop
 endfacet
 facet normal  0.000000e+00  0.000000e+00 -1.000000e+00
   outer loop
     vertex -1.345941e+01 -5.656781e+00  0.000000e+00
     vertex -5.593013e+00 -1.937500e+01  0.000000e+00
     vertex -5.642963e+00 -1.949559e+01  0.000000e+00
   endloop
 endfacet
 facet normal  0.000000e+00 -0.000000e+00 -1.000000e+00
   outer loop
     vertex -1.345941e+01 -5.656781e+00  0.000000e+00
     vertex -5.642963e+00 -1.949559e+01  0.000000e+00
     vertex -2.500000e+01 -2.162500e+01  0.000000e+00
   endloop
 endfacet
 facet normal  0.000000e+00 -0.000000e+00 -1.000000e+00
   outer loop
     vertex -1.383000e+01 -5.173818e+00  0.000000e+00
     vertex -1.381296e+01 -5.303228e+00  0.000000e+00
     vertex -2.500000e+01 -2.162500e+01  0.000000e+00
   endloop
 endfacet
 facet normal  0.000000e+00  0.000000e+00 -1.000000e+00
   outer loop
     vertex -1.333000e+01 -5.673818e+00  0.000000e+00
     vertex -5.513553e+00 -1.927145e+01  0.000000e+00
     vertex -5.593013e+00 -1.937500e+01  0.000000e+00
   endloop
 endfacet
 facet normal -0.000000e+00 -0.000000e+00 -1.000000e+00
   outer loop
     vertex -1.333000e+01 -5.673818e+00  0.000000e+00
     vertex -5.593013e+00 -1.937500e+01  0.000000e+00
     vertex -1.345941e+01 -5.656781e+00  0.000000e+00
   endloop
 endfacet
 facet normal  0.000000e+00  0.000000e+00 -1.000000e+00
   outer loop
     vertex -1.381296e+01 -5.044408e+00  0.000000e+00
     vertex -1.383000e+01 -5.173818e+00  0.000000e+00
     vertex -2.500000e+01 -2.162500e+01  0.000000e+00
   endloop
 endfacet
 facet normal  0.000000e+00  0.000000e+00 -1.000000e+00
   outer loop
     vertex -1.320059e+01 -5.656781e+00  0.000000e+00
     vertex -5.410000e+00 -1.919199e+01  0.000000e+00
     vertex -5.513553e+00 -1.927145e+01  0.000000e+00
   endloop
 endfacet
 facet normal  0.000000e+00 -0.000000e+00 -1.000000e+00
   outer loop
     vertex -1.320059e+01 -5.656781e+00  0.000000e+00
     vertex -5.513553e+00 -1.927145e+01  0.000000e+00
     vertex -1.333000e+01 -5.673818e+00  0.000000e+00
   endloop
 endfacet
 facet normal  0.000000e+00  0.000000e+00 -1.000000e+00
   outer loop
     vertex -1.376301e+01 -4.923818e+00  0.000000e+00
     vertex -1.381296e+01 -5.044408e+00  0.000000e+00
     vertex -2.500000e+01 -2.162500e+01  0.000000e+00
   endloop
 endfacet
 facet normal  0.000000e+00 -0.000000e+00 -1.000000e+00
   outer loop
     vertex -1.308000e+01 -5.606831e+00  0.000000e+00
     vertex -5.410000e+00 -1.919199e+01  0.000000e+00
     vertex -1.320059e+01 -5.656781e+00  0.000000e+00
   endloop
 endfacet
 facet normal  0.000000e+00  0.000000e+00 -1.000000e+00
   outer loop
     vertex -1.308000e+01 -5.606831e+00  0.000000e+00
     vertex -5.289410e+00 -1.914204e+01  0.000000e+00
     vertex -5.410000e+00 -1.919199e+01  0.000000e+00
   endloop
 endfacet
 facet normal  0.000000e+00 -0.000000e+00 -1.000000e+00
   outer loop
     vertex -1.297645e+01 -5.527371e+00  0.000000e+00
     vertex -5.289410e+00 -1.914204e+01  0.000000e+00
     vertex -1.308000e+01 -5.606831e+00  0.000000e+00
   endloop
 endfacet
 facet normal  0.000000e+00  0.000000e+00 -1.000000e+00
   outer loop
     vertex -1.297645e+01 -5.527371e+00  0.000000e+00
     vertex -5.160000e+00 -1.912500e+01  0.000000e+00
     vertex -5.289410e+00 -1.914204e+01  0.000000e+00
   endloop
 endfacet
 facet normal  0.000000e+00 -0.000000e+00 -1.000000e+00
   outer loop
     vertex -1.289699e+01 -5.423818e+00  0.000000e+00
     vertex -5.160000e+00 -1.912500e+01  0.000000e+00
     vertex -1.297645e+01 -5.527371e+00  0.000000e+00
   endloop
 endfacet
 facet normal  0.000000e+00  0.000000e+00 -1.000000e+00
   outer loop
     vertex -1.289699e+01 -5.423818e+00  0.000000e+00
     vertex -2.620000e+00 -1.912500e+01  0.000000e+00
     vertex -5.160000e+00 -1.912500e+01  0.000000e+00
   endloop
 endfacet
 facet normal  0.000000e+00  0.000000e+00 -1.000000e+00
   outer loop
     vertex  2.210000e+00 -2.005801e+01  0.000000e+00
     vertex  2.735534e-01 -1.997855e+01  0.000000e+00
     vertex  2.106447e+00 -1.997855e+01  0.000000e+00
   endloop
 endfacet
 facet normal  0.000000e+00  0.000000e+00 -1.000000e+00
   outer loop
     vertex  2.210000e+00 -2.005801e+01  0.000000e+00
     vertex  1.700000e-01 -2.005801e+01  0.000000e+00
     vertex  2.735534e-01 -1.997855e+01  0.000000e+00
   endloop
 endfacet
 facet normal  0.000000e+00 -0.000000e+00 -1.000000e+00
   outer loop
     vertex  2.026987e+00 -1.987500e+01  0.000000e+00
     vertex  2.106447e+00 -1.997855e+01  0.000000e+00
     vertex  2.735534e-01 -1.997855e+01  0.000000e+00
   endloop
 endfacet
 facet normal -0.000000e+00  0.000000e+00 -1.000000e+00
   outer loop
     vertex  2.026987e+00 -1.987500e+01  0.000000e+00
     vertex  2.735534e-01 -1.997855e+01  0.000000e+00
     vertex  3.530127e-01 -1.987500e+01  0.000000e+00
   endloop
 endfacet
 facet normal  0.000000e+00 -0.000000e+00 -1.000000e+00
   outer loop
     vertex  1.977037e+00 -1.975441e+01  0.000000e+00
     vertex  2.026987e+00 -1.987500e+01  0.000000e+00
     vertex  3.530127e-01 -1.987500e+01  0.000000e+00
   endloop
 endfacet
 facet normal -0.000000e+00  0.000000e+00 -1.000000e+00
   outer loop
     vertex  1.977037e+00 -1.975441e+01  0.000000e+00
     vertex  3.530127e-01 -1.987500e+01  0.000000e+00
     vertex  4.029629e-01 -1.975441e+01  0.000000e+00
   endloop
 endfacet
 facet normal  0.000000e+00  0.000000e+00 -1.000000e+00
   outer loop
     vertex  2.330590e+00 -2.010796e+01  0.000000e+00
     vertex  1.700000e-01 -2.005801e+01  0.000000e+00
     vertex  2.210000e+00 -2.005801e+01  0.000000e+00
   endloop
 endfacet
 facet normal  0.000000e+00  0.000000e+00 -1.000000e+00
   outer loop
     vertex  2.330590e+00 -2.010796e+01  0.000000e+00
     vertex  4.940952e-02 -2.010796e+01  0.000000e+00
     vertex  1.700000e-01 -2.005801e+01  0.000000e+00
   endloop
 endfacet
 facet normal -0.000000e+00  0.000000e+00 -1.000000e+00
   outer loop
     vertex  2.330590e+00 -2.010796e+01  0.000000e+00
     vertex -8.000000e-02 -2.012500e+01  0.000000e+00
     vertex  4.940952e-02 -2.010796e+01  0.000000e+00
   endloop
 endfacet
 facet normal  0.000000e+00 -0.000000e+00 -1.000000e+00
   outer loop
     vertex  1.960000e+00 -1.962500e+01  0.000000e+00
     vertex  1.977037e+00 -1.975441e+01  0.000000e+00
     vertex  4.029629e-01 -1.975441e+01  0.000000e+00
   endloop
 endfacet
 facet normal -0.000000e+00  0.000000e+00 -1.000000e+00
   outer loop
     vertex  1.960000e+00 -1.962500e+01  0.000000e+00
     vertex  4.029629e-01 -1.975441e+01  0.000000e+00
     vertex  4.200000e-01 -1.962500e+01  0.000000e+00
   endloop
 endfacet
 facet normal  0.000000e+00  0.000000e+00 -1.000000e+00
   outer loop
     vertex  2.460000e+00 -2.012500e+01  0.000000e+00
     vertex -8.000000e-02 -2.012500e+01  0.000000e+00
     vertex  2.330590e+00 -2.010796e+01  0.000000e+00
   endloop
 endfacet
 facet normal  0.000000e+00  0.000000e+00 -1.000000e+00
   outer loop
     vertex  1.977037e+00 -1.949559e+01  0.000000e+00
     vertex  1.960000e+00 -1.962500e+01  0.000000e+00
     vertex  4.200000e-01 -1.962500e+01  0.000000e+00
   endloop
 endfacet
 facet normal -0.000000e+00  0.000000e+00 -1.000000e+00
   outer loop
     vertex  1.977037e+00 -1.949559e+01  0.000000e+00
     vertex  4.200000e-01 -1.962500e+01  0.000000e+00
     vertex  4.029629e-01 -1.949559e+01  0.000000e+00
   endloop
 endfacet
 facet normal  0.000000e+00  0.000000e+00 -1.000000e+00
   outer loop
     vertex  2.026987e+00 -1.937500e+01  0.000000e+00
     vertex  1.977037e+00 -1.949559e+01  0.000000e+00
     vertex  4.029629e-01 -1.949559e+01  0.000000e+00
   endloop
 endfacet
 facet normal -0.000000e+00  0.000000e+00 -1.000000e+00
   outer loop
     vertex  2.026987e+00 -1.937500e+01  0.000000e+00
     vertex  4.029629e-01 -1.949559e+01  0.000000e+00
     vertex  3.530127e-01 -1.937500e+01  0.000000e+00
   endloop
 endfacet
 facet normal -0.000000e+00  0.000000e+00 -1.000000e+00
   outer loop
     vertex  2.106447e+00 -1.927145e+01  0.000000e+00
     vertex  3.530127e-01 -1.937500e+01  0.000000e+00
     vertex  2.735534e-01 -1.927145e+01  0.000000e+00
   endloop
 endfacet
 facet normal  0.000000e+00  0.000000e+00 -1.000000e+00
   outer loop
     vertex  2.106447e+00 -1.927145e+01  0.000000e+00
     vertex  2.026987e+00 -1.937500e+01  0.000000e+00
     vertex  3.530127e-01 -1.937500e+01  0.000000e+00
   endloop
 endfacet
 facet normal -0.000000e+00  0.000000e+00 -1.000000e+00
   outer loop
     vertex  2.210000e+00 -1.919199e+01  0.000000e+00
     vertex  2.735534e-01 -1.927145e+01  0.000000e+00
     vertex  1.700000e-01 -1.919199e+01  0.000000e+00
   endloop
 endfacet
 facet normal  0.000000e+00  0.000000e+00 -1.000000e+00
   outer loop
     vertex  2.210000e+00 -1.919199e+01  0.000000e+00
     vertex  2.106447e+00 -1.927145e+01  0.000000e+00
     vertex  2.735534e-01 -1.927145e+01  0.000000e+00
   endloop
 endfacet
 facet normal  0.000000e+00  0.000000e+00 -1.000000e+00
   outer loop
     vertex  2.330590e+00 -1.914204e+01  0.000000e+00
     vertex  2.210000e+00 -1.919199e+01  0.000000e+00
     vertex  1.700000e-01 -1.919199e+01  0.000000e+00
   endloop
 endfacet
 facet normal  0.000000e+00  0.000000e+00 -1.000000e+00
   outer loop
     vertex  2.330590e+00 -1.914204e+01  0.000000e+00
     vertex  4.940952e-02 -1.914204e+01  0.000000e+00
     vertex -8.000000e-02 -1.912500e+01  0.000000e+00
   endloop
 endfacet
 facet normal -0.000000e+00  0.000000e+00 -1.000000e+00
   outer loop
     vertex  2.330590e+00 -1.914204e+01  0.000000e+00
     vertex  1.700000e-01 -1.919199e+01  0.000000e+00
     vertex  4.940952e-02 -1.914204e+01  0.000000e+00
   endloop
 endfacet
 facet normal -0.000000e+00  0.000000e+00 -1.000000e+00
   outer loop
     vertex  2.460000e+00 -1.912500e+01  0.000000e+00
     vertex  2.330590e+00 -1.914204e+01  0.000000e+00
     vertex -8.000000e-02 -1.912500e+01  0.000000e+00
   endloop
 endfacet
 facet normal  0.000000e+00  0.000000e+00 -1.000000e+00
   outer loop
     vertex -1.241355e+01 -3.327667e+00  0.000000e+00
     vertex -1.308000e+01 -4.740805e+00  0.000000e+00
     vertex -1.320059e+01 -4.690855e+00  0.000000e+00
   endloop
 endfacet
 facet normal  0.000000e+00  0.000000e+00 -1.000000e+00
   outer loop
     vertex -1.231000e+01 -3.407127e+00  0.000000e+00
     vertex -1.297645e+01 -4.820265e+00  0.000000e+00
     vertex -1.308000e+01 -4.740805e+00  0.000000e+00
   endloop
 endfacet
 facet normal -0.000000e+00  0.000000e+00 -1.000000e+00
   outer loop
     vertex -1.231000e+01 -3.407127e+00  0.000000e+00
     vertex -1.308000e+01 -4.740805e+00  0.000000e+00
     vertex -1.241355e+01 -3.327667e+00  0.000000e+00
   endloop
 endfacet
 facet normal  0.000000e+00  0.000000e+00 -1.000000e+00
   outer loop
     vertex -1.249301e+01 -3.224114e+00  0.000000e+00
     vertex -1.320059e+01 -4.690855e+00  0.000000e+00
     vertex -1.333000e+01 -4.673818e+00  0.000000e+00
   endloop
 endfacet
 facet normal  0.000000e+00 -0.000000e+00 -1.000000e+00
   outer loop
     vertex -1.249301e+01 -3.224114e+00  0.000000e+00
     vertex -1.241355e+01 -3.327667e+00  0.000000e+00
     vertex -1.320059e+01 -4.690855e+00  0.000000e+00
   endloop
 endfacet
 facet normal  0.000000e+00 -0.000000e+00 -1.000000e+00
   outer loop
     vertex -1.254296e+01 -3.103524e+00  0.000000e+00
     vertex -1.249301e+01 -3.224114e+00  0.000000e+00
     vertex -1.333000e+01 -4.673818e+00  0.000000e+00
   endloop
 endfacet
 facet normal  0.000000e+00  0.000000e+00 -1.000000e+00
   outer loop
     vertex -1.254296e+01 -3.103524e+00  0.000000e+00
     vertex -1.333000e+01 -4.673818e+00  0.000000e+00
     vertex -1.345941e+01 -4.690855e+00  0.000000e+00
   endloop
 endfacet
 facet normal  0.000000e+00  0.000000e+00 -1.000000e+00
   outer loop
     vertex -1.218941e+01 -3.457077e+00  0.000000e+00
     vertex -1.289699e+01 -4.923818e+00  0.000000e+00
     vertex -1.297645e+01 -4.820265e+00  0.000000e+00
   endloop
 endfacet
 facet normal -0.000000e+00  0.000000e+00 -1.000000e+00
   outer loop
     vertex -1.218941e+01 -3.457077e+00  0.000000e+00
     vertex -1.297645e+01 -4.820265e+00  0.000000e+00
     vertex -1.231000e+01 -3.407127e+00  0.000000e+00
   endloop
 endfacet
 facet normal -0.000000e+00  0.000000e+00 -1.000000e+00
   outer loop
     vertex -1.206000e+01 -3.474114e+00  0.000000e+00
     vertex -1.289699e+01 -4.923818e+00  0.000000e+00
     vertex -1.218941e+01 -3.457077e+00  0.000000e+00
   endloop
 endfacet
 facet normal  0.000000e+00  0.000000e+00 -1.000000e+00
   outer loop
     vertex -1.206000e+01 -3.474114e+00  0.000000e+00
     vertex -1.284704e+01 -5.044408e+00  0.000000e+00
     vertex -1.289699e+01 -4.923818e+00  0.000000e+00
   endloop
 endfacet
 facet normal  0.000000e+00 -0.000000e+00 -1.000000e+00
   outer loop
     vertex -1.256000e+01 -2.974114e+00  0.000000e+00
     vertex -1.254296e+01 -3.103524e+00  0.000000e+00
     vertex -1.345941e+01 -4.690855e+00  0.000000e+00
   endloop
 endfacet
 facet normal  0.000000e+00  0.000000e+00 -1.000000e+00
   outer loop
     vertex -1.256000e+01 -2.974114e+00  0.000000e+00
     vertex -1.345941e+01 -4.690855e+00  0.000000e+00
     vertex -1.358000e+01 -4.740805e+00  0.000000e+00
   endloop
 endfacet
 facet normal  0.000000e+00  0.000000e+00 -1.000000e+00
   outer loop
     vertex -1.254296e+01 -2.844704e+00  0.000000e+00
     vertex -1.256000e+01 -2.974114e+00  0.000000e+00
     vertex -1.358000e+01 -4.740805e+00  0.000000e+00
   endloop
 endfacet
 facet normal  0.000000e+00  0.000000e+00 -1.000000e+00
   outer loop
     vertex -1.254296e+01 -2.844704e+00  0.000000e+00
     vertex -1.358000e+01 -4.740805e+00  0.000000e+00
     vertex -1.368355e+01 -4.820265e+00  0.000000e+00
   endloop
 endfacet
 facet normal  0.000000e+00  0.000000e+00 -1.000000e+00
   outer loop
     vertex -1.193059e+01 -3.457077e+00  0.000000e+00
     vertex -1.283000e+01 -5.173818e+00  0.000000e+00
     vertex -1.284704e+01 -5.044408e+00  0.000000e+00
   endloop
 endfacet
 facet normal  0.000000e+00  0.000000e+00 -1.000000e+00
   outer loop
     vertex -1.193059e+01 -3.457077e+00  0.000000e+00
     vertex -1.284704e+01 -5.044408e+00  0.000000e+00
     vertex -1.206000e+01 -3.474114e+00  0.000000e+00
   endloop
 endfacet
 facet normal  0.000000e+00  0.000000e+00 -1.000000e+00
   outer loop
     vertex  4.750000e+00 -2.005801e+01  0.000000e+00
     vertex  2.813553e+00 -1.997855e+01  0.000000e+00
     vertex  4.646447e+00 -1.997855e+01  0.000000e+00
   endloop
 endfacet
 facet normal  0.000000e+00  0.000000e+00 -1.000000e+00
   outer loop
     vertex  4.750000e+00 -2.005801e+01  0.000000e+00
     vertex  2.710000e+00 -2.005801e+01  0.000000e+00
     vertex  2.813553e+00 -1.997855e+01  0.000000e+00
   endloop
 endfacet
 facet normal  0.000000e+00 -0.000000e+00 -1.000000e+00
   outer loop
     vertex  4.566987e+00 -1.987500e+01  0.000000e+00
     vertex  4.646447e+00 -1.997855e+01  0.000000e+00
     vertex  2.813553e+00 -1.997855e+01  0.000000e+00
   endloop
 endfacet
 facet normal -0.000000e+00  0.000000e+00 -1.000000e+00
   outer loop
     vertex  4.566987e+00 -1.987500e+01  0.000000e+00
     vertex  2.813553e+00 -1.997855e+01  0.000000e+00
     vertex  2.893013e+00 -1.987500e+01  0.000000e+00
   endloop
 endfacet
 facet normal  0.000000e+00  0.000000e+00 -1.000000e+00
   outer loop
     vertex  4.870590e+00 -2.010796e+01  0.000000e+00
     vertex  2.710000e+00 -2.005801e+01  0.000000e+00
     vertex  4.750000e+00 -2.005801e+01  0.000000e+00
   endloop
 endfacet
 facet normal  0.000000e+00  0.000000e+00 -1.000000e+00
   outer loop
     vertex  4.870590e+00 -2.010796e+01  0.000000e+00
     vertex  2.589410e+00 -2.010796e+01  0.000000e+00
     vertex  2.710000e+00 -2.005801e+01  0.000000e+00
   endloop
 endfacet
 facet normal -0.000000e+00  0.000000e+00 -1.000000e+00
   outer loop
     vertex  4.870590e+00 -2.010796e+01  0.000000e+00
     vertex  2.460000e+00 -2.012500e+01  0.000000e+00
     vertex  2.589410e+00 -2.010796e+01  0.000000e+00
   endloop
 endfacet
 facet normal  0.000000e+00 -0.000000e+00 -1.000000e+00
   outer loop
     vertex  4.517037e+00 -1.975441e+01  0.000000e+00
     vertex  4.566987e+00 -1.987500e+01  0.000000e+00
     vertex  2.893013e+00 -1.987500e+01  0.000000e+00
   endloop
 endfacet
 facet normal  0.000000e+00  0.000000e+00 -1.000000e+00
   outer loop
     vertex  4.517037e+00 -1.975441e+01  0.000000e+00
     vertex  2.942963e+00 -1.975441e+01  0.000000e+00
     vertex  2.960000e+00 -1.962500e+01  0.000000e+00
   endloop
 endfacet
 facet normal -0.000000e+00  0.000000e+00 -1.000000e+00
   outer loop
     vertex  4.517037e+00 -1.975441e+01  0.000000e+00
     vertex  2.893013e+00 -1.987500e+01  0.000000e+00
     vertex  2.942963e+00 -1.975441e+01  0.000000e+00
   endloop
 endfacet
 facet normal  0.000000e+00  0.000000e+00 -1.000000e+00
   outer loop
     vertex -1.249301e+01 -2.724114e+00  0.000000e+00
     vertex -1.254296e+01 -2.844704e+00  0.000000e+00
     vertex -1.368355e+01 -4.820265e+00  0.000000e+00
   endloop
 endfacet
 facet normal  0.000000e+00  0.000000e+00 -1.000000e+00
   outer loop
     vertex -1.249301e+01 -2.724114e+00  0.000000e+00
     vertex -1.368355e+01 -4.820265e+00  0.000000e+00
     vertex -1.376301e+01 -4.923818e+00  0.000000e+00
   endloop
 endfacet
 facet normal  0.000000e+00  0.000000e+00 -1.000000e+00
   outer loop
     vertex -1.181000e+01 -3.407127e+00  0.000000e+00
     vertex -1.283000e+01 -5.173818e+00  0.000000e+00
     vertex -1.193059e+01 -3.457077e+00  0.000000e+00
   endloop
 endfacet
 facet normal  0.000000e+00  0.000000e+00 -1.000000e+00
   outer loop
     vertex -1.181000e+01 -3.407127e+00  0.000000e+00
     vertex -1.284704e+01 -5.303228e+00  0.000000e+00
     vertex -1.283000e+01 -5.173818e+00  0.000000e+00
   endloop
 endfacet
 facet normal  0.000000e+00  0.000000e+00 -1.000000e+00
   outer loop
     vertex  5.000000e+00 -2.012500e+01  0.000000e+00
     vertex  2.460000e+00 -2.012500e+01  0.000000e+00
     vertex  4.870590e+00 -2.010796e+01  0.000000e+00
   endloop
 endfacet
 facet normal -0.000000e+00 -0.000000e+00 -1.000000e+00
   outer loop
     vertex  4.500000e+00 -1.962500e+01  0.000000e+00
     vertex  4.517037e+00 -1.975441e+01  0.000000e+00
     vertex  2.960000e+00 -1.962500e+01  0.000000e+00
   endloop
 endfacet
 facet normal  0.000000e+00  0.000000e+00 -1.000000e+00
   outer loop
     vertex -1.170645e+01 -3.327667e+00  0.000000e+00
     vertex -1.284704e+01 -5.303228e+00  0.000000e+00
     vertex -1.181000e+01 -3.407127e+00  0.000000e+00
   endloop
 endfacet
 facet normal  0.000000e+00  0.000000e+00 -1.000000e+00
   outer loop
     vertex -1.170645e+01 -3.327667e+00  0.000000e+00
     vertex -1.289699e+01 -5.423818e+00  0.000000e+00
     vertex -1.284704e+01 -5.303228e+00  0.000000e+00
   endloop
 endfacet
 facet normal -0.000000e+00  0.000000e+00 -1.000000e+00
   outer loop
     vertex  4.517037e+00 -1.949559e+01  0.000000e+00
     vertex  2.960000e+00 -1.962500e+01  0.000000e+00
     vertex  2.942963e+00 -1.949559e+01  0.000000e+00
   endloop
 endfacet
 facet normal  0.000000e+00  0.000000e+00 -1.000000e+00
   outer loop
     vertex  4.517037e+00 -1.949559e+01  0.000000e+00
     vertex  4.500000e+00 -1.962500e+01  0.000000e+00
     vertex  2.960000e+00 -1.962500e+01  0.000000e+00
   endloop
 endfacet
 facet normal  0.000000e+00 -0.000000e+00 -1.000000e+00
   outer loop
     vertex -1.162699e+01 -3.224114e+00  0.000000e+00
     vertex -2.620000e+00 -1.912500e+01  0.000000e+00
     vertex -1.289699e+01 -5.423818e+00  0.000000e+00
   endloop
 endfacet
 facet normal  0.000000e+00  0.000000e+00 -1.000000e+00
   outer loop
     vertex -1.162699e+01 -3.224114e+00  0.000000e+00
     vertex -8.000000e-02 -1.912500e+01  0.000000e+00
     vertex -2.620000e+00 -1.912500e+01  0.000000e+00
   endloop
 endfacet
 facet normal  0.000000e+00  0.000000e+00 -1.000000e+00
   outer loop
     vertex -1.162699e+01 -3.224114e+00  0.000000e+00
     vertex -1.289699e+01 -5.423818e+00  0.000000e+00
     vertex -1.170645e+01 -3.327667e+00  0.000000e+00
   endloop
 endfacet
 facet normal  0.000000e+00  0.000000e+00 -1.000000e+00
   outer loop
     vertex  4.566987e+00 -1.937500e+01  0.000000e+00
     vertex  4.517037e+00 -1.949559e+01  0.000000e+00
     vertex  2.942963e+00 -1.949559e+01  0.000000e+00
   endloop
 endfacet
 facet normal -0.000000e+00  0.000000e+00 -1.000000e+00
   outer loop
     vertex  4.566987e+00 -1.937500e+01  0.000000e+00
     vertex  2.942963e+00 -1.949559e+01  0.000000e+00
     vertex  2.893013e+00 -1.937500e+01  0.000000e+00
   endloop
 endfacet
 facet normal  0.000000e+00  0.000000e+00 -1.000000e+00
   outer loop
     vertex  4.646447e+00 -1.927145e+01  0.000000e+00
     vertex  4.566987e+00 -1.937500e+01  0.000000e+00
     vertex  2.893013e+00 -1.937500e+01  0.000000e+00
   endloop
 endfacet
 facet normal  0.000000e+00  0.000000e+00 -1.000000e+00
   outer loop
     vertex  4.646447e+00 -1.927145e+01  0.000000e+00
     vertex  2.813553e+00 -1.927145e+01  0.000000e+00
     vertex  2.710000e+00 -1.919199e+01  0.000000e+00
   endloop
 endfacet
 facet normal -0.000000e+00  0.000000e+00 -1.000000e+00
   outer loop
     vertex  4.646447e+00 -1.927145e+01  0.000000e+00
     vertex  2.893013e+00 -1.937500e+01  0.000000e+00
     vertex  2.813553e+00 -1.927145e+01  0.000000e+00
   endloop
 endfacet
 facet normal -0.000000e+00  0.000000e+00 -1.000000e+00
   outer loop
     vertex  4.750000e+00 -1.919199e+01  0.000000e+00
     vertex  4.646447e+00 -1.927145e+01  0.000000e+00
     vertex  2.710000e+00 -1.919199e+01  0.000000e+00
   endloop
 endfacet
 facet normal  0.000000e+00  0.000000e+00 -1.000000e+00
   outer loop
     vertex  4.870590e+00 -1.914204e+01  0.000000e+00
     vertex  4.750000e+00 -1.919199e+01  0.000000e+00
     vertex  2.710000e+00 -1.919199e+01  0.000000e+00
   endloop
 endfacet
 facet normal  0.000000e+00  0.000000e+00 -1.000000e+00
   outer loop
     vertex  4.870590e+00 -1.914204e+01  0.000000e+00
     vertex  2.589410e+00 -1.914204e+01  0.000000e+00
     vertex  2.460000e+00 -1.912500e+01  0.000000e+00
   endloop
 endfacet
 facet normal -0.000000e+00  0.000000e+00 -1.000000e+00
   outer loop
     vertex  4.870590e+00 -1.914204e+01  0.000000e+00
     vertex  2.710000e+00 -1.919199e+01  0.000000e+00
     vertex  2.589410e+00 -1.914204e+01  0.000000e+00
   endloop
 endfacet
 facet normal -0.000000e+00  0.000000e+00 -1.000000e+00
   outer loop
     vertex  5.000000e+00 -1.912500e+01  0.000000e+00
     vertex  4.870590e+00 -1.914204e+01  0.000000e+00
     vertex  2.460000e+00 -1.912500e+01  0.000000e+00
   endloop
 endfacet
 facet normal  0.000000e+00  0.000000e+00 -1.000000e+00
   outer loop
     vertex -1.114355e+01 -1.127962e+00  0.000000e+00
     vertex -1.193059e+01 -2.491151e+00  0.000000e+00
     vertex -1.206000e+01 -2.474114e+00  0.000000e+00
   endloop
 endfacet
 facet normal  0.000000e+00  0.000000e+00 -1.000000e+00
   outer loop
     vertex -1.104000e+01 -1.207422e+00  0.000000e+00
     vertex -1.181000e+01 -2.541101e+00  0.000000e+00
     vertex -1.193059e+01 -2.491151e+00  0.000000e+00
   endloop
 endfacet
 facet normal -0.000000e+00  0.000000e+00 -1.000000e+00
   outer loop
     vertex -1.104000e+01 -1.207422e+00  0.000000e+00
     vertex -1.193059e+01 -2.491151e+00  0.000000e+00
     vertex -1.114355e+01 -1.127962e+00  0.000000e+00
   endloop
 endfacet
 facet normal  0.000000e+00  0.000000e+00 -1.000000e+00
   outer loop
     vertex -1.122301e+01 -1.024409e+00  0.000000e+00
     vertex -1.206000e+01 -2.474114e+00  0.000000e+00
     vertex -1.218941e+01 -2.491151e+00  0.000000e+00
   endloop
 endfacet
 facet normal  0.000000e+00 -0.000000e+00 -1.000000e+00
   outer loop
     vertex -1.122301e+01 -1.024409e+00  0.000000e+00
     vertex -1.114355e+01 -1.127962e+00  0.000000e+00
     vertex -1.206000e+01 -2.474114e+00  0.000000e+00
   endloop
 endfacet
 facet normal  0.000000e+00  0.000000e+00 -1.000000e+00
   outer loop
     vertex -1.091941e+01 -1.257372e+00  0.000000e+00
     vertex -1.170645e+01 -2.620561e+00  0.000000e+00
     vertex -1.181000e+01 -2.541101e+00  0.000000e+00
   endloop
 endfacet
 facet normal -0.000000e+00  0.000000e+00 -1.000000e+00
   outer loop
     vertex -1.091941e+01 -1.257372e+00  0.000000e+00
     vertex -1.181000e+01 -2.541101e+00  0.000000e+00
     vertex -1.104000e+01 -1.207422e+00  0.000000e+00
   endloop
 endfacet
 facet normal  0.000000e+00 -0.000000e+00 -1.000000e+00
   outer loop
     vertex -1.127296e+01 -9.038185e-01  0.000000e+00
     vertex -1.122301e+01 -1.024409e+00  0.000000e+00
     vertex -1.218941e+01 -2.491151e+00  0.000000e+00
   endloop
 endfacet
 facet normal  0.000000e+00  0.000000e+00 -1.000000e+00
   outer loop
     vertex -1.127296e+01 -9.038185e-01  0.000000e+00
     vertex -1.218941e+01 -2.491151e+00  0.000000e+00
     vertex -1.231000e+01 -2.541101e+00  0.000000e+00
   endloop
 endfacet
 facet normal -0.000000e+00  0.000000e+00 -1.000000e+00
   outer loop
     vertex -1.079000e+01 -1.274409e+00  0.000000e+00
     vertex -1.170645e+01 -2.620561e+00  0.000000e+00
     vertex -1.091941e+01 -1.257372e+00  0.000000e+00
   endloop
 endfacet
 facet normal  0.000000e+00  0.000000e+00 -1.000000e+00
   outer loop
     vertex -1.079000e+01 -1.274409e+00  0.000000e+00
     vertex -1.162699e+01 -2.724114e+00  0.000000e+00
     vertex -1.170645e+01 -2.620561e+00  0.000000e+00
   endloop
 endfacet
 facet normal  0.000000e+00 -0.000000e+00 -1.000000e+00
   outer loop
     vertex -1.129000e+01 -7.744090e-01  0.000000e+00
     vertex -1.127296e+01 -9.038185e-01  0.000000e+00
     vertex -1.231000e+01 -2.541101e+00  0.000000e+00
   endloop
 endfacet
 facet normal  0.000000e+00  0.000000e+00 -1.000000e+00
   outer loop
     vertex -1.129000e+01 -7.744090e-01  0.000000e+00
     vertex -1.231000e+01 -2.541101e+00  0.000000e+00
     vertex -1.241355e+01 -2.620561e+00  0.000000e+00
   endloop
 endfacet
 facet normal  0.000000e+00  0.000000e+00 -1.000000e+00
   outer loop
     vertex -1.127296e+01 -6.449995e-01  0.000000e+00
     vertex -1.129000e+01 -7.744090e-01  0.000000e+00
     vertex -1.241355e+01 -2.620561e+00  0.000000e+00
   endloop
 endfacet
 facet normal  0.000000e+00  0.000000e+00 -1.000000e+00
   outer loop
     vertex -1.127296e+01 -6.449995e-01  0.000000e+00
     vertex -1.241355e+01 -2.620561e+00  0.000000e+00
     vertex -1.249301e+01 -2.724114e+00  0.000000e+00
   endloop
 endfacet
 facet normal  0.000000e+00  0.000000e+00 -1.000000e+00
   outer loop
     vertex -1.066059e+01 -1.257372e+00  0.000000e+00
     vertex -1.157704e+01 -2.844704e+00  0.000000e+00
     vertex -1.162699e+01 -2.724114e+00  0.000000e+00
   endloop
 endfacet
 facet normal  0.000000e+00  0.000000e+00 -1.000000e+00
   outer loop
     vertex -1.066059e+01 -1.257372e+00  0.000000e+00
     vertex -1.162699e+01 -2.724114e+00  0.000000e+00
     vertex -1.079000e+01 -1.274409e+00  0.000000e+00
   endloop
 endfacet
 facet normal  0.000000e+00  0.000000e+00 -1.000000e+00
   outer loop
     vertex -1.054000e+01 -1.207422e+00  0.000000e+00
     vertex -1.157704e+01 -2.844704e+00  0.000000e+00
     vertex -1.066059e+01 -1.257372e+00  0.000000e+00
   endloop
 endfacet
 facet normal  0.000000e+00  0.000000e+00 -1.000000e+00
   outer loop
     vertex -1.054000e+01 -1.207422e+00  0.000000e+00
     vertex -1.156000e+01 -2.974114e+00  0.000000e+00
     vertex -1.157704e+01 -2.844704e+00  0.000000e+00
   endloop
 endfacet
 facet normal  0.000000e+00  0.000000e+00 -1.000000e+00
   outer loop
     vertex -1.122301e+01 -5.244090e-01  0.000000e+00
     vertex -1.127296e+01 -6.449995e-01  0.000000e+00
     vertex -1.249301e+01 -2.724114e+00  0.000000e+00
   endloop
 endfacet
 facet normal  0.000000e+00  0.000000e+00 -1.000000e+00
   outer loop
     vertex -1.043645e+01 -1.127962e+00  0.000000e+00
     vertex -1.156000e+01 -2.974114e+00  0.000000e+00
     vertex -1.054000e+01 -1.207422e+00  0.000000e+00
   endloop
 endfacet
 facet normal  0.000000e+00  0.000000e+00 -1.000000e+00
   outer loop
     vertex -1.043645e+01 -1.127962e+00  0.000000e+00
     vertex -1.157704e+01 -3.103524e+00  0.000000e+00
     vertex -1.156000e+01 -2.974114e+00  0.000000e+00
   endloop
 endfacet
 facet normal  0.000000e+00  0.000000e+00 -1.000000e+00
   outer loop
     vertex -1.035699e+01 -1.024409e+00  0.000000e+00
     vertex -1.157704e+01 -3.103524e+00  0.000000e+00
     vertex -1.043645e+01 -1.127962e+00  0.000000e+00
   endloop
 endfacet
 facet normal  0.000000e+00 -0.000000e+00 -1.000000e+00
   outer loop
     vertex -1.035699e+01 -1.024409e+00  0.000000e+00
     vertex -8.000000e-02 -1.912500e+01  0.000000e+00
     vertex -1.162699e+01 -3.224114e+00  0.000000e+00
   endloop
 endfacet
 facet normal  0.000000e+00  0.000000e+00 -1.000000e+00
   outer loop
     vertex -1.035699e+01 -1.024409e+00  0.000000e+00
     vertex -1.162699e+01 -3.224114e+00  0.000000e+00
     vertex -1.157704e+01 -3.103524e+00  0.000000e+00
   endloop
 endfacet
 facet normal  0.000000e+00  0.000000e+00 -1.000000e+00
   outer loop
     vertex -9.873553e+00  1.071742e+00  0.000000e+00
     vertex -1.054000e+01 -3.413963e-01  0.000000e+00
     vertex -1.066059e+01 -2.914461e-01  0.000000e+00
   endloop
 endfacet
 facet normal  0.000000e+00 -0.000000e+00 -1.000000e+00
   outer loop
     vertex -9.953013e+00  1.175295e+00  0.000000e+00
     vertex -9.873553e+00  1.071742e+00  0.000000e+00
     vertex -1.066059e+01 -2.914461e-01  0.000000e+00
   endloop
 endfacet
 facet normal  0.000000e+00  0.000000e+00 -1.000000e+00
   outer loop
     vertex -9.953013e+00  1.175295e+00  0.000000e+00
     vertex -1.066059e+01 -2.914461e-01  0.000000e+00
     vertex -1.079000e+01 -2.744090e-01  0.000000e+00
   endloop
 endfacet
 facet normal -0.000000e+00  0.000000e+00 -1.000000e+00
   outer loop
     vertex -9.770000e+00  9.922823e-01  0.000000e+00
     vertex -1.054000e+01 -3.413963e-01  0.000000e+00
     vertex -9.873553e+00  1.071742e+00  0.000000e+00
   endloop
 endfacet
 facet normal  0.000000e+00  0.000000e+00 -1.000000e+00
   outer loop
     vertex -9.770000e+00  9.922823e-01  0.000000e+00
     vertex -1.043645e+01 -4.208556e-01  0.000000e+00
     vertex -1.054000e+01 -3.413963e-01  0.000000e+00
   endloop
 endfacet
 facet normal -0.000000e+00  0.000000e+00 -1.000000e+00
   outer loop
     vertex -9.649410e+00  9.423321e-01  0.000000e+00
     vertex -1.043645e+01 -4.208556e-01  0.000000e+00
     vertex -9.770000e+00  9.922823e-01  0.000000e+00
   endloop
 endfacet
 facet normal  0.000000e+00  0.000000e+00 -1.000000e+00
   outer loop
     vertex -9.649410e+00  9.423321e-01  0.000000e+00
     vertex -1.035699e+01 -5.244090e-01  0.000000e+00
     vertex -1.043645e+01 -4.208556e-01  0.000000e+00
   endloop
 endfacet
 facet normal  0.000000e+00 -0.000000e+00 -1.000000e+00
   outer loop
     vertex -1.000296e+01  1.295885e+00  0.000000e+00
     vertex -9.953013e+00  1.175295e+00  0.000000e+00
     vertex -1.079000e+01 -2.744090e-01  0.000000e+00
   endloop
 endfacet
 facet normal  0.000000e+00  0.000000e+00 -1.000000e+00
   outer loop
     vertex -1.000296e+01  1.295885e+00  0.000000e+00
     vertex -1.079000e+01 -2.744090e-01  0.000000e+00
     vertex -1.091941e+01 -2.914461e-01  0.000000e+00
   endloop
 endfacet
 facet normal -0.000000e+00  0.000000e+00 -1.000000e+00
   outer loop
     vertex -9.520000e+00  9.252950e-01  0.000000e+00
     vertex -1.035699e+01 -5.244090e-01  0.000000e+00
     vertex -9.649410e+00  9.423321e-01  0.000000e+00
   endloop
 endfacet
 facet normal  0.000000e+00  0.000000e+00 -1.000000e+00
   outer loop
     vertex -9.520000e+00  9.252950e-01  0.000000e+00
     vertex -1.030704e+01 -6.449995e-01  0.000000e+00
     vertex -1.035699e+01 -5.244090e-01  0.000000e+00
   endloop
 endfacet
 facet normal  0.000000e+00 -0.000000e+00 -1.000000e+00
   outer loop
     vertex -1.002000e+01  1.425295e+00  0.000000e+00
     vertex -1.000296e+01  1.295885e+00  0.000000e+00
     vertex -1.091941e+01 -2.914461e-01  0.000000e+00
   endloop
 endfacet
 facet normal  0.000000e+00  0.000000e+00 -1.000000e+00
   outer loop
     vertex -1.002000e+01  1.425295e+00  0.000000e+00
     vertex -1.091941e+01 -2.914461e-01  0.000000e+00
     vertex -1.104000e+01 -3.413963e-01  0.000000e+00
   endloop
 endfacet
 facet normal  0.000000e+00  0.000000e+00 -1.000000e+00
   outer loop
     vertex -1.000296e+01  1.554705e+00  0.000000e+00
     vertex -1.002000e+01  1.425295e+00  0.000000e+00
     vertex -1.104000e+01 -3.413963e-01  0.000000e+00
   endloop
 endfacet
 facet normal  0.000000e+00  0.000000e+00 -1.000000e+00
   outer loop
     vertex -1.000296e+01  1.554705e+00  0.000000e+00
     vertex -1.104000e+01 -3.413963e-01  0.000000e+00
     vertex -1.114355e+01 -4.208556e-01  0.000000e+00
   endloop
 endfacet
 facet normal  0.000000e+00  0.000000e+00 -1.000000e+00
   outer loop
     vertex -9.390590e+00  9.423321e-01  0.000000e+00
     vertex -1.030704e+01 -6.449995e-01  0.000000e+00
     vertex -9.520000e+00  9.252950e-01  0.000000e+00
   endloop
 endfacet
 facet normal  0.000000e+00  0.000000e+00 -1.000000e+00
   outer loop
     vertex -9.390590e+00  9.423321e-01  0.000000e+00
     vertex -1.029000e+01 -7.744090e-01  0.000000e+00
     vertex -1.030704e+01 -6.449995e-01  0.000000e+00
   endloop
 endfacet
 facet normal  0.000000e+00  0.000000e+00 -1.000000e+00
   outer loop
     vertex -9.953013e+00  1.675295e+00  0.000000e+00
     vertex -1.000296e+01  1.554705e+00  0.000000e+00
     vertex -1.114355e+01 -4.208556e-01  0.000000e+00
   endloop
 endfacet
 facet normal  0.000000e+00  0.000000e+00 -1.000000e+00
   outer loop
     vertex -9.953013e+00  1.675295e+00  0.000000e+00
     vertex -1.114355e+01 -4.208556e-01  0.000000e+00
     vertex -1.122301e+01 -5.244090e-01  0.000000e+00
   endloop
 endfacet
 facet normal  0.000000e+00  0.000000e+00 -1.000000e+00
   outer loop
     vertex -9.270000e+00  9.922823e-01  0.000000e+00
     vertex -1.029000e+01 -7.744090e-01  0.000000e+00
     vertex -9.390590e+00  9.423321e-01  0.000000e+00
   endloop
 endfacet
 facet normal  0.000000e+00  0.000000e+00 -1.000000e+00
   outer loop
     vertex -9.270000e+00  9.922823e-01  0.000000e+00
     vertex -1.030704e+01 -9.038185e-01  0.000000e+00
     vertex -1.029000e+01 -7.744090e-01  0.000000e+00
   endloop
 endfacet
 facet normal  0.000000e+00  0.000000e+00 -1.000000e+00
   outer loop
     vertex -9.166447e+00  1.071742e+00  0.000000e+00
     vertex -1.030704e+01 -9.038185e-01  0.000000e+00
     vertex -9.270000e+00  9.922823e-01  0.000000e+00
   endloop
 endfacet
 facet normal  0.000000e+00  0.000000e+00 -1.000000e+00
   outer loop
     vertex -9.166447e+00  1.071742e+00  0.000000e+00
     vertex -1.035699e+01 -1.024409e+00  0.000000e+00
     vertex -1.030704e+01 -9.038185e-01  0.000000e+00
   endloop
 endfacet
 facet normal  0.000000e+00  0.000000e+00 -1.000000e+00
   outer loop
     vertex -9.086987e+00  1.175295e+00  0.000000e+00
     vertex -1.035699e+01 -1.024409e+00  0.000000e+00
     vertex -9.166447e+00  1.071742e+00  0.000000e+00
   endloop
 endfacet
 facet normal  0.000000e+00  0.000000e+00 -1.000000e+00
   outer loop
     vertex -8.603553e+00  3.271447e+00  0.000000e+00
     vertex -9.390590e+00  1.908258e+00  0.000000e+00
     vertex -9.520000e+00  1.925295e+00  0.000000e+00
   endloop
 endfacet
 facet normal  0.000000e+00  0.000000e+00 -1.000000e+00
   outer loop
     vertex -8.500000e+00  3.191987e+00  0.000000e+00
     vertex -9.270000e+00  1.858308e+00  0.000000e+00
     vertex -9.390590e+00  1.908258e+00  0.000000e+00
   endloop
 endfacet
 facet normal -0.000000e+00  0.000000e+00 -1.000000e+00
   outer loop
     vertex -8.500000e+00  3.191987e+00  0.000000e+00
     vertex -9.390590e+00  1.908258e+00  0.000000e+00
     vertex -8.603553e+00  3.271447e+00  0.000000e+00
   endloop
 endfacet
 facet normal  0.000000e+00  0.000000e+00 -1.000000e+00
   outer loop
     vertex -8.683013e+00  3.375000e+00  0.000000e+00
     vertex -9.520000e+00  1.925295e+00  0.000000e+00
     vertex -9.649410e+00  1.908258e+00  0.000000e+00
   endloop
 endfacet
 facet normal  0.000000e+00 -0.000000e+00 -1.000000e+00
   outer loop
     vertex -8.683013e+00  3.375000e+00  0.000000e+00
     vertex -8.603553e+00  3.271447e+00  0.000000e+00
     vertex -9.520000e+00  1.925295e+00  0.000000e+00
   endloop
 endfacet
 facet normal  0.000000e+00  0.000000e+00 -1.000000e+00
   outer loop
     vertex -8.379410e+00  3.142037e+00  0.000000e+00
     vertex -9.166447e+00  1.778848e+00  0.000000e+00
     vertex -9.270000e+00  1.858308e+00  0.000000e+00
   endloop
 endfacet
 facet normal -0.000000e+00  0.000000e+00 -1.000000e+00
   outer loop
     vertex -8.379410e+00  3.142037e+00  0.000000e+00
     vertex -9.270000e+00  1.858308e+00  0.000000e+00
     vertex -8.500000e+00  3.191987e+00  0.000000e+00
   endloop
 endfacet
 facet normal  0.000000e+00  0.000000e+00 -1.000000e+00
   outer loop
     vertex -8.732963e+00  3.495590e+00  0.000000e+00
     vertex -9.649410e+00  1.908258e+00  0.000000e+00
     vertex -9.770000e+00  1.858308e+00  0.000000e+00
   endloop
 endfacet
 facet normal  0.000000e+00 -0.000000e+00 -1.000000e+00
   outer loop
     vertex -8.732963e+00  3.495590e+00  0.000000e+00
     vertex -8.683013e+00  3.375000e+00  0.000000e+00
     vertex -9.649410e+00  1.908258e+00  0.000000e+00
   endloop
 endfacet
 facet normal  0.000000e+00  0.000000e+00 -1.000000e+00
   outer loop
     vertex -8.250000e+00  3.125000e+00  0.000000e+00
     vertex -9.086987e+00  1.675295e+00  0.000000e+00
     vertex -9.166447e+00  1.778848e+00  0.000000e+00
   endloop
 endfacet
 facet normal -0.000000e+00  0.000000e+00 -1.000000e+00
   outer loop
     vertex -8.250000e+00  3.125000e+00  0.000000e+00
     vertex -9.166447e+00  1.778848e+00  0.000000e+00
     vertex -8.379410e+00  3.142037e+00  0.000000e+00
   endloop
 endfacet
 facet normal  0.000000e+00 -0.000000e+00 -1.000000e+00
   outer loop
     vertex -8.750000e+00  3.625000e+00  0.000000e+00
     vertex -8.732963e+00  3.495590e+00  0.000000e+00
     vertex -9.770000e+00  1.858308e+00  0.000000e+00
   endloop
 endfacet
 facet normal  0.000000e+00  0.000000e+00 -1.000000e+00
   outer loop
     vertex -8.750000e+00  3.625000e+00  0.000000e+00
     vertex -9.770000e+00  1.858308e+00  0.000000e+00
     vertex -9.873553e+00  1.778848e+00  0.000000e+00
   endloop
 endfacet
 facet normal  0.000000e+00  0.000000e+00 -1.000000e+00
   outer loop
     vertex -8.732963e+00  3.754410e+00  0.000000e+00
     vertex -9.873553e+00  1.778848e+00  0.000000e+00
     vertex -9.953013e+00  1.675295e+00  0.000000e+00
   endloop
 endfacet
 facet normal  0.000000e+00  0.000000e+00 -1.000000e+00
   outer loop
     vertex -8.732963e+00  3.754410e+00  0.000000e+00
     vertex -8.750000e+00  3.625000e+00  0.000000e+00
     vertex -9.873553e+00  1.778848e+00  0.000000e+00
   endloop
 endfacet
 facet normal  0.000000e+00  0.000000e+00 -1.000000e+00
   outer loop
     vertex -8.120590e+00  3.142037e+00  0.000000e+00
     vertex -9.037037e+00  1.554705e+00  0.000000e+00
     vertex -9.086987e+00  1.675295e+00  0.000000e+00
   endloop
 endfacet
 facet normal  0.000000e+00  0.000000e+00 -1.000000e+00
   outer loop
     vertex -8.120590e+00  3.142037e+00  0.000000e+00
     vertex -9.086987e+00  1.675295e+00  0.000000e+00
     vertex -8.250000e+00  3.125000e+00  0.000000e+00
   endloop
 endfacet
 facet normal  0.000000e+00  0.000000e+00 -1.000000e+00
   outer loop
     vertex -8.683013e+00  3.875000e+00  0.000000e+00
     vertex -8.732963e+00  3.754410e+00  0.000000e+00
     vertex -9.953013e+00  1.675295e+00  0.000000e+00
   endloop
 endfacet
 facet normal  0.000000e+00  0.000000e+00 -1.000000e+00
   outer loop
     vertex -8.000000e+00  3.191987e+00  0.000000e+00
     vertex -9.037037e+00  1.554705e+00  0.000000e+00
     vertex -8.120590e+00  3.142037e+00  0.000000e+00
   endloop
 endfacet
 facet normal  0.000000e+00  0.000000e+00 -1.000000e+00
   outer loop
     vertex -8.000000e+00  3.191987e+00  0.000000e+00
     vertex -9.020000e+00  1.425295e+00  0.000000e+00
     vertex -9.037037e+00  1.554705e+00  0.000000e+00
   endloop
 endfacet
 facet normal  0.000000e+00  0.000000e+00 -1.000000e+00
   outer loop
     vertex -7.896447e+00  3.271447e+00  0.000000e+00
     vertex -9.037037e+00  1.295885e+00  0.000000e+00
     vertex -9.020000e+00  1.425295e+00  0.000000e+00
   endloop
 endfacet
 facet normal  0.000000e+00  0.000000e+00 -1.000000e+00
   outer loop
     vertex -7.896447e+00  3.271447e+00  0.000000e+00
     vertex -9.020000e+00  1.425295e+00  0.000000e+00
     vertex -8.000000e+00  3.191987e+00  0.000000e+00
   endloop
 endfacet
 facet normal  0.000000e+00  0.000000e+00 -1.000000e+00
   outer loop
     vertex -7.816987e+00  3.375000e+00  0.000000e+00
     vertex -9.086987e+00  1.175295e+00  0.000000e+00
     vertex -9.037037e+00  1.295885e+00  0.000000e+00
   endloop
 endfacet
 facet normal  0.000000e+00  0.000000e+00 -1.000000e+00
   outer loop
     vertex -7.816987e+00  3.375000e+00  0.000000e+00
     vertex -9.037037e+00  1.295885e+00  0.000000e+00
     vertex -7.896447e+00  3.271447e+00  0.000000e+00
   endloop
 endfacet
 facet normal  0.000000e+00  0.000000e+00 -1.000000e+00
   outer loop
     vertex  2.500000e+01 -2.162500e+01  0.000000e+00
     vertex  5.500000e+00 -1.962500e+01  0.000000e+00
     vertex  5.482963e+00 -1.949559e+01  0.000000e+00
   endloop
 endfacet
 facet normal  0.000000e+00  0.000000e+00 -1.000000e+00
   outer loop
     vertex  2.500000e+01 -2.162500e+01  0.000000e+00
     vertex  5.482963e+00 -1.975441e+01  0.000000e+00
     vertex  5.500000e+00 -1.962500e+01  0.000000e+00
   endloop
 endfacet
 facet normal  0.000000e+00  0.000000e+00 -1.000000e+00
   outer loop
     vertex  2.500000e+01 -2.162500e+01  0.000000e+00
     vertex  5.433013e+00 -1.987500e+01  0.000000e+00
     vertex  5.482963e+00 -1.975441e+01  0.000000e+00
   endloop
 endfacet
 facet normal  0.000000e+00  0.000000e+00 -1.000000e+00
   outer loop
     vertex  2.500000e+01 -2.162500e+01  0.000000e+00
     vertex  5.353553e+00 -1.997855e+01  0.000000e+00
     vertex  5.433013e+00 -1.987500e+01  0.000000e+00
   endloop
 endfacet
 facet normal  0.000000e+00  0.000000e+00 -1.000000e+00
   outer loop
     vertex  2.500000e+01 -2.162500e+01  0.000000e+00
     vertex  5.250000e+00 -2.005801e+01  0.000000e+00
     vertex  5.353553e+00 -1.997855e+01  0.000000e+00
   endloop
 endfacet
 facet normal  0.000000e+00  0.000000e+00 -1.000000e+00
   outer loop
     vertex  2.500000e+01 -2.162500e+01  0.000000e+00
     vertex  5.129410e+00 -2.010796e+01  0.000000e+00
     vertex  5.250000e+00 -2.005801e+01  0.000000e+00
   endloop
 endfacet
 facet normal  0.000000e+00  0.000000e+00 -1.000000e+00
   outer loop
     vertex  2.500000e+01 -2.162500e+01  0.000000e+00
     vertex  5.000000e+00 -2.012500e+01  0.000000e+00
     vertex  5.129410e+00 -2.010796e+01  0.000000e+00
   endloop
 endfacet
 facet normal  0.000000e+00  0.000000e+00 -1.000000e+00
   outer loop
     vertex  2.500000e+01 -2.162500e+01  0.000000e+00
     vertex  2.460000e+00 -2.012500e+01  0.000000e+00
     vertex  5.000000e+00 -2.012500e+01  0.000000e+00
   endloop
 endfacet
 facet normal  0.000000e+00  0.000000e+00 -1.000000e+00
   outer loop
     vertex  1.297645e+01 -5.777371e+00  0.000000e+00
     vertex  5.250000e+00 -1.919199e+01  0.000000e+00
     vertex  5.129410e+00 -1.914204e+01  0.000000e+00
   endloop
 endfacet
 facet normal  0.000000e+00  0.000000e+00 -1.000000e+00
   outer loop
     vertex  1.308000e+01 -5.856831e+00  0.000000e+00
     vertex  5.353553e+00 -1.927145e+01  0.000000e+00
     vertex  5.250000e+00 -1.919199e+01  0.000000e+00
   endloop
 endfacet
 facet normal -0.000000e+00  0.000000e+00 -1.000000e+00
   outer loop
     vertex  1.308000e+01 -5.856831e+00  0.000000e+00
     vertex  5.250000e+00 -1.919199e+01  0.000000e+00
     vertex  1.297645e+01 -5.777371e+00  0.000000e+00
   endloop
 endfacet
 facet normal  0.000000e+00  0.000000e+00 -1.000000e+00
   outer loop
     vertex  1.289699e+01 -5.673818e+00  0.000000e+00
     vertex  5.129410e+00 -1.914204e+01  0.000000e+00
     vertex  5.000000e+00 -1.912500e+01  0.000000e+00
   endloop
 endfacet
 facet normal  0.000000e+00 -0.000000e+00 -1.000000e+00
   outer loop
     vertex  1.289699e+01 -5.673818e+00  0.000000e+00
     vertex  1.297645e+01 -5.777371e+00  0.000000e+00
     vertex  5.129410e+00 -1.914204e+01  0.000000e+00
   endloop
 endfacet
 facet normal  0.000000e+00  0.000000e+00 -1.000000e+00
   outer loop
     vertex  1.320059e+01 -5.906781e+00  0.000000e+00
     vertex  5.433013e+00 -1.937500e+01  0.000000e+00
     vertex  5.353553e+00 -1.927145e+01  0.000000e+00
   endloop
 endfacet
 facet normal -0.000000e+00  0.000000e+00 -1.000000e+00
   outer loop
     vertex  1.320059e+01 -5.906781e+00  0.000000e+00
     vertex  5.353553e+00 -1.927145e+01  0.000000e+00
     vertex  1.308000e+01 -5.856831e+00  0.000000e+00
   endloop
 endfacet
 facet normal  0.000000e+00  0.000000e+00 -1.000000e+00
   outer loop
     vertex  1.333000e+01 -5.923818e+00  0.000000e+00
     vertex  5.482963e+00 -1.949559e+01  0.000000e+00
     vertex  5.433013e+00 -1.937500e+01  0.000000e+00
   endloop
 endfacet
 facet normal -0.000000e+00  0.000000e+00 -1.000000e+00
   outer loop
     vertex  1.333000e+01 -5.923818e+00  0.000000e+00
     vertex  5.433013e+00 -1.937500e+01  0.000000e+00
     vertex  1.320059e+01 -5.906781e+00  0.000000e+00
   endloop
 endfacet
 facet normal  0.000000e+00 -0.000000e+00 -1.000000e+00
   outer loop
     vertex  1.345941e+01 -5.906781e+00  0.000000e+00
     vertex  2.500000e+01 -2.162500e+01  0.000000e+00
     vertex  5.482963e+00 -1.949559e+01  0.000000e+00
   endloop
 endfacet
 facet normal  0.000000e+00  0.000000e+00 -1.000000e+00
   outer loop
     vertex  1.345941e+01 -5.906781e+00  0.000000e+00
     vertex  5.482963e+00 -1.949559e+01  0.000000e+00
     vertex  1.333000e+01 -5.923818e+00  0.000000e+00
   endloop
 endfacet
 facet normal  0.000000e+00 -0.000000e+00 -1.000000e+00
   outer loop
     vertex  1.358000e+01 -5.856831e+00  0.000000e+00
     vertex  2.500000e+01 -2.162500e+01  0.000000e+00
     vertex  1.345941e+01 -5.906781e+00  0.000000e+00
   endloop
 endfacet
 facet normal  0.000000e+00 -0.000000e+00 -1.000000e+00
   outer loop
     vertex  1.368355e+01 -5.777371e+00  0.000000e+00
     vertex  2.500000e+01 -2.162500e+01  0.000000e+00
     vertex  1.358000e+01 -5.856831e+00  0.000000e+00
   endloop
 endfacet
 facet normal  0.000000e+00 -0.000000e+00 -1.000000e+00
   outer loop
     vertex  1.376301e+01 -5.673818e+00  0.000000e+00
     vertex  2.500000e+01 -2.162500e+01  0.000000e+00
     vertex  1.368355e+01 -5.777371e+00  0.000000e+00
   endloop
 endfacet
 facet normal  0.000000e+00  0.000000e+00 -1.000000e+00
   outer loop
     vertex  1.170645e+01 -3.577667e+00  0.000000e+00
     vertex  1.284704e+01 -5.553228e+00  0.000000e+00
     vertex  1.289699e+01 -5.673818e+00  0.000000e+00
   endloop
 endfacet
 facet normal  0.000000e+00  0.000000e+00 -1.000000e+00
   outer loop
     vertex  1.181000e+01 -3.657127e+00  0.000000e+00
     vertex  1.283000e+01 -5.423818e+00  0.000000e+00
     vertex  1.284704e+01 -5.553228e+00  0.000000e+00
   endloop
 endfacet
 facet normal -0.000000e+00 -0.000000e+00 -1.000000e+00
   outer loop
     vertex  1.181000e+01 -3.657127e+00  0.000000e+00
     vertex  1.284704e+01 -5.553228e+00  0.000000e+00
     vertex  1.170645e+01 -3.577667e+00  0.000000e+00
   endloop
 endfacet
 facet normal  0.000000e+00 -0.000000e+00 -1.000000e+00
   outer loop
     vertex  1.162699e+01 -3.474114e+00  0.000000e+00
     vertex  1.289699e+01 -5.673818e+00  0.000000e+00
     vertex  5.000000e+00 -1.912500e+01  0.000000e+00
   endloop
 endfacet
 facet normal  0.000000e+00  0.000000e+00 -1.000000e+00
   outer loop
     vertex  1.162699e+01 -3.474114e+00  0.000000e+00
     vertex  1.170645e+01 -3.577667e+00  0.000000e+00
     vertex  1.289699e+01 -5.673818e+00  0.000000e+00
   endloop
 endfacet
 facet normal  0.000000e+00  0.000000e+00 -1.000000e+00
   outer loop
     vertex  1.162699e+01 -3.474114e+00  0.000000e+00
     vertex  5.000000e+00 -1.912500e+01  0.000000e+00
     vertex  2.460000e+00 -1.912500e+01  0.000000e+00
   endloop
 endfacet
 facet normal  0.000000e+00  0.000000e+00 -1.000000e+00
   outer loop
     vertex  1.193059e+01 -3.707077e+00  0.000000e+00
     vertex  1.284704e+01 -5.294408e+00  0.000000e+00
     vertex  1.283000e+01 -5.423818e+00  0.000000e+00
   endloop
 endfacet
 facet normal -0.000000e+00 -0.000000e+00 -1.000000e+00
   outer loop
     vertex  1.193059e+01 -3.707077e+00  0.000000e+00
     vertex  1.283000e+01 -5.423818e+00  0.000000e+00
     vertex  1.181000e+01 -3.657127e+00  0.000000e+00
   endloop
 endfacet
 facet normal  0.000000e+00 -0.000000e+00 -1.000000e+00
   outer loop
     vertex  1.381296e+01 -5.553228e+00  0.000000e+00
     vertex  2.500000e+01 -2.162500e+01  0.000000e+00
     vertex  1.376301e+01 -5.673818e+00  0.000000e+00
   endloop
 endfacet
 facet normal  0.000000e+00  0.000000e+00 -1.000000e+00
   outer loop
     vertex  1.206000e+01 -3.724114e+00  0.000000e+00
     vertex  1.289699e+01 -5.173818e+00  0.000000e+00
     vertex  1.284704e+01 -5.294408e+00  0.000000e+00
   endloop
 endfacet
 facet normal -0.000000e+00 -0.000000e+00 -1.000000e+00
   outer loop
     vertex  1.206000e+01 -3.724114e+00  0.000000e+00
     vertex  1.284704e+01 -5.294408e+00  0.000000e+00
     vertex  1.193059e+01 -3.707077e+00  0.000000e+00
   endloop
 endfacet
 facet normal  0.000000e+00 -0.000000e+00 -1.000000e+00
   outer loop
     vertex  1.383000e+01 -5.423818e+00  0.000000e+00
     vertex  2.500000e+01 -2.162500e+01  0.000000e+00
     vertex  1.381296e+01 -5.553228e+00  0.000000e+00
   endloop
 endfacet
 facet normal  0.000000e+00  0.000000e+00 -1.000000e+00
   outer loop
     vertex  1.218941e+01 -3.707077e+00  0.000000e+00
     vertex  1.297645e+01 -5.070265e+00  0.000000e+00
     vertex  1.289699e+01 -5.173818e+00  0.000000e+00
   endloop
 endfacet
 facet normal  0.000000e+00 -0.000000e+00 -1.000000e+00
   outer loop
     vertex  1.218941e+01 -3.707077e+00  0.000000e+00
     vertex  1.289699e+01 -5.173818e+00  0.000000e+00
     vertex  1.206000e+01 -3.724114e+00  0.000000e+00
   endloop
 endfacet
 facet normal  0.000000e+00  0.000000e+00 -1.000000e+00
   outer loop
     vertex  1.381296e+01 -5.294408e+00  0.000000e+00
     vertex  2.500000e+01 -2.162500e+01  0.000000e+00
     vertex  1.383000e+01 -5.423818e+00  0.000000e+00
   endloop
 endfacet
 facet normal  0.000000e+00  0.000000e+00 -1.000000e+00
   outer loop
     vertex  1.376301e+01 -5.173818e+00  0.000000e+00
     vertex  2.500000e+01 -2.162500e+01  0.000000e+00
     vertex  1.381296e+01 -5.294408e+00  0.000000e+00
   endloop
 endfacet
 facet normal  0.000000e+00  0.000000e+00 -1.000000e+00
   outer loop
     vertex  1.231000e+01 -3.657127e+00  0.000000e+00
     vertex  1.308000e+01 -4.990805e+00  0.000000e+00
     vertex  1.297645e+01 -5.070265e+00  0.000000e+00
   endloop
 endfacet
 facet normal  0.000000e+00 -0.000000e+00 -1.000000e+00
   outer loop
     vertex  1.231000e+01 -3.657127e+00  0.000000e+00
     vertex  1.297645e+01 -5.070265e+00  0.000000e+00
     vertex  1.218941e+01 -3.707077e+00  0.000000e+00
   endloop
 endfacet
 facet normal  0.000000e+00  0.000000e+00 -1.000000e+00
   outer loop
     vertex  1.241355e+01 -3.577667e+00  0.000000e+00
     vertex  1.320059e+01 -4.940855e+00  0.000000e+00
     vertex  1.308000e+01 -4.990805e+00  0.000000e+00
   endloop
 endfacet
 facet normal  0.000000e+00 -0.000000e+00 -1.000000e+00
   outer loop
     vertex  1.241355e+01 -3.577667e+00  0.000000e+00
     vertex  1.308000e+01 -4.990805e+00  0.000000e+00
     vertex  1.231000e+01 -3.657127e+00  0.000000e+00
   endloop
 endfacet
 facet normal  0.000000e+00 -0.000000e+00 -1.000000e+00
   outer loop
     vertex  1.249301e+01 -3.474114e+00  0.000000e+00
     vertex  1.320059e+01 -4.940855e+00  0.000000e+00
     vertex  1.241355e+01 -3.577667e+00  0.000000e+00
   endloop
 endfacet
 facet normal  0.000000e+00  0.000000e+00 -1.000000e+00
   outer loop
     vertex  1.249301e+01 -3.474114e+00  0.000000e+00
     vertex  1.333000e+01 -4.923818e+00  0.000000e+00
     vertex  1.320059e+01 -4.940855e+00  0.000000e+00
   endloop
 endfacet
 facet normal  0.000000e+00  0.000000e+00 -1.000000e+00
   outer loop
     vertex  1.043645e+01 -1.377962e+00  0.000000e+00
     vertex  1.156000e+01 -3.224114e+00  0.000000e+00
     vertex  1.157704e+01 -3.353524e+00  0.000000e+00
   endloop
 endfacet
 facet normal -0.000000e+00 -0.000000e+00 -1.000000e+00
   outer loop
     vertex  1.054000e+01 -1.457422e+00  0.000000e+00
     vertex  1.156000e+01 -3.224114e+00  0.000000e+00
     vertex  1.043645e+01 -1.377962e+00  0.000000e+00
   endloop
 endfacet
 facet normal  0.000000e+00  0.000000e+00 -1.000000e+00
   outer loop
     vertex  1.054000e+01 -1.457422e+00  0.000000e+00
     vertex  1.157704e+01 -3.094704e+00  0.000000e+00
     vertex  1.156000e+01 -3.224114e+00  0.000000e+00
   endloop
 endfacet
 facet normal -0.000000e+00  0.000000e+00 -1.000000e+00
   outer loop
     vertex  1.035699e+01 -1.274409e+00  0.000000e+00
     vertex -8.000000e-02 -1.912500e+01  0.000000e+00
     vertex -1.035699e+01 -1.024409e+00  0.000000e+00
   endloop
 endfacet
 facet normal  0.000000e+00  0.000000e+00 -1.000000e+00
   outer loop
     vertex  1.035699e+01 -1.274409e+00  0.000000e+00
     vertex  1.043645e+01 -1.377962e+00  0.000000e+00
     vertex  1.157704e+01 -3.353524e+00  0.000000e+00
   endloop
 endfacet
 facet normal  0.000000e+00  0.000000e+00 -1.000000e+00
   outer loop
     vertex  1.035699e+01 -1.274409e+00  0.000000e+00
     vertex  1.157704e+01 -3.353524e+00  0.000000e+00
     vertex  1.162699e+01 -3.474114e+00  0.000000e+00
   endloop
 endfacet
 facet normal  0.000000e+00  0.000000e+00 -1.000000e+00
   outer loop
     vertex  1.035699e+01 -1.274409e+00  0.000000e+00
     vertex  2.460000e+00 -1.912500e+01  0.000000e+00
     vertex -8.000000e-02 -1.912500e+01  0.000000e+00
   endloop
 endfacet
 facet normal  0.000000e+00 -0.000000e+00 -1.000000e+00
   outer loop
     vertex  1.035699e+01 -1.274409e+00  0.000000e+00
     vertex  1.162699e+01 -3.474114e+00  0.000000e+00
     vertex  2.460000e+00 -1.912500e+01  0.000000e+00
   endloop
 endfacet
 facet normal -0.000000e+00 -0.000000e+00 -1.000000e+00
   outer loop
     vertex  1.066059e+01 -1.507372e+00  0.000000e+00
     vertex  1.157704e+01 -3.094704e+00  0.000000e+00
     vertex  1.054000e+01 -1.457422e+00  0.000000e+00
   endloop
 endfacet
 facet normal  0.000000e+00  0.000000e+00 -1.000000e+00
   outer loop
     vertex  1.066059e+01 -1.507372e+00  0.000000e+00
     vertex  1.162699e+01 -2.974114e+00  0.000000e+00
     vertex  1.157704e+01 -3.094704e+00  0.000000e+00
   endloop
 endfacet
 facet normal  0.000000e+00 -0.000000e+00 -1.000000e+00
   outer loop
     vertex  1.254296e+01 -3.353524e+00  0.000000e+00
     vertex  1.333000e+01 -4.923818e+00  0.000000e+00
     vertex  1.249301e+01 -3.474114e+00  0.000000e+00
   endloop
 endfacet
 facet normal  0.000000e+00  0.000000e+00 -1.000000e+00
   outer loop
     vertex  1.254296e+01 -3.353524e+00  0.000000e+00
     vertex  1.345941e+01 -4.940855e+00  0.000000e+00
     vertex  1.333000e+01 -4.923818e+00  0.000000e+00
   endloop
 endfacet
 facet normal -0.000000e+00 -0.000000e+00 -1.000000e+00
   outer loop
     vertex  1.079000e+01 -1.524409e+00  0.000000e+00
     vertex  1.162699e+01 -2.974114e+00  0.000000e+00
     vertex  1.066059e+01 -1.507372e+00  0.000000e+00
   endloop
 endfacet
 facet normal  0.000000e+00  0.000000e+00 -1.000000e+00
   outer loop
     vertex  1.079000e+01 -1.524409e+00  0.000000e+00
     vertex  1.170645e+01 -2.870561e+00  0.000000e+00
     vertex  1.162699e+01 -2.974114e+00  0.000000e+00
   endloop
 endfacet
 facet normal  0.000000e+00 -0.000000e+00 -1.000000e+00
   outer loop
     vertex  1.256000e+01 -3.224114e+00  0.000000e+00
     vertex  1.345941e+01 -4.940855e+00  0.000000e+00
     vertex  1.254296e+01 -3.353524e+00  0.000000e+00
   endloop
 endfacet
 facet normal  0.000000e+00  0.000000e+00 -1.000000e+00
   outer loop
     vertex  1.256000e+01 -3.224114e+00  0.000000e+00
     vertex  1.358000e+01 -4.990805e+00  0.000000e+00
     vertex  1.345941e+01 -4.940855e+00  0.000000e+00
   endloop
 endfacet
 facet normal  0.000000e+00 -0.000000e+00 -1.000000e+00
   outer loop
     vertex  1.091941e+01 -1.507372e+00  0.000000e+00
     vertex  1.170645e+01 -2.870561e+00  0.000000e+00
     vertex  1.079000e+01 -1.524409e+00  0.000000e+00
   endloop
 endfacet
 facet normal  0.000000e+00  0.000000e+00 -1.000000e+00
   outer loop
     vertex  1.091941e+01 -1.507372e+00  0.000000e+00
     vertex  1.181000e+01 -2.791101e+00  0.000000e+00
     vertex  1.170645e+01 -2.870561e+00  0.000000e+00
   endloop
 endfacet
 facet normal  0.000000e+00  0.000000e+00 -1.000000e+00
   outer loop
     vertex  1.254296e+01 -3.094704e+00  0.000000e+00
     vertex  1.358000e+01 -4.990805e+00  0.000000e+00
     vertex  1.256000e+01 -3.224114e+00  0.000000e+00
   endloop
 endfacet
 facet normal  0.000000e+00  0.000000e+00 -1.000000e+00
   outer loop
     vertex  1.254296e+01 -3.094704e+00  0.000000e+00
     vertex  1.368355e+01 -5.070265e+00  0.000000e+00
     vertex  1.358000e+01 -4.990805e+00  0.000000e+00
   endloop
 endfacet
 facet normal  0.000000e+00  0.000000e+00 -1.000000e+00
   outer loop
     vertex  1.249301e+01 -2.974114e+00  0.000000e+00
     vertex  1.368355e+01 -5.070265e+00  0.000000e+00
     vertex  1.254296e+01 -3.094704e+00  0.000000e+00
   endloop
 endfacet
 facet normal  0.000000e+00  0.000000e+00 -1.000000e+00
   outer loop
     vertex  1.249301e+01 -2.974114e+00  0.000000e+00
     vertex  1.376301e+01 -5.173818e+00  0.000000e+00
     vertex  1.368355e+01 -5.070265e+00  0.000000e+00
   endloop
 endfacet
 facet normal  0.000000e+00 -0.000000e+00 -1.000000e+00
   outer loop
     vertex  1.104000e+01 -1.457422e+00  0.000000e+00
     vertex  1.181000e+01 -2.791101e+00  0.000000e+00
     vertex  1.091941e+01 -1.507372e+00  0.000000e+00
   endloop
 endfacet
 facet normal  0.000000e+00  0.000000e+00 -1.000000e+00
   outer loop
     vertex  1.104000e+01 -1.457422e+00  0.000000e+00
     vertex  1.193059e+01 -2.741151e+00  0.000000e+00
     vertex  1.181000e+01 -2.791101e+00  0.000000e+00
   endloop
 endfacet
 facet normal  0.000000e+00 -0.000000e+00 -1.000000e+00
   outer loop
     vertex  1.114355e+01 -1.377962e+00  0.000000e+00
     vertex  1.193059e+01 -2.741151e+00  0.000000e+00
     vertex  1.104000e+01 -1.457422e+00  0.000000e+00
   endloop
 endfacet
 facet normal  0.000000e+00  0.000000e+00 -1.000000e+00
   outer loop
     vertex  1.114355e+01 -1.377962e+00  0.000000e+00
     vertex  1.206000e+01 -2.724114e+00  0.000000e+00
     vertex  1.193059e+01 -2.741151e+00  0.000000e+00
   endloop
 endfacet
 facet normal  0.000000e+00 -0.000000e+00 -1.000000e+00
   outer loop
     vertex  1.122301e+01 -1.274409e+00  0.000000e+00
     vertex  1.206000e+01 -2.724114e+00  0.000000e+00
     vertex  1.114355e+01 -1.377962e+00  0.000000e+00
   endloop
 endfacet
 facet normal  0.000000e+00  0.000000e+00 -1.000000e+00
   outer loop
     vertex  1.122301e+01 -1.274409e+00  0.000000e+00
     vertex  1.218941e+01 -2.741151e+00  0.000000e+00
     vertex  1.206000e+01 -2.724114e+00  0.000000e+00
   endloop
 endfacet
 facet normal  0.000000e+00  0.000000e+00 -1.000000e+00
   outer loop
     vertex  9.166447e+00  8.217416e-01  0.000000e+00
     vertex  1.030704e+01 -1.153819e+00  0.000000e+00
     vertex  1.035699e+01 -1.274409e+00  0.000000e+00
   endloop
 endfacet
 facet normal -0.000000e+00 -0.000000e+00 -1.000000e+00
   outer loop
     vertex  9.270000e+00  7.422823e-01  0.000000e+00
     vertex  1.030704e+01 -1.153819e+00  0.000000e+00
     vertex  9.166447e+00  8.217416e-01  0.000000e+00
   endloop
 endfacet
 facet normal  0.000000e+00  0.000000e+00 -1.000000e+00
   outer loop
     vertex  9.270000e+00  7.422823e-01  0.000000e+00
     vertex  1.029000e+01 -1.024409e+00  0.000000e+00
     vertex  1.030704e+01 -1.153819e+00  0.000000e+00
   endloop
 endfacet
 facet normal  0.000000e+00  0.000000e+00 -1.000000e+00
   outer loop
     vertex  9.086987e+00  9.252950e-01  0.000000e+00
     vertex  9.166447e+00  8.217416e-01  0.000000e+00
     vertex  1.035699e+01 -1.274409e+00  0.000000e+00
   endloop
 endfacet
 facet normal -0.000000e+00  0.000000e+00 -1.000000e+00
   outer loop
     vertex  9.086987e+00  9.252950e-01  0.000000e+00
     vertex -1.035699e+01 -1.024409e+00  0.000000e+00
     vertex -9.086987e+00  1.175295e+00  0.000000e+00
   endloop
 endfacet
 facet normal  0.000000e+00 -0.000000e+00 -1.000000e+00
   outer loop
     vertex  9.086987e+00  9.252950e-01  0.000000e+00
     vertex  1.035699e+01 -1.274409e+00  0.000000e+00
     vertex -1.035699e+01 -1.024409e+00  0.000000e+00
   endloop
 endfacet
 facet normal -0.000000e+00 -0.000000e+00 -1.000000e+00
   outer loop
     vertex  9.390590e+00  6.923321e-01  0.000000e+00
     vertex  1.029000e+01 -1.024409e+00  0.000000e+00
     vertex  9.270000e+00  7.422823e-01  0.000000e+00
   endloop
 endfacet
 facet normal  0.000000e+00  0.000000e+00 -1.000000e+00
   outer loop
     vertex  9.390590e+00  6.923321e-01  0.000000e+00
     vertex  1.030704e+01 -8.949995e-01  0.000000e+00
     vertex  1.029000e+01 -1.024409e+00  0.000000e+00
   endloop
 endfacet
 facet normal  0.000000e+00  0.000000e+00 -1.000000e+00
   outer loop
     vertex  1.127296e+01 -1.153819e+00  0.000000e+00
     vertex  1.231000e+01 -2.791101e+00  0.000000e+00
     vertex  1.218941e+01 -2.741151e+00  0.000000e+00
   endloop
 endfacet
 facet normal  0.000000e+00 -0.000000e+00 -1.000000e+00
   outer loop
     vertex  1.127296e+01 -1.153819e+00  0.000000e+00
     vertex  1.218941e+01 -2.741151e+00  0.000000e+00
     vertex  1.122301e+01 -1.274409e+00  0.000000e+00
   endloop
 endfacet
 facet normal -0.000000e+00 -0.000000e+00 -1.000000e+00
   outer loop
     vertex  9.520000e+00  6.752950e-01  0.000000e+00
     vertex  1.030704e+01 -8.949995e-01  0.000000e+00
     vertex  9.390590e+00  6.923321e-01  0.000000e+00
   endloop
 endfacet
 facet normal  0.000000e+00  0.000000e+00 -1.000000e+00
   outer loop
     vertex  9.520000e+00  6.752950e-01  0.000000e+00
     vertex  1.035699e+01 -7.744090e-01  0.000000e+00
     vertex  1.030704e+01 -8.949995e-01  0.000000e+00
   endloop
 endfacet
 facet normal  0.000000e+00 -0.000000e+00 -1.000000e+00
   outer loop
     vertex  1.129000e+01 -1.024409e+00  0.000000e+00
     vertex  1.231000e+01 -2.791101e+00  0.000000e+00
     vertex  1.127296e+01 -1.153819e+00  0.000000e+00
   endloop
 endfacet
 facet normal  0.000000e+00  0.000000e+00 -1.000000e+00
   outer loop
     vertex  1.129000e+01 -1.024409e+00  0.000000e+00
     vertex  1.241355e+01 -2.870561e+00  0.000000e+00
     vertex  1.231000e+01 -2.791101e+00  0.000000e+00
   endloop
 endfacet
 facet normal  0.000000e+00 -0.000000e+00 -1.000000e+00
   outer loop
     vertex  9.649410e+00  6.923321e-01  0.000000e+00
     vertex  1.035699e+01 -7.744090e-01  0.000000e+00
     vertex  9.520000e+00  6.752950e-01  0.000000e+00
   endloop
 endfacet
 facet normal  0.000000e+00  0.000000e+00 -1.000000e+00
   outer loop
     vertex  9.649410e+00  6.923321e-01  0.000000e+00
     vertex  1.043645e+01 -6.708556e-01  0.000000e+00
     vertex  1.035699e+01 -7.744090e-01  0.000000e+00
   endloop
 endfacet
 facet normal  0.000000e+00  0.000000e+00 -1.000000e+00
   outer loop
     vertex  1.127296e+01 -8.949995e-01  0.000000e+00
     vertex  1.249301e+01 -2.974114e+00  0.000000e+00
     vertex  1.241355e+01 -2.870561e+00  0.000000e+00
   endloop
 endfacet
 facet normal  0.000000e+00  0.000000e+00 -1.000000e+00
   outer loop
     vertex  1.127296e+01 -8.949995e-01  0.000000e+00
     vertex  1.241355e+01 -2.870561e+00  0.000000e+00
     vertex  1.129000e+01 -1.024409e+00  0.000000e+00
   endloop
 endfacet
 facet normal  0.000000e+00  0.000000e+00 -1.000000e+00
   outer loop
     vertex  1.122301e+01 -7.744090e-01  0.000000e+00
     vertex  1.249301e+01 -2.974114e+00  0.000000e+00
     vertex  1.127296e+01 -8.949995e-01  0.000000e+00
   endloop
 endfacet
 facet normal  0.000000e+00 -0.000000e+00 -1.000000e+00
   outer loop
     vertex  9.770000e+00  7.422823e-01  0.000000e+00
     vertex  1.043645e+01 -6.708556e-01  0.000000e+00
     vertex  9.649410e+00  6.923321e-01  0.000000e+00
   endloop
 endfacet
 facet normal  0.000000e+00  0.000000e+00 -1.000000e+00
   outer loop
     vertex  9.770000e+00  7.422823e-01  0.000000e+00
     vertex  1.054000e+01 -5.913963e-01  0.000000e+00
     vertex  1.043645e+01 -6.708556e-01  0.000000e+00
   endloop
 endfacet
 facet normal  0.000000e+00 -0.000000e+00 -1.000000e+00
   outer loop
     vertex  9.873553e+00  8.217416e-01  0.000000e+00
     vertex  1.054000e+01 -5.913963e-01  0.000000e+00
     vertex  9.770000e+00  7.422823e-01  0.000000e+00
   endloop
 endfacet
 facet normal  0.000000e+00  0.000000e+00 -1.000000e+00
   outer loop
     vertex  9.873553e+00  8.217416e-01  0.000000e+00
     vertex  1.066059e+01 -5.414461e-01  0.000000e+00
     vertex  1.054000e+01 -5.913963e-01  0.000000e+00
   endloop
 endfacet
 facet normal  0.000000e+00  0.000000e+00 -1.000000e+00
   outer loop
     vertex  9.953013e+00  9.252950e-01  0.000000e+00
     vertex  1.079000e+01 -5.244090e-01  0.000000e+00
     vertex  1.066059e+01 -5.414461e-01  0.000000e+00
   endloop
 endfacet
 facet normal  0.000000e+00 -0.000000e+00 -1.000000e+00
   outer loop
     vertex  9.953013e+00  9.252950e-01  0.000000e+00
     vertex  1.066059e+01 -5.414461e-01  0.000000e+00
     vertex  9.873553e+00  8.217416e-01  0.000000e+00
   endloop
 endfacet
 facet normal  0.000000e+00  0.000000e+00 -1.000000e+00
   outer loop
     vertex  7.896447e+00  3.021447e+00  0.000000e+00
     vertex  9.020000e+00  1.175295e+00  0.000000e+00
     vertex  9.037037e+00  1.045885e+00  0.000000e+00
   endloop
 endfacet
 facet normal -0.000000e+00 -0.000000e+00 -1.000000e+00
   outer loop
     vertex  8.000000e+00  2.941987e+00  0.000000e+00
     vertex  9.020000e+00  1.175295e+00  0.000000e+00
     vertex  7.896447e+00  3.021447e+00  0.000000e+00
   endloop
 endfacet
 facet normal  0.000000e+00  0.000000e+00 -1.000000e+00
   outer loop
     vertex  8.000000e+00  2.941987e+00  0.000000e+00
     vertex  9.037037e+00  1.304705e+00  0.000000e+00
     vertex  9.020000e+00  1.175295e+00  0.000000e+00
   endloop
 endfacet
 facet normal  0.000000e+00  0.000000e+00 -1.000000e+00
   outer loop
     vertex  7.816987e+00  3.125000e+00  0.000000e+00
     vertex  7.896447e+00  3.021447e+00  0.000000e+00
     vertex  9.037037e+00  1.045885e+00  0.000000e+00
   endloop
 endfacet
 facet normal -0.000000e+00  0.000000e+00 -1.000000e+00
   outer loop
     vertex  7.816987e+00  3.125000e+00  0.000000e+00
     vertex -9.086987e+00  1.175295e+00  0.000000e+00
     vertex -7.816987e+00  3.375000e+00  0.000000e+00
   endloop
 endfacet
 facet normal  0.000000e+00  0.000000e+00 -1.000000e+00
   outer loop
     vertex  7.816987e+00  3.125000e+00  0.000000e+00
     vertex  9.037037e+00  1.045885e+00  0.000000e+00
     vertex  9.086987e+00  9.252950e-01  0.000000e+00
   endloop
 endfacet
 facet normal  0.000000e+00 -0.000000e+00 -1.000000e+00
   outer loop
     vertex  7.816987e+00  3.125000e+00  0.000000e+00
     vertex  9.086987e+00  9.252950e-01  0.000000e+00
     vertex -9.086987e+00  1.175295e+00  0.000000e+00
   endloop
 endfacet
 facet normal  0.000000e+00  0.000000e+00 -1.000000e+00
   outer loop
     vertex  8.120590e+00  2.892037e+00  0.000000e+00
     vertex  9.086987e+00  1.425295e+00  0.000000e+00
     vertex  9.037037e+00  1.304705e+00  0.000000e+00
   endloop
 endfacet
 facet normal -0.000000e+00 -0.000000e+00 -1.000000e+00
   outer loop
     vertex  8.120590e+00  2.892037e+00  0.000000e+00
     vertex  9.037037e+00  1.304705e+00  0.000000e+00
     vertex  8.000000e+00  2.941987e+00  0.000000e+00
   endloop
 endfacet
 facet normal  0.000000e+00  0.000000e+00 -1.000000e+00
   outer loop
     vertex  7.767037e+00  3.245590e+00  0.000000e+00
     vertex -7.816987e+00  3.375000e+00  0.000000e+00
     vertex -7.767037e+00  3.495590e+00  0.000000e+00
   endloop
 endfacet
 facet normal -0.000000e+00 -0.000000e+00 -1.000000e+00
   outer loop
     vertex  7.767037e+00  3.245590e+00  0.000000e+00
     vertex  7.816987e+00  3.125000e+00  0.000000e+00
     vertex -7.816987e+00  3.375000e+00  0.000000e+00
   endloop
 endfacet
 facet normal  0.000000e+00  0.000000e+00 -1.000000e+00
   outer loop
     vertex  1.000296e+01  1.045885e+00  0.000000e+00
     vertex  1.091941e+01 -5.414461e-01  0.000000e+00
     vertex  1.079000e+01 -5.244090e-01  0.000000e+00
   endloop
 endfacet
 facet normal  0.000000e+00 -0.000000e+00 -1.000000e+00
   outer loop
     vertex  1.000296e+01  1.045885e+00  0.000000e+00
     vertex  1.079000e+01 -5.244090e-01  0.000000e+00
     vertex  9.953013e+00  9.252950e-01  0.000000e+00
   endloop
 endfacet
 facet normal  0.000000e+00  0.000000e+00 -1.000000e+00
   outer loop
     vertex  8.250000e+00  2.875000e+00  0.000000e+00
     vertex  9.166447e+00  1.528848e+00  0.000000e+00
     vertex  9.086987e+00  1.425295e+00  0.000000e+00
   endloop
 endfacet
 facet normal -0.000000e+00 -0.000000e+00 -1.000000e+00
   outer loop
     vertex  8.250000e+00  2.875000e+00  0.000000e+00
     vertex  9.086987e+00  1.425295e+00  0.000000e+00
     vertex  8.120590e+00  2.892037e+00  0.000000e+00
   endloop
 endfacet
 facet normal -0.000000e+00 -0.000000e+00 -1.000000e+00
   outer loop
     vertex  7.750000e+00  3.375000e+00  0.000000e+00
     vertex  7.767037e+00  3.245590e+00  0.000000e+00
     vertex -7.767037e+00  3.495590e+00  0.000000e+00
   endloop
 endfacet
 facet normal  0.000000e+00  0.000000e+00 -1.000000e+00
   outer loop
     vertex  7.750000e+00  3.375000e+00  0.000000e+00
     vertex -7.767037e+00  3.495590e+00  0.000000e+00
     vertex -7.750000e+00  3.625000e+00  0.000000e+00
   endloop
 endfacet
 facet normal  0.000000e+00  0.000000e+00 -1.000000e+00
   outer loop
     vertex  1.002000e+01  1.175295e+00  0.000000e+00
     vertex  1.104000e+01 -5.913963e-01  0.000000e+00
     vertex  1.091941e+01 -5.414461e-01  0.000000e+00
   endloop
 endfacet
 facet normal  0.000000e+00 -0.000000e+00 -1.000000e+00
   outer loop
     vertex  1.002000e+01  1.175295e+00  0.000000e+00
     vertex  1.091941e+01 -5.414461e-01  0.000000e+00
     vertex  1.000296e+01  1.045885e+00  0.000000e+00
   endloop
 endfacet
 facet normal  0.000000e+00  0.000000e+00 -1.000000e+00
   outer loop
     vertex  7.767037e+00  3.504410e+00  0.000000e+00
     vertex -7.750000e+00  3.625000e+00  0.000000e+00
     vertex -7.767037e+00  3.754410e+00  0.000000e+00
   endloop
 endfacet
 facet normal -0.000000e+00  0.000000e+00 -1.000000e+00
   outer loop
     vertex  7.767037e+00  3.504410e+00  0.000000e+00
     vertex  7.750000e+00  3.375000e+00  0.000000e+00
     vertex -7.750000e+00  3.625000e+00  0.000000e+00
   endloop
 endfacet
 facet normal  0.000000e+00  0.000000e+00 -1.000000e+00
   outer loop
     vertex  8.379410e+00  2.892037e+00  0.000000e+00
     vertex  9.270000e+00  1.608308e+00  0.000000e+00
     vertex  9.166447e+00  1.528848e+00  0.000000e+00
   endloop
 endfacet
 facet normal  0.000000e+00 -0.000000e+00 -1.000000e+00
   outer loop
     vertex  8.379410e+00  2.892037e+00  0.000000e+00
     vertex  9.166447e+00  1.528848e+00  0.000000e+00
     vertex  8.250000e+00  2.875000e+00  0.000000e+00
   endloop
 endfacet
 facet normal  0.000000e+00  0.000000e+00 -1.000000e+00
   outer loop
     vertex  1.000296e+01  1.304705e+00  0.000000e+00
     vertex  1.114355e+01 -6.708556e-01  0.000000e+00
     vertex  1.104000e+01 -5.913963e-01  0.000000e+00
   endloop
 endfacet
 facet normal  0.000000e+00  0.000000e+00 -1.000000e+00
   outer loop
     vertex  1.000296e+01  1.304705e+00  0.000000e+00
     vertex  1.104000e+01 -5.913963e-01  0.000000e+00
     vertex  1.002000e+01  1.175295e+00  0.000000e+00
   endloop
 endfacet
 facet normal  0.000000e+00  0.000000e+00 -1.000000e+00
   outer loop
     vertex  9.953013e+00  1.425295e+00  0.000000e+00
     vertex  1.122301e+01 -7.744090e-01  0.000000e+00
     vertex  1.114355e+01 -6.708556e-01  0.000000e+00
   endloop
 endfacet
 facet normal  0.000000e+00  0.000000e+00 -1.000000e+00
   outer loop
     vertex  9.953013e+00  1.425295e+00  0.000000e+00
     vertex  1.114355e+01 -6.708556e-01  0.000000e+00
     vertex  1.000296e+01  1.304705e+00  0.000000e+00
   endloop
 endfacet
 facet normal -0.000000e+00  0.000000e+00 -1.000000e+00
   outer loop
     vertex  7.816987e+00  3.625000e+00  0.000000e+00
     vertex  7.767037e+00  3.504410e+00  0.000000e+00
     vertex -7.767037e+00  3.754410e+00  0.000000e+00
   endloop
 endfacet
 facet normal  0.000000e+00  0.000000e+00 -1.000000e+00
   outer loop
     vertex  7.816987e+00  3.625000e+00  0.000000e+00
     vertex -7.767037e+00  3.754410e+00  0.000000e+00
     vertex -7.816987e+00  3.875000e+00  0.000000e+00
   endloop
 endfacet
 facet normal  0.000000e+00  0.000000e+00 -1.000000e+00
   outer loop
     vertex  8.500000e+00  2.941987e+00  0.000000e+00
     vertex  9.390590e+00  1.658258e+00  0.000000e+00
     vertex  9.270000e+00  1.608308e+00  0.000000e+00
   endloop
 endfacet
 facet normal  0.000000e+00 -0.000000e+00 -1.000000e+00
   outer loop
     vertex  8.500000e+00  2.941987e+00  0.000000e+00
     vertex  9.270000e+00  1.608308e+00  0.000000e+00
     vertex  8.379410e+00  2.892037e+00  0.000000e+00
   endloop
 endfacet
 facet normal  0.000000e+00  0.000000e+00 -1.000000e+00
   outer loop
     vertex  7.896447e+00  3.728553e+00  0.000000e+00
     vertex -7.816987e+00  3.875000e+00  0.000000e+00
     vertex -7.896447e+00  3.978553e+00  0.000000e+00
   endloop
 endfacet
 facet normal -0.000000e+00  0.000000e+00 -1.000000e+00
   outer loop
     vertex  7.896447e+00  3.728553e+00  0.000000e+00
     vertex  7.816987e+00  3.625000e+00  0.000000e+00
     vertex -7.816987e+00  3.875000e+00  0.000000e+00
   endloop
 endfacet
 facet normal  0.000000e+00  0.000000e+00 -1.000000e+00
   outer loop
     vertex  8.603553e+00  3.021447e+00  0.000000e+00
     vertex  9.520000e+00  1.675295e+00  0.000000e+00
     vertex  9.390590e+00  1.658258e+00  0.000000e+00
   endloop
 endfacet
 facet normal  0.000000e+00 -0.000000e+00 -1.000000e+00
   outer loop
     vertex  8.603553e+00  3.021447e+00  0.000000e+00
     vertex  9.390590e+00  1.658258e+00  0.000000e+00
     vertex  8.500000e+00  2.941987e+00  0.000000e+00
   endloop
 endfacet
 facet normal  0.000000e+00  0.000000e+00 -1.000000e+00
   outer loop
     vertex  8.683013e+00  3.125000e+00  0.000000e+00
     vertex  9.649410e+00  1.658258e+00  0.000000e+00
     vertex  9.520000e+00  1.675295e+00  0.000000e+00
   endloop
 endfacet
 facet normal  0.000000e+00 -0.000000e+00 -1.000000e+00
   outer loop
     vertex  8.683013e+00  3.125000e+00  0.000000e+00
     vertex  9.520000e+00  1.675295e+00  0.000000e+00
     vertex  8.603553e+00  3.021447e+00  0.000000e+00
   endloop
 endfacet
 facet normal  0.000000e+00  0.000000e+00 -1.000000e+00
   outer loop
     vertex  8.732963e+00  3.245590e+00  0.000000e+00
     vertex  9.770000e+00  1.608308e+00  0.000000e+00
     vertex  9.649410e+00  1.658258e+00  0.000000e+00
   endloop
 endfacet
 facet normal  0.000000e+00 -0.000000e+00 -1.000000e+00
   outer loop
     vertex  8.732963e+00  3.245590e+00  0.000000e+00
     vertex  9.649410e+00  1.658258e+00  0.000000e+00
     vertex  8.683013e+00  3.125000e+00  0.000000e+00
   endloop
 endfacet
 facet normal  0.000000e+00  0.000000e+00 -1.000000e+00
   outer loop
     vertex  8.750000e+00  3.375000e+00  0.000000e+00
     vertex  9.873553e+00  1.528848e+00  0.000000e+00
     vertex  9.770000e+00  1.608308e+00  0.000000e+00
   endloop
 endfacet
 facet normal  0.000000e+00 -0.000000e+00 -1.000000e+00
   outer loop
     vertex  8.750000e+00  3.375000e+00  0.000000e+00
     vertex  9.770000e+00  1.608308e+00  0.000000e+00
     vertex  8.732963e+00  3.245590e+00  0.000000e+00
   endloop
 endfacet
 facet normal  0.000000e+00  0.000000e+00 -1.000000e+00
   outer loop
     vertex  8.732963e+00  3.504410e+00  0.000000e+00
     vertex  9.873553e+00  1.528848e+00  0.000000e+00
     vertex  8.750000e+00  3.375000e+00  0.000000e+00
   endloop
 endfacet
 facet normal  0.000000e+00  0.000000e+00 -1.000000e+00
   outer loop
     vertex  8.732963e+00  3.504410e+00  0.000000e+00
     vertex  9.953013e+00  1.425295e+00  0.000000e+00
     vertex  9.873553e+00  1.528848e+00  0.000000e+00
   endloop
 endfacet
 facet normal  0.000000e+00  0.000000e+00 -1.000000e+00
   outer loop
     vertex  8.683013e+00  3.625000e+00  0.000000e+00
     vertex  9.953013e+00  1.425295e+00  0.000000e+00
     vertex  8.732963e+00  3.504410e+00  0.000000e+00
   endloop
 endfacet
 facet normal  0.000000e+00  0.000000e+00 -1.000000e+00
   outer loop
     vertex  0.000000e+00  2.162500e+01  0.000000e+00
     vertex -8.603553e+00  3.978553e+00  0.000000e+00
     vertex -8.683013e+00  3.875000e+00  0.000000e+00
   endloop
 endfacet
 facet normal  0.000000e+00  0.000000e+00 -1.000000e+00
   outer loop
     vertex  0.000000e+00  2.162500e+01  0.000000e+00
     vertex -8.500000e+00  4.058013e+00  0.000000e+00
     vertex -8.603553e+00  3.978553e+00  0.000000e+00
   endloop
 endfacet
 facet normal  0.000000e+00  0.000000e+00 -1.000000e+00
   outer loop
     vertex  0.000000e+00  2.162500e+01  0.000000e+00
     vertex -8.379410e+00  4.107963e+00  0.000000e+00
     vertex -8.500000e+00  4.058013e+00  0.000000e+00
   endloop
 endfacet
 facet normal  0.000000e+00  0.000000e+00 -1.000000e+00
   outer loop
     vertex  0.000000e+00  2.162500e+01  0.000000e+00
     vertex -8.250000e+00  4.125000e+00  0.000000e+00
     vertex -8.379410e+00  4.107963e+00  0.000000e+00
   endloop
 endfacet
 facet normal  0.000000e+00  0.000000e+00 -1.000000e+00
   outer loop
     vertex  0.000000e+00  2.162500e+01  0.000000e+00
     vertex -8.120590e+00  4.107963e+00  0.000000e+00
     vertex -8.250000e+00  4.125000e+00  0.000000e+00
   endloop
 endfacet
 facet normal  0.000000e+00  0.000000e+00 -1.000000e+00
   outer loop
     vertex  0.000000e+00  2.162500e+01  0.000000e+00
     vertex -8.000000e+00  4.058013e+00  0.000000e+00
     vertex -8.120590e+00  4.107963e+00  0.000000e+00
   endloop
 endfacet
 facet normal  0.000000e+00  0.000000e+00 -1.000000e+00
   outer loop
     vertex  0.000000e+00  2.162500e+01  0.000000e+00
     vertex -7.896447e+00  3.978553e+00  0.000000e+00
     vertex -8.000000e+00  4.058013e+00  0.000000e+00
   endloop
 endfacet
 facet normal  0.000000e+00  0.000000e+00 -1.000000e+00
   outer loop
     vertex  0.000000e+00  2.162500e+01  0.000000e+00
     vertex  8.000000e+00  3.808013e+00  0.000000e+00
     vertex  7.896447e+00  3.728553e+00  0.000000e+00
   endloop
 endfacet
 facet normal  0.000000e+00  0.000000e+00 -1.000000e+00
   outer loop
     vertex  0.000000e+00  2.162500e+01  0.000000e+00
     vertex  8.120590e+00  3.857963e+00  0.000000e+00
     vertex  8.000000e+00  3.808013e+00  0.000000e+00
   endloop
 endfacet
 facet normal  0.000000e+00  0.000000e+00 -1.000000e+00
   outer loop
     vertex  0.000000e+00  2.162500e+01  0.000000e+00
     vertex  8.250000e+00  3.875000e+00  0.000000e+00
     vertex  8.120590e+00  3.857963e+00  0.000000e+00
   endloop
 endfacet
 facet normal  0.000000e+00  0.000000e+00 -1.000000e+00
   outer loop
     vertex  0.000000e+00  2.162500e+01  0.000000e+00
     vertex  8.379410e+00  3.857963e+00  0.000000e+00
     vertex  8.250000e+00  3.875000e+00  0.000000e+00
   endloop
 endfacet
 facet normal  0.000000e+00  0.000000e+00 -1.000000e+00
   outer loop
     vertex  0.000000e+00  2.162500e+01  0.000000e+00
     vertex  8.500000e+00  3.808013e+00  0.000000e+00
     vertex  8.379410e+00  3.857963e+00  0.000000e+00
   endloop
 endfacet
 facet normal  0.000000e+00  0.000000e+00 -1.000000e+00
   outer loop
     vertex  0.000000e+00  2.162500e+01  0.000000e+00
     vertex  8.603553e+00  3.728553e+00  0.000000e+00
     vertex  8.500000e+00  3.808013e+00  0.000000e+00
   endloop
 endfacet
 facet normal  0.000000e+00  0.000000e+00 -1.000000e+00
   outer loop
     vertex  0.000000e+00  2.162500e+01  0.000000e+00
     vertex  8.683013e+00  3.625000e+00  0.000000e+00
     vertex  8.603553e+00  3.728553e+00  0.000000e+00
   endloop
 endfacet
 facet normal  0.000000e+00 -0.000000e+00 -1.000000e+00
   outer loop
     vertex  0.000000e+00  2.162500e+01  0.000000e+00
     vertex  7.896447e+00  3.728553e+00  0.000000e+00
     vertex -7.896447e+00  3.978553e+00  0.000000e+00
   endloop
 endfacet
 facet normal  0.000000e+00  0.000000e+00 -1.000000e+00
   outer loop
     vertex -2.500000e+01 -2.162500e+01  0.000000e+00
     vertex  2.460000e+00 -2.012500e+01  0.000000e+00
     vertex  2.500000e+01 -2.162500e+01  0.000000e+00
   endloop
 endfacet
 facet normal  0.000000e+00  0.000000e+00 -1.000000e+00
   outer loop
     vertex -2.500000e+01 -2.162500e+01  0.000000e+00
     vertex -8.000000e-02 -2.012500e+01  0.000000e+00
     vertex  2.460000e+00 -2.012500e+01  0.000000e+00
   endloop
 endfacet
 facet normal  0.000000e+00  0.000000e+00 -1.000000e+00
   outer loop
     vertex -2.500000e+01 -2.162500e+01  0.000000e+00
     vertex -2.620000e+00 -2.012500e+01  0.000000e+00
     vertex -8.000000e-02 -2.012500e+01  0.000000e+00
   endloop
 endfacet
 facet normal  0.000000e+00  0.000000e+00 -1.000000e+00
   outer loop
     vertex  2.500000e+01 -2.162500e+01  0.000000e+00
     vertex  8.683013e+00  3.625000e+00  0.000000e+00
     vertex  0.000000e+00  2.162500e+01  0.000000e+00
   endloop
 endfacet
 facet normal  0.000000e+00  0.000000e+00 -1.000000e+00
   outer loop
     vertex  2.500000e+01 -2.162500e+01  0.000000e+00
     vertex  9.953013e+00  1.425295e+00  0.000000e+00
     vertex  8.683013e+00  3.625000e+00  0.000000e+00
   endloop
 endfacet
 facet normal  0.000000e+00  0.000000e+00 -1.000000e+00
   outer loop
     vertex  2.500000e+01 -2.162500e+01  0.000000e+00
     vertex  1.122301e+01 -7.744090e-01  0.000000e+00
     vertex  9.953013e+00  1.425295e+00  0.000000e+00
   endloop
 endfacet
 facet normal  0.000000e+00  0.000000e+00 -1.000000e+00
   outer loop
     vertex  2.500000e+01 -2.162500e+01  0.000000e+00
     vertex  1.249301e+01 -2.974114e+00  0.000000e+00
     vertex  1.122301e+01 -7.744090e-01  0.000000e+00
   endloop
 endfacet
 facet normal  0.000000e+00  0.000000e+00 -1.000000e+00
   outer loop
     vertex  2.500000e+01 -2.162500e+01  0.000000e+00
     vertex  1.376301e+01 -5.173818e+00  0.000000e+00
     vertex  1.249301e+01 -2.974114e+00  0.000000e+00
   endloop
 endfacet
 facet normal  0.000000e+00  0.000000e+00 -1.000000e+00
   outer loop
     vertex  0.000000e+00  2.162500e+01  0.000000e+00
     vertex -8.683013e+00  3.875000e+00  0.000000e+00
     vertex -2.500000e+01 -2.162500e+01  0.000000e+00
   endloop
 endfacet
 facet normal  0.000000e+00  0.000000e+00 -1.000000e+00
   outer loop
     vertex -8.683013e+00  3.875000e+00  0.000000e+00
     vertex -9.953013e+00  1.675295e+00  0.000000e+00
     vertex -2.500000e+01 -2.162500e+01  0.000000e+00
   endloop
 endfacet
 facet normal  0.000000e+00  0.000000e+00 -1.000000e+00
   outer loop
     vertex -9.953013e+00  1.675295e+00  0.000000e+00
     vertex -1.122301e+01 -5.244090e-01  0.000000e+00
     vertex -2.500000e+01 -2.162500e+01  0.000000e+00
   endloop
 endfacet
 facet normal  0.000000e+00  0.000000e+00 -1.000000e+00
   outer loop
     vertex -1.122301e+01 -5.244090e-01  0.000000e+00
     vertex -1.249301e+01 -2.724114e+00  0.000000e+00
     vertex -2.500000e+01 -2.162500e+01  0.000000e+00
   endloop
 endfacet
 facet normal  0.000000e+00  0.000000e+00 -1.000000e+00
   outer loop
     vertex -1.249301e+01 -2.724114e+00  0.000000e+00
     vertex -1.376301e+01 -4.923818e+00  0.000000e+00
     vertex -2.500000e+01 -2.162500e+01  0.000000e+00
   endloop
 endfacet
 facet normal  0.000000e+00  0.000000e+00  1.000000e+00
   outer loop
     vertex -5.410000e+00 -2.005801e+01  7.100000e-01
     vertex -5.513553e+00 -1.997855e+01  7.100000e-01
     vertex -2.500000e+01 -2.162500e+01  7.100000e-01
   endloop
 endfacet
 facet normal  0.000000e+00  0.000000e+00  1.000000e+00
   outer loop
     vertex -5.593013e+00 -1.987500e+01  7.100000e-01
     vertex -2.500000e+01 -2.162500e+01  7.100000e-01
     vertex -5.513553e+00 -1.997855e+01  7.100000e-01
   endloop
 endfacet
 facet normal  0.000000e+00  0.000000e+00  1.000000e+00
   outer loop
     vertex -5.642963e+00 -1.975441e+01  7.100000e-01
     vertex -2.500000e+01 -2.162500e+01  7.100000e-01
     vertex -5.593013e+00 -1.987500e+01  7.100000e-01
   endloop
 endfacet
 facet normal  0.000000e+00  0.000000e+00  1.000000e+00
   outer loop
     vertex -5.289410e+00 -2.010796e+01  7.100000e-01
     vertex -5.410000e+00 -2.005801e+01  7.100000e-01
     vertex -2.500000e+01 -2.162500e+01  7.100000e-01
   endloop
 endfacet
 facet normal  0.000000e+00  0.000000e+00  1.000000e+00
   outer loop
     vertex -5.160000e+00 -2.012500e+01  7.100000e-01
     vertex -5.289410e+00 -2.010796e+01  7.100000e-01
     vertex -2.500000e+01 -2.162500e+01  7.100000e-01
   endloop
 endfacet
 facet normal  0.000000e+00  0.000000e+00  1.000000e+00
   outer loop
     vertex -5.660000e+00 -1.962500e+01  7.100000e-01
     vertex -2.500000e+01 -2.162500e+01  7.100000e-01
     vertex -5.642963e+00 -1.975441e+01  7.100000e-01
   endloop
 endfacet
 facet normal  0.000000e+00  0.000000e+00  1.000000e+00
   outer loop
     vertex -5.642963e+00 -1.949559e+01  7.100000e-01
     vertex -2.500000e+01 -2.162500e+01  7.100000e-01
     vertex -5.660000e+00 -1.962500e+01  7.100000e-01
   endloop
 endfacet
 facet normal  0.000000e+00  0.000000e+00  1.000000e+00
   outer loop
     vertex -2.870000e+00 -2.005801e+01  7.100000e-01
     vertex -4.806447e+00 -1.997855e+01  7.100000e-01
     vertex -4.910000e+00 -2.005801e+01  7.100000e-01
   endloop
 endfacet
 facet normal  0.000000e+00  0.000000e+00  1.000000e+00
   outer loop
     vertex -2.870000e+00 -2.005801e+01  7.100000e-01
     vertex -2.973553e+00 -1.997855e+01  7.100000e-01
     vertex -4.806447e+00 -1.997855e+01  7.100000e-01
   endloop
 endfacet
 facet normal  0.000000e+00  0.000000e+00  1.000000e+00
   outer loop
     vertex -3.053013e+00 -1.987500e+01  7.100000e-01
     vertex -4.726987e+00 -1.987500e+01  7.100000e-01
     vertex -4.806447e+00 -1.997855e+01  7.100000e-01
   endloop
 endfacet
 facet normal  0.000000e+00  0.000000e+00  1.000000e+00
   outer loop
     vertex -3.053013e+00 -1.987500e+01  7.100000e-01
     vertex -4.806447e+00 -1.997855e+01  7.100000e-01
     vertex -2.973553e+00 -1.997855e+01  7.100000e-01
   endloop
 endfacet
 facet normal  0.000000e+00  0.000000e+00  1.000000e+00
   outer loop
     vertex -2.749410e+00 -2.010796e+01  7.100000e-01
     vertex -2.870000e+00 -2.005801e+01  7.100000e-01
     vertex -4.910000e+00 -2.005801e+01  7.100000e-01
   endloop
 endfacet
 facet normal  0.000000e+00  0.000000e+00  1.000000e+00
   outer loop
     vertex -2.749410e+00 -2.010796e+01  7.100000e-01
     vertex -4.910000e+00 -2.005801e+01  7.100000e-01
     vertex -5.030590e+00 -2.010796e+01  7.100000e-01
   endloop
 endfacet
 facet normal  0.000000e+00  0.000000e+00  1.000000e+00
   outer loop
     vertex -3.102963e+00 -1.975441e+01  7.100000e-01
     vertex -4.726987e+00 -1.987500e+01  7.100000e-01
     vertex -3.053013e+00 -1.987500e+01  7.100000e-01
   endloop
 endfacet
 facet normal  0.000000e+00  0.000000e+00  1.000000e+00
   outer loop
     vertex -3.102963e+00 -1.975441e+01  7.100000e-01
     vertex -4.660000e+00 -1.962500e+01  7.100000e-01
     vertex -4.677037e+00 -1.975441e+01  7.100000e-01
   endloop
 endfacet
 facet normal  0.000000e+00  0.000000e+00  1.000000e+00
   outer loop
     vertex -3.102963e+00 -1.975441e+01  7.100000e-01
     vertex -4.677037e+00 -1.975441e+01  7.100000e-01
     vertex -4.726987e+00 -1.987500e+01  7.100000e-01
   endloop
 endfacet
 facet normal  0.000000e+00  0.000000e+00  1.000000e+00
   outer loop
     vertex -2.620000e+00 -2.012500e+01  7.100000e-01
     vertex -5.030590e+00 -2.010796e+01  7.100000e-01
     vertex -5.160000e+00 -2.012500e+01  7.100000e-01
   endloop
 endfacet
 facet normal  0.000000e+00  0.000000e+00  1.000000e+00
   outer loop
     vertex -2.620000e+00 -2.012500e+01  7.100000e-01
     vertex -5.160000e+00 -2.012500e+01  7.100000e-01
     vertex -2.500000e+01 -2.162500e+01  7.100000e-01
   endloop
 endfacet
 facet normal  0.000000e+00  0.000000e+00  1.000000e+00
   outer loop
     vertex -2.620000e+00 -2.012500e+01  7.100000e-01
     vertex -2.749410e+00 -2.010796e+01  7.100000e-01
     vertex -5.030590e+00 -2.010796e+01  7.100000e-01
   endloop
 endfacet
 facet normal  0.000000e+00  0.000000e+00  1.000000e+00
   outer loop
     vertex -3.120000e+00 -1.962500e+01  7.100000e-01
     vertex -4.660000e+00 -1.962500e+01  7.100000e-01
     vertex -3.102963e+00 -1.975441e+01  7.100000e-01
   endloop
 endfacet
 facet normal  0.000000e+00  0.000000e+00  1.000000e+00
   outer loop
     vertex -3.102963e+00 -1.949559e+01  7.100000e-01
     vertex -4.677037e+00 -1.949559e+01  7.100000e-01
     vertex -4.660000e+00 -1.962500e+01  7.100000e-01
   endloop
 endfacet
 facet normal  0.000000e+00  0.000000e+00  1.000000e+00
   outer loop
     vertex -3.102963e+00 -1.949559e+01  7.100000e-01
     vertex -4.660000e+00 -1.962500e+01  7.100000e-01
     vertex -3.120000e+00 -1.962500e+01  7.100000e-01
   endloop
 endfacet
 facet normal  0.000000e+00  0.000000e+00  1.000000e+00
   outer loop
     vertex -3.053013e+00 -1.937500e+01  7.100000e-01
     vertex -4.726987e+00 -1.937500e+01  7.100000e-01
     vertex -4.677037e+00 -1.949559e+01  7.100000e-01
   endloop
 endfacet
 facet normal  0.000000e+00  0.000000e+00  1.000000e+00
   outer loop
     vertex -3.053013e+00 -1.937500e+01  7.100000e-01
     vertex -4.677037e+00 -1.949559e+01  7.100000e-01
     vertex -3.102963e+00 -1.949559e+01  7.100000e-01
   endloop
 endfacet
 facet normal  0.000000e+00  0.000000e+00  1.000000e+00
   outer loop
     vertex -2.973553e+00 -1.927145e+01  7.100000e-01
     vertex -4.806447e+00 -1.927145e+01  7.100000e-01
     vertex -4.726987e+00 -1.937500e+01  7.100000e-01
   endloop
 endfacet
 facet normal  0.000000e+00  0.000000e+00  1.000000e+00
   outer loop
     vertex -2.973553e+00 -1.927145e+01  7.100000e-01
     vertex -4.726987e+00 -1.937500e+01  7.100000e-01
     vertex -3.053013e+00 -1.937500e+01  7.100000e-01
   endloop
 endfacet
 facet normal  0.000000e+00  0.000000e+00  1.000000e+00
   outer loop
     vertex -2.870000e+00 -1.919199e+01  7.100000e-01
     vertex -4.806447e+00 -1.927145e+01  7.100000e-01
     vertex -2.973553e+00 -1.927145e+01  7.100000e-01
   endloop
 endfacet
 facet normal  0.000000e+00  0.000000e+00  1.000000e+00
   outer loop
     vertex -2.870000e+00 -1.919199e+01  7.100000e-01
     vertex -5.030590e+00 -1.914204e+01  7.100000e-01
     vertex -4.910000e+00 -1.919199e+01  7.100000e-01
   endloop
 endfacet
 facet normal  0.000000e+00  0.000000e+00  1.000000e+00
   outer loop
     vertex -2.870000e+00 -1.919199e+01  7.100000e-01
     vertex -4.910000e+00 -1.919199e+01  7.100000e-01
     vertex -4.806447e+00 -1.927145e+01  7.100000e-01
   endloop
 endfacet
 facet normal  0.000000e+00  0.000000e+00  1.000000e+00
   outer loop
     vertex -2.749410e+00 -1.914204e+01  7.100000e-01
     vertex -5.030590e+00 -1.914204e+01  7.100000e-01
     vertex -2.870000e+00 -1.919199e+01  7.100000e-01
   endloop
 endfacet
 facet normal  0.000000e+00  0.000000e+00  1.000000e+00
   outer loop
     vertex -2.620000e+00 -1.912500e+01  7.100000e-01
     vertex -5.160000e+00 -1.912500e+01  7.100000e-01
     vertex -5.030590e+00 -1.914204e+01  7.100000e-01
   endloop
 endfacet
 facet normal  0.000000e+00  0.000000e+00  1.000000e+00
   outer loop
     vertex -2.620000e+00 -1.912500e+01  7.100000e-01
     vertex -5.030590e+00 -1.914204e+01  7.100000e-01
     vertex -2.749410e+00 -1.914204e+01  7.100000e-01
   endloop
 endfacet
 facet normal  0.000000e+00  0.000000e+00  1.000000e+00
   outer loop
     vertex -3.300000e-01 -2.005801e+01  7.100000e-01
     vertex -4.335534e-01 -1.997855e+01  7.100000e-01
     vertex -2.266447e+00 -1.997855e+01  7.100000e-01
   endloop
 endfacet
 facet normal  0.000000e+00  0.000000e+00  1.000000e+00
   outer loop
     vertex -3.300000e-01 -2.005801e+01  7.100000e-01
     vertex -2.266447e+00 -1.997855e+01  7.100000e-01
     vertex -2.370000e+00 -2.005801e+01  7.100000e-01
   endloop
 endfacet
 facet normal  0.000000e+00  0.000000e+00  1.000000e+00
   outer loop
     vertex -3.300000e-01 -2.005801e+01  7.100000e-01
     vertex -2.370000e+00 -2.005801e+01  7.100000e-01
     vertex -2.490590e+00 -2.010796e+01  7.100000e-01
   endloop
 endfacet
 facet normal  0.000000e+00  0.000000e+00  1.000000e+00
   outer loop
     vertex -5.130127e-01 -1.987500e+01  7.100000e-01
     vertex -2.266447e+00 -1.997855e+01  7.100000e-01
     vertex -4.335534e-01 -1.997855e+01  7.100000e-01
   endloop
 endfacet
 facet normal  0.000000e+00  0.000000e+00  1.000000e+00
   outer loop
     vertex -5.130127e-01 -1.987500e+01  7.100000e-01
     vertex -2.186987e+00 -1.987500e+01  7.100000e-01
     vertex -2.266447e+00 -1.997855e+01  7.100000e-01
   endloop
 endfacet
 facet normal  0.000000e+00  0.000000e+00  1.000000e+00
   outer loop
     vertex -2.094095e-01 -2.010796e+01  7.100000e-01
     vertex -2.490590e+00 -2.010796e+01  7.100000e-01
     vertex -2.620000e+00 -2.012500e+01  7.100000e-01
   endloop
 endfacet
 facet normal  0.000000e+00  0.000000e+00  1.000000e+00
   outer loop
     vertex -2.094095e-01 -2.010796e+01  7.100000e-01
     vertex -3.300000e-01 -2.005801e+01  7.100000e-01
     vertex -2.490590e+00 -2.010796e+01  7.100000e-01
   endloop
 endfacet
 facet normal  0.000000e+00  0.000000e+00  1.000000e+00
   outer loop
     vertex -5.629629e-01 -1.975441e+01  7.100000e-01
     vertex -2.137037e+00 -1.975441e+01  7.100000e-01
     vertex -2.186987e+00 -1.987500e+01  7.100000e-01
   endloop
 endfacet
 facet normal  0.000000e+00  0.000000e+00  1.000000e+00
   outer loop
     vertex -5.629629e-01 -1.975441e+01  7.100000e-01
     vertex -2.186987e+00 -1.987500e+01  7.100000e-01
     vertex -5.130127e-01 -1.987500e+01  7.100000e-01
   endloop
 endfacet
 facet normal  0.000000e+00  0.000000e+00  1.000000e+00
   outer loop
     vertex -8.000000e-02 -2.012500e+01  7.100000e-01
     vertex -2.094095e-01 -2.010796e+01  7.100000e-01
     vertex -2.620000e+00 -2.012500e+01  7.100000e-01
   endloop
 endfacet
 facet normal  0.000000e+00  0.000000e+00  1.000000e+00
   outer loop
     vertex -5.800000e-01 -1.962500e+01  7.100000e-01
     vertex -2.120000e+00 -1.962500e+01  7.100000e-01
     vertex -2.137037e+00 -1.975441e+01  7.100000e-01
   endloop
 endfacet
 facet normal  0.000000e+00  0.000000e+00  1.000000e+00
   outer loop
     vertex -5.800000e-01 -1.962500e+01  7.100000e-01
     vertex -2.137037e+00 -1.975441e+01  7.100000e-01
     vertex -5.629629e-01 -1.975441e+01  7.100000e-01
   endloop
 endfacet
 facet normal  0.000000e+00  0.000000e+00  1.000000e+00
   outer loop
     vertex -5.629629e-01 -1.949559e+01  7.100000e-01
     vertex -2.137037e+00 -1.949559e+01  7.100000e-01
     vertex -2.120000e+00 -1.962500e+01  7.100000e-01
   endloop
 endfacet
 facet normal  0.000000e+00  0.000000e+00  1.000000e+00
   outer loop
     vertex -5.629629e-01 -1.949559e+01  7.100000e-01
     vertex -2.120000e+00 -1.962500e+01  7.100000e-01
     vertex -5.800000e-01 -1.962500e+01  7.100000e-01
   endloop
 endfacet
 facet normal  0.000000e+00  0.000000e+00  1.000000e+00
   outer loop
     vertex -5.130127e-01 -1.937500e+01  7.100000e-01
     vertex -2.266447e+00 -1.927145e+01  7.100000e-01
     vertex -2.186987e+00 -1.937500e+01  7.100000e-01
   endloop
 endfacet
 facet normal  0.000000e+00  0.000000e+00  1.000000e+00
   outer loop
     vertex -5.130127e-01 -1.937500e+01  7.100000e-01
     vertex -2.186987e+00 -1.937500e+01  7.100000e-01
     vertex -2.137037e+00 -1.949559e+01  7.100000e-01
   endloop
 endfacet
 facet normal  0.000000e+00  0.000000e+00  1.000000e+00
   outer loop
     vertex -5.130127e-01 -1.937500e+01  7.100000e-01
     vertex -2.137037e+00 -1.949559e+01  7.100000e-01
     vertex -5.629629e-01 -1.949559e+01  7.100000e-01
   endloop
 endfacet
 facet normal  0.000000e+00  0.000000e+00  1.000000e+00
   outer loop
     vertex -4.335534e-01 -1.927145e+01  7.100000e-01
     vertex -2.266447e+00 -1.927145e+01  7.100000e-01
     vertex -5.130127e-01 -1.937500e+01  7.100000e-01
   endloop
 endfacet
 facet normal  0.000000e+00  0.000000e+00  1.000000e+00
   outer loop
     vertex -3.300000e-01 -1.919199e+01  7.100000e-01
     vertex -2.370000e+00 -1.919199e+01  7.100000e-01
     vertex -2.266447e+00 -1.927145e+01  7.100000e-01
   endloop
 endfacet
 facet normal  0.000000e+00  0.000000e+00  1.000000e+00
   outer loop
     vertex -3.300000e-01 -1.919199e+01  7.100000e-01
     vertex -2.266447e+00 -1.927145e+01  7.100000e-01
     vertex -4.335534e-01 -1.927145e+01  7.100000e-01
   endloop
 endfacet
 facet normal  0.000000e+00  0.000000e+00  1.000000e+00
   outer loop
     vertex -2.094095e-01 -1.914204e+01  7.100000e-01
     vertex -2.490590e+00 -1.914204e+01  7.100000e-01
     vertex -2.370000e+00 -1.919199e+01  7.100000e-01
   endloop
 endfacet
 facet normal  0.000000e+00  0.000000e+00  1.000000e+00
   outer loop
     vertex -2.094095e-01 -1.914204e+01  7.100000e-01
     vertex -2.370000e+00 -1.919199e+01  7.100000e-01
     vertex -3.300000e-01 -1.919199e+01  7.100000e-01
   endloop
 endfacet
 facet normal  0.000000e+00  0.000000e+00  1.000000e+00
   outer loop
     vertex -8.000000e-02 -1.912500e+01  7.100000e-01
     vertex -2.620000e+00 -1.912500e+01  7.100000e-01
     vertex -2.490590e+00 -1.914204e+01  7.100000e-01
   endloop
 endfacet
 facet normal  0.000000e+00  0.000000e+00  1.000000e+00
   outer loop
     vertex -8.000000e-02 -1.912500e+01  7.100000e-01
     vertex -2.490590e+00 -1.914204e+01  7.100000e-01
     vertex -2.094095e-01 -1.914204e+01  7.100000e-01
   endloop
 endfacet
 facet normal  0.000000e+00  0.000000e+00  1.000000e+00
   outer loop
     vertex -1.376301e+01 -5.423818e+00  7.100000e-01
     vertex -2.500000e+01 -2.162500e+01  7.100000e-01
     vertex -1.368355e+01 -5.527371e+00  7.100000e-01
   endloop
 endfacet
 facet normal  0.000000e+00  0.000000e+00  1.000000e+00
   outer loop
     vertex -1.358000e+01 -5.606831e+00  7.100000e-01
     vertex -1.368355e+01 -5.527371e+00  7.100000e-01
     vertex -2.500000e+01 -2.162500e+01  7.100000e-01
   endloop
 endfacet
 facet normal  0.000000e+00  0.000000e+00  1.000000e+00
   outer loop
     vertex -1.381296e+01 -5.303228e+00  7.100000e-01
     vertex -2.500000e+01 -2.162500e+01  7.100000e-01
     vertex -1.376301e+01 -5.423818e+00  7.100000e-01
   endloop
 endfacet
 facet normal  0.000000e+00  0.000000e+00  1.000000e+00
   outer loop
     vertex -1.345941e+01 -5.656781e+00  7.100000e-01
     vertex -1.358000e+01 -5.606831e+00  7.100000e-01
     vertex -2.500000e+01 -2.162500e+01  7.100000e-01
   endloop
 endfacet
 facet normal  0.000000e+00  0.000000e+00  1.000000e+00
   outer loop
     vertex -1.345941e+01 -5.656781e+00  7.100000e-01
     vertex -5.642963e+00 -1.949559e+01  7.100000e-01
     vertex -5.593013e+00 -1.937500e+01  7.100000e-01
   endloop
 endfacet
 facet normal  0.000000e+00  0.000000e+00  1.000000e+00
   outer loop
     vertex -1.345941e+01 -5.656781e+00  7.100000e-01
     vertex -2.500000e+01 -2.162500e+01  7.100000e-01
     vertex -5.642963e+00 -1.949559e+01  7.100000e-01
   endloop
 endfacet
 facet normal  0.000000e+00  0.000000e+00  1.000000e+00
   outer loop
     vertex -1.383000e+01 -5.173818e+00  7.100000e-01
     vertex -2.500000e+01 -2.162500e+01  7.100000e-01
     vertex -1.381296e+01 -5.303228e+00  7.100000e-01
   endloop
 endfacet
 facet normal  0.000000e+00  0.000000e+00  1.000000e+00
   outer loop
     vertex -1.333000e+01 -5.673818e+00  7.100000e-01
     vertex -5.593013e+00 -1.937500e+01  7.100000e-01
     vertex -5.513553e+00 -1.927145e+01  7.100000e-01
   endloop
 endfacet
 facet normal  0.000000e+00  0.000000e+00  1.000000e+00
   outer loop
     vertex -1.333000e+01 -5.673818e+00  7.100000e-01
     vertex -1.345941e+01 -5.656781e+00  7.100000e-01
     vertex -5.593013e+00 -1.937500e+01  7.100000e-01
   endloop
 endfacet
 facet normal  0.000000e+00  0.000000e+00  1.000000e+00
   outer loop
     vertex -1.381296e+01 -5.044408e+00  7.100000e-01
     vertex -2.500000e+01 -2.162500e+01  7.100000e-01
     vertex -1.383000e+01 -5.173818e+00  7.100000e-01
   endloop
 endfacet
 facet normal  0.000000e+00  0.000000e+00  1.000000e+00
   outer loop
     vertex -1.320059e+01 -5.656781e+00  7.100000e-01
     vertex -5.513553e+00 -1.927145e+01  7.100000e-01
     vertex -5.410000e+00 -1.919199e+01  7.100000e-01
   endloop
 endfacet
 facet normal  0.000000e+00  0.000000e+00  1.000000e+00
   outer loop
     vertex -1.320059e+01 -5.656781e+00  7.100000e-01
     vertex -1.333000e+01 -5.673818e+00  7.100000e-01
     vertex -5.513553e+00 -1.927145e+01  7.100000e-01
   endloop
 endfacet
 facet normal  0.000000e+00  0.000000e+00  1.000000e+00
   outer loop
     vertex -1.376301e+01 -4.923818e+00  7.100000e-01
     vertex -2.500000e+01 -2.162500e+01  7.100000e-01
     vertex -1.381296e+01 -5.044408e+00  7.100000e-01
   endloop
 endfacet
 facet normal  0.000000e+00  0.000000e+00  1.000000e+00
   outer loop
     vertex -1.308000e+01 -5.606831e+00  7.100000e-01
     vertex -1.320059e+01 -5.656781e+00  7.100000e-01
     vertex -5.410000e+00 -1.919199e+01  7.100000e-01
   endloop
 endfacet
 facet normal  0.000000e+00  0.000000e+00  1.000000e+00
   outer loop
     vertex -1.308000e+01 -5.606831e+00  7.100000e-01
     vertex -5.410000e+00 -1.919199e+01  7.100000e-01
     vertex -5.289410e+00 -1.914204e+01  7.100000e-01
   endloop
 endfacet
 facet normal  0.000000e+00  0.000000e+00  1.000000e+00
   outer loop
     vertex -1.297645e+01 -5.527371e+00  7.100000e-01
     vertex -1.308000e+01 -5.606831e+00  7.100000e-01
     vertex -5.289410e+00 -1.914204e+01  7.100000e-01
   endloop
 endfacet
 facet normal  0.000000e+00  0.000000e+00  1.000000e+00
   outer loop
     vertex -1.297645e+01 -5.527371e+00  7.100000e-01
     vertex -5.289410e+00 -1.914204e+01  7.100000e-01
     vertex -5.160000e+00 -1.912500e+01  7.100000e-01
   endloop
 endfacet
 facet normal  0.000000e+00  0.000000e+00  1.000000e+00
   outer loop
     vertex -1.289699e+01 -5.423818e+00  7.100000e-01
     vertex -1.297645e+01 -5.527371e+00  7.100000e-01
     vertex -5.160000e+00 -1.912500e+01  7.100000e-01
   endloop
 endfacet
 facet normal  0.000000e+00  0.000000e+00  1.000000e+00
   outer loop
     vertex -1.289699e+01 -5.423818e+00  7.100000e-01
     vertex -5.160000e+00 -1.912500e+01  7.100000e-01
     vertex -2.620000e+00 -1.912500e+01  7.100000e-01
   endloop
 endfacet
 facet normal  0.000000e+00  0.000000e+00  1.000000e+00
   outer loop
     vertex  2.210000e+00 -2.005801e+01  7.100000e-01
     vertex  2.106447e+00 -1.997855e+01  7.100000e-01
     vertex  2.735534e-01 -1.997855e+01  7.100000e-01
   endloop
 endfacet
 facet normal  0.000000e+00  0.000000e+00  1.000000e+00
   outer loop
     vertex  2.210000e+00 -2.005801e+01  7.100000e-01
     vertex  2.735534e-01 -1.997855e+01  7.100000e-01
     vertex  1.700000e-01 -2.005801e+01  7.100000e-01
   endloop
 endfacet
 facet normal  0.000000e+00  0.000000e+00  1.000000e+00
   outer loop
     vertex  2.026987e+00 -1.987500e+01  7.100000e-01
     vertex  2.735534e-01 -1.997855e+01  7.100000e-01
     vertex  2.106447e+00 -1.997855e+01  7.100000e-01
   endloop
 endfacet
 facet normal  0.000000e+00  0.000000e+00  1.000000e+00
   outer loop
     vertex  2.026987e+00 -1.987500e+01  7.100000e-01
     vertex  3.530127e-01 -1.987500e+01  7.100000e-01
     vertex  2.735534e-01 -1.997855e+01  7.100000e-01
   endloop
 endfacet
 facet normal  0.000000e+00  0.000000e+00  1.000000e+00
   outer loop
     vertex  1.977037e+00 -1.975441e+01  7.100000e-01
     vertex  3.530127e-01 -1.987500e+01  7.100000e-01
     vertex  2.026987e+00 -1.987500e+01  7.100000e-01
   endloop
 endfacet
 facet normal  0.000000e+00  0.000000e+00  1.000000e+00
   outer loop
     vertex  1.977037e+00 -1.975441e+01  7.100000e-01
     vertex  4.029629e-01 -1.975441e+01  7.100000e-01
     vertex  3.530127e-01 -1.987500e+01  7.100000e-01
   endloop
 endfacet
 facet normal  0.000000e+00  0.000000e+00  1.000000e+00
   outer loop
     vertex  2.330590e+00 -2.010796e+01  7.100000e-01
     vertex  2.210000e+00 -2.005801e+01  7.100000e-01
     vertex  1.700000e-01 -2.005801e+01  7.100000e-01
   endloop
 endfacet
 facet normal  0.000000e+00  0.000000e+00  1.000000e+00
   outer loop
     vertex  2.330590e+00 -2.010796e+01  7.100000e-01
     vertex  1.700000e-01 -2.005801e+01  7.100000e-01
     vertex  4.940952e-02 -2.010796e+01  7.100000e-01
   endloop
 endfacet
 facet normal  0.000000e+00  0.000000e+00  1.000000e+00
   outer loop
     vertex  2.330590e+00 -2.010796e+01  7.100000e-01
     vertex  4.940952e-02 -2.010796e+01  7.100000e-01
     vertex -8.000000e-02 -2.012500e+01  7.100000e-01
   endloop
 endfacet
 facet normal  0.000000e+00  0.000000e+00  1.000000e+00
   outer loop
     vertex  1.960000e+00 -1.962500e+01  7.100000e-01
     vertex  4.029629e-01 -1.975441e+01  7.100000e-01
     vertex  1.977037e+00 -1.975441e+01  7.100000e-01
   endloop
 endfacet
 facet normal  0.000000e+00  0.000000e+00  1.000000e+00
   outer loop
     vertex  1.960000e+00 -1.962500e+01  7.100000e-01
     vertex  4.200000e-01 -1.962500e+01  7.100000e-01
     vertex  4.029629e-01 -1.975441e+01  7.100000e-01
   endloop
 endfacet
 facet normal  0.000000e+00  0.000000e+00  1.000000e+00
   outer loop
     vertex  2.460000e+00 -2.012500e+01  7.100000e-01
     vertex  2.330590e+00 -2.010796e+01  7.100000e-01
     vertex -8.000000e-02 -2.012500e+01  7.100000e-01
   endloop
 endfacet
 facet normal  0.000000e+00  0.000000e+00  1.000000e+00
   outer loop
     vertex  1.977037e+00 -1.949559e+01  7.100000e-01
     vertex  4.200000e-01 -1.962500e+01  7.100000e-01
     vertex  1.960000e+00 -1.962500e+01  7.100000e-01
   endloop
 endfacet
 facet normal  0.000000e+00  0.000000e+00  1.000000e+00
   outer loop
     vertex  1.977037e+00 -1.949559e+01  7.100000e-01
     vertex  4.029629e-01 -1.949559e+01  7.100000e-01
     vertex  4.200000e-01 -1.962500e+01  7.100000e-01
   endloop
 endfacet
 facet normal  0.000000e+00  0.000000e+00  1.000000e+00
   outer loop
     vertex  2.026987e+00 -1.937500e+01  7.100000e-01
     vertex  4.029629e-01 -1.949559e+01  7.100000e-01
     vertex  1.977037e+00 -1.949559e+01  7.100000e-01
   endloop
 endfacet
 facet normal  0.000000e+00  0.000000e+00  1.000000e+00
   outer loop
     vertex  2.026987e+00 -1.937500e+01  7.100000e-01
     vertex  3.530127e-01 -1.937500e+01  7.100000e-01
     vertex  4.029629e-01 -1.949559e+01  7.100000e-01
   endloop
 endfacet
 facet normal  0.000000e+00  0.000000e+00  1.000000e+00
   outer loop
     vertex  2.106447e+00 -1.927145e+01  7.100000e-01
     vertex  2.735534e-01 -1.927145e+01  7.100000e-01
     vertex  3.530127e-01 -1.937500e+01  7.100000e-01
   endloop
 endfacet
 facet normal  0.000000e+00  0.000000e+00  1.000000e+00
   outer loop
     vertex  2.106447e+00 -1.927145e+01  7.100000e-01
     vertex  3.530127e-01 -1.937500e+01  7.100000e-01
     vertex  2.026987e+00 -1.937500e+01  7.100000e-01
   endloop
 endfacet
 facet normal  0.000000e+00  0.000000e+00  1.000000e+00
   outer loop
     vertex  2.210000e+00 -1.919199e+01  7.100000e-01
     vertex  1.700000e-01 -1.919199e+01  7.100000e-01
     vertex  2.735534e-01 -1.927145e+01  7.100000e-01
   endloop
 endfacet
 facet normal  0.000000e+00  0.000000e+00  1.000000e+00
   outer loop
     vertex  2.210000e+00 -1.919199e+01  7.100000e-01
     vertex  2.735534e-01 -1.927145e+01  7.100000e-01
     vertex  2.106447e+00 -1.927145e+01  7.100000e-01
   endloop
 endfacet
 facet normal  0.000000e+00  0.000000e+00  1.000000e+00
   outer loop
     vertex  2.330590e+00 -1.914204e+01  7.100000e-01
     vertex  1.700000e-01 -1.919199e+01  7.100000e-01
     vertex  2.210000e+00 -1.919199e+01  7.100000e-01
   endloop
 endfacet
 facet normal  0.000000e+00  0.000000e+00  1.000000e+00
   outer loop
     vertex  2.330590e+00 -1.914204e+01  7.100000e-01
     vertex -8.000000e-02 -1.912500e+01  7.100000e-01
     vertex  4.940952e-02 -1.914204e+01  7.100000e-01
   endloop
 endfacet
 facet normal  0.000000e+00  0.000000e+00  1.000000e+00
   outer loop
     vertex  2.330590e+00 -1.914204e+01  7.100000e-01
     vertex  4.940952e-02 -1.914204e+01  7.100000e-01
     vertex  1.700000e-01 -1.919199e+01  7.100000e-01
   endloop
 endfacet
 facet normal  0.000000e+00  0.000000e+00  1.000000e+00
   outer loop
     vertex  2.460000e+00 -1.912500e+01  7.100000e-01
     vertex -8.000000e-02 -1.912500e+01  7.100000e-01
     vertex  2.330590e+00 -1.914204e+01  7.100000e-01
   endloop
 endfacet
 facet normal  0.000000e+00  0.000000e+00  1.000000e+00
   outer loop
     vertex -1.241355e+01 -3.327667e+00  7.100000e-01
     vertex -1.320059e+01 -4.690855e+00  7.100000e-01
     vertex -1.308000e+01 -4.740805e+00  7.100000e-01
   endloop
 endfacet
 facet normal  0.000000e+00  0.000000e+00  1.000000e+00
   outer loop
     vertex -1.231000e+01 -3.407127e+00  7.100000e-01
     vertex -1.308000e+01 -4.740805e+00  7.100000e-01
     vertex -1.297645e+01 -4.820265e+00  7.100000e-01
   endloop
 endfacet
 facet normal  0.000000e+00  0.000000e+00  1.000000e+00
   outer loop
     vertex -1.231000e+01 -3.407127e+00  7.100000e-01
     vertex -1.241355e+01 -3.327667e+00  7.100000e-01
     vertex -1.308000e+01 -4.740805e+00  7.100000e-01
   endloop
 endfacet
 facet normal  0.000000e+00  0.000000e+00  1.000000e+00
   outer loop
     vertex -1.249301e+01 -3.224114e+00  7.100000e-01
     vertex -1.333000e+01 -4.673818e+00  7.100000e-01
     vertex -1.320059e+01 -4.690855e+00  7.100000e-01
   endloop
 endfacet
 facet normal  0.000000e+00  0.000000e+00  1.000000e+00
   outer loop
     vertex -1.249301e+01 -3.224114e+00  7.100000e-01
     vertex -1.320059e+01 -4.690855e+00  7.100000e-01
     vertex -1.241355e+01 -3.327667e+00  7.100000e-01
   endloop
 endfacet
 facet normal  0.000000e+00  0.000000e+00  1.000000e+00
   outer loop
     vertex -1.254296e+01 -3.103524e+00  7.100000e-01
     vertex -1.333000e+01 -4.673818e+00  7.100000e-01
     vertex -1.249301e+01 -3.224114e+00  7.100000e-01
   endloop
 endfacet
 facet normal  0.000000e+00  0.000000e+00  1.000000e+00
   outer loop
     vertex -1.254296e+01 -3.103524e+00  7.100000e-01
     vertex -1.345941e+01 -4.690855e+00  7.100000e-01
     vertex -1.333000e+01 -4.673818e+00  7.100000e-01
   endloop
 endfacet
 facet normal  0.000000e+00  0.000000e+00  1.000000e+00
   outer loop
     vertex -1.218941e+01 -3.457077e+00  7.100000e-01
     vertex -1.297645e+01 -4.820265e+00  7.100000e-01
     vertex -1.289699e+01 -4.923818e+00  7.100000e-01
   endloop
 endfacet
 facet normal  0.000000e+00  0.000000e+00  1.000000e+00
   outer loop
     vertex -1.218941e+01 -3.457077e+00  7.100000e-01
     vertex -1.231000e+01 -3.407127e+00  7.100000e-01
     vertex -1.297645e+01 -4.820265e+00  7.100000e-01
   endloop
 endfacet
 facet normal  0.000000e+00  0.000000e+00  1.000000e+00
   outer loop
     vertex -1.206000e+01 -3.474114e+00  7.100000e-01
     vertex -1.218941e+01 -3.457077e+00  7.100000e-01
     vertex -1.289699e+01 -4.923818e+00  7.100000e-01
   endloop
 endfacet
 facet normal  0.000000e+00  0.000000e+00  1.000000e+00
   outer loop
     vertex -1.206000e+01 -3.474114e+00  7.100000e-01
     vertex -1.289699e+01 -4.923818e+00  7.100000e-01
     vertex -1.284704e+01 -5.044408e+00  7.100000e-01
   endloop
 endfacet
 facet normal  0.000000e+00  0.000000e+00  1.000000e+00
   outer loop
     vertex -1.256000e+01 -2.974114e+00  7.100000e-01
     vertex -1.345941e+01 -4.690855e+00  7.100000e-01
     vertex -1.254296e+01 -3.103524e+00  7.100000e-01
   endloop
 endfacet
 facet normal  0.000000e+00  0.000000e+00  1.000000e+00
   outer loop
     vertex -1.256000e+01 -2.974114e+00  7.100000e-01
     vertex -1.358000e+01 -4.740805e+00  7.100000e-01
     vertex -1.345941e+01 -4.690855e+00  7.100000e-01
   endloop
 endfacet
 facet normal  0.000000e+00  0.000000e+00  1.000000e+00
   outer loop
     vertex -1.254296e+01 -2.844704e+00  7.100000e-01
     vertex -1.358000e+01 -4.740805e+00  7.100000e-01
     vertex -1.256000e+01 -2.974114e+00  7.100000e-01
   endloop
 endfacet
 facet normal  0.000000e+00  0.000000e+00  1.000000e+00
   outer loop
     vertex -1.254296e+01 -2.844704e+00  7.100000e-01
     vertex -1.368355e+01 -4.820265e+00  7.100000e-01
     vertex -1.358000e+01 -4.740805e+00  7.100000e-01
   endloop
 endfacet
 facet normal  0.000000e+00  0.000000e+00  1.000000e+00
   outer loop
     vertex -1.193059e+01 -3.457077e+00  7.100000e-01
     vertex -1.284704e+01 -5.044408e+00  7.100000e-01
     vertex -1.283000e+01 -5.173818e+00  7.100000e-01
   endloop
 endfacet
 facet normal  0.000000e+00  0.000000e+00  1.000000e+00
   outer loop
     vertex -1.193059e+01 -3.457077e+00  7.100000e-01
     vertex -1.206000e+01 -3.474114e+00  7.100000e-01
     vertex -1.284704e+01 -5.044408e+00  7.100000e-01
   endloop
 endfacet
 facet normal  0.000000e+00  0.000000e+00  1.000000e+00
   outer loop
     vertex  4.750000e+00 -2.005801e+01  7.100000e-01
     vertex  4.646447e+00 -1.997855e+01  7.100000e-01
     vertex  2.813553e+00 -1.997855e+01  7.100000e-01
   endloop
 endfacet
 facet normal  0.000000e+00  0.000000e+00  1.000000e+00
   outer loop
     vertex  4.750000e+00 -2.005801e+01  7.100000e-01
     vertex  2.813553e+00 -1.997855e+01  7.100000e-01
     vertex  2.710000e+00 -2.005801e+01  7.100000e-01
   endloop
 endfacet
 facet normal  0.000000e+00  0.000000e+00  1.000000e+00
   outer loop
     vertex  4.566987e+00 -1.987500e+01  7.100000e-01
     vertex  2.813553e+00 -1.997855e+01  7.100000e-01
     vertex  4.646447e+00 -1.997855e+01  7.100000e-01
   endloop
 endfacet
 facet normal  0.000000e+00  0.000000e+00  1.000000e+00
   outer loop
     vertex  4.566987e+00 -1.987500e+01  7.100000e-01
     vertex  2.893013e+00 -1.987500e+01  7.100000e-01
     vertex  2.813553e+00 -1.997855e+01  7.100000e-01
   endloop
 endfacet
 facet normal  0.000000e+00  0.000000e+00  1.000000e+00
   outer loop
     vertex  4.870590e+00 -2.010796e+01  7.100000e-01
     vertex  4.750000e+00 -2.005801e+01  7.100000e-01
     vertex  2.710000e+00 -2.005801e+01  7.100000e-01
   endloop
 endfacet
 facet normal  0.000000e+00  0.000000e+00  1.000000e+00
   outer loop
     vertex  4.870590e+00 -2.010796e+01  7.100000e-01
     vertex  2.710000e+00 -2.005801e+01  7.100000e-01
     vertex  2.589410e+00 -2.010796e+01  7.100000e-01
   endloop
 endfacet
 facet normal  0.000000e+00  0.000000e+00  1.000000e+00
   outer loop
     vertex  4.870590e+00 -2.010796e+01  7.100000e-01
     vertex  2.589410e+00 -2.010796e+01  7.100000e-01
     vertex  2.460000e+00 -2.012500e+01  7.100000e-01
   endloop
 endfacet
 facet normal  0.000000e+00  0.000000e+00  1.000000e+00
   outer loop
     vertex  4.517037e+00 -1.975441e+01  7.100000e-01
     vertex  2.893013e+00 -1.987500e+01  7.100000e-01
     vertex  4.566987e+00 -1.987500e+01  7.100000e-01
   endloop
 endfacet
 facet normal  0.000000e+00  0.000000e+00  1.000000e+00
   outer loop
     vertex  4.517037e+00 -1.975441e+01  7.100000e-01
     vertex  2.960000e+00 -1.962500e+01  7.100000e-01
     vertex  2.942963e+00 -1.975441e+01  7.100000e-01
   endloop
 endfacet
 facet normal  0.000000e+00  0.000000e+00  1.000000e+00
   outer loop
     vertex  4.517037e+00 -1.975441e+01  7.100000e-01
     vertex  2.942963e+00 -1.975441e+01  7.100000e-01
     vertex  2.893013e+00 -1.987500e+01  7.100000e-01
   endloop
 endfacet
 facet normal  0.000000e+00  0.000000e+00  1.000000e+00
   outer loop
     vertex -1.249301e+01 -2.724114e+00  7.100000e-01
     vertex -1.368355e+01 -4.820265e+00  7.100000e-01
     vertex -1.254296e+01 -2.844704e+00  7.100000e-01
   endloop
 endfacet
 facet normal  0.000000e+00  0.000000e+00  1.000000e+00
   outer loop
     vertex -1.249301e+01 -2.724114e+00  7.100000e-01
     vertex -1.376301e+01 -4.923818e+00  7.100000e-01
     vertex -1.368355e+01 -4.820265e+00  7.100000e-01
   endloop
 endfacet
 facet normal  0.000000e+00  0.000000e+00  1.000000e+00
   outer loop
     vertex -1.181000e+01 -3.407127e+00  7.100000e-01
     vertex -1.193059e+01 -3.457077e+00  7.100000e-01
     vertex -1.283000e+01 -5.173818e+00  7.100000e-01
   endloop
 endfacet
 facet normal  0.000000e+00  0.000000e+00  1.000000e+00
   outer loop
     vertex -1.181000e+01 -3.407127e+00  7.100000e-01
     vertex -1.283000e+01 -5.173818e+00  7.100000e-01
     vertex -1.284704e+01 -5.303228e+00  7.100000e-01
   endloop
 endfacet
 facet normal  0.000000e+00  0.000000e+00  1.000000e+00
   outer loop
     vertex  5.000000e+00 -2.012500e+01  7.100000e-01
     vertex  4.870590e+00 -2.010796e+01  7.100000e-01
     vertex  2.460000e+00 -2.012500e+01  7.100000e-01
   endloop
 endfacet
 facet normal  0.000000e+00  0.000000e+00  1.000000e+00
   outer loop
     vertex  4.500000e+00 -1.962500e+01  7.100000e-01
     vertex  2.960000e+00 -1.962500e+01  7.100000e-01
     vertex  4.517037e+00 -1.975441e+01  7.100000e-01
   endloop
 endfacet
 facet normal  0.000000e+00  0.000000e+00  1.000000e+00
   outer loop
     vertex -1.170645e+01 -3.327667e+00  7.100000e-01
     vertex -1.181000e+01 -3.407127e+00  7.100000e-01
     vertex -1.284704e+01 -5.303228e+00  7.100000e-01
   endloop
 endfacet
 facet normal  0.000000e+00  0.000000e+00  1.000000e+00
   outer loop
     vertex -1.170645e+01 -3.327667e+00  7.100000e-01
     vertex -1.284704e+01 -5.303228e+00  7.100000e-01
     vertex -1.289699e+01 -5.423818e+00  7.100000e-01
   endloop
 endfacet
 facet normal  0.000000e+00  0.000000e+00  1.000000e+00
   outer loop
     vertex  4.517037e+00 -1.949559e+01  7.100000e-01
     vertex  2.942963e+00 -1.949559e+01  7.100000e-01
     vertex  2.960000e+00 -1.962500e+01  7.100000e-01
   endloop
 endfacet
 facet normal  0.000000e+00  0.000000e+00  1.000000e+00
   outer loop
     vertex  4.517037e+00 -1.949559e+01  7.100000e-01
     vertex  2.960000e+00 -1.962500e+01  7.100000e-01
     vertex  4.500000e+00 -1.962500e+01  7.100000e-01
   endloop
 endfacet
 facet normal  0.000000e+00  0.000000e+00  1.000000e+00
   outer loop
     vertex -1.162699e+01 -3.224114e+00  7.100000e-01
     vertex -1.289699e+01 -5.423818e+00  7.100000e-01
     vertex -2.620000e+00 -1.912500e+01  7.100000e-01
   endloop
 endfacet
 facet normal  0.000000e+00  0.000000e+00  1.000000e+00
   outer loop
     vertex -1.162699e+01 -3.224114e+00  7.100000e-01
     vertex -2.620000e+00 -1.912500e+01  7.100000e-01
     vertex -8.000000e-02 -1.912500e+01  7.100000e-01
   endloop
 endfacet
 facet normal  0.000000e+00  0.000000e+00  1.000000e+00
   outer loop
     vertex -1.162699e+01 -3.224114e+00  7.100000e-01
     vertex -1.170645e+01 -3.327667e+00  7.100000e-01
     vertex -1.289699e+01 -5.423818e+00  7.100000e-01
   endloop
 endfacet
 facet normal  0.000000e+00  0.000000e+00  1.000000e+00
   outer loop
     vertex  4.566987e+00 -1.937500e+01  7.100000e-01
     vertex  2.942963e+00 -1.949559e+01  7.100000e-01
     vertex  4.517037e+00 -1.949559e+01  7.100000e-01
   endloop
 endfacet
 facet normal  0.000000e+00  0.000000e+00  1.000000e+00
   outer loop
     vertex  4.566987e+00 -1.937500e+01  7.100000e-01
     vertex  2.893013e+00 -1.937500e+01  7.100000e-01
     vertex  2.942963e+00 -1.949559e+01  7.100000e-01
   endloop
 endfacet
 facet normal  0.000000e+00  0.000000e+00  1.000000e+00
   outer loop
     vertex  4.646447e+00 -1.927145e+01  7.100000e-01
     vertex  2.893013e+00 -1.937500e+01  7.100000e-01
     vertex  4.566987e+00 -1.937500e+01  7.100000e-01
   endloop
 endfacet
 facet normal  0.000000e+00  0.000000e+00  1.000000e+00
   outer loop
     vertex  4.646447e+00 -1.927145e+01  7.100000e-01
     vertex  2.710000e+00 -1.919199e+01  7.100000e-01
     vertex  2.813553e+00 -1.927145e+01  7.100000e-01
   endloop
 endfacet
 facet normal  0.000000e+00  0.000000e+00  1.000000e+00
   outer loop
     vertex  4.646447e+00 -1.927145e+01  7.100000e-01
     vertex  2.813553e+00 -1.927145e+01  7.100000e-01
     vertex  2.893013e+00 -1.937500e+01  7.100000e-01
   endloop
 endfacet
 facet normal  0.000000e+00  0.000000e+00  1.000000e+00
   outer loop
     vertex  4.750000e+00 -1.919199e+01  7.100000e-01
     vertex  2.710000e+00 -1.919199e+01  7.100000e-01
     vertex  4.646447e+00 -1.927145e+01  7.100000e-01
   endloop
 endfacet
 facet normal  0.000000e+00  0.000000e+00  1.000000e+00
   outer loop
     vertex  4.870590e+00 -1.914204e+01  7.100000e-01
     vertex  2.710000e+00 -1.919199e+01  7.100000e-01
     vertex  4.750000e+00 -1.919199e+01  7.100000e-01
   endloop
 endfacet
 facet normal  0.000000e+00  0.000000e+00  1.000000e+00
   outer loop
     vertex  4.870590e+00 -1.914204e+01  7.100000e-01
     vertex  2.460000e+00 -1.912500e+01  7.100000e-01
     vertex  2.589410e+00 -1.914204e+01  7.100000e-01
   endloop
 endfacet
 facet normal  0.000000e+00  0.000000e+00  1.000000e+00
   outer loop
     vertex  4.870590e+00 -1.914204e+01  7.100000e-01
     vertex  2.589410e+00 -1.914204e+01  7.100000e-01
     vertex  2.710000e+00 -1.919199e+01  7.100000e-01
   endloop
 endfacet
 facet normal  0.000000e+00  0.000000e+00  1.000000e+00
   outer loop
     vertex  5.000000e+00 -1.912500e+01  7.100000e-01
     vertex  2.460000e+00 -1.912500e+01  7.100000e-01
     vertex  4.870590e+00 -1.914204e+01  7.100000e-01
   endloop
 endfacet
 facet normal  0.000000e+00  0.000000e+00  1.000000e+00
   outer loop
     vertex -1.114355e+01 -1.127962e+00  7.100000e-01
     vertex -1.206000e+01 -2.474114e+00  7.100000e-01
     vertex -1.193059e+01 -2.491151e+00  7.100000e-01
   endloop
 endfacet
 facet normal  0.000000e+00  0.000000e+00  1.000000e+00
   outer loop
     vertex -1.104000e+01 -1.207422e+00  7.100000e-01
     vertex -1.193059e+01 -2.491151e+00  7.100000e-01
     vertex -1.181000e+01 -2.541101e+00  7.100000e-01
   endloop
 endfacet
 facet normal  0.000000e+00  0.000000e+00  1.000000e+00
   outer loop
     vertex -1.104000e+01 -1.207422e+00  7.100000e-01
     vertex -1.114355e+01 -1.127962e+00  7.100000e-01
     vertex -1.193059e+01 -2.491151e+00  7.100000e-01
   endloop
 endfacet
 facet normal  0.000000e+00  0.000000e+00  1.000000e+00
   outer loop
     vertex -1.122301e+01 -1.024409e+00  7.100000e-01
     vertex -1.218941e+01 -2.491151e+00  7.100000e-01
     vertex -1.206000e+01 -2.474114e+00  7.100000e-01
   endloop
 endfacet
 facet normal  0.000000e+00  0.000000e+00  1.000000e+00
   outer loop
     vertex -1.122301e+01 -1.024409e+00  7.100000e-01
     vertex -1.206000e+01 -2.474114e+00  7.100000e-01
     vertex -1.114355e+01 -1.127962e+00  7.100000e-01
   endloop
 endfacet
 facet normal  0.000000e+00  0.000000e+00  1.000000e+00
   outer loop
     vertex -1.091941e+01 -1.257372e+00  7.100000e-01
     vertex -1.181000e+01 -2.541101e+00  7.100000e-01
     vertex -1.170645e+01 -2.620561e+00  7.100000e-01
   endloop
 endfacet
 facet normal  0.000000e+00  0.000000e+00  1.000000e+00
   outer loop
     vertex -1.091941e+01 -1.257372e+00  7.100000e-01
     vertex -1.104000e+01 -1.207422e+00  7.100000e-01
     vertex -1.181000e+01 -2.541101e+00  7.100000e-01
   endloop
 endfacet
 facet normal  0.000000e+00  0.000000e+00  1.000000e+00
   outer loop
     vertex -1.127296e+01 -9.038185e-01  7.100000e-01
     vertex -1.218941e+01 -2.491151e+00  7.100000e-01
     vertex -1.122301e+01 -1.024409e+00  7.100000e-01
   endloop
 endfacet
 facet normal  0.000000e+00  0.000000e+00  1.000000e+00
   outer loop
     vertex -1.127296e+01 -9.038185e-01  7.100000e-01
     vertex -1.231000e+01 -2.541101e+00  7.100000e-01
     vertex -1.218941e+01 -2.491151e+00  7.100000e-01
   endloop
 endfacet
 facet normal  0.000000e+00  0.000000e+00  1.000000e+00
   outer loop
     vertex -1.079000e+01 -1.274409e+00  7.100000e-01
     vertex -1.091941e+01 -1.257372e+00  7.100000e-01
     vertex -1.170645e+01 -2.620561e+00  7.100000e-01
   endloop
 endfacet
 facet normal  0.000000e+00  0.000000e+00  1.000000e+00
   outer loop
     vertex -1.079000e+01 -1.274409e+00  7.100000e-01
     vertex -1.170645e+01 -2.620561e+00  7.100000e-01
     vertex -1.162699e+01 -2.724114e+00  7.100000e-01
   endloop
 endfacet
 facet normal  0.000000e+00  0.000000e+00  1.000000e+00
   outer loop
     vertex -1.129000e+01 -7.744090e-01  7.100000e-01
     vertex -1.231000e+01 -2.541101e+00  7.100000e-01
     vertex -1.127296e+01 -9.038185e-01  7.100000e-01
   endloop
 endfacet
 facet normal  0.000000e+00  0.000000e+00  1.000000e+00
   outer loop
     vertex -1.129000e+01 -7.744090e-01  7.100000e-01
     vertex -1.241355e+01 -2.620561e+00  7.100000e-01
     vertex -1.231000e+01 -2.541101e+00  7.100000e-01
   endloop
 endfacet
 facet normal  0.000000e+00  0.000000e+00  1.000000e+00
   outer loop
     vertex -1.127296e+01 -6.449995e-01  7.100000e-01
     vertex -1.241355e+01 -2.620561e+00  7.100000e-01
     vertex -1.129000e+01 -7.744090e-01  7.100000e-01
   endloop
 endfacet
 facet normal  0.000000e+00  0.000000e+00  1.000000e+00
   outer loop
     vertex -1.127296e+01 -6.449995e-01  7.100000e-01
     vertex -1.249301e+01 -2.724114e+00  7.100000e-01
     vertex -1.241355e+01 -2.620561e+00  7.100000e-01
   endloop
 endfacet
 facet normal  0.000000e+00  0.000000e+00  1.000000e+00
   outer loop
     vertex -1.066059e+01 -1.257372e+00  7.100000e-01
     vertex -1.162699e+01 -2.724114e+00  7.100000e-01
     vertex -1.157704e+01 -2.844704e+00  7.100000e-01
   endloop
 endfacet
 facet normal  0.000000e+00  0.000000e+00  1.000000e+00
   outer loop
     vertex -1.066059e+01 -1.257372e+00  7.100000e-01
     vertex -1.079000e+01 -1.274409e+00  7.100000e-01
     vertex -1.162699e+01 -2.724114e+00  7.100000e-01
   endloop
 endfacet
 facet normal  0.000000e+00  0.000000e+00  1.000000e+00
   outer loop
     vertex -1.054000e+01 -1.207422e+00  7.100000e-01
     vertex -1.066059e+01 -1.257372e+00  7.100000e-01
     vertex -1.157704e+01 -2.844704e+00  7.100000e-01
   endloop
 endfacet
 facet normal  0.000000e+00  0.000000e+00  1.000000e+00
   outer loop
     vertex -1.054000e+01 -1.207422e+00  7.100000e-01
     vertex -1.157704e+01 -2.844704e+00  7.100000e-01
     vertex -1.156000e+01 -2.974114e+00  7.100000e-01
   endloop
 endfacet
 facet normal  0.000000e+00  0.000000e+00  1.000000e+00
   outer loop
     vertex -1.122301e+01 -5.244090e-01  7.100000e-01
     vertex -1.249301e+01 -2.724114e+00  7.100000e-01
     vertex -1.127296e+01 -6.449995e-01  7.100000e-01
   endloop
 endfacet
 facet normal  0.000000e+00  0.000000e+00  1.000000e+00
   outer loop
     vertex -1.043645e+01 -1.127962e+00  7.100000e-01
     vertex -1.054000e+01 -1.207422e+00  7.100000e-01
     vertex -1.156000e+01 -2.974114e+00  7.100000e-01
   endloop
 endfacet
 facet normal  0.000000e+00  0.000000e+00  1.000000e+00
   outer loop
     vertex -1.043645e+01 -1.127962e+00  7.100000e-01
     vertex -1.156000e+01 -2.974114e+00  7.100000e-01
     vertex -1.157704e+01 -3.103524e+00  7.100000e-01
   endloop
 endfacet
 facet normal  0.000000e+00  0.000000e+00  1.000000e+00
   outer loop
     vertex -1.035699e+01 -1.024409e+00  7.100000e-01
     vertex -1.043645e+01 -1.127962e+00  7.100000e-01
     vertex -1.157704e+01 -3.103524e+00  7.100000e-01
   endloop
 endfacet
 facet normal  0.000000e+00  0.000000e+00  1.000000e+00
   outer loop
     vertex -1.035699e+01 -1.024409e+00  7.100000e-01
     vertex -1.162699e+01 -3.224114e+00  7.100000e-01
     vertex -8.000000e-02 -1.912500e+01  7.100000e-01
   endloop
 endfacet
 facet normal  0.000000e+00  0.000000e+00  1.000000e+00
   outer loop
     vertex -1.035699e+01 -1.024409e+00  7.100000e-01
     vertex -1.157704e+01 -3.103524e+00  7.100000e-01
     vertex -1.162699e+01 -3.224114e+00  7.100000e-01
   endloop
 endfacet
 facet normal  0.000000e+00  0.000000e+00  1.000000e+00
   outer loop
     vertex -9.873553e+00  1.071742e+00  7.100000e-01
     vertex -1.066059e+01 -2.914461e-01  7.100000e-01
     vertex -1.054000e+01 -3.413963e-01  7.100000e-01
   endloop
 endfacet
 facet normal  0.000000e+00  0.000000e+00  1.000000e+00
   outer loop
     vertex -9.953013e+00  1.175295e+00  7.100000e-01
     vertex -1.066059e+01 -2.914461e-01  7.100000e-01
     vertex -9.873553e+00  1.071742e+00  7.100000e-01
   endloop
 endfacet
 facet normal  0.000000e+00  0.000000e+00  1.000000e+00
   outer loop
     vertex -9.953013e+00  1.175295e+00  7.100000e-01
     vertex -1.079000e+01 -2.744090e-01  7.100000e-01
     vertex -1.066059e+01 -2.914461e-01  7.100000e-01
   endloop
 endfacet
 facet normal  0.000000e+00  0.000000e+00  1.000000e+00
   outer loop
     vertex -9.770000e+00  9.922823e-01  7.100000e-01
     vertex -9.873553e+00  1.071742e+00  7.100000e-01
     vertex -1.054000e+01 -3.413963e-01  7.100000e-01
   endloop
 endfacet
 facet normal  0.000000e+00  0.000000e+00  1.000000e+00
   outer loop
     vertex -9.770000e+00  9.922823e-01  7.100000e-01
     vertex -1.054000e+01 -3.413963e-01  7.100000e-01
     vertex -1.043645e+01 -4.208556e-01  7.100000e-01
   endloop
 endfacet
 facet normal  0.000000e+00  0.000000e+00  1.000000e+00
   outer loop
     vertex -9.649410e+00  9.423321e-01  7.100000e-01
     vertex -9.770000e+00  9.922823e-01  7.100000e-01
     vertex -1.043645e+01 -4.208556e-01  7.100000e-01
   endloop
 endfacet
 facet normal  0.000000e+00  0.000000e+00  1.000000e+00
   outer loop
     vertex -9.649410e+00  9.423321e-01  7.100000e-01
     vertex -1.043645e+01 -4.208556e-01  7.100000e-01
     vertex -1.035699e+01 -5.244090e-01  7.100000e-01
   endloop
 endfacet
 facet normal  0.000000e+00  0.000000e+00  1.000000e+00
   outer loop
     vertex -1.000296e+01  1.295885e+00  7.100000e-01
     vertex -1.079000e+01 -2.744090e-01  7.100000e-01
     vertex -9.953013e+00  1.175295e+00  7.100000e-01
   endloop
 endfacet
 facet normal  0.000000e+00  0.000000e+00  1.000000e+00
   outer loop
     vertex -1.000296e+01  1.295885e+00  7.100000e-01
     vertex -1.091941e+01 -2.914461e-01  7.100000e-01
     vertex -1.079000e+01 -2.744090e-01  7.100000e-01
   endloop
 endfacet
 facet normal  0.000000e+00  0.000000e+00  1.000000e+00
   outer loop
     vertex -9.520000e+00  9.252950e-01  7.100000e-01
     vertex -9.649410e+00  9.423321e-01  7.100000e-01
     vertex -1.035699e+01 -5.244090e-01  7.100000e-01
   endloop
 endfacet
 facet normal  0.000000e+00  0.000000e+00  1.000000e+00
   outer loop
     vertex -9.520000e+00  9.252950e-01  7.100000e-01
     vertex -1.035699e+01 -5.244090e-01  7.100000e-01
     vertex -1.030704e+01 -6.449995e-01  7.100000e-01
   endloop
 endfacet
 facet normal  0.000000e+00  0.000000e+00  1.000000e+00
   outer loop
     vertex -1.002000e+01  1.425295e+00  7.100000e-01
     vertex -1.091941e+01 -2.914461e-01  7.100000e-01
     vertex -1.000296e+01  1.295885e+00  7.100000e-01
   endloop
 endfacet
 facet normal  0.000000e+00  0.000000e+00  1.000000e+00
   outer loop
     vertex -1.002000e+01  1.425295e+00  7.100000e-01
     vertex -1.104000e+01 -3.413963e-01  7.100000e-01
     vertex -1.091941e+01 -2.914461e-01  7.100000e-01
   endloop
 endfacet
 facet normal  0.000000e+00  0.000000e+00  1.000000e+00
   outer loop
     vertex -1.000296e+01  1.554705e+00  7.100000e-01
     vertex -1.104000e+01 -3.413963e-01  7.100000e-01
     vertex -1.002000e+01  1.425295e+00  7.100000e-01
   endloop
 endfacet
 facet normal  0.000000e+00  0.000000e+00  1.000000e+00
   outer loop
     vertex -1.000296e+01  1.554705e+00  7.100000e-01
     vertex -1.114355e+01 -4.208556e-01  7.100000e-01
     vertex -1.104000e+01 -3.413963e-01  7.100000e-01
   endloop
 endfacet
 facet normal  0.000000e+00  0.000000e+00  1.000000e+00
   outer loop
     vertex -9.390590e+00  9.423321e-01  7.100000e-01
     vertex -9.520000e+00  9.252950e-01  7.100000e-01
     vertex -1.030704e+01 -6.449995e-01  7.100000e-01
   endloop
 endfacet
 facet normal  0.000000e+00  0.000000e+00  1.000000e+00
   outer loop
     vertex -9.390590e+00  9.423321e-01  7.100000e-01
     vertex -1.030704e+01 -6.449995e-01  7.100000e-01
     vertex -1.029000e+01 -7.744090e-01  7.100000e-01
   endloop
 endfacet
 facet normal  0.000000e+00  0.000000e+00  1.000000e+00
   outer loop
     vertex -9.953013e+00  1.675295e+00  7.100000e-01
     vertex -1.114355e+01 -4.208556e-01  7.100000e-01
     vertex -1.000296e+01  1.554705e+00  7.100000e-01
   endloop
 endfacet
 facet normal  0.000000e+00  0.000000e+00  1.000000e+00
   outer loop
     vertex -9.953013e+00  1.675295e+00  7.100000e-01
     vertex -1.122301e+01 -5.244090e-01  7.100000e-01
     vertex -1.114355e+01 -4.208556e-01  7.100000e-01
   endloop
 endfacet
 facet normal  0.000000e+00  0.000000e+00  1.000000e+00
   outer loop
     vertex -9.270000e+00  9.922823e-01  7.100000e-01
     vertex -9.390590e+00  9.423321e-01  7.100000e-01
     vertex -1.029000e+01 -7.744090e-01  7.100000e-01
   endloop
 endfacet
 facet normal  0.000000e+00  0.000000e+00  1.000000e+00
   outer loop
     vertex -9.270000e+00  9.922823e-01  7.100000e-01
     vertex -1.029000e+01 -7.744090e-01  7.100000e-01
     vertex -1.030704e+01 -9.038185e-01  7.100000e-01
   endloop
 endfacet
 facet normal  0.000000e+00  0.000000e+00  1.000000e+00
   outer loop
     vertex -9.166447e+00  1.071742e+00  7.100000e-01
     vertex -9.270000e+00  9.922823e-01  7.100000e-01
     vertex -1.030704e+01 -9.038185e-01  7.100000e-01
   endloop
 endfacet
 facet normal  0.000000e+00  0.000000e+00  1.000000e+00
   outer loop
     vertex -9.166447e+00  1.071742e+00  7.100000e-01
     vertex -1.030704e+01 -9.038185e-01  7.100000e-01
     vertex -1.035699e+01 -1.024409e+00  7.100000e-01
   endloop
 endfacet
 facet normal  0.000000e+00  0.000000e+00  1.000000e+00
   outer loop
     vertex -9.086987e+00  1.175295e+00  7.100000e-01
     vertex -9.166447e+00  1.071742e+00  7.100000e-01
     vertex -1.035699e+01 -1.024409e+00  7.100000e-01
   endloop
 endfacet
 facet normal  0.000000e+00  0.000000e+00  1.000000e+00
   outer loop
     vertex -8.603553e+00  3.271447e+00  7.100000e-01
     vertex -9.520000e+00  1.925295e+00  7.100000e-01
     vertex -9.390590e+00  1.908258e+00  7.100000e-01
   endloop
 endfacet
 facet normal  0.000000e+00  0.000000e+00  1.000000e+00
   outer loop
     vertex -8.500000e+00  3.191987e+00  7.100000e-01
     vertex -9.390590e+00  1.908258e+00  7.100000e-01
     vertex -9.270000e+00  1.858308e+00  7.100000e-01
   endloop
 endfacet
 facet normal  0.000000e+00  0.000000e+00  1.000000e+00
   outer loop
     vertex -8.500000e+00  3.191987e+00  7.100000e-01
     vertex -8.603553e+00  3.271447e+00  7.100000e-01
     vertex -9.390590e+00  1.908258e+00  7.100000e-01
   endloop
 endfacet
 facet normal  0.000000e+00  0.000000e+00  1.000000e+00
   outer loop
     vertex -8.683013e+00  3.375000e+00  7.100000e-01
     vertex -9.649410e+00  1.908258e+00  7.100000e-01
     vertex -9.520000e+00  1.925295e+00  7.100000e-01
   endloop
 endfacet
 facet normal  0.000000e+00  0.000000e+00  1.000000e+00
   outer loop
     vertex -8.683013e+00  3.375000e+00  7.100000e-01
     vertex -9.520000e+00  1.925295e+00  7.100000e-01
     vertex -8.603553e+00  3.271447e+00  7.100000e-01
   endloop
 endfacet
 facet normal  0.000000e+00  0.000000e+00  1.000000e+00
   outer loop
     vertex -8.379410e+00  3.142037e+00  7.100000e-01
     vertex -9.270000e+00  1.858308e+00  7.100000e-01
     vertex -9.166447e+00  1.778848e+00  7.100000e-01
   endloop
 endfacet
 facet normal  0.000000e+00  0.000000e+00  1.000000e+00
   outer loop
     vertex -8.379410e+00  3.142037e+00  7.100000e-01
     vertex -8.500000e+00  3.191987e+00  7.100000e-01
     vertex -9.270000e+00  1.858308e+00  7.100000e-01
   endloop
 endfacet
 facet normal  0.000000e+00  0.000000e+00  1.000000e+00
   outer loop
     vertex -8.732963e+00  3.495590e+00  7.100000e-01
     vertex -9.770000e+00  1.858308e+00  7.100000e-01
     vertex -9.649410e+00  1.908258e+00  7.100000e-01
   endloop
 endfacet
 facet normal  0.000000e+00  0.000000e+00  1.000000e+00
   outer loop
     vertex -8.732963e+00  3.495590e+00  7.100000e-01
     vertex -9.649410e+00  1.908258e+00  7.100000e-01
     vertex -8.683013e+00  3.375000e+00  7.100000e-01
   endloop
 endfacet
 facet normal  0.000000e+00  0.000000e+00  1.000000e+00
   outer loop
     vertex -8.250000e+00  3.125000e+00  7.100000e-01
     vertex -9.166447e+00  1.778848e+00  7.100000e-01
     vertex -9.086987e+00  1.675295e+00  7.100000e-01
   endloop
 endfacet
 facet normal  0.000000e+00  0.000000e+00  1.000000e+00
   outer loop
     vertex -8.250000e+00  3.125000e+00  7.100000e-01
     vertex -8.379410e+00  3.142037e+00  7.100000e-01
     vertex -9.166447e+00  1.778848e+00  7.100000e-01
   endloop
 endfacet
 facet normal  0.000000e+00  0.000000e+00  1.000000e+00
   outer loop
     vertex -8.750000e+00  3.625000e+00  7.100000e-01
     vertex -9.770000e+00  1.858308e+00  7.100000e-01
     vertex -8.732963e+00  3.495590e+00  7.100000e-01
   endloop
 endfacet
 facet normal  0.000000e+00  0.000000e+00  1.000000e+00
   outer loop
     vertex -8.750000e+00  3.625000e+00  7.100000e-01
     vertex -9.873553e+00  1.778848e+00  7.100000e-01
     vertex -9.770000e+00  1.858308e+00  7.100000e-01
   endloop
 endfacet
 facet normal  0.000000e+00  0.000000e+00  1.000000e+00
   outer loop
     vertex -8.732963e+00  3.754410e+00  7.100000e-01
     vertex -9.953013e+00  1.675295e+00  7.100000e-01
     vertex -9.873553e+00  1.778848e+00  7.100000e-01
   endloop
 endfacet
 facet normal  0.000000e+00  0.000000e+00  1.000000e+00
   outer loop
     vertex -8.732963e+00  3.754410e+00  7.100000e-01
     vertex -9.873553e+00  1.778848e+00  7.100000e-01
     vertex -8.750000e+00  3.625000e+00  7.100000e-01
   endloop
 endfacet
 facet normal  0.000000e+00  0.000000e+00  1.000000e+00
   outer loop
     vertex -8.120590e+00  3.142037e+00  7.100000e-01
     vertex -9.086987e+00  1.675295e+00  7.100000e-01
     vertex -9.037037e+00  1.554705e+00  7.100000e-01
   endloop
 endfacet
 facet normal  0.000000e+00  0.000000e+00  1.000000e+00
   outer loop
     vertex -8.120590e+00  3.142037e+00  7.100000e-01
     vertex -8.250000e+00  3.125000e+00  7.100000e-01
     vertex -9.086987e+00  1.675295e+00  7.100000e-01
   endloop
 endfacet
 facet normal  0.000000e+00  0.000000e+00  1.000000e+00
   outer loop
     vertex -8.683013e+00  3.875000e+00  7.100000e-01
     vertex -9.953013e+00  1.675295e+00  7.100000e-01
     vertex -8.732963e+00  3.754410e+00  7.100000e-01
   endloop
 endfacet
 facet normal  0.000000e+00  0.000000e+00  1.000000e+00
   outer loop
     vertex -8.000000e+00  3.191987e+00  7.100000e-01
     vertex -8.120590e+00  3.142037e+00  7.100000e-01
     vertex -9.037037e+00  1.554705e+00  7.100000e-01
   endloop
 endfacet
 facet normal  0.000000e+00  0.000000e+00  1.000000e+00
   outer loop
     vertex -8.000000e+00  3.191987e+00  7.100000e-01
     vertex -9.037037e+00  1.554705e+00  7.100000e-01
     vertex -9.020000e+00  1.425295e+00  7.100000e-01
   endloop
 endfacet
 facet normal  0.000000e+00  0.000000e+00  1.000000e+00
   outer loop
     vertex -7.896447e+00  3.271447e+00  7.100000e-01
     vertex -9.020000e+00  1.425295e+00  7.100000e-01
     vertex -9.037037e+00  1.295885e+00  7.100000e-01
   endloop
 endfacet
 facet normal  0.000000e+00  0.000000e+00  1.000000e+00
   outer loop
     vertex -7.896447e+00  3.271447e+00  7.100000e-01
     vertex -8.000000e+00  3.191987e+00  7.100000e-01
     vertex -9.020000e+00  1.425295e+00  7.100000e-01
   endloop
 endfacet
 facet normal  0.000000e+00  0.000000e+00  1.000000e+00
   outer loop
     vertex -7.816987e+00  3.375000e+00  7.100000e-01
     vertex -9.037037e+00  1.295885e+00  7.100000e-01
     vertex -9.086987e+00  1.175295e+00  7.100000e-01
   endloop
 endfacet
 facet normal  0.000000e+00  0.000000e+00  1.000000e+00
   outer loop
     vertex -7.816987e+00  3.375000e+00  7.100000e-01
     vertex -7.896447e+00  3.271447e+00  7.100000e-01
     vertex -9.037037e+00  1.295885e+00  7.100000e-01
   endloop
 endfacet
 facet normal  0.000000e+00  0.000000e+00  1.000000e+00
   outer loop
     vertex  2.500000e+01 -2.162500e+01  7.100000e-01
     vertex  5.482963e+00 -1.949559e+01  7.100000e-01
     vertex  5.500000e+00 -1.962500e+01  7.100000e-01
   endloop
 endfacet
 facet normal  0.000000e+00  0.000000e+00  1.000000e+00
   outer loop
     vertex  2.500000e+01 -2.162500e+01  7.100000e-01
     vertex  5.500000e+00 -1.962500e+01  7.100000e-01
     vertex  5.482963e+00 -1.975441e+01  7.100000e-01
   endloop
 endfacet
 facet normal  0.000000e+00  0.000000e+00  1.000000e+00
   outer loop
     vertex  2.500000e+01 -2.162500e+01  7.100000e-01
     vertex  5.482963e+00 -1.975441e+01  7.100000e-01
     vertex  5.433013e+00 -1.987500e+01  7.100000e-01
   endloop
 endfacet
 facet normal  0.000000e+00  0.000000e+00  1.000000e+00
   outer loop
     vertex  2.500000e+01 -2.162500e+01  7.100000e-01
     vertex  5.433013e+00 -1.987500e+01  7.100000e-01
     vertex  5.353553e+00 -1.997855e+01  7.100000e-01
   endloop
 endfacet
 facet normal  0.000000e+00  0.000000e+00  1.000000e+00
   outer loop
     vertex  2.500000e+01 -2.162500e+01  7.100000e-01
     vertex  5.353553e+00 -1.997855e+01  7.100000e-01
     vertex  5.250000e+00 -2.005801e+01  7.100000e-01
   endloop
 endfacet
 facet normal  0.000000e+00  0.000000e+00  1.000000e+00
   outer loop
     vertex  2.500000e+01 -2.162500e+01  7.100000e-01
     vertex  5.250000e+00 -2.005801e+01  7.100000e-01
     vertex  5.129410e+00 -2.010796e+01  7.100000e-01
   endloop
 endfacet
 facet normal  0.000000e+00  0.000000e+00  1.000000e+00
   outer loop
     vertex  2.500000e+01 -2.162500e+01  7.100000e-01
     vertex  5.129410e+00 -2.010796e+01  7.100000e-01
     vertex  5.000000e+00 -2.012500e+01  7.100000e-01
   endloop
 endfacet
 facet normal  0.000000e+00  0.000000e+00  1.000000e+00
   outer loop
     vertex  2.500000e+01 -2.162500e+01  7.100000e-01
     vertex  5.000000e+00 -2.012500e+01  7.100000e-01
     vertex  2.460000e+00 -2.012500e+01  7.100000e-01
   endloop
 endfacet
 facet normal  0.000000e+00  0.000000e+00  1.000000e+00
   outer loop
     vertex  1.297645e+01 -5.777371e+00  7.100000e-01
     vertex  5.129410e+00 -1.914204e+01  7.100000e-01
     vertex  5.250000e+00 -1.919199e+01  7.100000e-01
   endloop
 endfacet
 facet normal  0.000000e+00  0.000000e+00  1.000000e+00
   outer loop
     vertex  1.308000e+01 -5.856831e+00  7.100000e-01
     vertex  5.250000e+00 -1.919199e+01  7.100000e-01
     vertex  5.353553e+00 -1.927145e+01  7.100000e-01
   endloop
 endfacet
 facet normal  0.000000e+00  0.000000e+00  1.000000e+00
   outer loop
     vertex  1.308000e+01 -5.856831e+00  7.100000e-01
     vertex  1.297645e+01 -5.777371e+00  7.100000e-01
     vertex  5.250000e+00 -1.919199e+01  7.100000e-01
   endloop
 endfacet
 facet normal  0.000000e+00  0.000000e+00  1.000000e+00
   outer loop
     vertex  1.289699e+01 -5.673818e+00  7.100000e-01
     vertex  5.000000e+00 -1.912500e+01  7.100000e-01
     vertex  5.129410e+00 -1.914204e+01  7.100000e-01
   endloop
 endfacet
 facet normal  0.000000e+00  0.000000e+00  1.000000e+00
   outer loop
     vertex  1.289699e+01 -5.673818e+00  7.100000e-01
     vertex  5.129410e+00 -1.914204e+01  7.100000e-01
     vertex  1.297645e+01 -5.777371e+00  7.100000e-01
   endloop
 endfacet
 facet normal  0.000000e+00  0.000000e+00  1.000000e+00
   outer loop
     vertex  1.320059e+01 -5.906781e+00  7.100000e-01
     vertex  5.353553e+00 -1.927145e+01  7.100000e-01
     vertex  5.433013e+00 -1.937500e+01  7.100000e-01
   endloop
 endfacet
 facet normal  0.000000e+00  0.000000e+00  1.000000e+00
   outer loop
     vertex  1.320059e+01 -5.906781e+00  7.100000e-01
     vertex  1.308000e+01 -5.856831e+00  7.100000e-01
     vertex  5.353553e+00 -1.927145e+01  7.100000e-01
   endloop
 endfacet
 facet normal  0.000000e+00  0.000000e+00  1.000000e+00
   outer loop
     vertex  1.333000e+01 -5.923818e+00  7.100000e-01
     vertex  5.433013e+00 -1.937500e+01  7.100000e-01
     vertex  5.482963e+00 -1.949559e+01  7.100000e-01
   endloop
 endfacet
 facet normal  0.000000e+00  0.000000e+00  1.000000e+00
   outer loop
     vertex  1.333000e+01 -5.923818e+00  7.100000e-01
     vertex  1.320059e+01 -5.906781e+00  7.100000e-01
     vertex  5.433013e+00 -1.937500e+01  7.100000e-01
   endloop
 endfacet
 facet normal  0.000000e+00  0.000000e+00  1.000000e+00
   outer loop
     vertex  1.345941e+01 -5.906781e+00  7.100000e-01
     vertex  5.482963e+00 -1.949559e+01  7.100000e-01
     vertex  2.500000e+01 -2.162500e+01  7.100000e-01
   endloop
 endfacet
 facet normal  0.000000e+00  0.000000e+00  1.000000e+00
   outer loop
     vertex  1.345941e+01 -5.906781e+00  7.100000e-01
     vertex  1.333000e+01 -5.923818e+00  7.100000e-01
     vertex  5.482963e+00 -1.949559e+01  7.100000e-01
   endloop
 endfacet
 facet normal  0.000000e+00  0.000000e+00  1.000000e+00
   outer loop
     vertex  1.358000e+01 -5.856831e+00  7.100000e-01
     vertex  1.345941e+01 -5.906781e+00  7.100000e-01
     vertex  2.500000e+01 -2.162500e+01  7.100000e-01
   endloop
 endfacet
 facet normal  0.000000e+00  0.000000e+00  1.000000e+00
   outer loop
     vertex  1.368355e+01 -5.777371e+00  7.100000e-01
     vertex  1.358000e+01 -5.856831e+00  7.100000e-01
     vertex  2.500000e+01 -2.162500e+01  7.100000e-01
   endloop
 endfacet
 facet normal  0.000000e+00  0.000000e+00  1.000000e+00
   outer loop
     vertex  1.376301e+01 -5.673818e+00  7.100000e-01
     vertex  1.368355e+01 -5.777371e+00  7.100000e-01
     vertex  2.500000e+01 -2.162500e+01  7.100000e-01
   endloop
 endfacet
 facet normal  0.000000e+00  0.000000e+00  1.000000e+00
   outer loop
     vertex  1.170645e+01 -3.577667e+00  7.100000e-01
     vertex  1.289699e+01 -5.673818e+00  7.100000e-01
     vertex  1.284704e+01 -5.553228e+00  7.100000e-01
   endloop
 endfacet
 facet normal  0.000000e+00  0.000000e+00  1.000000e+00
   outer loop
     vertex  1.181000e+01 -3.657127e+00  7.100000e-01
     vertex  1.284704e+01 -5.553228e+00  7.100000e-01
     vertex  1.283000e+01 -5.423818e+00  7.100000e-01
   endloop
 endfacet
 facet normal  0.000000e+00  0.000000e+00  1.000000e+00
   outer loop
     vertex  1.181000e+01 -3.657127e+00  7.100000e-01
     vertex  1.170645e+01 -3.577667e+00  7.100000e-01
     vertex  1.284704e+01 -5.553228e+00  7.100000e-01
   endloop
 endfacet
 facet normal  0.000000e+00  0.000000e+00  1.000000e+00
   outer loop
     vertex  1.162699e+01 -3.474114e+00  7.100000e-01
     vertex  5.000000e+00 -1.912500e+01  7.100000e-01
     vertex  1.289699e+01 -5.673818e+00  7.100000e-01
   endloop
 endfacet
 facet normal  0.000000e+00  0.000000e+00  1.000000e+00
   outer loop
     vertex  1.162699e+01 -3.474114e+00  7.100000e-01
     vertex  1.289699e+01 -5.673818e+00  7.100000e-01
     vertex  1.170645e+01 -3.577667e+00  7.100000e-01
   endloop
 endfacet
 facet normal  0.000000e+00  0.000000e+00  1.000000e+00
   outer loop
     vertex  1.162699e+01 -3.474114e+00  7.100000e-01
     vertex  2.460000e+00 -1.912500e+01  7.100000e-01
     vertex  5.000000e+00 -1.912500e+01  7.100000e-01
   endloop
 endfacet
 facet normal  0.000000e+00  0.000000e+00  1.000000e+00
   outer loop
     vertex  1.193059e+01 -3.707077e+00  7.100000e-01
     vertex  1.283000e+01 -5.423818e+00  7.100000e-01
     vertex  1.284704e+01 -5.294408e+00  7.100000e-01
   endloop
 endfacet
 facet normal  0.000000e+00  0.000000e+00  1.000000e+00
   outer loop
     vertex  1.193059e+01 -3.707077e+00  7.100000e-01
     vertex  1.181000e+01 -3.657127e+00  7.100000e-01
     vertex  1.283000e+01 -5.423818e+00  7.100000e-01
   endloop
 endfacet
 facet normal  0.000000e+00  0.000000e+00  1.000000e+00
   outer loop
     vertex  1.381296e+01 -5.553228e+00  7.100000e-01
     vertex  1.376301e+01 -5.673818e+00  7.100000e-01
     vertex  2.500000e+01 -2.162500e+01  7.100000e-01
   endloop
 endfacet
 facet normal  0.000000e+00  0.000000e+00  1.000000e+00
   outer loop
     vertex  1.206000e+01 -3.724114e+00  7.100000e-01
     vertex  1.284704e+01 -5.294408e+00  7.100000e-01
     vertex  1.289699e+01 -5.173818e+00  7.100000e-01
   endloop
 endfacet
 facet normal  0.000000e+00  0.000000e+00  1.000000e+00
   outer loop
     vertex  1.206000e+01 -3.724114e+00  7.100000e-01
     vertex  1.193059e+01 -3.707077e+00  7.100000e-01
     vertex  1.284704e+01 -5.294408e+00  7.100000e-01
   endloop
 endfacet
 facet normal  0.000000e+00  0.000000e+00  1.000000e+00
   outer loop
     vertex  1.383000e+01 -5.423818e+00  7.100000e-01
     vertex  1.381296e+01 -5.553228e+00  7.100000e-01
     vertex  2.500000e+01 -2.162500e+01  7.100000e-01
   endloop
 endfacet
 facet normal  0.000000e+00  0.000000e+00  1.000000e+00
   outer loop
     vertex  1.218941e+01 -3.707077e+00  7.100000e-01
     vertex  1.289699e+01 -5.173818e+00  7.100000e-01
     vertex  1.297645e+01 -5.070265e+00  7.100000e-01
   endloop
 endfacet
 facet normal  0.000000e+00  0.000000e+00  1.000000e+00
   outer loop
     vertex  1.218941e+01 -3.707077e+00  7.100000e-01
     vertex  1.206000e+01 -3.724114e+00  7.100000e-01
     vertex  1.289699e+01 -5.173818e+00  7.100000e-01
   endloop
 endfacet
 facet normal  0.000000e+00  0.000000e+00  1.000000e+00
   outer loop
     vertex  1.381296e+01 -5.294408e+00  7.100000e-01
     vertex  1.383000e+01 -5.423818e+00  7.100000e-01
     vertex  2.500000e+01 -2.162500e+01  7.100000e-01
   endloop
 endfacet
 facet normal  0.000000e+00  0.000000e+00  1.000000e+00
   outer loop
     vertex  1.376301e+01 -5.173818e+00  7.100000e-01
     vertex  1.381296e+01 -5.294408e+00  7.100000e-01
     vertex  2.500000e+01 -2.162500e+01  7.100000e-01
   endloop
 endfacet
 facet normal  0.000000e+00  0.000000e+00  1.000000e+00
   outer loop
     vertex  1.231000e+01 -3.657127e+00  7.100000e-01
     vertex  1.297645e+01 -5.070265e+00  7.100000e-01
     vertex  1.308000e+01 -4.990805e+00  7.100000e-01
   endloop
 endfacet
 facet normal  0.000000e+00  0.000000e+00  1.000000e+00
   outer loop
     vertex  1.231000e+01 -3.657127e+00  7.100000e-01
     vertex  1.218941e+01 -3.707077e+00  7.100000e-01
     vertex  1.297645e+01 -5.070265e+00  7.100000e-01
   endloop
 endfacet
 facet normal  0.000000e+00  0.000000e+00  1.000000e+00
   outer loop
     vertex  1.241355e+01 -3.577667e+00  7.100000e-01
     vertex  1.308000e+01 -4.990805e+00  7.100000e-01
     vertex  1.320059e+01 -4.940855e+00  7.100000e-01
   endloop
 endfacet
 facet normal  0.000000e+00  0.000000e+00  1.000000e+00
   outer loop
     vertex  1.241355e+01 -3.577667e+00  7.100000e-01
     vertex  1.231000e+01 -3.657127e+00  7.100000e-01
     vertex  1.308000e+01 -4.990805e+00  7.100000e-01
   endloop
 endfacet
 facet normal  0.000000e+00  0.000000e+00  1.000000e+00
   outer loop
     vertex  1.249301e+01 -3.474114e+00  7.100000e-01
     vertex  1.241355e+01 -3.577667e+00  7.100000e-01
     vertex  1.320059e+01 -4.940855e+00  7.100000e-01
   endloop
 endfacet
 facet normal  0.000000e+00  0.000000e+00  1.000000e+00
   outer loop
     vertex  1.249301e+01 -3.474114e+00  7.100000e-01
     vertex  1.320059e+01 -4.940855e+00  7.100000e-01
     vertex  1.333000e+01 -4.923818e+00  7.100000e-01
   endloop
 endfacet
 facet normal  0.000000e+00  0.000000e+00  1.000000e+00
   outer loop
     vertex  1.043645e+01 -1.377962e+00  7.100000e-01
     vertex  1.157704e+01 -3.353524e+00  7.100000e-01
     vertex  1.156000e+01 -3.224114e+00  7.100000e-01
   endloop
 endfacet
 facet normal  0.000000e+00  0.000000e+00  1.000000e+00
   outer loop
     vertex  1.054000e+01 -1.457422e+00  7.100000e-01
     vertex  1.043645e+01 -1.377962e+00  7.100000e-01
     vertex  1.156000e+01 -3.224114e+00  7.100000e-01
   endloop
 endfacet
 facet normal  0.000000e+00  0.000000e+00  1.000000e+00
   outer loop
     vertex  1.054000e+01 -1.457422e+00  7.100000e-01
     vertex  1.156000e+01 -3.224114e+00  7.100000e-01
     vertex  1.157704e+01 -3.094704e+00  7.100000e-01
   endloop
 endfacet
 facet normal  0.000000e+00  0.000000e+00  1.000000e+00
   outer loop
     vertex  1.035699e+01 -1.274409e+00  7.100000e-01
     vertex -1.035699e+01 -1.024409e+00  7.100000e-01
     vertex -8.000000e-02 -1.912500e+01  7.100000e-01
   endloop
 endfacet
 facet normal  0.000000e+00  0.000000e+00  1.000000e+00
   outer loop
     vertex  1.035699e+01 -1.274409e+00  7.100000e-01
     vertex  1.157704e+01 -3.353524e+00  7.100000e-01
     vertex  1.043645e+01 -1.377962e+00  7.100000e-01
   endloop
 endfacet
 facet normal  0.000000e+00  0.000000e+00  1.000000e+00
   outer loop
     vertex  1.035699e+01 -1.274409e+00  7.100000e-01
     vertex  1.162699e+01 -3.474114e+00  7.100000e-01
     vertex  1.157704e+01 -3.353524e+00  7.100000e-01
   endloop
 endfacet
 facet normal  0.000000e+00  0.000000e+00  1.000000e+00
   outer loop
     vertex  1.035699e+01 -1.274409e+00  7.100000e-01
     vertex -8.000000e-02 -1.912500e+01  7.100000e-01
     vertex  2.460000e+00 -1.912500e+01  7.100000e-01
   endloop
 endfacet
 facet normal  0.000000e+00  0.000000e+00  1.000000e+00
   outer loop
     vertex  1.035699e+01 -1.274409e+00  7.100000e-01
     vertex  2.460000e+00 -1.912500e+01  7.100000e-01
     vertex  1.162699e+01 -3.474114e+00  7.100000e-01
   endloop
 endfacet
 facet normal  0.000000e+00  0.000000e+00  1.000000e+00
   outer loop
     vertex  1.066059e+01 -1.507372e+00  7.100000e-01
     vertex  1.054000e+01 -1.457422e+00  7.100000e-01
     vertex  1.157704e+01 -3.094704e+00  7.100000e-01
   endloop
 endfacet
 facet normal  0.000000e+00  0.000000e+00  1.000000e+00
   outer loop
     vertex  1.066059e+01 -1.507372e+00  7.100000e-01
     vertex  1.157704e+01 -3.094704e+00  7.100000e-01
     vertex  1.162699e+01 -2.974114e+00  7.100000e-01
   endloop
 endfacet
 facet normal  0.000000e+00  0.000000e+00  1.000000e+00
   outer loop
     vertex  1.254296e+01 -3.353524e+00  7.100000e-01
     vertex  1.249301e+01 -3.474114e+00  7.100000e-01
     vertex  1.333000e+01 -4.923818e+00  7.100000e-01
   endloop
 endfacet
 facet normal  0.000000e+00  0.000000e+00  1.000000e+00
   outer loop
     vertex  1.254296e+01 -3.353524e+00  7.100000e-01
     vertex  1.333000e+01 -4.923818e+00  7.100000e-01
     vertex  1.345941e+01 -4.940855e+00  7.100000e-01
   endloop
 endfacet
 facet normal  0.000000e+00  0.000000e+00  1.000000e+00
   outer loop
     vertex  1.079000e+01 -1.524409e+00  7.100000e-01
     vertex  1.066059e+01 -1.507372e+00  7.100000e-01
     vertex  1.162699e+01 -2.974114e+00  7.100000e-01
   endloop
 endfacet
 facet normal  0.000000e+00  0.000000e+00  1.000000e+00
   outer loop
     vertex  1.079000e+01 -1.524409e+00  7.100000e-01
     vertex  1.162699e+01 -2.974114e+00  7.100000e-01
     vertex  1.170645e+01 -2.870561e+00  7.100000e-01
   endloop
 endfacet
 facet normal  0.000000e+00  0.000000e+00  1.000000e+00
   outer loop
     vertex  1.256000e+01 -3.224114e+00  7.100000e-01
     vertex  1.254296e+01 -3.353524e+00  7.100000e-01
     vertex  1.345941e+01 -4.940855e+00  7.100000e-01
   endloop
 endfacet
 facet normal  0.000000e+00  0.000000e+00  1.000000e+00
   outer loop
     vertex  1.256000e+01 -3.224114e+00  7.100000e-01
     vertex  1.345941e+01 -4.940855e+00  7.100000e-01
     vertex  1.358000e+01 -4.990805e+00  7.100000e-01
   endloop
 endfacet
 facet normal  0.000000e+00  0.000000e+00  1.000000e+00
   outer loop
     vertex  1.091941e+01 -1.507372e+00  7.100000e-01
     vertex  1.079000e+01 -1.524409e+00  7.100000e-01
     vertex  1.170645e+01 -2.870561e+00  7.100000e-01
   endloop
 endfacet
 facet normal  0.000000e+00  0.000000e+00  1.000000e+00
   outer loop
     vertex  1.091941e+01 -1.507372e+00  7.100000e-01
     vertex  1.170645e+01 -2.870561e+00  7.100000e-01
     vertex  1.181000e+01 -2.791101e+00  7.100000e-01
   endloop
 endfacet
 facet normal  0.000000e+00  0.000000e+00  1.000000e+00
   outer loop
     vertex  1.254296e+01 -3.094704e+00  7.100000e-01
     vertex  1.256000e+01 -3.224114e+00  7.100000e-01
     vertex  1.358000e+01 -4.990805e+00  7.100000e-01
   endloop
 endfacet
 facet normal  0.000000e+00  0.000000e+00  1.000000e+00
   outer loop
     vertex  1.254296e+01 -3.094704e+00  7.100000e-01
     vertex  1.358000e+01 -4.990805e+00  7.100000e-01
     vertex  1.368355e+01 -5.070265e+00  7.100000e-01
   endloop
 endfacet
 facet normal  0.000000e+00  0.000000e+00  1.000000e+00
   outer loop
     vertex  1.249301e+01 -2.974114e+00  7.100000e-01
     vertex  1.254296e+01 -3.094704e+00  7.100000e-01
     vertex  1.368355e+01 -5.070265e+00  7.100000e-01
   endloop
 endfacet
 facet normal  0.000000e+00  0.000000e+00  1.000000e+00
   outer loop
     vertex  1.249301e+01 -2.974114e+00  7.100000e-01
     vertex  1.368355e+01 -5.070265e+00  7.100000e-01
     vertex  1.376301e+01 -5.173818e+00  7.100000e-01
   endloop
 endfacet
 facet normal  0.000000e+00  0.000000e+00  1.000000e+00
   outer loop
     vertex  1.104000e+01 -1.457422e+00  7.100000e-01
     vertex  1.091941e+01 -1.507372e+00  7.100000e-01
     vertex  1.181000e+01 -2.791101e+00  7.100000e-01
   endloop
 endfacet
 facet normal  0.000000e+00  0.000000e+00  1.000000e+00
   outer loop
     vertex  1.104000e+01 -1.457422e+00  7.100000e-01
     vertex  1.181000e+01 -2.791101e+00  7.100000e-01
     vertex  1.193059e+01 -2.741151e+00  7.100000e-01
   endloop
 endfacet
 facet normal  0.000000e+00  0.000000e+00  1.000000e+00
   outer loop
     vertex  1.114355e+01 -1.377962e+00  7.100000e-01
     vertex  1.104000e+01 -1.457422e+00  7.100000e-01
     vertex  1.193059e+01 -2.741151e+00  7.100000e-01
   endloop
 endfacet
 facet normal  0.000000e+00  0.000000e+00  1.000000e+00
   outer loop
     vertex  1.114355e+01 -1.377962e+00  7.100000e-01
     vertex  1.193059e+01 -2.741151e+00  7.100000e-01
     vertex  1.206000e+01 -2.724114e+00  7.100000e-01
   endloop
 endfacet
 facet normal  0.000000e+00  0.000000e+00  1.000000e+00
   outer loop
     vertex  1.122301e+01 -1.274409e+00  7.100000e-01
     vertex  1.114355e+01 -1.377962e+00  7.100000e-01
     vertex  1.206000e+01 -2.724114e+00  7.100000e-01
   endloop
 endfacet
 facet normal  0.000000e+00  0.000000e+00  1.000000e+00
   outer loop
     vertex  1.122301e+01 -1.274409e+00  7.100000e-01
     vertex  1.206000e+01 -2.724114e+00  7.100000e-01
     vertex  1.218941e+01 -2.741151e+00  7.100000e-01
   endloop
 endfacet
 facet normal  0.000000e+00  0.000000e+00  1.000000e+00
   outer loop
     vertex  9.166447e+00  8.217416e-01  7.100000e-01
     vertex  1.035699e+01 -1.274409e+00  7.100000e-01
     vertex  1.030704e+01 -1.153819e+00  7.100000e-01
   endloop
 endfacet
 facet normal  0.000000e+00  0.000000e+00  1.000000e+00
   outer loop
     vertex  9.270000e+00  7.422823e-01  7.100000e-01
     vertex  9.166447e+00  8.217416e-01  7.100000e-01
     vertex  1.030704e+01 -1.153819e+00  7.100000e-01
   endloop
 endfacet
 facet normal  0.000000e+00  0.000000e+00  1.000000e+00
   outer loop
     vertex  9.270000e+00  7.422823e-01  7.100000e-01
     vertex  1.030704e+01 -1.153819e+00  7.100000e-01
     vertex  1.029000e+01 -1.024409e+00  7.100000e-01
   endloop
 endfacet
 facet normal  0.000000e+00  0.000000e+00  1.000000e+00
   outer loop
     vertex  9.086987e+00  9.252950e-01  7.100000e-01
     vertex  1.035699e+01 -1.274409e+00  7.100000e-01
     vertex  9.166447e+00  8.217416e-01  7.100000e-01
   endloop
 endfacet
 facet normal  0.000000e+00  0.000000e+00  1.000000e+00
   outer loop
     vertex  9.086987e+00  9.252950e-01  7.100000e-01
     vertex -9.086987e+00  1.175295e+00  7.100000e-01
     vertex -1.035699e+01 -1.024409e+00  7.100000e-01
   endloop
 endfacet
 facet normal  0.000000e+00  0.000000e+00  1.000000e+00
   outer loop
     vertex  9.086987e+00  9.252950e-01  7.100000e-01
     vertex -1.035699e+01 -1.024409e+00  7.100000e-01
     vertex  1.035699e+01 -1.274409e+00  7.100000e-01
   endloop
 endfacet
 facet normal  0.000000e+00  0.000000e+00  1.000000e+00
   outer loop
     vertex  9.390590e+00  6.923321e-01  7.100000e-01
     vertex  9.270000e+00  7.422823e-01  7.100000e-01
     vertex  1.029000e+01 -1.024409e+00  7.100000e-01
   endloop
 endfacet
 facet normal  0.000000e+00  0.000000e+00  1.000000e+00
   outer loop
     vertex  9.390590e+00  6.923321e-01  7.100000e-01
     vertex  1.029000e+01 -1.024409e+00  7.100000e-01
     vertex  1.030704e+01 -8.949995e-01  7.100000e-01
   endloop
 endfacet
 facet normal  0.000000e+00  0.000000e+00  1.000000e+00
   outer loop
     vertex  1.127296e+01 -1.153819e+00  7.100000e-01
     vertex  1.218941e+01 -2.741151e+00  7.100000e-01
     vertex  1.231000e+01 -2.791101e+00  7.100000e-01
   endloop
 endfacet
 facet normal  0.000000e+00  0.000000e+00  1.000000e+00
   outer loop
     vertex  1.127296e+01 -1.153819e+00  7.100000e-01
     vertex  1.122301e+01 -1.274409e+00  7.100000e-01
     vertex  1.218941e+01 -2.741151e+00  7.100000e-01
   endloop
 endfacet
 facet normal  0.000000e+00  0.000000e+00  1.000000e+00
   outer loop
     vertex  9.520000e+00  6.752950e-01  7.100000e-01
     vertex  9.390590e+00  6.923321e-01  7.100000e-01
     vertex  1.030704e+01 -8.949995e-01  7.100000e-01
   endloop
 endfacet
 facet normal  0.000000e+00  0.000000e+00  1.000000e+00
   outer loop
     vertex  9.520000e+00  6.752950e-01  7.100000e-01
     vertex  1.030704e+01 -8.949995e-01  7.100000e-01
     vertex  1.035699e+01 -7.744090e-01  7.100000e-01
   endloop
 endfacet
 facet normal  0.000000e+00  0.000000e+00  1.000000e+00
   outer loop
     vertex  1.129000e+01 -1.024409e+00  7.100000e-01
     vertex  1.127296e+01 -1.153819e+00  7.100000e-01
     vertex  1.231000e+01 -2.791101e+00  7.100000e-01
   endloop
 endfacet
 facet normal  0.000000e+00  0.000000e+00  1.000000e+00
   outer loop
     vertex  1.129000e+01 -1.024409e+00  7.100000e-01
     vertex  1.231000e+01 -2.791101e+00  7.100000e-01
     vertex  1.241355e+01 -2.870561e+00  7.100000e-01
   endloop
 endfacet
 facet normal  0.000000e+00  0.000000e+00  1.000000e+00
   outer loop
     vertex  9.649410e+00  6.923321e-01  7.100000e-01
     vertex  9.520000e+00  6.752950e-01  7.100000e-01
     vertex  1.035699e+01 -7.744090e-01  7.100000e-01
   endloop
 endfacet
 facet normal  0.000000e+00  0.000000e+00  1.000000e+00
   outer loop
     vertex  9.649410e+00  6.923321e-01  7.100000e-01
     vertex  1.035699e+01 -7.744090e-01  7.100000e-01
     vertex  1.043645e+01 -6.708556e-01  7.100000e-01
   endloop
 endfacet
 facet normal  0.000000e+00  0.000000e+00  1.000000e+00
   outer loop
     vertex  1.127296e+01 -8.949995e-01  7.100000e-01
     vertex  1.241355e+01 -2.870561e+00  7.100000e-01
     vertex  1.249301e+01 -2.974114e+00  7.100000e-01
   endloop
 endfacet
 facet normal  0.000000e+00  0.000000e+00  1.000000e+00
   outer loop
     vertex  1.127296e+01 -8.949995e-01  7.100000e-01
     vertex  1.129000e+01 -1.024409e+00  7.100000e-01
     vertex  1.241355e+01 -2.870561e+00  7.100000e-01
   endloop
 endfacet
 facet normal  0.000000e+00  0.000000e+00  1.000000e+00
   outer loop
     vertex  1.122301e+01 -7.744090e-01  7.100000e-01
     vertex  1.127296e+01 -8.949995e-01  7.100000e-01
     vertex  1.249301e+01 -2.974114e+00  7.100000e-01
   endloop
 endfacet
 facet normal  0.000000e+00  0.000000e+00  1.000000e+00
   outer loop
     vertex  9.770000e+00  7.422823e-01  7.100000e-01
     vertex  9.649410e+00  6.923321e-01  7.100000e-01
     vertex  1.043645e+01 -6.708556e-01  7.100000e-01
   endloop
 endfacet
 facet normal  0.000000e+00  0.000000e+00  1.000000e+00
   outer loop
     vertex  9.770000e+00  7.422823e-01  7.100000e-01
     vertex  1.043645e+01 -6.708556e-01  7.100000e-01
     vertex  1.054000e+01 -5.913963e-01  7.100000e-01
   endloop
 endfacet
 facet normal  0.000000e+00  0.000000e+00  1.000000e+00
   outer loop
     vertex  9.873553e+00  8.217416e-01  7.100000e-01
     vertex  9.770000e+00  7.422823e-01  7.100000e-01
     vertex  1.054000e+01 -5.913963e-01  7.100000e-01
   endloop
 endfacet
 facet normal  0.000000e+00  0.000000e+00  1.000000e+00
   outer loop
     vertex  9.873553e+00  8.217416e-01  7.100000e-01
     vertex  1.054000e+01 -5.913963e-01  7.100000e-01
     vertex  1.066059e+01 -5.414461e-01  7.100000e-01
   endloop
 endfacet
 facet normal  0.000000e+00  0.000000e+00  1.000000e+00
   outer loop
     vertex  9.953013e+00  9.252950e-01  7.100000e-01
     vertex  1.066059e+01 -5.414461e-01  7.100000e-01
     vertex  1.079000e+01 -5.244090e-01  7.100000e-01
   endloop
 endfacet
 facet normal  0.000000e+00  0.000000e+00  1.000000e+00
   outer loop
     vertex  9.953013e+00  9.252950e-01  7.100000e-01
     vertex  9.873553e+00  8.217416e-01  7.100000e-01
     vertex  1.066059e+01 -5.414461e-01  7.100000e-01
   endloop
 endfacet
 facet normal  0.000000e+00  0.000000e+00  1.000000e+00
   outer loop
     vertex  7.896447e+00  3.021447e+00  7.100000e-01
     vertex  9.037037e+00  1.045885e+00  7.100000e-01
     vertex  9.020000e+00  1.175295e+00  7.100000e-01
   endloop
 endfacet
 facet normal  0.000000e+00  0.000000e+00  1.000000e+00
   outer loop
     vertex  8.000000e+00  2.941987e+00  7.100000e-01
     vertex  7.896447e+00  3.021447e+00  7.100000e-01
     vertex  9.020000e+00  1.175295e+00  7.100000e-01
   endloop
 endfacet
 facet normal  0.000000e+00  0.000000e+00  1.000000e+00
   outer loop
     vertex  8.000000e+00  2.941987e+00  7.100000e-01
     vertex  9.020000e+00  1.175295e+00  7.100000e-01
     vertex  9.037037e+00  1.304705e+00  7.100000e-01
   endloop
 endfacet
 facet normal  0.000000e+00  0.000000e+00  1.000000e+00
   outer loop
     vertex  7.816987e+00  3.125000e+00  7.100000e-01
     vertex  9.037037e+00  1.045885e+00  7.100000e-01
     vertex  7.896447e+00  3.021447e+00  7.100000e-01
   endloop
 endfacet
 facet normal  0.000000e+00  0.000000e+00  1.000000e+00
   outer loop
     vertex  7.816987e+00  3.125000e+00  7.100000e-01
     vertex -7.816987e+00  3.375000e+00  7.100000e-01
     vertex -9.086987e+00  1.175295e+00  7.100000e-01
   endloop
 endfacet
 facet normal  0.000000e+00  0.000000e+00  1.000000e+00
   outer loop
     vertex  7.816987e+00  3.125000e+00  7.100000e-01
     vertex  9.086987e+00  9.252950e-01  7.100000e-01
     vertex  9.037037e+00  1.045885e+00  7.100000e-01
   endloop
 endfacet
 facet normal  0.000000e+00  0.000000e+00  1.000000e+00
   outer loop
     vertex  7.816987e+00  3.125000e+00  7.100000e-01
     vertex -9.086987e+00  1.175295e+00  7.100000e-01
     vertex  9.086987e+00  9.252950e-01  7.100000e-01
   endloop
 endfacet
 facet normal  0.000000e+00  0.000000e+00  1.000000e+00
   outer loop
     vertex  8.120590e+00  2.892037e+00  7.100000e-01
     vertex  9.037037e+00  1.304705e+00  7.100000e-01
     vertex  9.086987e+00  1.425295e+00  7.100000e-01
   endloop
 endfacet
 facet normal  0.000000e+00  0.000000e+00  1.000000e+00
   outer loop
     vertex  8.120590e+00  2.892037e+00  7.100000e-01
     vertex  8.000000e+00  2.941987e+00  7.100000e-01
     vertex  9.037037e+00  1.304705e+00  7.100000e-01
   endloop
 endfacet
 facet normal  0.000000e+00  0.000000e+00  1.000000e+00
   outer loop
     vertex  7.767037e+00  3.245590e+00  7.100000e-01
     vertex -7.767037e+00  3.495590e+00  7.100000e-01
     vertex -7.816987e+00  3.375000e+00  7.100000e-01
   endloop
 endfacet
 facet normal  0.000000e+00  0.000000e+00  1.000000e+00
   outer loop
     vertex  7.767037e+00  3.245590e+00  7.100000e-01
     vertex -7.816987e+00  3.375000e+00  7.100000e-01
     vertex  7.816987e+00  3.125000e+00  7.100000e-01
   endloop
 endfacet
 facet normal  0.000000e+00  0.000000e+00  1.000000e+00
   outer loop
     vertex  1.000296e+01  1.045885e+00  7.100000e-01
     vertex  1.079000e+01 -5.244090e-01  7.100000e-01
     vertex  1.091941e+01 -5.414461e-01  7.100000e-01
   endloop
 endfacet
 facet normal  0.000000e+00  0.000000e+00  1.000000e+00
   outer loop
     vertex  1.000296e+01  1.045885e+00  7.100000e-01
     vertex  9.953013e+00  9.252950e-01  7.100000e-01
     vertex  1.079000e+01 -5.244090e-01  7.100000e-01
   endloop
 endfacet
 facet normal  0.000000e+00  0.000000e+00  1.000000e+00
   outer loop
     vertex  8.250000e+00  2.875000e+00  7.100000e-01
     vertex  9.086987e+00  1.425295e+00  7.100000e-01
     vertex  9.166447e+00  1.528848e+00  7.100000e-01
   endloop
 endfacet
 facet normal  0.000000e+00  0.000000e+00  1.000000e+00
   outer loop
     vertex  8.250000e+00  2.875000e+00  7.100000e-01
     vertex  8.120590e+00  2.892037e+00  7.100000e-01
     vertex  9.086987e+00  1.425295e+00  7.100000e-01
   endloop
 endfacet
 facet normal  0.000000e+00  0.000000e+00  1.000000e+00
   outer loop
     vertex  7.750000e+00  3.375000e+00  7.100000e-01
     vertex -7.767037e+00  3.495590e+00  7.100000e-01
     vertex  7.767037e+00  3.245590e+00  7.100000e-01
   endloop
 endfacet
 facet normal  0.000000e+00  0.000000e+00  1.000000e+00
   outer loop
     vertex  7.750000e+00  3.375000e+00  7.100000e-01
     vertex -7.750000e+00  3.625000e+00  7.100000e-01
     vertex -7.767037e+00  3.495590e+00  7.100000e-01
   endloop
 endfacet
 facet normal  0.000000e+00  0.000000e+00  1.000000e+00
   outer loop
     vertex  1.002000e+01  1.175295e+00  7.100000e-01
     vertex  1.091941e+01 -5.414461e-01  7.100000e-01
     vertex  1.104000e+01 -5.913963e-01  7.100000e-01
   endloop
 endfacet
 facet normal  0.000000e+00  0.000000e+00  1.000000e+00
   outer loop
     vertex  1.002000e+01  1.175295e+00  7.100000e-01
     vertex  1.000296e+01  1.045885e+00  7.100000e-01
     vertex  1.091941e+01 -5.414461e-01  7.100000e-01
   endloop
 endfacet
 facet normal  0.000000e+00  0.000000e+00  1.000000e+00
   outer loop
     vertex  7.767037e+00  3.504410e+00  7.100000e-01
     vertex -7.767037e+00  3.754410e+00  7.100000e-01
     vertex -7.750000e+00  3.625000e+00  7.100000e-01
   endloop
 endfacet
 facet normal  0.000000e+00  0.000000e+00  1.000000e+00
   outer loop
     vertex  7.767037e+00  3.504410e+00  7.100000e-01
     vertex -7.750000e+00  3.625000e+00  7.100000e-01
     vertex  7.750000e+00  3.375000e+00  7.100000e-01
   endloop
 endfacet
 facet normal  0.000000e+00  0.000000e+00  1.000000e+00
   outer loop
     vertex  8.379410e+00  2.892037e+00  7.100000e-01
     vertex  9.166447e+00  1.528848e+00  7.100000e-01
     vertex  9.270000e+00  1.608308e+00  7.100000e-01
   endloop
 endfacet
 facet normal  0.000000e+00  0.000000e+00  1.000000e+00
   outer loop
     vertex  8.379410e+00  2.892037e+00  7.100000e-01
     vertex  8.250000e+00  2.875000e+00  7.100000e-01
     vertex  9.166447e+00  1.528848e+00  7.100000e-01
   endloop
 endfacet
 facet normal  0.000000e+00  0.000000e+00  1.000000e+00
   outer loop
     vertex  1.000296e+01  1.304705e+00  7.100000e-01
     vertex  1.104000e+01 -5.913963e-01  7.100000e-01
     vertex  1.114355e+01 -6.708556e-01  7.100000e-01
   endloop
 endfacet
 facet normal  0.000000e+00  0.000000e+00  1.000000e+00
   outer loop
     vertex  1.000296e+01  1.304705e+00  7.100000e-01
     vertex  1.002000e+01  1.175295e+00  7.100000e-01
     vertex  1.104000e+01 -5.913963e-01  7.100000e-01
   endloop
 endfacet
 facet normal  0.000000e+00  0.000000e+00  1.000000e+00
   outer loop
     vertex  9.953013e+00  1.425295e+00  7.100000e-01
     vertex  1.114355e+01 -6.708556e-01  7.100000e-01
     vertex  1.122301e+01 -7.744090e-01  7.100000e-01
   endloop
 endfacet
 facet normal  0.000000e+00  0.000000e+00  1.000000e+00
   outer loop
     vertex  9.953013e+00  1.425295e+00  7.100000e-01
     vertex  1.000296e+01  1.304705e+00  7.100000e-01
     vertex  1.114355e+01 -6.708556e-01  7.100000e-01
   endloop
 endfacet
 facet normal  0.000000e+00  0.000000e+00  1.000000e+00
   outer loop
     vertex  7.816987e+00  3.625000e+00  7.100000e-01
     vertex -7.767037e+00  3.754410e+00  7.100000e-01
     vertex  7.767037e+00  3.504410e+00  7.100000e-01
   endloop
 endfacet
 facet normal  0.000000e+00  0.000000e+00  1.000000e+00
   outer loop
     vertex  7.816987e+00  3.625000e+00  7.100000e-01
     vertex -7.816987e+00  3.875000e+00  7.100000e-01
     vertex -7.767037e+00  3.754410e+00  7.100000e-01
   endloop
 endfacet
 facet normal  0.000000e+00  0.000000e+00  1.000000e+00
   outer loop
     vertex  8.500000e+00  2.941987e+00  7.100000e-01
     vertex  9.270000e+00  1.608308e+00  7.100000e-01
     vertex  9.390590e+00  1.658258e+00  7.100000e-01
   endloop
 endfacet
 facet normal  0.000000e+00  0.000000e+00  1.000000e+00
   outer loop
     vertex  8.500000e+00  2.941987e+00  7.100000e-01
     vertex  8.379410e+00  2.892037e+00  7.100000e-01
     vertex  9.270000e+00  1.608308e+00  7.100000e-01
   endloop
 endfacet
 facet normal  0.000000e+00  0.000000e+00  1.000000e+00
   outer loop
     vertex  7.896447e+00  3.728553e+00  7.100000e-01
     vertex -7.896447e+00  3.978553e+00  7.100000e-01
     vertex -7.816987e+00  3.875000e+00  7.100000e-01
   endloop
 endfacet
 facet normal  0.000000e+00  0.000000e+00  1.000000e+00
   outer loop
     vertex  7.896447e+00  3.728553e+00  7.100000e-01
     vertex -7.816987e+00  3.875000e+00  7.100000e-01
     vertex  7.816987e+00  3.625000e+00  7.100000e-01
   endloop
 endfacet
 facet normal  0.000000e+00  0.000000e+00  1.000000e+00
   outer loop
     vertex  8.603553e+00  3.021447e+00  7.100000e-01
     vertex  9.390590e+00  1.658258e+00  7.100000e-01
     vertex  9.520000e+00  1.675295e+00  7.100000e-01
   endloop
 endfacet
 facet normal  0.000000e+00  0.000000e+00  1.000000e+00
   outer loop
     vertex  8.603553e+00  3.021447e+00  7.100000e-01
     vertex  8.500000e+00  2.941987e+00  7.100000e-01
     vertex  9.390590e+00  1.658258e+00  7.100000e-01
   endloop
 endfacet
 facet normal  0.000000e+00  0.000000e+00  1.000000e+00
   outer loop
     vertex  8.683013e+00  3.125000e+00  7.100000e-01
     vertex  9.520000e+00  1.675295e+00  7.100000e-01
     vertex  9.649410e+00  1.658258e+00  7.100000e-01
   endloop
 endfacet
 facet normal  0.000000e+00  0.000000e+00  1.000000e+00
   outer loop
     vertex  8.683013e+00  3.125000e+00  7.100000e-01
     vertex  8.603553e+00  3.021447e+00  7.100000e-01
     vertex  9.520000e+00  1.675295e+00  7.100000e-01
   endloop
 endfacet
 facet normal  0.000000e+00  0.000000e+00  1.000000e+00
   outer loop
     vertex  8.732963e+00  3.245590e+00  7.100000e-01
     vertex  9.649410e+00  1.658258e+00  7.100000e-01
     vertex  9.770000e+00  1.608308e+00  7.100000e-01
   endloop
 endfacet
 facet normal  0.000000e+00  0.000000e+00  1.000000e+00
   outer loop
     vertex  8.732963e+00  3.245590e+00  7.100000e-01
     vertex  8.683013e+00  3.125000e+00  7.100000e-01
     vertex  9.649410e+00  1.658258e+00  7.100000e-01
   endloop
 endfacet
 facet normal  0.000000e+00  0.000000e+00  1.000000e+00
   outer loop
     vertex  8.750000e+00  3.375000e+00  7.100000e-01
     vertex  9.770000e+00  1.608308e+00  7.100000e-01
     vertex  9.873553e+00  1.528848e+00  7.100000e-01
   endloop
 endfacet
 facet normal  0.000000e+00  0.000000e+00  1.000000e+00
   outer loop
     vertex  8.750000e+00  3.375000e+00  7.100000e-01
     vertex  8.732963e+00  3.245590e+00  7.100000e-01
     vertex  9.770000e+00  1.608308e+00  7.100000e-01
   endloop
 endfacet
 facet normal  0.000000e+00  0.000000e+00  1.000000e+00
   outer loop
     vertex  8.732963e+00  3.504410e+00  7.100000e-01
     vertex  8.750000e+00  3.375000e+00  7.100000e-01
     vertex  9.873553e+00  1.528848e+00  7.100000e-01
   endloop
 endfacet
 facet normal  0.000000e+00  0.000000e+00  1.000000e+00
   outer loop
     vertex  8.732963e+00  3.504410e+00  7.100000e-01
     vertex  9.873553e+00  1.528848e+00  7.100000e-01
     vertex  9.953013e+00  1.425295e+00  7.100000e-01
   endloop
 endfacet
 facet normal  0.000000e+00  0.000000e+00  1.000000e+00
   outer loop
     vertex  8.683013e+00  3.625000e+00  7.100000e-01
     vertex  8.732963e+00  3.504410e+00  7.100000e-01
     vertex  9.953013e+00  1.425295e+00  7.100000e-01
   endloop
 endfacet
 facet normal  0.000000e+00  0.000000e+00  1.000000e+00
   outer loop
     vertex  0.000000e+00  2.162500e+01  7.100000e-01
     vertex -8.683013e+00  3.875000e+00  7.100000e-01
     vertex -8.603553e+00  3.978553e+00  7.100000e-01
   endloop
 endfacet
 facet normal  0.000000e+00  0.000000e+00  1.000000e+00
   outer loop
     vertex  0.000000e+00  2.162500e+01  7.100000e-01
     vertex -8.603553e+00  3.978553e+00  7.100000e-01
     vertex -8.500000e+00  4.058013e+00  7.100000e-01
   endloop
 endfacet
 facet normal  0.000000e+00  0.000000e+00  1.000000e+00
   outer loop
     vertex  0.000000e+00  2.162500e+01  7.100000e-01
     vertex -8.500000e+00  4.058013e+00  7.100000e-01
     vertex -8.379410e+00  4.107963e+00  7.100000e-01
   endloop
 endfacet
 facet normal  0.000000e+00  0.000000e+00  1.000000e+00
   outer loop
     vertex  0.000000e+00  2.162500e+01  7.100000e-01
     vertex -8.379410e+00  4.107963e+00  7.100000e-01
     vertex -8.250000e+00  4.125000e+00  7.100000e-01
   endloop
 endfacet
 facet normal  0.000000e+00  0.000000e+00  1.000000e+00
   outer loop
     vertex  0.000000e+00  2.162500e+01  7.100000e-01
     vertex -8.250000e+00  4.125000e+00  7.100000e-01
     vertex -8.120590e+00  4.107963e+00  7.100000e-01
   endloop
 endfacet
 facet normal  0.000000e+00  0.000000e+00  1.000000e+00
   outer loop
     vertex  0.000000e+00  2.162500e+01  7.100000e-01
     vertex -8.120590e+00  4.107963e+00  7.100000e-01
     vertex -8.000000e+00  4.058013e+00  7.100000e-01
   endloop
 endfacet
 facet normal  0.000000e+00  0.000000e+00  1.000000e+00
   outer loop
     vertex  0.000000e+00  2.162500e+01  7.100000e-01
     vertex -8.000000e+00  4.058013e+00  7.100000e-01
     vertex -7.896447e+00  3.978553e+00  7.100000e-01
   endloop
 endfacet
 facet normal  0.000000e+00  0.000000e+00  1.000000e+00
   outer loop
     vertex  0.000000e+00  2.162500e+01  7.100000e-01
     vertex  7.896447e+00  3.728553e+00  7.100000e-01
     vertex  8.000000e+00  3.808013e+00  7.100000e-01
   endloop
 endfacet
 facet normal  0.000000e+00  0.000000e+00  1.000000e+00
   outer loop
     vertex  0.000000e+00  2.162500e+01  7.100000e-01
     vertex  8.000000e+00  3.808013e+00  7.100000e-01
     vertex  8.120590e+00  3.857963e+00  7.100000e-01
   endloop
 endfacet
 facet normal  0.000000e+00  0.000000e+00  1.000000e+00
   outer loop
     vertex  0.000000e+00  2.162500e+01  7.100000e-01
     vertex  8.120590e+00  3.857963e+00  7.100000e-01
     vertex  8.250000e+00  3.875000e+00  7.100000e-01
   endloop
 endfacet
 facet normal  0.000000e+00  0.000000e+00  1.000000e+00
   outer loop
     vertex  0.000000e+00  2.162500e+01  7.100000e-01
     vertex  8.250000e+00  3.875000e+00  7.100000e-01
     vertex  8.379410e+00  3.857963e+00  7.100000e-01
   endloop
 endfacet
 facet normal  0.000000e+00  0.000000e+00  1.000000e+00
   outer loop
     vertex  0.000000e+00  2.162500e+01  7.100000e-01
     vertex  8.379410e+00  3.857963e+00  7.100000e-01
     vertex  8.500000e+00  3.808013e+00  7.100000e-01
   endloop
 endfacet
 facet normal  0.000000e+00  0.000000e+00  1.000000e+00
   outer loop
     vertex  0.000000e+00  2.162500e+01  7.100000e-01
     vertex  8.500000e+00  3.808013e+00  7.100000e-01
     vertex  8.603553e+00  3.728553e+00  7.100000e-01
   endloop
 endfacet
 facet normal  0.000000e+00  0.000000e+00  1.000000e+00
   outer loop
     vertex  0.000000e+00  2.162500e+01  7.100000e-01
     vertex  8.603553e+00  3.728553e+00  7.100000e-01
     vertex  8.683013e+00  3.625000e+00  7.100000e-01
   endloop
 endfacet
 facet normal  0.000000e+00  0.000000e+00  1.000000e+00
   outer loop
     vertex  0.000000e+00  2.162500e+01  7.100000e-01
     vertex -7.896447e+00  3.978553e+00  7.100000e-01
     vertex  7.896447e+00  3.728553e+00  7.100000e-01
   endloop
 endfacet
 facet normal  0.000000e+00  0.000000e+00  1.000000e+00
   outer loop
     vertex -2.500000e+01 -2.162500e+01  7.100000e-01
     vertex  2.500000e+01 -2.162500e+01  7.100000e-01
     vertex  2.460000e+00 -2.012500e+01  7.100000e-01
   endloop
 endfacet
 facet normal  0.000000e+00  0.000000e+00  1.000000e+00
   outer loop
     vertex -2.500000e+01 -2.162500e+01  7.100000e-01
     vertex  2.460000e+00 -2.012500e+01  7.100000e-01
     vertex -8.000000e-02 -2.012500e+01  7.100000e-01
   endloop
 endfacet
 facet normal  0.000000e+00  0.000000e+00  1.000000e+00
   outer loop
     vertex -2.500000e+01 -2.162500e+01  7.100000e-01
     vertex -8.000000e-02 -2.012500e+01  7.100000e-01
     vertex -2.620000e+00 -2.012500e+01  7.100000e-01
   endloop
 endfacet
 facet normal  0.000000e+00  0.000000e+00  1.000000e+00
   outer loop
     vertex  2.500000e+01 -2.162500e+01  7.100000e-01
     vertex  0.000000e+00  2.162500e+01  7.100000e-01
     vertex  8.683013e+00  3.625000e+00  7.100000e-01
   endloop
 endfacet
 facet normal  0.000000e+00  0.000000e+00  1.000000e+00
   outer loop
     vertex  2.500000e+01 -2.162500e+01  7.100000e-01
     vertex  8.683013e+00  3.625000e+00  7.100000e-01
     vertex  9.953013e+00  1.425295e+00  7.100000e-01
   endloop
 endfacet
 facet normal  0.000000e+00  0.000000e+00  1.000000e+00
   outer loop
     vertex  2.500000e+01 -2.162500e+01  7.100000e-01
     vertex  9.953013e+00  1.425295e+00  7.100000e-01
     vertex  1.122301e+01 -7.744090e-01  7.100000e-01
   endloop
 endfacet
 facet normal  0.000000e+00  0.000000e+00  1.000000e+00
   outer loop
     vertex  2.500000e+01 -2.162500e+01  7.100000e-01
     vertex  1.122301e+01 -7.744090e-01  7.100000e-01
     vertex  1.249301e+01 -2.974114e+00  7.100000e-01
   endloop
 endfacet
 facet normal  0.000000e+00  0.000000e+00  1.000000e+00
   outer loop
     vertex  2.500000e+01 -2.162500e+01  7.100000e-01
     vertex  1.249301e+01 -2.974114e+00  7.100000e-01
     vertex  1.376301e+01 -5.173818e+00  7.100000e-01
   endloop
 endfacet
 facet normal  0.000000e+00  0.000000e+00  1.000000e+00
   outer loop
     vertex  0.000000e+00  2.162500e+01  7.100000e-01
     vertex -2.500000e+01 -2.162500e+01  7.100000e-01
     vertex -8.683013e+00  3.875000e+00  7.100000e-01
   endloop
 endfacet
 facet normal  0.000000e+00  0.000000e+00  1.000000e+00
   outer loop
     vertex -8.683013e+00  3.875000e+00  7.100000e-01
     vertex -2.500000e+01 -2.162500e+01  7.100000e-01
     vertex -9.953013e+00  1.675295e+00  7.100000e-01
   endloop
 endfacet
 facet normal  0.000000e+00  0.000000e+00  1.000000e+00
   outer loop
     vertex -9.953013e+00  1.675295e+00  7.100000e-01
     vertex -2.500000e+01 -2.162500e+01  7.100000e-01
     vertex -1.122301e+01 -5.244090e-01  7.100000e-01
   endloop
 endfacet
 facet normal  0.000000e+00  0.000000e+00  1.000000e+00
   outer loop
     vertex -1.122301e+01 -5.244090e-01  7.100000e-01
     vertex -2.500000e+01 -2.162500e+01  7.100000e-01
     vertex -1.249301e+01 -2.724114e+00  7.100000e-01
   endloop
 endfacet
 facet normal  0.000000e+00  0.000000e+00  1.000000e+00
   outer loop
     vertex -1.249301e+01 -2.724114e+00  7.100000e-01
     vertex -2.500000e+01 -2.162500e+01  7.100000e-01
     vertex -1.376301e+01 -4.923818e+00  7.100000e-01
   endloop
 endfacet
 facet normal -1.305262e-01  9.914449e-01  0.000000e+00
   outer loop
     vertex -5.030590e+00 -2.010796e+01  0.000000e+00
     vertex -5.160000e+00 -2.012500e+01  0.000000e+00
     vertex -5.160000e+00 -2.012500e+01  7.100000e-01
   endloop
 endfacet
 facet normal -1.305262e-01  9.914449e-01  0.000000e+00
   outer loop
     vertex -5.030590e+00 -2.010796e+01  0.000000e+00
     vertex -5.160000e+00 -2.012500e+01  7.100000e-01
     vertex -5.030590e+00 -2.010796e+01  7.100000e-01
   endloop
 endfacet
 facet normal -3.826834e-01  9.238795e-01  0.000000e+00
   outer loop
     vertex -4.910000e+00 -2.005801e+01  0.000000e+00
     vertex -5.030590e+00 -2.010796e+01  7.100000e-01
     vertex -4.910000e+00 -2.005801e+01  7.100000e-01
   endloop
 endfacet
 facet normal -3.826834e-01  9.238795e-01  0.000000e+00
   outer loop
     vertex -4.910000e+00 -2.005801e+01  0.000000e+00
     vertex -5.030590e+00 -2.010796e+01  0.000000e+00
     vertex -5.030590e+00 -2.010796e+01  7.100000e-01
   endloop
 endfacet
 facet normal -6.087614e-01  7.933533e-01  0.000000e+00
   outer loop
     vertex -4.806447e+00 -1.997855e+01  0.000000e+00
     vertex -4.910000e+00 -2.005801e+01  7.100000e-01
     vertex -4.806447e+00 -1.997855e+01  7.100000e-01
   endloop
 endfacet
 facet normal -6.087614e-01  7.933533e-01  0.000000e+00
   outer loop
     vertex -4.806447e+00 -1.997855e+01  0.000000e+00
     vertex -4.910000e+00 -2.005801e+01  0.000000e+00
     vertex -4.910000e+00 -2.005801e+01  7.100000e-01
   endloop
 endfacet
 facet normal -7.933533e-01  6.087614e-01  0.000000e+00
   outer loop
     vertex -4.726987e+00 -1.987500e+01  0.000000e+00
     vertex -4.806447e+00 -1.997855e+01  7.100000e-01
     vertex -4.726987e+00 -1.987500e+01  7.100000e-01
   endloop
 endfacet
 facet normal -7.933533e-01  6.087614e-01  0.000000e+00
   outer loop
     vertex -4.726987e+00 -1.987500e+01  0.000000e+00
     vertex -4.806447e+00 -1.997855e+01  0.000000e+00
     vertex -4.806447e+00 -1.997855e+01  7.100000e-01
   endloop
 endfacet
 facet normal -9.238795e-01  3.826834e-01  0.000000e+00
   outer loop
     vertex -4.677037e+00 -1.975441e+01  0.000000e+00
     vertex -4.726987e+00 -1.987500e+01  7.100000e-01
     vertex -4.677037e+00 -1.975441e+01  7.100000e-01
   endloop
 endfacet
 facet normal -9.238795e-01  3.826834e-01  0.000000e+00
   outer loop
     vertex -4.677037e+00 -1.975441e+01  0.000000e+00
     vertex -4.726987e+00 -1.987500e+01  0.000000e+00
     vertex -4.726987e+00 -1.987500e+01  7.100000e-01
   endloop
 endfacet
 facet normal -9.914449e-01  1.305262e-01  0.000000e+00
   outer loop
     vertex -4.660000e+00 -1.962500e+01  0.000000e+00
     vertex -4.677037e+00 -1.975441e+01  7.100000e-01
     vertex -4.660000e+00 -1.962500e+01  7.100000e-01
   endloop
 endfacet
 facet normal -9.914449e-01  1.305262e-01  0.000000e+00
   outer loop
     vertex -4.660000e+00 -1.962500e+01  0.000000e+00
     vertex -4.677037e+00 -1.975441e+01  0.000000e+00
     vertex -4.677037e+00 -1.975441e+01  7.100000e-01
   endloop
 endfacet
 facet normal -9.914449e-01 -1.305262e-01  0.000000e+00
   outer loop
     vertex -4.677037e+00 -1.949559e+01  0.000000e+00
     vertex -4.660000e+00 -1.962500e+01  7.100000e-01
     vertex -4.677037e+00 -1.949559e+01  7.100000e-01
   endloop
 endfacet
 facet normal -9.914449e-01 -1.305262e-01  0.000000e+00
   outer loop
     vertex -4.677037e+00 -1.949559e+01  0.000000e+00
     vertex -4.660000e+00 -1.962500e+01  0.000000e+00
     vertex -4.660000e+00 -1.962500e+01  7.100000e-01
   endloop
 endfacet
 facet normal -7.933533e-01 -6.087614e-01  0.000000e+00
   outer loop
     vertex -4.726987e+00 -1.937500e+01  0.000000e+00
     vertex -4.726987e+00 -1.937500e+01  7.100000e-01
     vertex -4.806447e+00 -1.927145e+01  7.100000e-01
   endloop
 endfacet
 facet normal -9.238795e-01 -3.826834e-01  0.000000e+00
   outer loop
     vertex -4.726987e+00 -1.937500e+01  0.000000e+00
     vertex -4.677037e+00 -1.949559e+01  7.100000e-01
     vertex -4.726987e+00 -1.937500e+01  7.100000e-01
   endloop
 endfacet
 facet normal -9.238795e-01 -3.826834e-01  0.000000e+00
   outer loop
     vertex -4.726987e+00 -1.937500e+01  0.000000e+00
     vertex -4.677037e+00 -1.949559e+01  0.000000e+00
     vertex -4.677037e+00 -1.949559e+01  7.100000e-01
   endloop
 endfacet
 facet normal -6.087614e-01 -7.933533e-01  0.000000e+00
   outer loop
     vertex -4.806447e+00 -1.927145e+01  0.000000e+00
     vertex -4.806447e+00 -1.927145e+01  7.100000e-01
     vertex -4.910000e+00 -1.919199e+01  7.100000e-01
   endloop
 endfacet
 facet normal -7.933533e-01 -6.087614e-01  0.000000e+00
   outer loop
     vertex -4.806447e+00 -1.927145e+01  0.000000e+00
     vertex -4.726987e+00 -1.937500e+01  0.000000e+00
     vertex -4.806447e+00 -1.927145e+01  7.100000e-01
   endloop
 endfacet
 facet normal -6.087614e-01 -7.933533e-01  0.000000e+00
   outer loop
     vertex -4.910000e+00 -1.919199e+01  0.000000e+00
     vertex -4.806447e+00 -1.927145e+01  0.000000e+00
     vertex -4.910000e+00 -1.919199e+01  7.100000e-01
   endloop
 endfacet
 facet normal -3.826834e-01 -9.238795e-01  0.000000e+00
   outer loop
     vertex -5.030590e+00 -1.914204e+01  0.000000e+00
     vertex -4.910000e+00 -1.919199e+01  0.000000e+00
     vertex -4.910000e+00 -1.919199e+01  7.100000e-01
   endloop
 endfacet
 facet normal -1.305262e-01 -9.914449e-01  0.000000e+00
   outer loop
     vertex -5.030590e+00 -1.914204e+01  0.000000e+00
     vertex -5.030590e+00 -1.914204e+01  7.100000e-01
     vertex -5.160000e+00 -1.912500e+01  7.100000e-01
   endloop
 endfacet
 facet normal -3.826834e-01 -9.238795e-01  0.000000e+00
   outer loop
     vertex -5.030590e+00 -1.914204e+01  0.000000e+00
     vertex -4.910000e+00 -1.919199e+01  7.100000e-01
     vertex -5.030590e+00 -1.914204e+01  7.100000e-01
   endloop
 endfacet
 facet normal -1.305262e-01 -9.914449e-01  0.000000e+00
   outer loop
     vertex -5.160000e+00 -1.912500e+01  0.000000e+00
     vertex -5.030590e+00 -1.914204e+01  0.000000e+00
     vertex -5.160000e+00 -1.912500e+01  7.100000e-01
   endloop
 endfacet
 facet normal  1.305262e-01 -9.914449e-01  0.000000e+00
   outer loop
     vertex -5.289410e+00 -1.914204e+01  0.000000e+00
     vertex -5.160000e+00 -1.912500e+01  0.000000e+00
     vertex -5.160000e+00 -1.912500e+01  7.100000e-01
   endloop
 endfacet
 facet normal  1.305262e-01 -9.914449e-01  0.000000e+00
   outer loop
     vertex -5.289410e+00 -1.914204e+01  0.000000e+00
     vertex -5.160000e+00 -1.912500e+01  7.100000e-01
     vertex -5.289410e+00 -1.914204e+01  7.100000e-01
   endloop
 endfacet
 facet normal  3.826834e-01 -9.238795e-01  0.000000e+00
   outer loop
     vertex -5.410000e+00 -1.919199e+01  0.000000e+00
     vertex -5.289410e+00 -1.914204e+01  0.000000e+00
     vertex -5.289410e+00 -1.914204e+01  7.100000e-01
   endloop
 endfacet
 facet normal  3.826834e-01 -9.238795e-01  0.000000e+00
   outer loop
     vertex -5.410000e+00 -1.919199e+01  0.000000e+00
     vertex -5.289410e+00 -1.914204e+01  7.100000e-01
     vertex -5.410000e+00 -1.919199e+01  7.100000e-01
   endloop
 endfacet
 facet normal  6.087614e-01 -7.933533e-01  0.000000e+00
   outer loop
     vertex -5.513553e+00 -1.927145e+01  0.000000e+00
     vertex -5.410000e+00 -1.919199e+01  0.000000e+00
     vertex -5.410000e+00 -1.919199e+01  7.100000e-01
   endloop
 endfacet
 facet normal  6.087614e-01 -7.933533e-01  0.000000e+00
   outer loop
     vertex -5.513553e+00 -1.927145e+01  0.000000e+00
     vertex -5.410000e+00 -1.919199e+01  7.100000e-01
     vertex -5.513553e+00 -1.927145e+01  7.100000e-01
   endloop
 endfacet
 facet normal  7.933533e-01 -6.087614e-01  0.000000e+00
   outer loop
     vertex -5.593013e+00 -1.937500e+01  0.000000e+00
     vertex -5.513553e+00 -1.927145e+01  0.000000e+00
     vertex -5.513553e+00 -1.927145e+01  7.100000e-01
   endloop
 endfacet
 facet normal  7.933533e-01 -6.087614e-01  0.000000e+00
   outer loop
     vertex -5.593013e+00 -1.937500e+01  0.000000e+00
     vertex -5.513553e+00 -1.927145e+01  7.100000e-01
     vertex -5.593013e+00 -1.937500e+01  7.100000e-01
   endloop
 endfacet
 facet normal  9.238795e-01 -3.826834e-01  0.000000e+00
   outer loop
     vertex -5.642963e+00 -1.949559e+01  0.000000e+00
     vertex -5.593013e+00 -1.937500e+01  0.000000e+00
     vertex -5.593013e+00 -1.937500e+01  7.100000e-01
   endloop
 endfacet
 facet normal  9.238795e-01 -3.826834e-01  0.000000e+00
   outer loop
     vertex -5.642963e+00 -1.949559e+01  0.000000e+00
     vertex -5.593013e+00 -1.937500e+01  7.100000e-01
     vertex -5.642963e+00 -1.949559e+01  7.100000e-01
   endloop
 endfacet
 facet normal  9.914449e-01 -1.305262e-01  0.000000e+00
   outer loop
     vertex -5.660000e+00 -1.962500e+01  0.000000e+00
     vertex -5.642963e+00 -1.949559e+01  0.000000e+00
     vertex -5.642963e+00 -1.949559e+01  7.100000e-01
   endloop
 endfacet
 facet normal  9.914449e-01 -1.305262e-01  0.000000e+00
   outer loop
     vertex -5.660000e+00 -1.962500e+01  0.000000e+00
     vertex -5.642963e+00 -1.949559e+01  7.100000e-01
     vertex -5.660000e+00 -1.962500e+01  7.100000e-01
   endloop
 endfacet
 facet normal  9.238795e-01  3.826834e-01 -0.000000e+00
   outer loop
     vertex -5.642963e+00 -1.975441e+01  0.000000e+00
     vertex -5.642963e+00 -1.975441e+01  7.100000e-01
     vertex -5.593013e+00 -1.987500e+01  7.100000e-01
   endloop
 endfacet
 facet normal  9.914449e-01  1.305262e-01 -0.000000e+00
   outer loop
     vertex -5.642963e+00 -1.975441e+01  0.000000e+00
     vertex -5.660000e+00 -1.962500e+01  7.100000e-01
     vertex -5.642963e+00 -1.975441e+01  7.100000e-01
   endloop
 endfacet
 facet normal  9.914449e-01  1.305262e-01  0.000000e+00
   outer loop
     vertex -5.642963e+00 -1.975441e+01  0.000000e+00
     vertex -5.660000e+00 -1.962500e+01  0.000000e+00
     vertex -5.660000e+00 -1.962500e+01  7.100000e-01
   endloop
 endfacet
 facet normal  9.238795e-01  3.826834e-01 -0.000000e+00
   outer loop
     vertex -5.593013e+00 -1.987500e+01  0.000000e+00
     vertex -5.642963e+00 -1.975441e+01  0.000000e+00
     vertex -5.593013e+00 -1.987500e+01  7.100000e-01
   endloop
 endfacet
 facet normal  7.933533e-01  6.087614e-01 -0.000000e+00
   outer loop
     vertex -5.593013e+00 -1.987500e+01  0.000000e+00
     vertex -5.593013e+00 -1.987500e+01  7.100000e-01
     vertex -5.513553e+00 -1.997855e+01  7.100000e-01
   endloop
 endfacet
 facet normal  6.087614e-01  7.933533e-01 -0.000000e+00
   outer loop
     vertex -5.513553e+00 -1.997855e+01  0.000000e+00
     vertex -5.513553e+00 -1.997855e+01  7.100000e-01
     vertex -5.410000e+00 -2.005801e+01  7.100000e-01
   endloop
 endfacet
 facet normal  7.933533e-01  6.087614e-01 -0.000000e+00
   outer loop
     vertex -5.513553e+00 -1.997855e+01  0.000000e+00
     vertex -5.593013e+00 -1.987500e+01  0.000000e+00
     vertex -5.513553e+00 -1.997855e+01  7.100000e-01
   endloop
 endfacet
 facet normal  6.087614e-01  7.933533e-01 -0.000000e+00
   outer loop
     vertex -5.410000e+00 -2.005801e+01  0.000000e+00
     vertex -5.513553e+00 -1.997855e+01  0.000000e+00
     vertex -5.410000e+00 -2.005801e+01  7.100000e-01
   endloop
 endfacet
 facet normal  3.826834e-01  9.238795e-01 -0.000000e+00
   outer loop
     vertex -5.289410e+00 -2.010796e+01  0.000000e+00
     vertex -5.410000e+00 -2.005801e+01  7.100000e-01
     vertex -5.289410e+00 -2.010796e+01  7.100000e-01
   endloop
 endfacet
 facet normal  3.826834e-01  9.238795e-01  0.000000e+00
   outer loop
     vertex -5.289410e+00 -2.010796e+01  0.000000e+00
     vertex -5.410000e+00 -2.005801e+01  0.000000e+00
     vertex -5.410000e+00 -2.005801e+01  7.100000e-01
   endloop
 endfacet
 facet normal  1.305262e-01  9.914449e-01 -0.000000e+00
   outer loop
     vertex -5.160000e+00 -2.012500e+01  0.000000e+00
     vertex -5.289410e+00 -2.010796e+01  7.100000e-01
     vertex -5.160000e+00 -2.012500e+01  7.100000e-01
   endloop
 endfacet
 facet normal  1.305262e-01  9.914449e-01  0.000000e+00
   outer loop
     vertex -5.160000e+00 -2.012500e+01  0.000000e+00
     vertex -5.289410e+00 -2.010796e+01  0.000000e+00
     vertex -5.289410e+00 -2.010796e+01  7.100000e-01
   endloop
 endfacet
 facet normal -1.305262e-01  9.914449e-01  0.000000e+00
   outer loop
     vertex -2.490590e+00 -2.010796e+01  0.000000e+00
     vertex -2.620000e+00 -2.012500e+01  0.000000e+00
     vertex -2.620000e+00 -2.012500e+01  7.100000e-01
   endloop
 endfacet
 facet normal -1.305262e-01  9.914449e-01  0.000000e+00
   outer loop
     vertex -2.490590e+00 -2.010796e+01  0.000000e+00
     vertex -2.620000e+00 -2.012500e+01  7.100000e-01
     vertex -2.490590e+00 -2.010796e+01  7.100000e-01
   endloop
 endfacet
 facet normal -3.826834e-01  9.238795e-01  0.000000e+00
   outer loop
     vertex -2.370000e+00 -2.005801e+01  0.000000e+00
     vertex -2.490590e+00 -2.010796e+01  7.100000e-01
     vertex -2.370000e+00 -2.005801e+01  7.100000e-01
   endloop
 endfacet
 facet normal -3.826834e-01  9.238795e-01  0.000000e+00
   outer loop
     vertex -2.370000e+00 -2.005801e+01  0.000000e+00
     vertex -2.490590e+00 -2.010796e+01  0.000000e+00
     vertex -2.490590e+00 -2.010796e+01  7.100000e-01
   endloop
 endfacet
 facet normal -6.087614e-01  7.933533e-01  0.000000e+00
   outer loop
     vertex -2.266447e+00 -1.997855e+01  0.000000e+00
     vertex -2.370000e+00 -2.005801e+01  7.100000e-01
     vertex -2.266447e+00 -1.997855e+01  7.100000e-01
   endloop
 endfacet
 facet normal -6.087614e-01  7.933533e-01  0.000000e+00
   outer loop
     vertex -2.266447e+00 -1.997855e+01  0.000000e+00
     vertex -2.370000e+00 -2.005801e+01  0.000000e+00
     vertex -2.370000e+00 -2.005801e+01  7.100000e-01
   endloop
 endfacet
 facet normal -7.933533e-01  6.087614e-01  0.000000e+00
   outer loop
     vertex -2.186987e+00 -1.987500e+01  0.000000e+00
     vertex -2.266447e+00 -1.997855e+01  7.100000e-01
     vertex -2.186987e+00 -1.987500e+01  7.100000e-01
   endloop
 endfacet
 facet normal -7.933533e-01  6.087614e-01  0.000000e+00
   outer loop
     vertex -2.186987e+00 -1.987500e+01  0.000000e+00
     vertex -2.266447e+00 -1.997855e+01  0.000000e+00
     vertex -2.266447e+00 -1.997855e+01  7.100000e-01
   endloop
 endfacet
 facet normal -9.238795e-01  3.826834e-01  0.000000e+00
   outer loop
     vertex -2.137037e+00 -1.975441e+01  0.000000e+00
     vertex -2.186987e+00 -1.987500e+01  7.100000e-01
     vertex -2.137037e+00 -1.975441e+01  7.100000e-01
   endloop
 endfacet
 facet normal -9.238795e-01  3.826834e-01  0.000000e+00
   outer loop
     vertex -2.137037e+00 -1.975441e+01  0.000000e+00
     vertex -2.186987e+00 -1.987500e+01  0.000000e+00
     vertex -2.186987e+00 -1.987500e+01  7.100000e-01
   endloop
 endfacet
 facet normal -9.914449e-01  1.305262e-01  0.000000e+00
   outer loop
     vertex -2.120000e+00 -1.962500e+01  0.000000e+00
     vertex -2.137037e+00 -1.975441e+01  7.100000e-01
     vertex -2.120000e+00 -1.962500e+01  7.100000e-01
   endloop
 endfacet
 facet normal -9.914449e-01  1.305262e-01  0.000000e+00
   outer loop
     vertex -2.120000e+00 -1.962500e+01  0.000000e+00
     vertex -2.137037e+00 -1.975441e+01  0.000000e+00
     vertex -2.137037e+00 -1.975441e+01  7.100000e-01
   endloop
 endfacet
 facet normal -9.914449e-01 -1.305262e-01  0.000000e+00
   outer loop
     vertex -2.137037e+00 -1.949559e+01  0.000000e+00
     vertex -2.120000e+00 -1.962500e+01  7.100000e-01
     vertex -2.137037e+00 -1.949559e+01  7.100000e-01
   endloop
 endfacet
 facet normal -9.914449e-01 -1.305262e-01  0.000000e+00
   outer loop
     vertex -2.137037e+00 -1.949559e+01  0.000000e+00
     vertex -2.120000e+00 -1.962500e+01  0.000000e+00
     vertex -2.120000e+00 -1.962500e+01  7.100000e-01
   endloop
 endfacet
 facet normal -7.933533e-01 -6.087614e-01  0.000000e+00
   outer loop
     vertex -2.186987e+00 -1.937500e+01  0.000000e+00
     vertex -2.186987e+00 -1.937500e+01  7.100000e-01
     vertex -2.266447e+00 -1.927145e+01  7.100000e-01
   endloop
 endfacet
 facet normal -9.238795e-01 -3.826834e-01  0.000000e+00
   outer loop
     vertex -2.186987e+00 -1.937500e+01  0.000000e+00
     vertex -2.137037e+00 -1.949559e+01  7.100000e-01
     vertex -2.186987e+00 -1.937500e+01  7.100000e-01
   endloop
 endfacet
 facet normal -9.238795e-01 -3.826834e-01  0.000000e+00
   outer loop
     vertex -2.186987e+00 -1.937500e+01  0.000000e+00
     vertex -2.137037e+00 -1.949559e+01  0.000000e+00
     vertex -2.137037e+00 -1.949559e+01  7.100000e-01
   endloop
 endfacet
 facet normal -6.087614e-01 -7.933533e-01  0.000000e+00
   outer loop
     vertex -2.266447e+00 -1.927145e+01  0.000000e+00
     vertex -2.266447e+00 -1.927145e+01  7.100000e-01
     vertex -2.370000e+00 -1.919199e+01  7.100000e-01
   endloop
 endfacet
 facet normal -7.933533e-01 -6.087614e-01  0.000000e+00
   outer loop
     vertex -2.266447e+00 -1.927145e+01  0.000000e+00
     vertex -2.186987e+00 -1.937500e+01  0.000000e+00
     vertex -2.266447e+00 -1.927145e+01  7.100000e-01
   endloop
 endfacet
 facet normal -6.087614e-01 -7.933533e-01  0.000000e+00
   outer loop
     vertex -2.370000e+00 -1.919199e+01  0.000000e+00
     vertex -2.266447e+00 -1.927145e+01  0.000000e+00
     vertex -2.370000e+00 -1.919199e+01  7.100000e-01
   endloop
 endfacet
 facet normal -3.826834e-01 -9.238795e-01  0.000000e+00
   outer loop
     vertex -2.490590e+00 -1.914204e+01  0.000000e+00
     vertex -2.370000e+00 -1.919199e+01  0.000000e+00
     vertex -2.370000e+00 -1.919199e+01  7.100000e-01
   endloop
 endfacet
 facet normal -1.305262e-01 -9.914449e-01  0.000000e+00
   outer loop
     vertex -2.490590e+00 -1.914204e+01  0.000000e+00
     vertex -2.490590e+00 -1.914204e+01  7.100000e-01
     vertex -2.620000e+00 -1.912500e+01  7.100000e-01
   endloop
 endfacet
 facet normal -3.826834e-01 -9.238795e-01  0.000000e+00
   outer loop
     vertex -2.490590e+00 -1.914204e+01  0.000000e+00
     vertex -2.370000e+00 -1.919199e+01  7.100000e-01
     vertex -2.490590e+00 -1.914204e+01  7.100000e-01
   endloop
 endfacet
 facet normal -1.305262e-01 -9.914449e-01  0.000000e+00
   outer loop
     vertex -2.620000e+00 -1.912500e+01  0.000000e+00
     vertex -2.490590e+00 -1.914204e+01  0.000000e+00
     vertex -2.620000e+00 -1.912500e+01  7.100000e-01
   endloop
 endfacet
 facet normal  1.305262e-01 -9.914449e-01  0.000000e+00
   outer loop
     vertex -2.749410e+00 -1.914204e+01  0.000000e+00
     vertex -2.620000e+00 -1.912500e+01  0.000000e+00
     vertex -2.620000e+00 -1.912500e+01  7.100000e-01
   endloop
 endfacet
 facet normal  1.305262e-01 -9.914449e-01  0.000000e+00
   outer loop
     vertex -2.749410e+00 -1.914204e+01  0.000000e+00
     vertex -2.620000e+00 -1.912500e+01  7.100000e-01
     vertex -2.749410e+00 -1.914204e+01  7.100000e-01
   endloop
 endfacet
 facet normal  3.826834e-01 -9.238795e-01  0.000000e+00
   outer loop
     vertex -2.870000e+00 -1.919199e+01  0.000000e+00
     vertex -2.749410e+00 -1.914204e+01  0.000000e+00
     vertex -2.749410e+00 -1.914204e+01  7.100000e-01
   endloop
 endfacet
 facet normal  3.826834e-01 -9.238795e-01  0.000000e+00
   outer loop
     vertex -2.870000e+00 -1.919199e+01  0.000000e+00
     vertex -2.749410e+00 -1.914204e+01  7.100000e-01
     vertex -2.870000e+00 -1.919199e+01  7.100000e-01
   endloop
 endfacet
 facet normal  6.087614e-01 -7.933533e-01  0.000000e+00
   outer loop
     vertex -2.973553e+00 -1.927145e+01  0.000000e+00
     vertex -2.870000e+00 -1.919199e+01  0.000000e+00
     vertex -2.870000e+00 -1.919199e+01  7.100000e-01
   endloop
 endfacet
 facet normal  6.087614e-01 -7.933533e-01  0.000000e+00
   outer loop
     vertex -2.973553e+00 -1.927145e+01  0.000000e+00
     vertex -2.870000e+00 -1.919199e+01  7.100000e-01
     vertex -2.973553e+00 -1.927145e+01  7.100000e-01
   endloop
 endfacet
 facet normal  7.933533e-01 -6.087614e-01  0.000000e+00
   outer loop
     vertex -3.053013e+00 -1.937500e+01  0.000000e+00
     vertex -2.973553e+00 -1.927145e+01  0.000000e+00
     vertex -2.973553e+00 -1.927145e+01  7.100000e-01
   endloop
 endfacet
 facet normal  7.933533e-01 -6.087614e-01  0.000000e+00
   outer loop
     vertex -3.053013e+00 -1.937500e+01  0.000000e+00
     vertex -2.973553e+00 -1.927145e+01  7.100000e-01
     vertex -3.053013e+00 -1.937500e+01  7.100000e-01
   endloop
 endfacet
 facet normal  9.238795e-01 -3.826834e-01  0.000000e+00
   outer loop
     vertex -3.102963e+00 -1.949559e+01  0.000000e+00
     vertex -3.053013e+00 -1.937500e+01  0.000000e+00
     vertex -3.053013e+00 -1.937500e+01  7.100000e-01
   endloop
 endfacet
 facet normal  9.238795e-01 -3.826834e-01  0.000000e+00
   outer loop
     vertex -3.102963e+00 -1.949559e+01  0.000000e+00
     vertex -3.053013e+00 -1.937500e+01  7.100000e-01
     vertex -3.102963e+00 -1.949559e+01  7.100000e-01
   endloop
 endfacet
 facet normal  9.914449e-01 -1.305262e-01  0.000000e+00
   outer loop
     vertex -3.120000e+00 -1.962500e+01  0.000000e+00
     vertex -3.102963e+00 -1.949559e+01  0.000000e+00
     vertex -3.102963e+00 -1.949559e+01  7.100000e-01
   endloop
 endfacet
 facet normal  9.914449e-01 -1.305262e-01  0.000000e+00
   outer loop
     vertex -3.120000e+00 -1.962500e+01  0.000000e+00
     vertex -3.102963e+00 -1.949559e+01  7.100000e-01
     vertex -3.120000e+00 -1.962500e+01  7.100000e-01
   endloop
 endfacet
 facet normal  9.238795e-01  3.826834e-01 -0.000000e+00
   outer loop
     vertex -3.102963e+00 -1.975441e+01  0.000000e+00
     vertex -3.102963e+00 -1.975441e+01  7.100000e-01
     vertex -3.053013e+00 -1.987500e+01  7.100000e-01
   endloop
 endfacet
 facet normal  9.914449e-01  1.305262e-01 -0.000000e+00
   outer loop
     vertex -3.102963e+00 -1.975441e+01  0.000000e+00
     vertex -3.120000e+00 -1.962500e+01  7.100000e-01
     vertex -3.102963e+00 -1.975441e+01  7.100000e-01
   endloop
 endfacet
 facet normal  9.914449e-01  1.305262e-01  0.000000e+00
   outer loop
     vertex -3.102963e+00 -1.975441e+01  0.000000e+00
     vertex -3.120000e+00 -1.962500e+01  0.000000e+00
     vertex -3.120000e+00 -1.962500e+01  7.100000e-01
   endloop
 endfacet
 facet normal  9.238795e-01  3.826834e-01 -0.000000e+00
   outer loop
     vertex -3.053013e+00 -1.987500e+01  0.000000e+00
     vertex -3.102963e+00 -1.975441e+01  0.000000e+00
     vertex -3.053013e+00 -1.987500e+01  7.100000e-01
   endloop
 endfacet
 facet normal  7.933533e-01  6.087614e-01 -0.000000e+00
   outer loop
     vertex -3.053013e+00 -1.987500e+01  0.000000e+00
     vertex -3.053013e+00 -1.987500e+01  7.100000e-01
     vertex -2.973553e+00 -1.997855e+01  7.100000e-01
   endloop
 endfacet
 facet normal  6.087614e-01  7.933533e-01 -0.000000e+00
   outer loop
     vertex -2.973553e+00 -1.997855e+01  0.000000e+00
     vertex -2.973553e+00 -1.997855e+01  7.100000e-01
     vertex -2.870000e+00 -2.005801e+01  7.100000e-01
   endloop
 endfacet
 facet normal  7.933533e-01  6.087614e-01 -0.000000e+00
   outer loop
     vertex -2.973553e+00 -1.997855e+01  0.000000e+00
     vertex -3.053013e+00 -1.987500e+01  0.000000e+00
     vertex -2.973553e+00 -1.997855e+01  7.100000e-01
   endloop
 endfacet
 facet normal  6.087614e-01  7.933533e-01 -0.000000e+00
   outer loop
     vertex -2.870000e+00 -2.005801e+01  0.000000e+00
     vertex -2.973553e+00 -1.997855e+01  0.000000e+00
     vertex -2.870000e+00 -2.005801e+01  7.100000e-01
   endloop
 endfacet
 facet normal  3.826834e-01  9.238795e-01 -0.000000e+00
   outer loop
     vertex -2.749410e+00 -2.010796e+01  0.000000e+00
     vertex -2.870000e+00 -2.005801e+01  7.100000e-01
     vertex -2.749410e+00 -2.010796e+01  7.100000e-01
   endloop
 endfacet
 facet normal  3.826834e-01  9.238795e-01  0.000000e+00
   outer loop
     vertex -2.749410e+00 -2.010796e+01  0.000000e+00
     vertex -2.870000e+00 -2.005801e+01  0.000000e+00
     vertex -2.870000e+00 -2.005801e+01  7.100000e-01
   endloop
 endfacet
 facet normal  1.305262e-01  9.914449e-01 -0.000000e+00
   outer loop
     vertex -2.620000e+00 -2.012500e+01  0.000000e+00
     vertex -2.749410e+00 -2.010796e+01  7.100000e-01
     vertex -2.620000e+00 -2.012500e+01  7.100000e-01
   endloop
 endfacet
 facet normal  1.305262e-01  9.914449e-01  0.000000e+00
   outer loop
     vertex -2.620000e+00 -2.012500e+01  0.000000e+00
     vertex -2.749410e+00 -2.010796e+01  0.000000e+00
     vertex -2.749410e+00 -2.010796e+01  7.100000e-01
   endloop
 endfacet
 facet normal -1.305262e-01  9.914449e-01  0.000000e+00
   outer loop
     vertex  4.940952e-02 -2.010796e+01  0.000000e+00
     vertex -8.000000e-02 -2.012500e+01  0.000000e+00
     vertex -8.000000e-02 -2.012500e+01  7.100000e-01
   endloop
 endfacet
 facet normal -1.305262e-01  9.914449e-01  0.000000e+00
   outer loop
     vertex  4.940952e-02 -2.010796e+01  0.000000e+00
     vertex -8.000000e-02 -2.012500e+01  7.100000e-01
     vertex  4.940952e-02 -2.010796e+01  7.100000e-01
   endloop
 endfacet
 facet normal -3.826834e-01  9.238795e-01  0.000000e+00
   outer loop
     vertex  1.700000e-01 -2.005801e+01  0.000000e+00
     vertex  4.940952e-02 -2.010796e+01  7.100000e-01
     vertex  1.700000e-01 -2.005801e+01  7.100000e-01
   endloop
 endfacet
 facet normal -3.826834e-01  9.238795e-01  0.000000e+00
   outer loop
     vertex  1.700000e-01 -2.005801e+01  0.000000e+00
     vertex  4.940952e-02 -2.010796e+01  0.000000e+00
     vertex  4.940952e-02 -2.010796e+01  7.100000e-01
   endloop
 endfacet
 facet normal -6.087614e-01  7.933533e-01  0.000000e+00
   outer loop
     vertex  2.735534e-01 -1.997855e+01  0.000000e+00
     vertex  1.700000e-01 -2.005801e+01  7.100000e-01
     vertex  2.735534e-01 -1.997855e+01  7.100000e-01
   endloop
 endfacet
 facet normal -6.087614e-01  7.933533e-01  0.000000e+00
   outer loop
     vertex  2.735534e-01 -1.997855e+01  0.000000e+00
     vertex  1.700000e-01 -2.005801e+01  0.000000e+00
     vertex  1.700000e-01 -2.005801e+01  7.100000e-01
   endloop
 endfacet
 facet normal -7.933533e-01  6.087614e-01  0.000000e+00
   outer loop
     vertex  3.530127e-01 -1.987500e+01  0.000000e+00
     vertex  2.735534e-01 -1.997855e+01  7.100000e-01
     vertex  3.530127e-01 -1.987500e+01  7.100000e-01
   endloop
 endfacet
 facet normal -7.933533e-01  6.087614e-01  0.000000e+00
   outer loop
     vertex  3.530127e-01 -1.987500e+01  0.000000e+00
     vertex  2.735534e-01 -1.997855e+01  0.000000e+00
     vertex  2.735534e-01 -1.997855e+01  7.100000e-01
   endloop
 endfacet
 facet normal -9.238795e-01  3.826834e-01  0.000000e+00
   outer loop
     vertex  4.029629e-01 -1.975441e+01  0.000000e+00
     vertex  3.530127e-01 -1.987500e+01  7.100000e-01
     vertex  4.029629e-01 -1.975441e+01  7.100000e-01
   endloop
 endfacet
 facet normal -9.238795e-01  3.826834e-01  0.000000e+00
   outer loop
     vertex  4.029629e-01 -1.975441e+01  0.000000e+00
     vertex  3.530127e-01 -1.987500e+01  0.000000e+00
     vertex  3.530127e-01 -1.987500e+01  7.100000e-01
   endloop
 endfacet
 facet normal -9.914449e-01  1.305262e-01  0.000000e+00
   outer loop
     vertex  4.200000e-01 -1.962500e+01  0.000000e+00
     vertex  4.029629e-01 -1.975441e+01  7.100000e-01
     vertex  4.200000e-01 -1.962500e+01  7.100000e-01
   endloop
 endfacet
 facet normal -9.914449e-01  1.305262e-01  0.000000e+00
   outer loop
     vertex  4.200000e-01 -1.962500e+01  0.000000e+00
     vertex  4.029629e-01 -1.975441e+01  0.000000e+00
     vertex  4.029629e-01 -1.975441e+01  7.100000e-01
   endloop
 endfacet
 facet normal -9.914449e-01 -1.305262e-01  0.000000e+00
   outer loop
     vertex  4.029629e-01 -1.949559e+01  0.000000e+00
     vertex  4.200000e-01 -1.962500e+01  7.100000e-01
     vertex  4.029629e-01 -1.949559e+01  7.100000e-01
   endloop
 endfacet
 facet normal -9.914449e-01 -1.305262e-01  0.000000e+00
   outer loop
     vertex  4.029629e-01 -1.949559e+01  0.000000e+00
     vertex  4.200000e-01 -1.962500e+01  0.000000e+00
     vertex  4.200000e-01 -1.962500e+01  7.100000e-01
   endloop
 endfacet
 facet normal -7.933533e-01 -6.087614e-01  0.000000e+00
   outer loop
     vertex  3.530127e-01 -1.937500e+01  0.000000e+00
     vertex  3.530127e-01 -1.937500e+01  7.100000e-01
     vertex  2.735534e-01 -1.927145e+01  7.100000e-01
   endloop
 endfacet
 facet normal -9.238795e-01 -3.826834e-01  0.000000e+00
   outer loop
     vertex  3.530127e-01 -1.937500e+01  0.000000e+00
     vertex  4.029629e-01 -1.949559e+01  7.100000e-01
     vertex  3.530127e-01 -1.937500e+01  7.100000e-01
   endloop
 endfacet
 facet normal -9.238795e-01 -3.826834e-01  0.000000e+00
   outer loop
     vertex  3.530127e-01 -1.937500e+01  0.000000e+00
     vertex  4.029629e-01 -1.949559e+01  0.000000e+00
     vertex  4.029629e-01 -1.949559e+01  7.100000e-01
   endloop
 endfacet
 facet normal -6.087614e-01 -7.933533e-01  0.000000e+00
   outer loop
     vertex  2.735534e-01 -1.927145e+01  0.000000e+00
     vertex  2.735534e-01 -1.927145e+01  7.100000e-01
     vertex  1.700000e-01 -1.919199e+01  7.100000e-01
   endloop
 endfacet
 facet normal -7.933533e-01 -6.087614e-01  0.000000e+00
   outer loop
     vertex  2.735534e-01 -1.927145e+01  0.000000e+00
     vertex  3.530127e-01 -1.937500e+01  0.000000e+00
     vertex  2.735534e-01 -1.927145e+01  7.100000e-01
   endloop
 endfacet
 facet normal -6.087614e-01 -7.933533e-01  0.000000e+00
   outer loop
     vertex  1.700000e-01 -1.919199e+01  0.000000e+00
     vertex  2.735534e-01 -1.927145e+01  0.000000e+00
     vertex  1.700000e-01 -1.919199e+01  7.100000e-01
   endloop
 endfacet
 facet normal -3.826834e-01 -9.238795e-01  0.000000e+00
   outer loop
     vertex  4.940952e-02 -1.914204e+01  0.000000e+00
     vertex  1.700000e-01 -1.919199e+01  0.000000e+00
     vertex  1.700000e-01 -1.919199e+01  7.100000e-01
   endloop
 endfacet
 facet normal -1.305262e-01 -9.914449e-01  0.000000e+00
   outer loop
     vertex  4.940952e-02 -1.914204e+01  0.000000e+00
     vertex  4.940952e-02 -1.914204e+01  7.100000e-01
     vertex -8.000000e-02 -1.912500e+01  7.100000e-01
   endloop
 endfacet
 facet normal -3.826834e-01 -9.238795e-01  0.000000e+00
   outer loop
     vertex  4.940952e-02 -1.914204e+01  0.000000e+00
     vertex  1.700000e-01 -1.919199e+01  7.100000e-01
     vertex  4.940952e-02 -1.914204e+01  7.100000e-01
   endloop
 endfacet
 facet normal -1.305262e-01 -9.914449e-01  0.000000e+00
   outer loop
     vertex -8.000000e-02 -1.912500e+01  0.000000e+00
     vertex  4.940952e-02 -1.914204e+01  0.000000e+00
     vertex -8.000000e-02 -1.912500e+01  7.100000e-01
   endloop
 endfacet
 facet normal  1.305262e-01 -9.914449e-01  0.000000e+00
   outer loop
     vertex -2.094095e-01 -1.914204e+01  0.000000e+00
     vertex -8.000000e-02 -1.912500e+01  0.000000e+00
     vertex -8.000000e-02 -1.912500e+01  7.100000e-01
   endloop
 endfacet
 facet normal  1.305262e-01 -9.914449e-01  0.000000e+00
   outer loop
     vertex -2.094095e-01 -1.914204e+01  0.000000e+00
     vertex -8.000000e-02 -1.912500e+01  7.100000e-01
     vertex -2.094095e-01 -1.914204e+01  7.100000e-01
   endloop
 endfacet
 facet normal  3.826834e-01 -9.238795e-01  0.000000e+00
   outer loop
     vertex -3.300000e-01 -1.919199e+01  0.000000e+00
     vertex -2.094095e-01 -1.914204e+01  0.000000e+00
     vertex -2.094095e-01 -1.914204e+01  7.100000e-01
   endloop
 endfacet
 facet normal  3.826834e-01 -9.238795e-01  0.000000e+00
   outer loop
     vertex -3.300000e-01 -1.919199e+01  0.000000e+00
     vertex -2.094095e-01 -1.914204e+01  7.100000e-01
     vertex -3.300000e-01 -1.919199e+01  7.100000e-01
   endloop
 endfacet
 facet normal  6.087614e-01 -7.933533e-01  0.000000e+00
   outer loop
     vertex -4.335534e-01 -1.927145e+01  0.000000e+00
     vertex -3.300000e-01 -1.919199e+01  0.000000e+00
     vertex -3.300000e-01 -1.919199e+01  7.100000e-01
   endloop
 endfacet
 facet normal  6.087614e-01 -7.933533e-01  0.000000e+00
   outer loop
     vertex -4.335534e-01 -1.927145e+01  0.000000e+00
     vertex -3.300000e-01 -1.919199e+01  7.100000e-01
     vertex -4.335534e-01 -1.927145e+01  7.100000e-01
   endloop
 endfacet
 facet normal  7.933533e-01 -6.087614e-01  0.000000e+00
   outer loop
     vertex -5.130127e-01 -1.937500e+01  0.000000e+00
     vertex -4.335534e-01 -1.927145e+01  0.000000e+00
     vertex -4.335534e-01 -1.927145e+01  7.100000e-01
   endloop
 endfacet
 facet normal  7.933533e-01 -6.087614e-01  0.000000e+00
   outer loop
     vertex -5.130127e-01 -1.937500e+01  0.000000e+00
     vertex -4.335534e-01 -1.927145e+01  7.100000e-01
     vertex -5.130127e-01 -1.937500e+01  7.100000e-01
   endloop
 endfacet
 facet normal  9.238795e-01 -3.826834e-01  0.000000e+00
   outer loop
     vertex -5.629629e-01 -1.949559e+01  0.000000e+00
     vertex -5.130127e-01 -1.937500e+01  0.000000e+00
     vertex -5.130127e-01 -1.937500e+01  7.100000e-01
   endloop
 endfacet
 facet normal  9.238795e-01 -3.826834e-01  0.000000e+00
   outer loop
     vertex -5.629629e-01 -1.949559e+01  0.000000e+00
     vertex -5.130127e-01 -1.937500e+01  7.100000e-01
     vertex -5.629629e-01 -1.949559e+01  7.100000e-01
   endloop
 endfacet
 facet normal  9.914449e-01 -1.305262e-01  0.000000e+00
   outer loop
     vertex -5.800000e-01 -1.962500e+01  0.000000e+00
     vertex -5.629629e-01 -1.949559e+01  0.000000e+00
     vertex -5.629629e-01 -1.949559e+01  7.100000e-01
   endloop
 endfacet
 facet normal  9.914449e-01 -1.305262e-01  0.000000e+00
   outer loop
     vertex -5.800000e-01 -1.962500e+01  0.000000e+00
     vertex -5.629629e-01 -1.949559e+01  7.100000e-01
     vertex -5.800000e-01 -1.962500e+01  7.100000e-01
   endloop
 endfacet
 facet normal  9.238795e-01  3.826834e-01 -0.000000e+00
   outer loop
     vertex -5.629629e-01 -1.975441e+01  0.000000e+00
     vertex -5.629629e-01 -1.975441e+01  7.100000e-01
     vertex -5.130127e-01 -1.987500e+01  7.100000e-01
   endloop
 endfacet
 facet normal  9.914449e-01  1.305262e-01 -0.000000e+00
   outer loop
     vertex -5.629629e-01 -1.975441e+01  0.000000e+00
     vertex -5.800000e-01 -1.962500e+01  7.100000e-01
     vertex -5.629629e-01 -1.975441e+01  7.100000e-01
   endloop
 endfacet
 facet normal  9.914449e-01  1.305262e-01  0.000000e+00
   outer loop
     vertex -5.629629e-01 -1.975441e+01  0.000000e+00
     vertex -5.800000e-01 -1.962500e+01  0.000000e+00
     vertex -5.800000e-01 -1.962500e+01  7.100000e-01
   endloop
 endfacet
 facet normal  9.238795e-01  3.826834e-01 -0.000000e+00
   outer loop
     vertex -5.130127e-01 -1.987500e+01  0.000000e+00
     vertex -5.629629e-01 -1.975441e+01  0.000000e+00
     vertex -5.130127e-01 -1.987500e+01  7.100000e-01
   endloop
 endfacet
 facet normal  7.933533e-01  6.087614e-01 -0.000000e+00
   outer loop
     vertex -5.130127e-01 -1.987500e+01  0.000000e+00
     vertex -5.130127e-01 -1.987500e+01  7.100000e-01
     vertex -4.335534e-01 -1.997855e+01  7.100000e-01
   endloop
 endfacet
 facet normal  6.087614e-01  7.933533e-01 -0.000000e+00
   outer loop
     vertex -4.335534e-01 -1.997855e+01  0.000000e+00
     vertex -4.335534e-01 -1.997855e+01  7.100000e-01
     vertex -3.300000e-01 -2.005801e+01  7.100000e-01
   endloop
 endfacet
 facet normal  7.933533e-01  6.087614e-01 -0.000000e+00
   outer loop
     vertex -4.335534e-01 -1.997855e+01  0.000000e+00
     vertex -5.130127e-01 -1.987500e+01  0.000000e+00
     vertex -4.335534e-01 -1.997855e+01  7.100000e-01
   endloop
 endfacet
 facet normal  6.087614e-01  7.933533e-01 -0.000000e+00
   outer loop
     vertex -3.300000e-01 -2.005801e+01  0.000000e+00
     vertex -4.335534e-01 -1.997855e+01  0.000000e+00
     vertex -3.300000e-01 -2.005801e+01  7.100000e-01
   endloop
 endfacet
 facet normal  3.826834e-01  9.238795e-01 -0.000000e+00
   outer loop
     vertex -2.094095e-01 -2.010796e+01  0.000000e+00
     vertex -3.300000e-01 -2.005801e+01  7.100000e-01
     vertex -2.094095e-01 -2.010796e+01  7.100000e-01
   endloop
 endfacet
 facet normal  3.826834e-01  9.238795e-01  0.000000e+00
   outer loop
     vertex -2.094095e-01 -2.010796e+01  0.000000e+00
     vertex -3.300000e-01 -2.005801e+01  0.000000e+00
     vertex -3.300000e-01 -2.005801e+01  7.100000e-01
   endloop
 endfacet
 facet normal  1.305262e-01  9.914449e-01 -0.000000e+00
   outer loop
     vertex -8.000000e-02 -2.012500e+01  0.000000e+00
     vertex -2.094095e-01 -2.010796e+01  7.100000e-01
     vertex -8.000000e-02 -2.012500e+01  7.100000e-01
   endloop
 endfacet
 facet normal  1.305262e-01  9.914449e-01  0.000000e+00
   outer loop
     vertex -8.000000e-02 -2.012500e+01  0.000000e+00
     vertex -2.094095e-01 -2.010796e+01  0.000000e+00
     vertex -2.094095e-01 -2.010796e+01  7.100000e-01
   endloop
 endfacet
 facet normal -1.305262e-01  9.914449e-01  0.000000e+00
   outer loop
     vertex  2.589410e+00 -2.010796e+01  0.000000e+00
     vertex  2.460000e+00 -2.012500e+01  0.000000e+00
     vertex  2.460000e+00 -2.012500e+01  7.100000e-01
   endloop
 endfacet
 facet normal -1.305262e-01  9.914449e-01  0.000000e+00
   outer loop
     vertex  2.589410e+00 -2.010796e+01  0.000000e+00
     vertex  2.460000e+00 -2.012500e+01  7.100000e-01
     vertex  2.589410e+00 -2.010796e+01  7.100000e-01
   endloop
 endfacet
 facet normal -3.826834e-01  9.238795e-01  0.000000e+00
   outer loop
     vertex  2.710000e+00 -2.005801e+01  0.000000e+00
     vertex  2.589410e+00 -2.010796e+01  7.100000e-01
     vertex  2.710000e+00 -2.005801e+01  7.100000e-01
   endloop
 endfacet
 facet normal -3.826834e-01  9.238795e-01  0.000000e+00
   outer loop
     vertex  2.710000e+00 -2.005801e+01  0.000000e+00
     vertex  2.589410e+00 -2.010796e+01  0.000000e+00
     vertex  2.589410e+00 -2.010796e+01  7.100000e-01
   endloop
 endfacet
 facet normal -6.087614e-01  7.933533e-01  0.000000e+00
   outer loop
     vertex  2.813553e+00 -1.997855e+01  0.000000e+00
     vertex  2.710000e+00 -2.005801e+01  7.100000e-01
     vertex  2.813553e+00 -1.997855e+01  7.100000e-01
   endloop
 endfacet
 facet normal -6.087614e-01  7.933533e-01  0.000000e+00
   outer loop
     vertex  2.813553e+00 -1.997855e+01  0.000000e+00
     vertex  2.710000e+00 -2.005801e+01  0.000000e+00
     vertex  2.710000e+00 -2.005801e+01  7.100000e-01
   endloop
 endfacet
 facet normal -7.933533e-01  6.087614e-01  0.000000e+00
   outer loop
     vertex  2.893013e+00 -1.987500e+01  0.000000e+00
     vertex  2.813553e+00 -1.997855e+01  7.100000e-01
     vertex  2.893013e+00 -1.987500e+01  7.100000e-01
   endloop
 endfacet
 facet normal -7.933533e-01  6.087614e-01  0.000000e+00
   outer loop
     vertex  2.893013e+00 -1.987500e+01  0.000000e+00
     vertex  2.813553e+00 -1.997855e+01  0.000000e+00
     vertex  2.813553e+00 -1.997855e+01  7.100000e-01
   endloop
 endfacet
 facet normal -9.238795e-01  3.826834e-01  0.000000e+00
   outer loop
     vertex  2.942963e+00 -1.975441e+01  0.000000e+00
     vertex  2.893013e+00 -1.987500e+01  7.100000e-01
     vertex  2.942963e+00 -1.975441e+01  7.100000e-01
   endloop
 endfacet
 facet normal -9.238795e-01  3.826834e-01  0.000000e+00
   outer loop
     vertex  2.942963e+00 -1.975441e+01  0.000000e+00
     vertex  2.893013e+00 -1.987500e+01  0.000000e+00
     vertex  2.893013e+00 -1.987500e+01  7.100000e-01
   endloop
 endfacet
 facet normal -9.914449e-01  1.305262e-01  0.000000e+00
   outer loop
     vertex  2.960000e+00 -1.962500e+01  0.000000e+00
     vertex  2.942963e+00 -1.975441e+01  7.100000e-01
     vertex  2.960000e+00 -1.962500e+01  7.100000e-01
   endloop
 endfacet
 facet normal -9.914449e-01  1.305262e-01  0.000000e+00
   outer loop
     vertex  2.960000e+00 -1.962500e+01  0.000000e+00
     vertex  2.942963e+00 -1.975441e+01  0.000000e+00
     vertex  2.942963e+00 -1.975441e+01  7.100000e-01
   endloop
 endfacet
 facet normal -9.914449e-01 -1.305262e-01  0.000000e+00
   outer loop
     vertex  2.942963e+00 -1.949559e+01  0.000000e+00
     vertex  2.960000e+00 -1.962500e+01  7.100000e-01
     vertex  2.942963e+00 -1.949559e+01  7.100000e-01
   endloop
 endfacet
 facet normal -9.914449e-01 -1.305262e-01  0.000000e+00
   outer loop
     vertex  2.942963e+00 -1.949559e+01  0.000000e+00
     vertex  2.960000e+00 -1.962500e+01  0.000000e+00
     vertex  2.960000e+00 -1.962500e+01  7.100000e-01
   endloop
 endfacet
 facet normal -7.933533e-01 -6.087614e-01  0.000000e+00
   outer loop
     vertex  2.893013e+00 -1.937500e+01  0.000000e+00
     vertex  2.893013e+00 -1.937500e+01  7.100000e-01
     vertex  2.813553e+00 -1.927145e+01  7.100000e-01
   endloop
 endfacet
 facet normal -9.238795e-01 -3.826834e-01  0.000000e+00
   outer loop
     vertex  2.893013e+00 -1.937500e+01  0.000000e+00
     vertex  2.942963e+00 -1.949559e+01  7.100000e-01
     vertex  2.893013e+00 -1.937500e+01  7.100000e-01
   endloop
 endfacet
 facet normal -9.238795e-01 -3.826834e-01  0.000000e+00
   outer loop
     vertex  2.893013e+00 -1.937500e+01  0.000000e+00
     vertex  2.942963e+00 -1.949559e+01  0.000000e+00
     vertex  2.942963e+00 -1.949559e+01  7.100000e-01
   endloop
 endfacet
 facet normal -6.087614e-01 -7.933533e-01  0.000000e+00
   outer loop
     vertex  2.813553e+00 -1.927145e+01  0.000000e+00
     vertex  2.813553e+00 -1.927145e+01  7.100000e-01
     vertex  2.710000e+00 -1.919199e+01  7.100000e-01
   endloop
 endfacet
 facet normal -7.933533e-01 -6.087614e-01  0.000000e+00
   outer loop
     vertex  2.813553e+00 -1.927145e+01  0.000000e+00
     vertex  2.893013e+00 -1.937500e+01  0.000000e+00
     vertex  2.813553e+00 -1.927145e+01  7.100000e-01
   endloop
 endfacet
 facet normal -6.087614e-01 -7.933533e-01  0.000000e+00
   outer loop
     vertex  2.710000e+00 -1.919199e+01  0.000000e+00
     vertex  2.813553e+00 -1.927145e+01  0.000000e+00
     vertex  2.710000e+00 -1.919199e+01  7.100000e-01
   endloop
 endfacet
 facet normal -3.826834e-01 -9.238795e-01  0.000000e+00
   outer loop
     vertex  2.589410e+00 -1.914204e+01  0.000000e+00
     vertex  2.710000e+00 -1.919199e+01  0.000000e+00
     vertex  2.710000e+00 -1.919199e+01  7.100000e-01
   endloop
 endfacet
 facet normal -1.305262e-01 -9.914449e-01  0.000000e+00
   outer loop
     vertex  2.589410e+00 -1.914204e+01  0.000000e+00
     vertex  2.589410e+00 -1.914204e+01  7.100000e-01
     vertex  2.460000e+00 -1.912500e+01  7.100000e-01
   endloop
 endfacet
 facet normal -3.826834e-01 -9.238795e-01  0.000000e+00
   outer loop
     vertex  2.589410e+00 -1.914204e+01  0.000000e+00
     vertex  2.710000e+00 -1.919199e+01  7.100000e-01
     vertex  2.589410e+00 -1.914204e+01  7.100000e-01
   endloop
 endfacet
 facet normal -1.305262e-01 -9.914449e-01  0.000000e+00
   outer loop
     vertex  2.460000e+00 -1.912500e+01  0.000000e+00
     vertex  2.589410e+00 -1.914204e+01  0.000000e+00
     vertex  2.460000e+00 -1.912500e+01  7.100000e-01
   endloop
 endfacet
 facet normal  1.305262e-01 -9.914449e-01  0.000000e+00
   outer loop
     vertex  2.330590e+00 -1.914204e+01  0.000000e+00
     vertex  2.460000e+00 -1.912500e+01  0.000000e+00
     vertex  2.460000e+00 -1.912500e+01  7.100000e-01
   endloop
 endfacet
 facet normal  1.305262e-01 -9.914449e-01  0.000000e+00
   outer loop
     vertex  2.330590e+00 -1.914204e+01  0.000000e+00
     vertex  2.460000e+00 -1.912500e+01  7.100000e-01
     vertex  2.330590e+00 -1.914204e+01  7.100000e-01
   endloop
 endfacet
 facet normal  3.826834e-01 -9.238795e-01  0.000000e+00
   outer loop
     vertex  2.210000e+00 -1.919199e+01  0.000000e+00
     vertex  2.330590e+00 -1.914204e+01  0.000000e+00
     vertex  2.330590e+00 -1.914204e+01  7.100000e-01
   endloop
 endfacet
 facet normal  3.826834e-01 -9.238795e-01  0.000000e+00
   outer loop
     vertex  2.210000e+00 -1.919199e+01  0.000000e+00
     vertex  2.330590e+00 -1.914204e+01  7.100000e-01
     vertex  2.210000e+00 -1.919199e+01  7.100000e-01
   endloop
 endfacet
 facet normal  6.087614e-01 -7.933533e-01  0.000000e+00
   outer loop
     vertex  2.106447e+00 -1.927145e+01  0.000000e+00
     vertex  2.210000e+00 -1.919199e+01  0.000000e+00
     vertex  2.210000e+00 -1.919199e+01  7.100000e-01
   endloop
 endfacet
 facet normal  6.087614e-01 -7.933533e-01  0.000000e+00
   outer loop
     vertex  2.106447e+00 -1.927145e+01  0.000000e+00
     vertex  2.210000e+00 -1.919199e+01  7.100000e-01
     vertex  2.106447e+00 -1.927145e+01  7.100000e-01
   endloop
 endfacet
 facet normal  7.933533e-01 -6.087614e-01  0.000000e+00
   outer loop
     vertex  2.026987e+00 -1.937500e+01  0.000000e+00
     vertex  2.106447e+00 -1.927145e+01  0.000000e+00
     vertex  2.106447e+00 -1.927145e+01  7.100000e-01
   endloop
 endfacet
 facet normal  7.933533e-01 -6.087614e-01  0.000000e+00
   outer loop
     vertex  2.026987e+00 -1.937500e+01  0.000000e+00
     vertex  2.106447e+00 -1.927145e+01  7.100000e-01
     vertex  2.026987e+00 -1.937500e+01  7.100000e-01
   endloop
 endfacet
 facet normal  9.238795e-01 -3.826834e-01  0.000000e+00
   outer loop
     vertex  1.977037e+00 -1.949559e+01  0.000000e+00
     vertex  2.026987e+00 -1.937500e+01  0.000000e+00
     vertex  2.026987e+00 -1.937500e+01  7.100000e-01
   endloop
 endfacet
 facet normal  9.238795e-01 -3.826834e-01  0.000000e+00
   outer loop
     vertex  1.977037e+00 -1.949559e+01  0.000000e+00
     vertex  2.026987e+00 -1.937500e+01  7.100000e-01
     vertex  1.977037e+00 -1.949559e+01  7.100000e-01
   endloop
 endfacet
 facet normal  9.914449e-01 -1.305262e-01  0.000000e+00
   outer loop
     vertex  1.960000e+00 -1.962500e+01  0.000000e+00
     vertex  1.977037e+00 -1.949559e+01  0.000000e+00
     vertex  1.977037e+00 -1.949559e+01  7.100000e-01
   endloop
 endfacet
 facet normal  9.914449e-01 -1.305262e-01  0.000000e+00
   outer loop
     vertex  1.960000e+00 -1.962500e+01  0.000000e+00
     vertex  1.977037e+00 -1.949559e+01  7.100000e-01
     vertex  1.960000e+00 -1.962500e+01  7.100000e-01
   endloop
 endfacet
 facet normal  9.238795e-01  3.826834e-01 -0.000000e+00
   outer loop
     vertex  1.977037e+00 -1.975441e+01  0.000000e+00
     vertex  1.977037e+00 -1.975441e+01  7.100000e-01
     vertex  2.026987e+00 -1.987500e+01  7.100000e-01
   endloop
 endfacet
 facet normal  9.914449e-01  1.305262e-01 -0.000000e+00
   outer loop
     vertex  1.977037e+00 -1.975441e+01  0.000000e+00
     vertex  1.960000e+00 -1.962500e+01  7.100000e-01
     vertex  1.977037e+00 -1.975441e+01  7.100000e-01
   endloop
 endfacet
 facet normal  9.914449e-01  1.305262e-01  0.000000e+00
   outer loop
     vertex  1.977037e+00 -1.975441e+01  0.000000e+00
     vertex  1.960000e+00 -1.962500e+01  0.000000e+00
     vertex  1.960000e+00 -1.962500e+01  7.100000e-01
   endloop
 endfacet
 facet normal  9.238795e-01  3.826834e-01 -0.000000e+00
   outer loop
     vertex  2.026987e+00 -1.987500e+01  0.000000e+00
     vertex  1.977037e+00 -1.975441e+01  0.000000e+00
     vertex  2.026987e+00 -1.987500e+01  7.100000e-01
   endloop
 endfacet
 facet normal  7.933533e-01  6.087614e-01 -0.000000e+00
   outer loop
     vertex  2.026987e+00 -1.987500e+01  0.000000e+00
     vertex  2.026987e+00 -1.987500e+01  7.100000e-01
     vertex  2.106447e+00 -1.997855e+01  7.100000e-01
   endloop
 endfacet
 facet normal  6.087614e-01  7.933533e-01 -0.000000e+00
   outer loop
     vertex  2.106447e+00 -1.997855e+01  0.000000e+00
     vertex  2.106447e+00 -1.997855e+01  7.100000e-01
     vertex  2.210000e+00 -2.005801e+01  7.100000e-01
   endloop
 endfacet
 facet normal  7.933533e-01  6.087614e-01 -0.000000e+00
   outer loop
     vertex  2.106447e+00 -1.997855e+01  0.000000e+00
     vertex  2.026987e+00 -1.987500e+01  0.000000e+00
     vertex  2.106447e+00 -1.997855e+01  7.100000e-01
   endloop
 endfacet
 facet normal  6.087614e-01  7.933533e-01 -0.000000e+00
   outer loop
     vertex  2.210000e+00 -2.005801e+01  0.000000e+00
     vertex  2.106447e+00 -1.997855e+01  0.000000e+00
     vertex  2.210000e+00 -2.005801e+01  7.100000e-01
   endloop
 endfacet
 facet normal  3.826834e-01  9.238795e-01 -0.000000e+00
   outer loop
     vertex  2.330590e+00 -2.010796e+01  0.000000e+00
     vertex  2.210000e+00 -2.005801e+01  7.100000e-01
     vertex  2.330590e+00 -2.010796e+01  7.100000e-01
   endloop
 endfacet
 facet normal  3.826834e-01  9.238795e-01  0.000000e+00
   outer loop
     vertex  2.330590e+00 -2.010796e+01  0.000000e+00
     vertex  2.210000e+00 -2.005801e+01  0.000000e+00
     vertex  2.210000e+00 -2.005801e+01  7.100000e-01
   endloop
 endfacet
 facet normal  1.305262e-01  9.914449e-01 -0.000000e+00
   outer loop
     vertex  2.460000e+00 -2.012500e+01  0.000000e+00
     vertex  2.330590e+00 -2.010796e+01  7.100000e-01
     vertex  2.460000e+00 -2.012500e+01  7.100000e-01
   endloop
 endfacet
 facet normal  1.305262e-01  9.914449e-01  0.000000e+00
   outer loop
     vertex  2.460000e+00 -2.012500e+01  0.000000e+00
     vertex  2.330590e+00 -2.010796e+01  0.000000e+00
     vertex  2.330590e+00 -2.010796e+01  7.100000e-01
   endloop
 endfacet
 facet normal -1.305262e-01  9.914449e-01  0.000000e+00
   outer loop
     vertex  5.129410e+00 -2.010796e+01  0.000000e+00
     vertex  5.000000e+00 -2.012500e+01  0.000000e+00
     vertex  5.000000e+00 -2.012500e+01  7.100000e-01
   endloop
 endfacet
 facet normal -1.305262e-01  9.914449e-01  0.000000e+00
   outer loop
     vertex  5.129410e+00 -2.010796e+01  0.000000e+00
     vertex  5.000000e+00 -2.012500e+01  7.100000e-01
     vertex  5.129410e+00 -2.010796e+01  7.100000e-01
   endloop
 endfacet
 facet normal -3.826834e-01  9.238795e-01  0.000000e+00
   outer loop
     vertex  5.250000e+00 -2.005801e+01  0.000000e+00
     vertex  5.129410e+00 -2.010796e+01  7.100000e-01
     vertex  5.250000e+00 -2.005801e+01  7.100000e-01
   endloop
 endfacet
 facet normal -3.826834e-01  9.238795e-01  0.000000e+00
   outer loop
     vertex  5.250000e+00 -2.005801e+01  0.000000e+00
     vertex  5.129410e+00 -2.010796e+01  0.000000e+00
     vertex  5.129410e+00 -2.010796e+01  7.100000e-01
   endloop
 endfacet
 facet normal -6.087614e-01  7.933533e-01  0.000000e+00
   outer loop
     vertex  5.353553e+00 -1.997855e+01  0.000000e+00
     vertex  5.250000e+00 -2.005801e+01  7.100000e-01
     vertex  5.353553e+00 -1.997855e+01  7.100000e-01
   endloop
 endfacet
 facet normal -6.087614e-01  7.933533e-01  0.000000e+00
   outer loop
     vertex  5.353553e+00 -1.997855e+01  0.000000e+00
     vertex  5.250000e+00 -2.005801e+01  0.000000e+00
     vertex  5.250000e+00 -2.005801e+01  7.100000e-01
   endloop
 endfacet
 facet normal -7.933533e-01  6.087614e-01  0.000000e+00
   outer loop
     vertex  5.433013e+00 -1.987500e+01  0.000000e+00
     vertex  5.353553e+00 -1.997855e+01  7.100000e-01
     vertex  5.433013e+00 -1.987500e+01  7.100000e-01
   endloop
 endfacet
 facet normal -7.933533e-01  6.087614e-01  0.000000e+00
   outer loop
     vertex  5.433013e+00 -1.987500e+01  0.000000e+00
     vertex  5.353553e+00 -1.997855e+01  0.000000e+00
     vertex  5.353553e+00 -1.997855e+01  7.100000e-01
   endloop
 endfacet
 facet normal -9.238795e-01  3.826834e-01  0.000000e+00
   outer loop
     vertex  5.482963e+00 -1.975441e+01  0.000000e+00
     vertex  5.433013e+00 -1.987500e+01  7.100000e-01
     vertex  5.482963e+00 -1.975441e+01  7.100000e-01
   endloop
 endfacet
 facet normal -9.238795e-01  3.826834e-01  0.000000e+00
   outer loop
     vertex  5.482963e+00 -1.975441e+01  0.000000e+00
     vertex  5.433013e+00 -1.987500e+01  0.000000e+00
     vertex  5.433013e+00 -1.987500e+01  7.100000e-01
   endloop
 endfacet
 facet normal -9.914449e-01  1.305262e-01  0.000000e+00
   outer loop
     vertex  5.500000e+00 -1.962500e+01  0.000000e+00
     vertex  5.482963e+00 -1.975441e+01  7.100000e-01
     vertex  5.500000e+00 -1.962500e+01  7.100000e-01
   endloop
 endfacet
 facet normal -9.914449e-01  1.305262e-01  0.000000e+00
   outer loop
     vertex  5.500000e+00 -1.962500e+01  0.000000e+00
     vertex  5.482963e+00 -1.975441e+01  0.000000e+00
     vertex  5.482963e+00 -1.975441e+01  7.100000e-01
   endloop
 endfacet
 facet normal -9.914449e-01 -1.305262e-01  0.000000e+00
   outer loop
     vertex  5.482963e+00 -1.949559e+01  0.000000e+00
     vertex  5.500000e+00 -1.962500e+01  7.100000e-01
     vertex  5.482963e+00 -1.949559e+01  7.100000e-01
   endloop
 endfacet
 facet normal -9.914449e-01 -1.305262e-01  0.000000e+00
   outer loop
     vertex  5.482963e+00 -1.949559e+01  0.000000e+00
     vertex  5.500000e+00 -1.962500e+01  0.000000e+00
     vertex  5.500000e+00 -1.962500e+01  7.100000e-01
   endloop
 endfacet
 facet normal -7.933533e-01 -6.087614e-01  0.000000e+00
   outer loop
     vertex  5.433013e+00 -1.937500e+01  0.000000e+00
     vertex  5.433013e+00 -1.937500e+01  7.100000e-01
     vertex  5.353553e+00 -1.927145e+01  7.100000e-01
   endloop
 endfacet
 facet normal -9.238795e-01 -3.826834e-01  0.000000e+00
   outer loop
     vertex  5.433013e+00 -1.937500e+01  0.000000e+00
     vertex  5.482963e+00 -1.949559e+01  7.100000e-01
     vertex  5.433013e+00 -1.937500e+01  7.100000e-01
   endloop
 endfacet
 facet normal -9.238795e-01 -3.826834e-01  0.000000e+00
   outer loop
     vertex  5.433013e+00 -1.937500e+01  0.000000e+00
     vertex  5.482963e+00 -1.949559e+01  0.000000e+00
     vertex  5.482963e+00 -1.949559e+01  7.100000e-01
   endloop
 endfacet
 facet normal -6.087614e-01 -7.933533e-01  0.000000e+00
   outer loop
     vertex  5.353553e+00 -1.927145e+01  0.000000e+00
     vertex  5.353553e+00 -1.927145e+01  7.100000e-01
     vertex  5.250000e+00 -1.919199e+01  7.100000e-01
   endloop
 endfacet
 facet normal -7.933533e-01 -6.087614e-01  0.000000e+00
   outer loop
     vertex  5.353553e+00 -1.927145e+01  0.000000e+00
     vertex  5.433013e+00 -1.937500e+01  0.000000e+00
     vertex  5.353553e+00 -1.927145e+01  7.100000e-01
   endloop
 endfacet
 facet normal -6.087614e-01 -7.933533e-01  0.000000e+00
   outer loop
     vertex  5.250000e+00 -1.919199e+01  0.000000e+00
     vertex  5.353553e+00 -1.927145e+01  0.000000e+00
     vertex  5.250000e+00 -1.919199e+01  7.100000e-01
   endloop
 endfacet
 facet normal -3.826834e-01 -9.238795e-01  0.000000e+00
   outer loop
     vertex  5.129410e+00 -1.914204e+01  0.000000e+00
     vertex  5.250000e+00 -1.919199e+01  0.000000e+00
     vertex  5.250000e+00 -1.919199e+01  7.100000e-01
   endloop
 endfacet
 facet normal -1.305262e-01 -9.914449e-01  0.000000e+00
   outer loop
     vertex  5.129410e+00 -1.914204e+01  0.000000e+00
     vertex  5.129410e+00 -1.914204e+01  7.100000e-01
     vertex  5.000000e+00 -1.912500e+01  7.100000e-01
   endloop
 endfacet
 facet normal -3.826834e-01 -9.238795e-01  0.000000e+00
   outer loop
     vertex  5.129410e+00 -1.914204e+01  0.000000e+00
     vertex  5.250000e+00 -1.919199e+01  7.100000e-01
     vertex  5.129410e+00 -1.914204e+01  7.100000e-01
   endloop
 endfacet
 facet normal -1.305262e-01 -9.914449e-01  0.000000e+00
   outer loop
     vertex  5.000000e+00 -1.912500e+01  0.000000e+00
     vertex  5.129410e+00 -1.914204e+01  0.000000e+00
     vertex  5.000000e+00 -1.912500e+01  7.100000e-01
   endloop
 endfacet
 facet normal  1.305262e-01 -9.914449e-01  0.000000e+00
   outer loop
     vertex  4.870590e+00 -1.914204e+01  0.000000e+00
     vertex  5.000000e+00 -1.912500e+01  0.000000e+00
     vertex  5.000000e+00 -1.912500e+01  7.100000e-01
   endloop
 endfacet
 facet normal  1.305262e-01 -9.914449e-01  0.000000e+00
   outer loop
     vertex  4.870590e+00 -1.914204e+01  0.000000e+00
     vertex  5.000000e+00 -1.912500e+01  7.100000e-01
     vertex  4.870590e+00 -1.914204e+01  7.100000e-01
   endloop
 endfacet
 facet normal  3.826834e-01 -9.238795e-01  0.000000e+00
   outer loop
     vertex  4.750000e+00 -1.919199e+01  0.000000e+00
     vertex  4.870590e+00 -1.914204e+01  0.000000e+00
     vertex  4.870590e+00 -1.914204e+01  7.100000e-01
   endloop
 endfacet
 facet normal  3.826834e-01 -9.238795e-01  0.000000e+00
   outer loop
     vertex  4.750000e+00 -1.919199e+01  0.000000e+00
     vertex  4.870590e+00 -1.914204e+01  7.100000e-01
     vertex  4.750000e+00 -1.919199e+01  7.100000e-01
   endloop
 endfacet
 facet normal  6.087614e-01 -7.933533e-01  0.000000e+00
   outer loop
     vertex  4.646447e+00 -1.927145e+01  0.000000e+00
     vertex  4.750000e+00 -1.919199e+01  0.000000e+00
     vertex  4.750000e+00 -1.919199e+01  7.100000e-01
   endloop
 endfacet
 facet normal  6.087614e-01 -7.933533e-01  0.000000e+00
   outer loop
     vertex  4.646447e+00 -1.927145e+01  0.000000e+00
     vertex  4.750000e+00 -1.919199e+01  7.100000e-01
     vertex  4.646447e+00 -1.927145e+01  7.100000e-01
   endloop
 endfacet
 facet normal  7.933533e-01 -6.087614e-01  0.000000e+00
   outer loop
     vertex  4.566987e+00 -1.937500e+01  0.000000e+00
     vertex  4.646447e+00 -1.927145e+01  0.000000e+00
     vertex  4.646447e+00 -1.927145e+01  7.100000e-01
   endloop
 endfacet
 facet normal  7.933533e-01 -6.087614e-01  0.000000e+00
   outer loop
     vertex  4.566987e+00 -1.937500e+01  0.000000e+00
     vertex  4.646447e+00 -1.927145e+01  7.100000e-01
     vertex  4.566987e+00 -1.937500e+01  7.100000e-01
   endloop
 endfacet
 facet normal  9.238795e-01 -3.826834e-01  0.000000e+00
   outer loop
     vertex  4.517037e+00 -1.949559e+01  0.000000e+00
     vertex  4.566987e+00 -1.937500e+01  0.000000e+00
     vertex  4.566987e+00 -1.937500e+01  7.100000e-01
   endloop
 endfacet
 facet normal  9.238795e-01 -3.826834e-01  0.000000e+00
   outer loop
     vertex  4.517037e+00 -1.949559e+01  0.000000e+00
     vertex  4.566987e+00 -1.937500e+01  7.100000e-01
     vertex  4.517037e+00 -1.949559e+01  7.100000e-01
   endloop
 endfacet
 facet normal  9.914449e-01 -1.305262e-01  0.000000e+00
   outer loop
     vertex  4.500000e+00 -1.962500e+01  0.000000e+00
     vertex  4.517037e+00 -1.949559e+01  0.000000e+00
     vertex  4.517037e+00 -1.949559e+01  7.100000e-01
   endloop
 endfacet
 facet normal  9.914449e-01 -1.305262e-01  0.000000e+00
   outer loop
     vertex  4.500000e+00 -1.962500e+01  0.000000e+00
     vertex  4.517037e+00 -1.949559e+01  7.100000e-01
     vertex  4.500000e+00 -1.962500e+01  7.100000e-01
   endloop
 endfacet
 facet normal  9.238795e-01  3.826834e-01 -0.000000e+00
   outer loop
     vertex  4.517037e+00 -1.975441e+01  0.000000e+00
     vertex  4.517037e+00 -1.975441e+01  7.100000e-01
     vertex  4.566987e+00 -1.987500e+01  7.100000e-01
   endloop
 endfacet
 facet normal  9.914449e-01  1.305262e-01 -0.000000e+00
   outer loop
     vertex  4.517037e+00 -1.975441e+01  0.000000e+00
     vertex  4.500000e+00 -1.962500e+01  7.100000e-01
     vertex  4.517037e+00 -1.975441e+01  7.100000e-01
   endloop
 endfacet
 facet normal  9.914449e-01  1.305262e-01  0.000000e+00
   outer loop
     vertex  4.517037e+00 -1.975441e+01  0.000000e+00
     vertex  4.500000e+00 -1.962500e+01  0.000000e+00
     vertex  4.500000e+00 -1.962500e+01  7.100000e-01
   endloop
 endfacet
 facet normal  9.238795e-01  3.826834e-01 -0.000000e+00
   outer loop
     vertex  4.566987e+00 -1.987500e+01  0.000000e+00
     vertex  4.517037e+00 -1.975441e+01  0.000000e+00
     vertex  4.566987e+00 -1.987500e+01  7.100000e-01
   endloop
 endfacet
 facet normal  7.933533e-01  6.087614e-01 -0.000000e+00
   outer loop
     vertex  4.566987e+00 -1.987500e+01  0.000000e+00
     vertex  4.566987e+00 -1.987500e+01  7.100000e-01
     vertex  4.646447e+00 -1.997855e+01  7.100000e-01
   endloop
 endfacet
 facet normal  6.087614e-01  7.933533e-01 -0.000000e+00
   outer loop
     vertex  4.646447e+00 -1.997855e+01  0.000000e+00
     vertex  4.646447e+00 -1.997855e+01  7.100000e-01
     vertex  4.750000e+00 -2.005801e+01  7.100000e-01
   endloop
 endfacet
 facet normal  7.933533e-01  6.087614e-01 -0.000000e+00
   outer loop
     vertex  4.646447e+00 -1.997855e+01  0.000000e+00
     vertex  4.566987e+00 -1.987500e+01  0.000000e+00
     vertex  4.646447e+00 -1.997855e+01  7.100000e-01
   endloop
 endfacet
 facet normal  6.087614e-01  7.933533e-01 -0.000000e+00
   outer loop
     vertex  4.750000e+00 -2.005801e+01  0.000000e+00
     vertex  4.646447e+00 -1.997855e+01  0.000000e+00
     vertex  4.750000e+00 -2.005801e+01  7.100000e-01
   endloop
 endfacet
 facet normal  3.826834e-01  9.238795e-01 -0.000000e+00
   outer loop
     vertex  4.870590e+00 -2.010796e+01  0.000000e+00
     vertex  4.750000e+00 -2.005801e+01  7.100000e-01
     vertex  4.870590e+00 -2.010796e+01  7.100000e-01
   endloop
 endfacet
 facet normal  3.826834e-01  9.238795e-01  0.000000e+00
   outer loop
     vertex  4.870590e+00 -2.010796e+01  0.000000e+00
     vertex  4.750000e+00 -2.005801e+01  0.000000e+00
     vertex  4.750000e+00 -2.005801e+01  7.100000e-01
   endloop
 endfacet
 facet normal  1.305262e-01  9.914449e-01 -0.000000e+00
   outer loop
     vertex  5.000000e+00 -2.012500e+01  0.000000e+00
     vertex  4.870590e+00 -2.010796e+01  7.100000e-01
     vertex  5.000000e+00 -2.012500e+01  7.100000e-01
   endloop
 endfacet
 facet normal  1.305262e-01  9.914449e-01  0.000000e+00
   outer loop
     vertex  5.000000e+00 -2.012500e+01  0.000000e+00
     vertex  4.870590e+00 -2.010796e+01  0.000000e+00
     vertex  4.870590e+00 -2.010796e+01  7.100000e-01
   endloop
 endfacet
 facet normal -1.305262e-01  9.914449e-01  0.000000e+00
   outer loop
     vertex -1.320059e+01 -5.656781e+00  0.000000e+00
     vertex -1.333000e+01 -5.673818e+00  0.000000e+00
     vertex -1.333000e+01 -5.673818e+00  7.100000e-01
   endloop
 endfacet
 facet normal -1.305262e-01  9.914449e-01  0.000000e+00
   outer loop
     vertex -1.320059e+01 -5.656781e+00  0.000000e+00
     vertex -1.333000e+01 -5.673818e+00  7.100000e-01
     vertex -1.320059e+01 -5.656781e+00  7.100000e-01
   endloop
 endfacet
 facet normal -3.826834e-01  9.238795e-01  0.000000e+00
   outer loop
     vertex -1.308000e+01 -5.606831e+00  0.000000e+00
     vertex -1.320059e+01 -5.656781e+00  7.100000e-01
     vertex -1.308000e+01 -5.606831e+00  7.100000e-01
   endloop
 endfacet
 facet normal -3.826834e-01  9.238795e-01  0.000000e+00
   outer loop
     vertex -1.308000e+01 -5.606831e+00  0.000000e+00
     vertex -1.320059e+01 -5.656781e+00  0.000000e+00
     vertex -1.320059e+01 -5.656781e+00  7.100000e-01
   endloop
 endfacet
 facet normal -6.087614e-01  7.933533e-01  0.000000e+00
   outer loop
     vertex -1.297645e+01 -5.527371e+00  0.000000e+00
     vertex -1.308000e+01 -5.606831e+00  7.100000e-01
     vertex -1.297645e+01 -5.527371e+00  7.100000e-01
   endloop
 endfacet
 facet normal -6.087614e-01  7.933533e-01  0.000000e+00
   outer loop
     vertex -1.297645e+01 -5.527371e+00  0.000000e+00
     vertex -1.308000e+01 -5.606831e+00  0.000000e+00
     vertex -1.308000e+01 -5.606831e+00  7.100000e-01
   endloop
 endfacet
 facet normal -7.933533e-01  6.087614e-01  0.000000e+00
   outer loop
     vertex -1.289699e+01 -5.423818e+00  0.000000e+00
     vertex -1.297645e+01 -5.527371e+00  7.100000e-01
     vertex -1.289699e+01 -5.423818e+00  7.100000e-01
   endloop
 endfacet
 facet normal -7.933533e-01  6.087614e-01  0.000000e+00
   outer loop
     vertex -1.289699e+01 -5.423818e+00  0.000000e+00
     vertex -1.297645e+01 -5.527371e+00  0.000000e+00
     vertex -1.297645e+01 -5.527371e+00  7.100000e-01
   endloop
 endfacet
 facet normal -9.238795e-01  3.826834e-01  0.000000e+00
   outer loop
     vertex -1.284704e+01 -5.303228e+00  0.000000e+00
     vertex -1.289699e+01 -5.423818e+00  7.100000e-01
     vertex -1.284704e+01 -5.303228e+00  7.100000e-01
   endloop
 endfacet
 facet normal -9.238795e-01  3.826834e-01  0.000000e+00
   outer loop
     vertex -1.284704e+01 -5.303228e+00  0.000000e+00
     vertex -1.289699e+01 -5.423818e+00  0.000000e+00
     vertex -1.289699e+01 -5.423818e+00  7.100000e-01
   endloop
 endfacet
 facet normal -9.914449e-01  1.305262e-01  0.000000e+00
   outer loop
     vertex -1.283000e+01 -5.173818e+00  0.000000e+00
     vertex -1.284704e+01 -5.303228e+00  7.100000e-01
     vertex -1.283000e+01 -5.173818e+00  7.100000e-01
   endloop
 endfacet
 facet normal -9.914449e-01  1.305262e-01  0.000000e+00
   outer loop
     vertex -1.283000e+01 -5.173818e+00  0.000000e+00
     vertex -1.284704e+01 -5.303228e+00  0.000000e+00
     vertex -1.284704e+01 -5.303228e+00  7.100000e-01
   endloop
 endfacet
 facet normal -9.914449e-01 -1.305262e-01  0.000000e+00
   outer loop
     vertex -1.284704e+01 -5.044408e+00  0.000000e+00
     vertex -1.283000e+01 -5.173818e+00  7.100000e-01
     vertex -1.284704e+01 -5.044408e+00  7.100000e-01
   endloop
 endfacet
 facet normal -9.914449e-01 -1.305262e-01  0.000000e+00
   outer loop
     vertex -1.284704e+01 -5.044408e+00  0.000000e+00
     vertex -1.283000e+01 -5.173818e+00  0.000000e+00
     vertex -1.283000e+01 -5.173818e+00  7.100000e-01
   endloop
 endfacet
 facet normal -7.933533e-01 -6.087614e-01  0.000000e+00
   outer loop
     vertex -1.289699e+01 -4.923818e+00  0.000000e+00
     vertex -1.289699e+01 -4.923818e+00  7.100000e-01
     vertex -1.297645e+01 -4.820265e+00  7.100000e-01
   endloop
 endfacet
 facet normal -9.238795e-01 -3.826834e-01  0.000000e+00
   outer loop
     vertex -1.289699e+01 -4.923818e+00  0.000000e+00
     vertex -1.284704e+01 -5.044408e+00  7.100000e-01
     vertex -1.289699e+01 -4.923818e+00  7.100000e-01
   endloop
 endfacet
 facet normal -9.238795e-01 -3.826834e-01  0.000000e+00
   outer loop
     vertex -1.289699e+01 -4.923818e+00  0.000000e+00
     vertex -1.284704e+01 -5.044408e+00  0.000000e+00
     vertex -1.284704e+01 -5.044408e+00  7.100000e-01
   endloop
 endfacet
 facet normal -6.087614e-01 -7.933533e-01  0.000000e+00
   outer loop
     vertex -1.297645e+01 -4.820265e+00  0.000000e+00
     vertex -1.297645e+01 -4.820265e+00  7.100000e-01
     vertex -1.308000e+01 -4.740805e+00  7.100000e-01
   endloop
 endfacet
 facet normal -7.933533e-01 -6.087614e-01  0.000000e+00
   outer loop
     vertex -1.297645e+01 -4.820265e+00  0.000000e+00
     vertex -1.289699e+01 -4.923818e+00  0.000000e+00
     vertex -1.297645e+01 -4.820265e+00  7.100000e-01
   endloop
 endfacet
 facet normal -6.087614e-01 -7.933533e-01  0.000000e+00
   outer loop
     vertex -1.308000e+01 -4.740805e+00  0.000000e+00
     vertex -1.297645e+01 -4.820265e+00  0.000000e+00
     vertex -1.308000e+01 -4.740805e+00  7.100000e-01
   endloop
 endfacet
 facet normal -3.826834e-01 -9.238795e-01  0.000000e+00
   outer loop
     vertex -1.320059e+01 -4.690855e+00  0.000000e+00
     vertex -1.308000e+01 -4.740805e+00  0.000000e+00
     vertex -1.308000e+01 -4.740805e+00  7.100000e-01
   endloop
 endfacet
 facet normal -1.305262e-01 -9.914449e-01  0.000000e+00
   outer loop
     vertex -1.320059e+01 -4.690855e+00  0.000000e+00
     vertex -1.320059e+01 -4.690855e+00  7.100000e-01
     vertex -1.333000e+01 -4.673818e+00  7.100000e-01
   endloop
 endfacet
 facet normal -3.826834e-01 -9.238795e-01  0.000000e+00
   outer loop
     vertex -1.320059e+01 -4.690855e+00  0.000000e+00
     vertex -1.308000e+01 -4.740805e+00  7.100000e-01
     vertex -1.320059e+01 -4.690855e+00  7.100000e-01
   endloop
 endfacet
 facet normal -1.305262e-01 -9.914449e-01  0.000000e+00
   outer loop
     vertex -1.333000e+01 -4.673818e+00  0.000000e+00
     vertex -1.320059e+01 -4.690855e+00  0.000000e+00
     vertex -1.333000e+01 -4.673818e+00  7.100000e-01
   endloop
 endfacet
 facet normal  1.305262e-01 -9.914449e-01  0.000000e+00
   outer loop
     vertex -1.345941e+01 -4.690855e+00  0.000000e+00
     vertex -1.333000e+01 -4.673818e+00  0.000000e+00
     vertex -1.333000e+01 -4.673818e+00  7.100000e-01
   endloop
 endfacet
 facet normal  1.305262e-01 -9.914449e-01  0.000000e+00
   outer loop
     vertex -1.345941e+01 -4.690855e+00  0.000000e+00
     vertex -1.333000e+01 -4.673818e+00  7.100000e-01
     vertex -1.345941e+01 -4.690855e+00  7.100000e-01
   endloop
 endfacet
 facet normal  3.826834e-01 -9.238795e-01  0.000000e+00
   outer loop
     vertex -1.358000e+01 -4.740805e+00  0.000000e+00
     vertex -1.345941e+01 -4.690855e+00  0.000000e+00
     vertex -1.345941e+01 -4.690855e+00  7.100000e-01
   endloop
 endfacet
 facet normal  3.826834e-01 -9.238795e-01  0.000000e+00
   outer loop
     vertex -1.358000e+01 -4.740805e+00  0.000000e+00
     vertex -1.345941e+01 -4.690855e+00  7.100000e-01
     vertex -1.358000e+01 -4.740805e+00  7.100000e-01
   endloop
 endfacet
 facet normal  6.087614e-01 -7.933533e-01  0.000000e+00
   outer loop
     vertex -1.368355e+01 -4.820265e+00  0.000000e+00
     vertex -1.358000e+01 -4.740805e+00  0.000000e+00
     vertex -1.358000e+01 -4.740805e+00  7.100000e-01
   endloop
 endfacet
 facet normal  6.087614e-01 -7.933533e-01  0.000000e+00
   outer loop
     vertex -1.368355e+01 -4.820265e+00  0.000000e+00
     vertex -1.358000e+01 -4.740805e+00  7.100000e-01
     vertex -1.368355e+01 -4.820265e+00  7.100000e-01
   endloop
 endfacet
 facet normal  7.933533e-01 -6.087614e-01  0.000000e+00
   outer loop
     vertex -1.376301e+01 -4.923818e+00  0.000000e+00
     vertex -1.368355e+01 -4.820265e+00  0.000000e+00
     vertex -1.368355e+01 -4.820265e+00  7.100000e-01
   endloop
 endfacet
 facet normal  7.933533e-01 -6.087614e-01  0.000000e+00
   outer loop
     vertex -1.376301e+01 -4.923818e+00  0.000000e+00
     vertex -1.368355e+01 -4.820265e+00  7.100000e-01
     vertex -1.376301e+01 -4.923818e+00  7.100000e-01
   endloop
 endfacet
 facet normal  9.238795e-01 -3.826834e-01  0.000000e+00
   outer loop
     vertex -1.381296e+01 -5.044408e+00  0.000000e+00
     vertex -1.376301e+01 -4.923818e+00  0.000000e+00
     vertex -1.376301e+01 -4.923818e+00  7.100000e-01
   endloop
 endfacet
 facet normal  9.238795e-01 -3.826834e-01  0.000000e+00
   outer loop
     vertex -1.381296e+01 -5.044408e+00  0.000000e+00
     vertex -1.376301e+01 -4.923818e+00  7.100000e-01
     vertex -1.381296e+01 -5.044408e+00  7.100000e-01
   endloop
 endfacet
 facet normal  9.914449e-01 -1.305262e-01  0.000000e+00
   outer loop
     vertex -1.383000e+01 -5.173818e+00  0.000000e+00
     vertex -1.381296e+01 -5.044408e+00  0.000000e+00
     vertex -1.381296e+01 -5.044408e+00  7.100000e-01
   endloop
 endfacet
 facet normal  9.914449e-01 -1.305262e-01  0.000000e+00
   outer loop
     vertex -1.383000e+01 -5.173818e+00  0.000000e+00
     vertex -1.381296e+01 -5.044408e+00  7.100000e-01
     vertex -1.383000e+01 -5.173818e+00  7.100000e-01
   endloop
 endfacet
 facet normal  9.238795e-01  3.826834e-01 -0.000000e+00
   outer loop
     vertex -1.381296e+01 -5.303228e+00  0.000000e+00
     vertex -1.381296e+01 -5.303228e+00  7.100000e-01
     vertex -1.376301e+01 -5.423818e+00  7.100000e-01
   endloop
 endfacet
 facet normal  9.914449e-01  1.305262e-01 -0.000000e+00
   outer loop
     vertex -1.381296e+01 -5.303228e+00  0.000000e+00
     vertex -1.383000e+01 -5.173818e+00  7.100000e-01
     vertex -1.381296e+01 -5.303228e+00  7.100000e-01
   endloop
 endfacet
 facet normal  9.914449e-01  1.305262e-01  0.000000e+00
   outer loop
     vertex -1.381296e+01 -5.303228e+00  0.000000e+00
     vertex -1.383000e+01 -5.173818e+00  0.000000e+00
     vertex -1.383000e+01 -5.173818e+00  7.100000e-01
   endloop
 endfacet
 facet normal  9.238795e-01  3.826834e-01 -0.000000e+00
   outer loop
     vertex -1.376301e+01 -5.423818e+00  0.000000e+00
     vertex -1.381296e+01 -5.303228e+00  0.000000e+00
     vertex -1.376301e+01 -5.423818e+00  7.100000e-01
   endloop
 endfacet
 facet normal  7.933533e-01  6.087614e-01 -0.000000e+00
   outer loop
     vertex -1.376301e+01 -5.423818e+00  0.000000e+00
     vertex -1.376301e+01 -5.423818e+00  7.100000e-01
     vertex -1.368355e+01 -5.527371e+00  7.100000e-01
   endloop
 endfacet
 facet normal  6.087614e-01  7.933533e-01 -0.000000e+00
   outer loop
     vertex -1.368355e+01 -5.527371e+00  0.000000e+00
     vertex -1.368355e+01 -5.527371e+00  7.100000e-01
     vertex -1.358000e+01 -5.606831e+00  7.100000e-01
   endloop
 endfacet
 facet normal  7.933533e-01  6.087614e-01 -0.000000e+00
   outer loop
     vertex -1.368355e+01 -5.527371e+00  0.000000e+00
     vertex -1.376301e+01 -5.423818e+00  0.000000e+00
     vertex -1.368355e+01 -5.527371e+00  7.100000e-01
   endloop
 endfacet
 facet normal  6.087614e-01  7.933533e-01 -0.000000e+00
   outer loop
     vertex -1.358000e+01 -5.606831e+00  0.000000e+00
     vertex -1.368355e+01 -5.527371e+00  0.000000e+00
     vertex -1.358000e+01 -5.606831e+00  7.100000e-01
   endloop
 endfacet
 facet normal  3.826834e-01  9.238795e-01 -0.000000e+00
   outer loop
     vertex -1.345941e+01 -5.656781e+00  0.000000e+00
     vertex -1.358000e+01 -5.606831e+00  7.100000e-01
     vertex -1.345941e+01 -5.656781e+00  7.100000e-01
   endloop
 endfacet
 facet normal  3.826834e-01  9.238795e-01  0.000000e+00
   outer loop
     vertex -1.345941e+01 -5.656781e+00  0.000000e+00
     vertex -1.358000e+01 -5.606831e+00  0.000000e+00
     vertex -1.358000e+01 -5.606831e+00  7.100000e-01
   endloop
 endfacet
 facet normal  1.305262e-01  9.914449e-01 -0.000000e+00
   outer loop
     vertex -1.333000e+01 -5.673818e+00  0.000000e+00
     vertex -1.345941e+01 -5.656781e+00  7.100000e-01
     vertex -1.333000e+01 -5.673818e+00  7.100000e-01
   endloop
 endfacet
 facet normal  1.305262e-01  9.914449e-01  0.000000e+00
   outer loop
     vertex -1.333000e+01 -5.673818e+00  0.000000e+00
     vertex -1.345941e+01 -5.656781e+00  0.000000e+00
     vertex -1.345941e+01 -5.656781e+00  7.100000e-01
   endloop
 endfacet
 facet normal -1.305262e-01  9.914449e-01  0.000000e+00
   outer loop
     vertex -1.193059e+01 -3.457077e+00  0.000000e+00
     vertex -1.206000e+01 -3.474114e+00  0.000000e+00
     vertex -1.206000e+01 -3.474114e+00  7.100000e-01
   endloop
 endfacet
 facet normal -1.305262e-01  9.914449e-01  0.000000e+00
   outer loop
     vertex -1.193059e+01 -3.457077e+00  0.000000e+00
     vertex -1.206000e+01 -3.474114e+00  7.100000e-01
     vertex -1.193059e+01 -3.457077e+00  7.100000e-01
   endloop
 endfacet
 facet normal -3.826834e-01  9.238795e-01  0.000000e+00
   outer loop
     vertex -1.181000e+01 -3.407127e+00  0.000000e+00
     vertex -1.193059e+01 -3.457077e+00  7.100000e-01
     vertex -1.181000e+01 -3.407127e+00  7.100000e-01
   endloop
 endfacet
 facet normal -3.826834e-01  9.238795e-01  0.000000e+00
   outer loop
     vertex -1.181000e+01 -3.407127e+00  0.000000e+00
     vertex -1.193059e+01 -3.457077e+00  0.000000e+00
     vertex -1.193059e+01 -3.457077e+00  7.100000e-01
   endloop
 endfacet
 facet normal -6.087614e-01  7.933533e-01  0.000000e+00
   outer loop
     vertex -1.170645e+01 -3.327667e+00  0.000000e+00
     vertex -1.181000e+01 -3.407127e+00  7.100000e-01
     vertex -1.170645e+01 -3.327667e+00  7.100000e-01
   endloop
 endfacet
 facet normal -6.087614e-01  7.933533e-01  0.000000e+00
   outer loop
     vertex -1.170645e+01 -3.327667e+00  0.000000e+00
     vertex -1.181000e+01 -3.407127e+00  0.000000e+00
     vertex -1.181000e+01 -3.407127e+00  7.100000e-01
   endloop
 endfacet
 facet normal -7.933533e-01  6.087614e-01  0.000000e+00
   outer loop
     vertex -1.162699e+01 -3.224114e+00  0.000000e+00
     vertex -1.170645e+01 -3.327667e+00  7.100000e-01
     vertex -1.162699e+01 -3.224114e+00  7.100000e-01
   endloop
 endfacet
 facet normal -7.933533e-01  6.087614e-01  0.000000e+00
   outer loop
     vertex -1.162699e+01 -3.224114e+00  0.000000e+00
     vertex -1.170645e+01 -3.327667e+00  0.000000e+00
     vertex -1.170645e+01 -3.327667e+00  7.100000e-01
   endloop
 endfacet
 facet normal -9.238795e-01  3.826834e-01  0.000000e+00
   outer loop
     vertex -1.157704e+01 -3.103524e+00  0.000000e+00
     vertex -1.162699e+01 -3.224114e+00  7.100000e-01
     vertex -1.157704e+01 -3.103524e+00  7.100000e-01
   endloop
 endfacet
 facet normal -9.238795e-01  3.826834e-01  0.000000e+00
   outer loop
     vertex -1.157704e+01 -3.103524e+00  0.000000e+00
     vertex -1.162699e+01 -3.224114e+00  0.000000e+00
     vertex -1.162699e+01 -3.224114e+00  7.100000e-01
   endloop
 endfacet
 facet normal -9.914449e-01  1.305262e-01  0.000000e+00
   outer loop
     vertex -1.156000e+01 -2.974114e+00  0.000000e+00
     vertex -1.157704e+01 -3.103524e+00  7.100000e-01
     vertex -1.156000e+01 -2.974114e+00  7.100000e-01
   endloop
 endfacet
 facet normal -9.914449e-01  1.305262e-01  0.000000e+00
   outer loop
     vertex -1.156000e+01 -2.974114e+00  0.000000e+00
     vertex -1.157704e+01 -3.103524e+00  0.000000e+00
     vertex -1.157704e+01 -3.103524e+00  7.100000e-01
   endloop
 endfacet
 facet normal -9.914449e-01 -1.305262e-01  0.000000e+00
   outer loop
     vertex -1.157704e+01 -2.844704e+00  0.000000e+00
     vertex -1.156000e+01 -2.974114e+00  7.100000e-01
     vertex -1.157704e+01 -2.844704e+00  7.100000e-01
   endloop
 endfacet
 facet normal -9.914449e-01 -1.305262e-01  0.000000e+00
   outer loop
     vertex -1.157704e+01 -2.844704e+00  0.000000e+00
     vertex -1.156000e+01 -2.974114e+00  0.000000e+00
     vertex -1.156000e+01 -2.974114e+00  7.100000e-01
   endloop
 endfacet
 facet normal -7.933533e-01 -6.087614e-01  0.000000e+00
   outer loop
     vertex -1.162699e+01 -2.724114e+00  0.000000e+00
     vertex -1.162699e+01 -2.724114e+00  7.100000e-01
     vertex -1.170645e+01 -2.620561e+00  7.100000e-01
   endloop
 endfacet
 facet normal -9.238795e-01 -3.826834e-01  0.000000e+00
   outer loop
     vertex -1.162699e+01 -2.724114e+00  0.000000e+00
     vertex -1.157704e+01 -2.844704e+00  7.100000e-01
     vertex -1.162699e+01 -2.724114e+00  7.100000e-01
   endloop
 endfacet
 facet normal -9.238795e-01 -3.826834e-01  0.000000e+00
   outer loop
     vertex -1.162699e+01 -2.724114e+00  0.000000e+00
     vertex -1.157704e+01 -2.844704e+00  0.000000e+00
     vertex -1.157704e+01 -2.844704e+00  7.100000e-01
   endloop
 endfacet
 facet normal -6.087614e-01 -7.933533e-01  0.000000e+00
   outer loop
     vertex -1.170645e+01 -2.620561e+00  0.000000e+00
     vertex -1.170645e+01 -2.620561e+00  7.100000e-01
     vertex -1.181000e+01 -2.541101e+00  7.100000e-01
   endloop
 endfacet
 facet normal -7.933533e-01 -6.087614e-01  0.000000e+00
   outer loop
     vertex -1.170645e+01 -2.620561e+00  0.000000e+00
     vertex -1.162699e+01 -2.724114e+00  0.000000e+00
     vertex -1.170645e+01 -2.620561e+00  7.100000e-01
   endloop
 endfacet
 facet normal -6.087614e-01 -7.933533e-01  0.000000e+00
   outer loop
     vertex -1.181000e+01 -2.541101e+00  0.000000e+00
     vertex -1.170645e+01 -2.620561e+00  0.000000e+00
     vertex -1.181000e+01 -2.541101e+00  7.100000e-01
   endloop
 endfacet
 facet normal -3.826834e-01 -9.238795e-01  0.000000e+00
   outer loop
     vertex -1.193059e+01 -2.491151e+00  0.000000e+00
     vertex -1.181000e+01 -2.541101e+00  0.000000e+00
     vertex -1.181000e+01 -2.541101e+00  7.100000e-01
   endloop
 endfacet
 facet normal -1.305262e-01 -9.914449e-01  0.000000e+00
   outer loop
     vertex -1.193059e+01 -2.491151e+00  0.000000e+00
     vertex -1.193059e+01 -2.491151e+00  7.100000e-01
     vertex -1.206000e+01 -2.474114e+00  7.100000e-01
   endloop
 endfacet
 facet normal -3.826834e-01 -9.238795e-01  0.000000e+00
   outer loop
     vertex -1.193059e+01 -2.491151e+00  0.000000e+00
     vertex -1.181000e+01 -2.541101e+00  7.100000e-01
     vertex -1.193059e+01 -2.491151e+00  7.100000e-01
   endloop
 endfacet
 facet normal -1.305262e-01 -9.914449e-01  0.000000e+00
   outer loop
     vertex -1.206000e+01 -2.474114e+00  0.000000e+00
     vertex -1.193059e+01 -2.491151e+00  0.000000e+00
     vertex -1.206000e+01 -2.474114e+00  7.100000e-01
   endloop
 endfacet
 facet normal  1.305262e-01 -9.914449e-01  0.000000e+00
   outer loop
     vertex -1.218941e+01 -2.491151e+00  0.000000e+00
     vertex -1.206000e+01 -2.474114e+00  0.000000e+00
     vertex -1.206000e+01 -2.474114e+00  7.100000e-01
   endloop
 endfacet
 facet normal  1.305262e-01 -9.914449e-01  0.000000e+00
   outer loop
     vertex -1.218941e+01 -2.491151e+00  0.000000e+00
     vertex -1.206000e+01 -2.474114e+00  7.100000e-01
     vertex -1.218941e+01 -2.491151e+00  7.100000e-01
   endloop
 endfacet
 facet normal  3.826834e-01 -9.238795e-01  0.000000e+00
   outer loop
     vertex -1.231000e+01 -2.541101e+00  0.000000e+00
     vertex -1.218941e+01 -2.491151e+00  0.000000e+00
     vertex -1.218941e+01 -2.491151e+00  7.100000e-01
   endloop
 endfacet
 facet normal  3.826834e-01 -9.238795e-01  0.000000e+00
   outer loop
     vertex -1.231000e+01 -2.541101e+00  0.000000e+00
     vertex -1.218941e+01 -2.491151e+00  7.100000e-01
     vertex -1.231000e+01 -2.541101e+00  7.100000e-01
   endloop
 endfacet
 facet normal  6.087614e-01 -7.933533e-01  0.000000e+00
   outer loop
     vertex -1.241355e+01 -2.620561e+00  0.000000e+00
     vertex -1.231000e+01 -2.541101e+00  0.000000e+00
     vertex -1.231000e+01 -2.541101e+00  7.100000e-01
   endloop
 endfacet
 facet normal  6.087614e-01 -7.933533e-01  0.000000e+00
   outer loop
     vertex -1.241355e+01 -2.620561e+00  0.000000e+00
     vertex -1.231000e+01 -2.541101e+00  7.100000e-01
     vertex -1.241355e+01 -2.620561e+00  7.100000e-01
   endloop
 endfacet
 facet normal  7.933533e-01 -6.087614e-01  0.000000e+00
   outer loop
     vertex -1.249301e+01 -2.724114e+00  0.000000e+00
     vertex -1.241355e+01 -2.620561e+00  0.000000e+00
     vertex -1.241355e+01 -2.620561e+00  7.100000e-01
   endloop
 endfacet
 facet normal  7.933533e-01 -6.087614e-01  0.000000e+00
   outer loop
     vertex -1.249301e+01 -2.724114e+00  0.000000e+00
     vertex -1.241355e+01 -2.620561e+00  7.100000e-01
     vertex -1.249301e+01 -2.724114e+00  7.100000e-01
   endloop
 endfacet
 facet normal  9.238795e-01 -3.826834e-01  0.000000e+00
   outer loop
     vertex -1.254296e+01 -2.844704e+00  0.000000e+00
     vertex -1.249301e+01 -2.724114e+00  0.000000e+00
     vertex -1.249301e+01 -2.724114e+00  7.100000e-01
   endloop
 endfacet
 facet normal  9.238795e-01 -3.826834e-01  0.000000e+00
   outer loop
     vertex -1.254296e+01 -2.844704e+00  0.000000e+00
     vertex -1.249301e+01 -2.724114e+00  7.100000e-01
     vertex -1.254296e+01 -2.844704e+00  7.100000e-01
   endloop
 endfacet
 facet normal  9.914449e-01 -1.305262e-01  0.000000e+00
   outer loop
     vertex -1.256000e+01 -2.974114e+00  0.000000e+00
     vertex -1.254296e+01 -2.844704e+00  0.000000e+00
     vertex -1.254296e+01 -2.844704e+00  7.100000e-01
   endloop
 endfacet
 facet normal  9.914449e-01 -1.305262e-01  0.000000e+00
   outer loop
     vertex -1.256000e+01 -2.974114e+00  0.000000e+00
     vertex -1.254296e+01 -2.844704e+00  7.100000e-01
     vertex -1.256000e+01 -2.974114e+00  7.100000e-01
   endloop
 endfacet
 facet normal  9.238795e-01  3.826834e-01 -0.000000e+00
   outer loop
     vertex -1.254296e+01 -3.103524e+00  0.000000e+00
     vertex -1.254296e+01 -3.103524e+00  7.100000e-01
     vertex -1.249301e+01 -3.224114e+00  7.100000e-01
   endloop
 endfacet
 facet normal  9.914449e-01  1.305262e-01 -0.000000e+00
   outer loop
     vertex -1.254296e+01 -3.103524e+00  0.000000e+00
     vertex -1.256000e+01 -2.974114e+00  7.100000e-01
     vertex -1.254296e+01 -3.103524e+00  7.100000e-01
   endloop
 endfacet
 facet normal  9.914449e-01  1.305262e-01  0.000000e+00
   outer loop
     vertex -1.254296e+01 -3.103524e+00  0.000000e+00
     vertex -1.256000e+01 -2.974114e+00  0.000000e+00
     vertex -1.256000e+01 -2.974114e+00  7.100000e-01
   endloop
 endfacet
 facet normal  9.238795e-01  3.826834e-01 -0.000000e+00
   outer loop
     vertex -1.249301e+01 -3.224114e+00  0.000000e+00
     vertex -1.254296e+01 -3.103524e+00  0.000000e+00
     vertex -1.249301e+01 -3.224114e+00  7.100000e-01
   endloop
 endfacet
 facet normal  7.933533e-01  6.087614e-01 -0.000000e+00
   outer loop
     vertex -1.249301e+01 -3.224114e+00  0.000000e+00
     vertex -1.249301e+01 -3.224114e+00  7.100000e-01
     vertex -1.241355e+01 -3.327667e+00  7.100000e-01
   endloop
 endfacet
 facet normal  6.087614e-01  7.933533e-01 -0.000000e+00
   outer loop
     vertex -1.241355e+01 -3.327667e+00  0.000000e+00
     vertex -1.241355e+01 -3.327667e+00  7.100000e-01
     vertex -1.231000e+01 -3.407127e+00  7.100000e-01
   endloop
 endfacet
 facet normal  7.933533e-01  6.087614e-01 -0.000000e+00
   outer loop
     vertex -1.241355e+01 -3.327667e+00  0.000000e+00
     vertex -1.249301e+01 -3.224114e+00  0.000000e+00
     vertex -1.241355e+01 -3.327667e+00  7.100000e-01
   endloop
 endfacet
 facet normal  6.087614e-01  7.933533e-01 -0.000000e+00
   outer loop
     vertex -1.231000e+01 -3.407127e+00  0.000000e+00
     vertex -1.241355e+01 -3.327667e+00  0.000000e+00
     vertex -1.231000e+01 -3.407127e+00  7.100000e-01
   endloop
 endfacet
 facet normal  3.826834e-01  9.238795e-01 -0.000000e+00
   outer loop
     vertex -1.218941e+01 -3.457077e+00  0.000000e+00
     vertex -1.231000e+01 -3.407127e+00  7.100000e-01
     vertex -1.218941e+01 -3.457077e+00  7.100000e-01
   endloop
 endfacet
 facet normal  3.826834e-01  9.238795e-01  0.000000e+00
   outer loop
     vertex -1.218941e+01 -3.457077e+00  0.000000e+00
     vertex -1.231000e+01 -3.407127e+00  0.000000e+00
     vertex -1.231000e+01 -3.407127e+00  7.100000e-01
   endloop
 endfacet
 facet normal  1.305262e-01  9.914449e-01 -0.000000e+00
   outer loop
     vertex -1.206000e+01 -3.474114e+00  0.000000e+00
     vertex -1.218941e+01 -3.457077e+00  7.100000e-01
     vertex -1.206000e+01 -3.474114e+00  7.100000e-01
   endloop
 endfacet
 facet normal  1.305262e-01  9.914449e-01  0.000000e+00
   outer loop
     vertex -1.206000e+01 -3.474114e+00  0.000000e+00
     vertex -1.218941e+01 -3.457077e+00  0.000000e+00
     vertex -1.218941e+01 -3.457077e+00  7.100000e-01
   endloop
 endfacet
 facet normal -1.305262e-01  9.914449e-01  0.000000e+00
   outer loop
     vertex -1.066059e+01 -1.257372e+00  0.000000e+00
     vertex -1.079000e+01 -1.274409e+00  0.000000e+00
     vertex -1.079000e+01 -1.274409e+00  7.100000e-01
   endloop
 endfacet
 facet normal -1.305262e-01  9.914449e-01  0.000000e+00
   outer loop
     vertex -1.066059e+01 -1.257372e+00  0.000000e+00
     vertex -1.079000e+01 -1.274409e+00  7.100000e-01
     vertex -1.066059e+01 -1.257372e+00  7.100000e-01
   endloop
 endfacet
 facet normal -3.826834e-01  9.238795e-01  0.000000e+00
   outer loop
     vertex -1.054000e+01 -1.207422e+00  0.000000e+00
     vertex -1.066059e+01 -1.257372e+00  7.100000e-01
     vertex -1.054000e+01 -1.207422e+00  7.100000e-01
   endloop
 endfacet
 facet normal -3.826834e-01  9.238795e-01  0.000000e+00
   outer loop
     vertex -1.054000e+01 -1.207422e+00  0.000000e+00
     vertex -1.066059e+01 -1.257372e+00  0.000000e+00
     vertex -1.066059e+01 -1.257372e+00  7.100000e-01
   endloop
 endfacet
 facet normal -6.087614e-01  7.933533e-01  0.000000e+00
   outer loop
     vertex -1.043645e+01 -1.127962e+00  0.000000e+00
     vertex -1.054000e+01 -1.207422e+00  7.100000e-01
     vertex -1.043645e+01 -1.127962e+00  7.100000e-01
   endloop
 endfacet
 facet normal -6.087614e-01  7.933533e-01  0.000000e+00
   outer loop
     vertex -1.043645e+01 -1.127962e+00  0.000000e+00
     vertex -1.054000e+01 -1.207422e+00  0.000000e+00
     vertex -1.054000e+01 -1.207422e+00  7.100000e-01
   endloop
 endfacet
 facet normal -7.933533e-01  6.087614e-01  0.000000e+00
   outer loop
     vertex -1.035699e+01 -1.024409e+00  0.000000e+00
     vertex -1.043645e+01 -1.127962e+00  7.100000e-01
     vertex -1.035699e+01 -1.024409e+00  7.100000e-01
   endloop
 endfacet
 facet normal -7.933533e-01  6.087614e-01  0.000000e+00
   outer loop
     vertex -1.035699e+01 -1.024409e+00  0.000000e+00
     vertex -1.043645e+01 -1.127962e+00  0.000000e+00
     vertex -1.043645e+01 -1.127962e+00  7.100000e-01
   endloop
 endfacet
 facet normal -9.238795e-01  3.826834e-01  0.000000e+00
   outer loop
     vertex -1.030704e+01 -9.038185e-01  0.000000e+00
     vertex -1.035699e+01 -1.024409e+00  7.100000e-01
     vertex -1.030704e+01 -9.038185e-01  7.100000e-01
   endloop
 endfacet
 facet normal -9.238795e-01  3.826834e-01  0.000000e+00
   outer loop
     vertex -1.030704e+01 -9.038185e-01  0.000000e+00
     vertex -1.035699e+01 -1.024409e+00  0.000000e+00
     vertex -1.035699e+01 -1.024409e+00  7.100000e-01
   endloop
 endfacet
 facet normal -9.914449e-01  1.305262e-01  0.000000e+00
   outer loop
     vertex -1.029000e+01 -7.744090e-01  0.000000e+00
     vertex -1.030704e+01 -9.038185e-01  7.100000e-01
     vertex -1.029000e+01 -7.744090e-01  7.100000e-01
   endloop
 endfacet
 facet normal -9.914449e-01  1.305262e-01  0.000000e+00
   outer loop
     vertex -1.029000e+01 -7.744090e-01  0.000000e+00
     vertex -1.030704e+01 -9.038185e-01  0.000000e+00
     vertex -1.030704e+01 -9.038185e-01  7.100000e-01
   endloop
 endfacet
 facet normal -9.914449e-01 -1.305262e-01  0.000000e+00
   outer loop
     vertex -1.030704e+01 -6.449995e-01  0.000000e+00
     vertex -1.029000e+01 -7.744090e-01  7.100000e-01
     vertex -1.030704e+01 -6.449995e-01  7.100000e-01
   endloop
 endfacet
 facet normal -9.914449e-01 -1.305262e-01  0.000000e+00
   outer loop
     vertex -1.030704e+01 -6.449995e-01  0.000000e+00
     vertex -1.029000e+01 -7.744090e-01  0.000000e+00
     vertex -1.029000e+01 -7.744090e-01  7.100000e-01
   endloop
 endfacet
 facet normal -7.933533e-01 -6.087614e-01  0.000000e+00
   outer loop
     vertex -1.035699e+01 -5.244090e-01  0.000000e+00
     vertex -1.035699e+01 -5.244090e-01  7.100000e-01
     vertex -1.043645e+01 -4.208556e-01  7.100000e-01
   endloop
 endfacet
 facet normal -9.238795e-01 -3.826834e-01  0.000000e+00
   outer loop
     vertex -1.035699e+01 -5.244090e-01  0.000000e+00
     vertex -1.030704e+01 -6.449995e-01  7.100000e-01
     vertex -1.035699e+01 -5.244090e-01  7.100000e-01
   endloop
 endfacet
 facet normal -9.238795e-01 -3.826834e-01  0.000000e+00
   outer loop
     vertex -1.035699e+01 -5.244090e-01  0.000000e+00
     vertex -1.030704e+01 -6.449995e-01  0.000000e+00
     vertex -1.030704e+01 -6.449995e-01  7.100000e-01
   endloop
 endfacet
 facet normal -6.087614e-01 -7.933533e-01  0.000000e+00
   outer loop
     vertex -1.043645e+01 -4.208556e-01  0.000000e+00
     vertex -1.043645e+01 -4.208556e-01  7.100000e-01
     vertex -1.054000e+01 -3.413963e-01  7.100000e-01
   endloop
 endfacet
 facet normal -7.933533e-01 -6.087614e-01  0.000000e+00
   outer loop
     vertex -1.043645e+01 -4.208556e-01  0.000000e+00
     vertex -1.035699e+01 -5.244090e-01  0.000000e+00
     vertex -1.043645e+01 -4.208556e-01  7.100000e-01
   endloop
 endfacet
 facet normal -6.087614e-01 -7.933533e-01  0.000000e+00
   outer loop
     vertex -1.054000e+01 -3.413963e-01  0.000000e+00
     vertex -1.043645e+01 -4.208556e-01  0.000000e+00
     vertex -1.054000e+01 -3.413963e-01  7.100000e-01
   endloop
 endfacet
 facet normal -3.826834e-01 -9.238795e-01  0.000000e+00
   outer loop
     vertex -1.066059e+01 -2.914461e-01  0.000000e+00
     vertex -1.054000e+01 -3.413963e-01  0.000000e+00
     vertex -1.054000e+01 -3.413963e-01  7.100000e-01
   endloop
 endfacet
 facet normal -1.305262e-01 -9.914449e-01  0.000000e+00
   outer loop
     vertex -1.066059e+01 -2.914461e-01  0.000000e+00
     vertex -1.066059e+01 -2.914461e-01  7.100000e-01
     vertex -1.079000e+01 -2.744090e-01  7.100000e-01
   endloop
 endfacet
 facet normal -3.826834e-01 -9.238795e-01  0.000000e+00
   outer loop
     vertex -1.066059e+01 -2.914461e-01  0.000000e+00
     vertex -1.054000e+01 -3.413963e-01  7.100000e-01
     vertex -1.066059e+01 -2.914461e-01  7.100000e-01
   endloop
 endfacet
 facet normal -1.305262e-01 -9.914449e-01  0.000000e+00
   outer loop
     vertex -1.079000e+01 -2.744090e-01  0.000000e+00
     vertex -1.066059e+01 -2.914461e-01  0.000000e+00
     vertex -1.079000e+01 -2.744090e-01  7.100000e-01
   endloop
 endfacet
 facet normal  1.305262e-01 -9.914449e-01  0.000000e+00
   outer loop
     vertex -1.091941e+01 -2.914461e-01  0.000000e+00
     vertex -1.079000e+01 -2.744090e-01  0.000000e+00
     vertex -1.079000e+01 -2.744090e-01  7.100000e-01
   endloop
 endfacet
 facet normal  1.305262e-01 -9.914449e-01  0.000000e+00
   outer loop
     vertex -1.091941e+01 -2.914461e-01  0.000000e+00
     vertex -1.079000e+01 -2.744090e-01  7.100000e-01
     vertex -1.091941e+01 -2.914461e-01  7.100000e-01
   endloop
 endfacet
 facet normal  3.826834e-01 -9.238795e-01  0.000000e+00
   outer loop
     vertex -1.104000e+01 -3.413963e-01  0.000000e+00
     vertex -1.091941e+01 -2.914461e-01  0.000000e+00
     vertex -1.091941e+01 -2.914461e-01  7.100000e-01
   endloop
 endfacet
 facet normal  3.826834e-01 -9.238795e-01  0.000000e+00
   outer loop
     vertex -1.104000e+01 -3.413963e-01  0.000000e+00
     vertex -1.091941e+01 -2.914461e-01  7.100000e-01
     vertex -1.104000e+01 -3.413963e-01  7.100000e-01
   endloop
 endfacet
 facet normal  6.087614e-01 -7.933533e-01  0.000000e+00
   outer loop
     vertex -1.114355e+01 -4.208556e-01  0.000000e+00
     vertex -1.104000e+01 -3.413963e-01  0.000000e+00
     vertex -1.104000e+01 -3.413963e-01  7.100000e-01
   endloop
 endfacet
 facet normal  6.087614e-01 -7.933533e-01  0.000000e+00
   outer loop
     vertex -1.114355e+01 -4.208556e-01  0.000000e+00
     vertex -1.104000e+01 -3.413963e-01  7.100000e-01
     vertex -1.114355e+01 -4.208556e-01  7.100000e-01
   endloop
 endfacet
 facet normal  7.933533e-01 -6.087614e-01  0.000000e+00
   outer loop
     vertex -1.122301e+01 -5.244090e-01  0.000000e+00
     vertex -1.114355e+01 -4.208556e-01  0.000000e+00
     vertex -1.114355e+01 -4.208556e-01  7.100000e-01
   endloop
 endfacet
 facet normal  7.933533e-01 -6.087614e-01  0.000000e+00
   outer loop
     vertex -1.122301e+01 -5.244090e-01  0.000000e+00
     vertex -1.114355e+01 -4.208556e-01  7.100000e-01
     vertex -1.122301e+01 -5.244090e-01  7.100000e-01
   endloop
 endfacet
 facet normal  9.238795e-01 -3.826834e-01  0.000000e+00
   outer loop
     vertex -1.127296e+01 -6.449995e-01  0.000000e+00
     vertex -1.122301e+01 -5.244090e-01  0.000000e+00
     vertex -1.122301e+01 -5.244090e-01  7.100000e-01
   endloop
 endfacet
 facet normal  9.238795e-01 -3.826834e-01  0.000000e+00
   outer loop
     vertex -1.127296e+01 -6.449995e-01  0.000000e+00
     vertex -1.122301e+01 -5.244090e-01  7.100000e-01
     vertex -1.127296e+01 -6.449995e-01  7.100000e-01
   endloop
 endfacet
 facet normal  9.914449e-01 -1.305262e-01  0.000000e+00
   outer loop
     vertex -1.129000e+01 -7.744090e-01  0.000000e+00
     vertex -1.127296e+01 -6.449995e-01  0.000000e+00
     vertex -1.127296e+01 -6.449995e-01  7.100000e-01
   endloop
 endfacet
 facet normal  9.914449e-01 -1.305262e-01  0.000000e+00
   outer loop
     vertex -1.129000e+01 -7.744090e-01  0.000000e+00
     vertex -1.127296e+01 -6.449995e-01  7.100000e-01
     vertex -1.129000e+01 -7.744090e-01  7.100000e-01
   endloop
 endfacet
 facet normal  9.238795e-01  3.826834e-01 -0.000000e+00
   outer loop
     vertex -1.127296e+01 -9.038185e-01  0.000000e+00
     vertex -1.127296e+01 -9.038185e-01  7.100000e-01
     vertex -1.122301e+01 -1.024409e+00  7.100000e-01
   endloop
 endfacet
 facet normal  9.914449e-01  1.305262e-01 -0.000000e+00
   outer loop
     vertex -1.127296e+01 -9.038185e-01  0.000000e+00
     vertex -1.129000e+01 -7.744090e-01  7.100000e-01
     vertex -1.127296e+01 -9.038185e-01  7.100000e-01
   endloop
 endfacet
 facet normal  9.914449e-01  1.305262e-01  0.000000e+00
   outer loop
     vertex -1.127296e+01 -9.038185e-01  0.000000e+00
     vertex -1.129000e+01 -7.744090e-01  0.000000e+00
     vertex -1.129000e+01 -7.744090e-01  7.100000e-01
   endloop
 endfacet
 facet normal  9.238795e-01  3.826834e-01 -0.000000e+00
   outer loop
     vertex -1.122301e+01 -1.024409e+00  0.000000e+00
     vertex -1.127296e+01 -9.038185e-01  0.000000e+00
     vertex -1.122301e+01 -1.024409e+00  7.100000e-01
   endloop
 endfacet
 facet normal  7.933533e-01  6.087614e-01 -0.000000e+00
   outer loop
     vertex -1.122301e+01 -1.024409e+00  0.000000e+00
     vertex -1.122301e+01 -1.024409e+00  7.100000e-01
     vertex -1.114355e+01 -1.127962e+00  7.100000e-01
   endloop
 endfacet
 facet normal  6.087614e-01  7.933533e-01 -0.000000e+00
   outer loop
     vertex -1.114355e+01 -1.127962e+00  0.000000e+00
     vertex -1.114355e+01 -1.127962e+00  7.100000e-01
     vertex -1.104000e+01 -1.207422e+00  7.100000e-01
   endloop
 endfacet
 facet normal  7.933533e-01  6.087614e-01 -0.000000e+00
   outer loop
     vertex -1.114355e+01 -1.127962e+00  0.000000e+00
     vertex -1.122301e+01 -1.024409e+00  0.000000e+00
     vertex -1.114355e+01 -1.127962e+00  7.100000e-01
   endloop
 endfacet
 facet normal  6.087614e-01  7.933533e-01 -0.000000e+00
   outer loop
     vertex -1.104000e+01 -1.207422e+00  0.000000e+00
     vertex -1.114355e+01 -1.127962e+00  0.000000e+00
     vertex -1.104000e+01 -1.207422e+00  7.100000e-01
   endloop
 endfacet
 facet normal  3.826834e-01  9.238795e-01 -0.000000e+00
   outer loop
     vertex -1.091941e+01 -1.257372e+00  0.000000e+00
     vertex -1.104000e+01 -1.207422e+00  7.100000e-01
     vertex -1.091941e+01 -1.257372e+00  7.100000e-01
   endloop
 endfacet
 facet normal  3.826834e-01  9.238795e-01  0.000000e+00
   outer loop
     vertex -1.091941e+01 -1.257372e+00  0.000000e+00
     vertex -1.104000e+01 -1.207422e+00  0.000000e+00
     vertex -1.104000e+01 -1.207422e+00  7.100000e-01
   endloop
 endfacet
 facet normal  1.305262e-01  9.914449e-01 -0.000000e+00
   outer loop
     vertex -1.079000e+01 -1.274409e+00  0.000000e+00
     vertex -1.091941e+01 -1.257372e+00  7.100000e-01
     vertex -1.079000e+01 -1.274409e+00  7.100000e-01
   endloop
 endfacet
 facet normal  1.305262e-01  9.914449e-01  0.000000e+00
   outer loop
     vertex -1.079000e+01 -1.274409e+00  0.000000e+00
     vertex -1.091941e+01 -1.257372e+00  0.000000e+00
     vertex -1.091941e+01 -1.257372e+00  7.100000e-01
   endloop
 endfacet
 facet normal -1.305262e-01  9.914449e-01  0.000000e+00
   outer loop
     vertex -9.390590e+00  9.423321e-01  0.000000e+00
     vertex -9.520000e+00  9.252950e-01  0.000000e+00
     vertex -9.520000e+00  9.252950e-01  7.100000e-01
   endloop
 endfacet
 facet normal -1.305262e-01  9.914449e-01  0.000000e+00
   outer loop
     vertex -9.390590e+00  9.423321e-01  0.000000e+00
     vertex -9.520000e+00  9.252950e-01  7.100000e-01
     vertex -9.390590e+00  9.423321e-01  7.100000e-01
   endloop
 endfacet
 facet normal -3.826834e-01  9.238795e-01  0.000000e+00
   outer loop
     vertex -9.270000e+00  9.922823e-01  0.000000e+00
     vertex -9.390590e+00  9.423321e-01  7.100000e-01
     vertex -9.270000e+00  9.922823e-01  7.100000e-01
   endloop
 endfacet
 facet normal -3.826834e-01  9.238795e-01  0.000000e+00
   outer loop
     vertex -9.270000e+00  9.922823e-01  0.000000e+00
     vertex -9.390590e+00  9.423321e-01  0.000000e+00
     vertex -9.390590e+00  9.423321e-01  7.100000e-01
   endloop
 endfacet
 facet normal -6.087614e-01  7.933533e-01  0.000000e+00
   outer loop
     vertex -9.166447e+00  1.071742e+00  0.000000e+00
     vertex -9.270000e+00  9.922823e-01  7.100000e-01
     vertex -9.166447e+00  1.071742e+00  7.100000e-01
   endloop
 endfacet
 facet normal -6.087614e-01  7.933533e-01  0.000000e+00
   outer loop
     vertex -9.166447e+00  1.071742e+00  0.000000e+00
     vertex -9.270000e+00  9.922823e-01  0.000000e+00
     vertex -9.270000e+00  9.922823e-01  7.100000e-01
   endloop
 endfacet
 facet normal -7.933533e-01  6.087614e-01  0.000000e+00
   outer loop
     vertex -9.086987e+00  1.175295e+00  0.000000e+00
     vertex -9.166447e+00  1.071742e+00  7.100000e-01
     vertex -9.086987e+00  1.175295e+00  7.100000e-01
   endloop
 endfacet
 facet normal -7.933533e-01  6.087614e-01  0.000000e+00
   outer loop
     vertex -9.086987e+00  1.175295e+00  0.000000e+00
     vertex -9.166447e+00  1.071742e+00  0.000000e+00
     vertex -9.166447e+00  1.071742e+00  7.100000e-01
   endloop
 endfacet
 facet normal -9.238795e-01  3.826834e-01  0.000000e+00
   outer loop
     vertex -9.037037e+00  1.295885e+00  0.000000e+00
     vertex -9.086987e+00  1.175295e+00  7.100000e-01
     vertex -9.037037e+00  1.295885e+00  7.100000e-01
   endloop
 endfacet
 facet normal -9.238795e-01  3.826834e-01  0.000000e+00
   outer loop
     vertex -9.037037e+00  1.295885e+00  0.000000e+00
     vertex -9.086987e+00  1.175295e+00  0.000000e+00
     vertex -9.086987e+00  1.175295e+00  7.100000e-01
   endloop
 endfacet
 facet normal -9.914449e-01  1.305262e-01  0.000000e+00
   outer loop
     vertex -9.020000e+00  1.425295e+00  0.000000e+00
     vertex -9.037037e+00  1.295885e+00  7.100000e-01
     vertex -9.020000e+00  1.425295e+00  7.100000e-01
   endloop
 endfacet
 facet normal -9.914449e-01  1.305262e-01  0.000000e+00
   outer loop
     vertex -9.020000e+00  1.425295e+00  0.000000e+00
     vertex -9.037037e+00  1.295885e+00  0.000000e+00
     vertex -9.037037e+00  1.295885e+00  7.100000e-01
   endloop
 endfacet
 facet normal -9.914449e-01 -1.305262e-01  0.000000e+00
   outer loop
     vertex -9.037037e+00  1.554705e+00  0.000000e+00
     vertex -9.020000e+00  1.425295e+00  7.100000e-01
     vertex -9.037037e+00  1.554705e+00  7.100000e-01
   endloop
 endfacet
 facet normal -9.914449e-01 -1.305262e-01  0.000000e+00
   outer loop
     vertex -9.037037e+00  1.554705e+00  0.000000e+00
     vertex -9.020000e+00  1.425295e+00  0.000000e+00
     vertex -9.020000e+00  1.425295e+00  7.100000e-01
   endloop
 endfacet
 facet normal -7.933533e-01 -6.087614e-01  0.000000e+00
   outer loop
     vertex -9.086987e+00  1.675295e+00  0.000000e+00
     vertex -9.086987e+00  1.675295e+00  7.100000e-01
     vertex -9.166447e+00  1.778848e+00  7.100000e-01
   endloop
 endfacet
 facet normal -9.238795e-01 -3.826834e-01  0.000000e+00
   outer loop
     vertex -9.086987e+00  1.675295e+00  0.000000e+00
     vertex -9.037037e+00  1.554705e+00  7.100000e-01
     vertex -9.086987e+00  1.675295e+00  7.100000e-01
   endloop
 endfacet
 facet normal -9.238795e-01 -3.826834e-01  0.000000e+00
   outer loop
     vertex -9.086987e+00  1.675295e+00  0.000000e+00
     vertex -9.037037e+00  1.554705e+00  0.000000e+00
     vertex -9.037037e+00  1.554705e+00  7.100000e-01
   endloop
 endfacet
 facet normal -6.087614e-01 -7.933533e-01  0.000000e+00
   outer loop
     vertex -9.166447e+00  1.778848e+00  0.000000e+00
     vertex -9.166447e+00  1.778848e+00  7.100000e-01
     vertex -9.270000e+00  1.858308e+00  7.100000e-01
   endloop
 endfacet
 facet normal -7.933533e-01 -6.087614e-01  0.000000e+00
   outer loop
     vertex -9.166447e+00  1.778848e+00  0.000000e+00
     vertex -9.086987e+00  1.675295e+00  0.000000e+00
     vertex -9.166447e+00  1.778848e+00  7.100000e-01
   endloop
 endfacet
 facet normal -6.087614e-01 -7.933533e-01  0.000000e+00
   outer loop
     vertex -9.270000e+00  1.858308e+00  0.000000e+00
     vertex -9.166447e+00  1.778848e+00  0.000000e+00
     vertex -9.270000e+00  1.858308e+00  7.100000e-01
   endloop
 endfacet
 facet normal -3.826834e-01 -9.238795e-01  0.000000e+00
   outer loop
     vertex -9.390590e+00  1.908258e+00  0.000000e+00
     vertex -9.270000e+00  1.858308e+00  0.000000e+00
     vertex -9.270000e+00  1.858308e+00  7.100000e-01
   endloop
 endfacet
 facet normal -1.305262e-01 -9.914449e-01  0.000000e+00
   outer loop
     vertex -9.390590e+00  1.908258e+00  0.000000e+00
     vertex -9.390590e+00  1.908258e+00  7.100000e-01
     vertex -9.520000e+00  1.925295e+00  7.100000e-01
   endloop
 endfacet
 facet normal -3.826834e-01 -9.238795e-01  0.000000e+00
   outer loop
     vertex -9.390590e+00  1.908258e+00  0.000000e+00
     vertex -9.270000e+00  1.858308e+00  7.100000e-01
     vertex -9.390590e+00  1.908258e+00  7.100000e-01
   endloop
 endfacet
 facet normal -1.305262e-01 -9.914449e-01  0.000000e+00
   outer loop
     vertex -9.520000e+00  1.925295e+00  0.000000e+00
     vertex -9.390590e+00  1.908258e+00  0.000000e+00
     vertex -9.520000e+00  1.925295e+00  7.100000e-01
   endloop
 endfacet
 facet normal  1.305262e-01 -9.914449e-01  0.000000e+00
   outer loop
     vertex -9.649410e+00  1.908258e+00  0.000000e+00
     vertex -9.520000e+00  1.925295e+00  0.000000e+00
     vertex -9.520000e+00  1.925295e+00  7.100000e-01
   endloop
 endfacet
 facet normal  1.305262e-01 -9.914449e-01  0.000000e+00
   outer loop
     vertex -9.649410e+00  1.908258e+00  0.000000e+00
     vertex -9.520000e+00  1.925295e+00  7.100000e-01
     vertex -9.649410e+00  1.908258e+00  7.100000e-01
   endloop
 endfacet
 facet normal  3.826834e-01 -9.238795e-01  0.000000e+00
   outer loop
     vertex -9.770000e+00  1.858308e+00  0.000000e+00
     vertex -9.649410e+00  1.908258e+00  0.000000e+00
     vertex -9.649410e+00  1.908258e+00  7.100000e-01
   endloop
 endfacet
 facet normal  3.826834e-01 -9.238795e-01  0.000000e+00
   outer loop
     vertex -9.770000e+00  1.858308e+00  0.000000e+00
     vertex -9.649410e+00  1.908258e+00  7.100000e-01
     vertex -9.770000e+00  1.858308e+00  7.100000e-01
   endloop
 endfacet
 facet normal  6.087614e-01 -7.933533e-01  0.000000e+00
   outer loop
     vertex -9.873553e+00  1.778848e+00  0.000000e+00
     vertex -9.770000e+00  1.858308e+00  0.000000e+00
     vertex -9.770000e+00  1.858308e+00  7.100000e-01
   endloop
 endfacet
 facet normal  6.087614e-01 -7.933533e-01  0.000000e+00
   outer loop
     vertex -9.873553e+00  1.778848e+00  0.000000e+00
     vertex -9.770000e+00  1.858308e+00  7.100000e-01
     vertex -9.873553e+00  1.778848e+00  7.100000e-01
   endloop
 endfacet
 facet normal  7.933533e-01 -6.087614e-01  0.000000e+00
   outer loop
     vertex -9.953013e+00  1.675295e+00  0.000000e+00
     vertex -9.873553e+00  1.778848e+00  0.000000e+00
     vertex -9.873553e+00  1.778848e+00  7.100000e-01
   endloop
 endfacet
 facet normal  7.933533e-01 -6.087614e-01  0.000000e+00
   outer loop
     vertex -9.953013e+00  1.675295e+00  0.000000e+00
     vertex -9.873553e+00  1.778848e+00  7.100000e-01
     vertex -9.953013e+00  1.675295e+00  7.100000e-01
   endloop
 endfacet
 facet normal  9.238795e-01 -3.826834e-01  0.000000e+00
   outer loop
     vertex -1.000296e+01  1.554705e+00  0.000000e+00
     vertex -9.953013e+00  1.675295e+00  0.000000e+00
     vertex -9.953013e+00  1.675295e+00  7.100000e-01
   endloop
 endfacet
 facet normal  9.238795e-01 -3.826834e-01  0.000000e+00
   outer loop
     vertex -1.000296e+01  1.554705e+00  0.000000e+00
     vertex -9.953013e+00  1.675295e+00  7.100000e-01
     vertex -1.000296e+01  1.554705e+00  7.100000e-01
   endloop
 endfacet
 facet normal  9.914449e-01 -1.305262e-01  0.000000e+00
   outer loop
     vertex -1.002000e+01  1.425295e+00  0.000000e+00
     vertex -1.000296e+01  1.554705e+00  0.000000e+00
     vertex -1.000296e+01  1.554705e+00  7.100000e-01
   endloop
 endfacet
 facet normal  9.914449e-01 -1.305262e-01  0.000000e+00
   outer loop
     vertex -1.002000e+01  1.425295e+00  0.000000e+00
     vertex -1.000296e+01  1.554705e+00  7.100000e-01
     vertex -1.002000e+01  1.425295e+00  7.100000e-01
   endloop
 endfacet
 facet normal  9.238795e-01  3.826834e-01 -0.000000e+00
   outer loop
     vertex -1.000296e+01  1.295885e+00  0.000000e+00
     vertex -1.000296e+01  1.295885e+00  7.100000e-01
     vertex -9.953013e+00  1.175295e+00  7.100000e-01
   endloop
 endfacet
 facet normal  9.914449e-01  1.305262e-01 -0.000000e+00
   outer loop
     vertex -1.000296e+01  1.295885e+00  0.000000e+00
     vertex -1.002000e+01  1.425295e+00  7.100000e-01
     vertex -1.000296e+01  1.295885e+00  7.100000e-01
   endloop
 endfacet
 facet normal  9.914449e-01  1.305262e-01  0.000000e+00
   outer loop
     vertex -1.000296e+01  1.295885e+00  0.000000e+00
     vertex -1.002000e+01  1.425295e+00  0.000000e+00
     vertex -1.002000e+01  1.425295e+00  7.100000e-01
   endloop
 endfacet
 facet normal  9.238795e-01  3.826834e-01 -0.000000e+00
   outer loop
     vertex -9.953013e+00  1.175295e+00  0.000000e+00
     vertex -1.000296e+01  1.295885e+00  0.000000e+00
     vertex -9.953013e+00  1.175295e+00  7.100000e-01
   endloop
 endfacet
 facet normal  7.933533e-01  6.087614e-01 -0.000000e+00
   outer loop
     vertex -9.953013e+00  1.175295e+00  0.000000e+00
     vertex -9.953013e+00  1.175295e+00  7.100000e-01
     vertex -9.873553e+00  1.071742e+00  7.100000e-01
   endloop
 endfacet
 facet normal  6.087614e-01  7.933533e-01 -0.000000e+00
   outer loop
     vertex -9.873553e+00  1.071742e+00  0.000000e+00
     vertex -9.873553e+00  1.071742e+00  7.100000e-01
     vertex -9.770000e+00  9.922823e-01  7.100000e-01
   endloop
 endfacet
 facet normal  7.933533e-01  6.087614e-01 -0.000000e+00
   outer loop
     vertex -9.873553e+00  1.071742e+00  0.000000e+00
     vertex -9.953013e+00  1.175295e+00  0.000000e+00
     vertex -9.873553e+00  1.071742e+00  7.100000e-01
   endloop
 endfacet
 facet normal  6.087614e-01  7.933533e-01 -0.000000e+00
   outer loop
     vertex -9.770000e+00  9.922823e-01  0.000000e+00
     vertex -9.873553e+00  1.071742e+00  0.000000e+00
     vertex -9.770000e+00  9.922823e-01  7.100000e-01
   endloop
 endfacet
 facet normal  3.826834e-01  9.238795e-01 -0.000000e+00
   outer loop
     vertex -9.649410e+00  9.423321e-01  0.000000e+00
     vertex -9.770000e+00  9.922823e-01  7.100000e-01
     vertex -9.649410e+00  9.423321e-01  7.100000e-01
   endloop
 endfacet
 facet normal  3.826834e-01  9.238795e-01  0.000000e+00
   outer loop
     vertex -9.649410e+00  9.423321e-01  0.000000e+00
     vertex -9.770000e+00  9.922823e-01  0.000000e+00
     vertex -9.770000e+00  9.922823e-01  7.100000e-01
   endloop
 endfacet
 facet normal  1.305262e-01  9.914449e-01 -0.000000e+00
   outer loop
     vertex -9.520000e+00  9.252950e-01  0.000000e+00
     vertex -9.649410e+00  9.423321e-01  7.100000e-01
     vertex -9.520000e+00  9.252950e-01  7.100000e-01
   endloop
 endfacet
 facet normal  1.305262e-01  9.914449e-01  0.000000e+00
   outer loop
     vertex -9.520000e+00  9.252950e-01  0.000000e+00
     vertex -9.649410e+00  9.423321e-01  0.000000e+00
     vertex -9.649410e+00  9.423321e-01  7.100000e-01
   endloop
 endfacet
 facet normal -1.305262e-01  9.914449e-01  0.000000e+00
   outer loop
     vertex -8.120590e+00  3.142037e+00  0.000000e+00
     vertex -8.250000e+00  3.125000e+00  0.000000e+00
     vertex -8.250000e+00  3.125000e+00  7.100000e-01
   endloop
 endfacet
 facet normal -1.305262e-01  9.914449e-01  0.000000e+00
   outer loop
     vertex -8.120590e+00  3.142037e+00  0.000000e+00
     vertex -8.250000e+00  3.125000e+00  7.100000e-01
     vertex -8.120590e+00  3.142037e+00  7.100000e-01
   endloop
 endfacet
 facet normal -3.826834e-01  9.238795e-01  0.000000e+00
   outer loop
     vertex -8.000000e+00  3.191987e+00  0.000000e+00
     vertex -8.120590e+00  3.142037e+00  7.100000e-01
     vertex -8.000000e+00  3.191987e+00  7.100000e-01
   endloop
 endfacet
 facet normal -3.826834e-01  9.238795e-01  0.000000e+00
   outer loop
     vertex -8.000000e+00  3.191987e+00  0.000000e+00
     vertex -8.120590e+00  3.142037e+00  0.000000e+00
     vertex -8.120590e+00  3.142037e+00  7.100000e-01
   endloop
 endfacet
 facet normal -6.087614e-01  7.933533e-01  0.000000e+00
   outer loop
     vertex -7.896447e+00  3.271447e+00  0.000000e+00
     vertex -8.000000e+00  3.191987e+00  7.100000e-01
     vertex -7.896447e+00  3.271447e+00  7.100000e-01
   endloop
 endfacet
 facet normal -6.087614e-01  7.933533e-01  0.000000e+00
   outer loop
     vertex -7.896447e+00  3.271447e+00  0.000000e+00
     vertex -8.000000e+00  3.191987e+00  0.000000e+00
     vertex -8.000000e+00  3.191987e+00  7.100000e-01
   endloop
 endfacet
 facet normal -7.933533e-01  6.087614e-01  0.000000e+00
   outer loop
     vertex -7.816987e+00  3.375000e+00  0.000000e+00
     vertex -7.896447e+00  3.271447e+00  7.100000e-01
     vertex -7.816987e+00  3.375000e+00  7.100000e-01
   endloop
 endfacet
 facet normal -7.933533e-01  6.087614e-01  0.000000e+00
   outer loop
     vertex -7.816987e+00  3.375000e+00  0.000000e+00
     vertex -7.896447e+00  3.271447e+00  0.000000e+00
     vertex -7.896447e+00  3.271447e+00  7.100000e-01
   endloop
 endfacet
 facet normal -9.238795e-01  3.826834e-01  0.000000e+00
   outer loop
     vertex -7.767037e+00  3.495590e+00  0.000000e+00
     vertex -7.816987e+00  3.375000e+00  7.100000e-01
     vertex -7.767037e+00  3.495590e+00  7.100000e-01
   endloop
 endfacet
 facet normal -9.238795e-01  3.826834e-01  0.000000e+00
   outer loop
     vertex -7.767037e+00  3.495590e+00  0.000000e+00
     vertex -7.816987e+00  3.375000e+00  0.000000e+00
     vertex -7.816987e+00  3.375000e+00  7.100000e-01
   endloop
 endfacet
 facet normal -9.914449e-01  1.305262e-01  0.000000e+00
   outer loop
     vertex -7.750000e+00  3.625000e+00  0.000000e+00
     vertex -7.767037e+00  3.495590e+00  7.100000e-01
     vertex -7.750000e+00  3.625000e+00  7.100000e-01
   endloop
 endfacet
 facet normal -9.914449e-01  1.305262e-01  0.000000e+00
   outer loop
     vertex -7.750000e+00  3.625000e+00  0.000000e+00
     vertex -7.767037e+00  3.495590e+00  0.000000e+00
     vertex -7.767037e+00  3.495590e+00  7.100000e-01
   endloop
 endfacet
 facet normal -9.914449e-01 -1.305262e-01  0.000000e+00
   outer loop
     vertex -7.767037e+00  3.754410e+00  0.000000e+00
     vertex -7.750000e+00  3.625000e+00  7.100000e-01
     vertex -7.767037e+00  3.754410e+00  7.100000e-01
   endloop
 endfacet
 facet normal -9.914449e-01 -1.305262e-01  0.000000e+00
   outer loop
     vertex -7.767037e+00  3.754410e+00  0.000000e+00
     vertex -7.750000e+00  3.625000e+00  0.000000e+00
     vertex -7.750000e+00  3.625000e+00  7.100000e-01
   endloop
 endfacet
 facet normal -7.933533e-01 -6.087614e-01  0.000000e+00
   outer loop
     vertex -7.816987e+00  3.875000e+00  0.000000e+00
     vertex -7.816987e+00  3.875000e+00  7.100000e-01
     vertex -7.896447e+00  3.978553e+00  7.100000e-01
   endloop
 endfacet
 facet normal -9.238795e-01 -3.826834e-01  0.000000e+00
   outer loop
     vertex -7.816987e+00  3.875000e+00  0.000000e+00
     vertex -7.767037e+00  3.754410e+00  7.100000e-01
     vertex -7.816987e+00  3.875000e+00  7.100000e-01
   endloop
 endfacet
 facet normal -9.238795e-01 -3.826834e-01  0.000000e+00
   outer loop
     vertex -7.816987e+00  3.875000e+00  0.000000e+00
     vertex -7.767037e+00  3.754410e+00  0.000000e+00
     vertex -7.767037e+00  3.754410e+00  7.100000e-01
   endloop
 endfacet
 facet normal -6.087614e-01 -7.933533e-01  0.000000e+00
   outer loop
     vertex -7.896447e+00  3.978553e+00  0.000000e+00
     vertex -7.896447e+00  3.978553e+00  7.100000e-01
     vertex -8.000000e+00  4.058013e+00  7.100000e-01
   endloop
 endfacet
 facet normal -7.933533e-01 -6.087614e-01  0.000000e+00
   outer loop
     vertex -7.896447e+00  3.978553e+00  0.000000e+00
     vertex -7.816987e+00  3.875000e+00  0.000000e+00
     vertex -7.896447e+00  3.978553e+00  7.100000e-01
   endloop
 endfacet
 facet normal -6.087614e-01 -7.933533e-01  0.000000e+00
   outer loop
     vertex -8.000000e+00  4.058013e+00  0.000000e+00
     vertex -7.896447e+00  3.978553e+00  0.000000e+00
     vertex -8.000000e+00  4.058013e+00  7.100000e-01
   endloop
 endfacet
 facet normal -3.826834e-01 -9.238795e-01  0.000000e+00
   outer loop
     vertex -8.120590e+00  4.107963e+00  0.000000e+00
     vertex -8.000000e+00  4.058013e+00  0.000000e+00
     vertex -8.000000e+00  4.058013e+00  7.100000e-01
   endloop
 endfacet
 facet normal -1.305262e-01 -9.914449e-01  0.000000e+00
   outer loop
     vertex -8.120590e+00  4.107963e+00  0.000000e+00
     vertex -8.120590e+00  4.107963e+00  7.100000e-01
     vertex -8.250000e+00  4.125000e+00  7.100000e-01
   endloop
 endfacet
 facet normal -3.826834e-01 -9.238795e-01  0.000000e+00
   outer loop
     vertex -8.120590e+00  4.107963e+00  0.000000e+00
     vertex -8.000000e+00  4.058013e+00  7.100000e-01
     vertex -8.120590e+00  4.107963e+00  7.100000e-01
   endloop
 endfacet
 facet normal -1.305262e-01 -9.914449e-01  0.000000e+00
   outer loop
     vertex -8.250000e+00  4.125000e+00  0.000000e+00
     vertex -8.120590e+00  4.107963e+00  0.000000e+00
     vertex -8.250000e+00  4.125000e+00  7.100000e-01
   endloop
 endfacet
 facet normal  1.305262e-01 -9.914449e-01  0.000000e+00
   outer loop
     vertex -8.379410e+00  4.107963e+00  0.000000e+00
     vertex -8.250000e+00  4.125000e+00  0.000000e+00
     vertex -8.250000e+00  4.125000e+00  7.100000e-01
   endloop
 endfacet
 facet normal  1.305262e-01 -9.914449e-01  0.000000e+00
   outer loop
     vertex -8.379410e+00  4.107963e+00  0.000000e+00
     vertex -8.250000e+00  4.125000e+00  7.100000e-01
     vertex -8.379410e+00  4.107963e+00  7.100000e-01
   endloop
 endfacet
 facet normal  3.826834e-01 -9.238795e-01  0.000000e+00
   outer loop
     vertex -8.500000e+00  4.058013e+00  0.000000e+00
     vertex -8.379410e+00  4.107963e+00  0.000000e+00
     vertex -8.379410e+00  4.107963e+00  7.100000e-01
   endloop
 endfacet
 facet normal  3.826834e-01 -9.238795e-01  0.000000e+00
   outer loop
     vertex -8.500000e+00  4.058013e+00  0.000000e+00
     vertex -8.379410e+00  4.107963e+00  7.100000e-01
     vertex -8.500000e+00  4.058013e+00  7.100000e-01
   endloop
 endfacet
 facet normal  6.087614e-01 -7.933533e-01  0.000000e+00
   outer loop
     vertex -8.603553e+00  3.978553e+00  0.000000e+00
     vertex -8.500000e+00  4.058013e+00  0.000000e+00
     vertex -8.500000e+00  4.058013e+00  7.100000e-01
   endloop
 endfacet
 facet normal  6.087614e-01 -7.933533e-01  0.000000e+00
   outer loop
     vertex -8.603553e+00  3.978553e+00  0.000000e+00
     vertex -8.500000e+00  4.058013e+00  7.100000e-01
     vertex -8.603553e+00  3.978553e+00  7.100000e-01
   endloop
 endfacet
 facet normal  7.933533e-01 -6.087614e-01  0.000000e+00
   outer loop
     vertex -8.683013e+00  3.875000e+00  0.000000e+00
     vertex -8.603553e+00  3.978553e+00  0.000000e+00
     vertex -8.603553e+00  3.978553e+00  7.100000e-01
   endloop
 endfacet
 facet normal  7.933533e-01 -6.087614e-01  0.000000e+00
   outer loop
     vertex -8.683013e+00  3.875000e+00  0.000000e+00
     vertex -8.603553e+00  3.978553e+00  7.100000e-01
     vertex -8.683013e+00  3.875000e+00  7.100000e-01
   endloop
 endfacet
 facet normal  9.238795e-01 -3.826834e-01  0.000000e+00
   outer loop
     vertex -8.732963e+00  3.754410e+00  0.000000e+00
     vertex -8.683013e+00  3.875000e+00  0.000000e+00
     vertex -8.683013e+00  3.875000e+00  7.100000e-01
   endloop
 endfacet
 facet normal  9.238795e-01 -3.826834e-01  0.000000e+00
   outer loop
     vertex -8.732963e+00  3.754410e+00  0.000000e+00
     vertex -8.683013e+00  3.875000e+00  7.100000e-01
     vertex -8.732963e+00  3.754410e+00  7.100000e-01
   endloop
 endfacet
 facet normal  9.914449e-01 -1.305262e-01  0.000000e+00
   outer loop
     vertex -8.750000e+00  3.625000e+00  0.000000e+00
     vertex -8.732963e+00  3.754410e+00  0.000000e+00
     vertex -8.732963e+00  3.754410e+00  7.100000e-01
   endloop
 endfacet
 facet normal  9.914449e-01 -1.305262e-01  0.000000e+00
   outer loop
     vertex -8.750000e+00  3.625000e+00  0.000000e+00
     vertex -8.732963e+00  3.754410e+00  7.100000e-01
     vertex -8.750000e+00  3.625000e+00  7.100000e-01
   endloop
 endfacet
 facet normal  9.238795e-01  3.826834e-01 -0.000000e+00
   outer loop
     vertex -8.732963e+00  3.495590e+00  0.000000e+00
     vertex -8.732963e+00  3.495590e+00  7.100000e-01
     vertex -8.683013e+00  3.375000e+00  7.100000e-01
   endloop
 endfacet
 facet normal  9.914449e-01  1.305262e-01 -0.000000e+00
   outer loop
     vertex -8.732963e+00  3.495590e+00  0.000000e+00
     vertex -8.750000e+00  3.625000e+00  7.100000e-01
     vertex -8.732963e+00  3.495590e+00  7.100000e-01
   endloop
 endfacet
 facet normal  9.914449e-01  1.305262e-01  0.000000e+00
   outer loop
     vertex -8.732963e+00  3.495590e+00  0.000000e+00
     vertex -8.750000e+00  3.625000e+00  0.000000e+00
     vertex -8.750000e+00  3.625000e+00  7.100000e-01
   endloop
 endfacet
 facet normal  9.238795e-01  3.826834e-01 -0.000000e+00
   outer loop
     vertex -8.683013e+00  3.375000e+00  0.000000e+00
     vertex -8.732963e+00  3.495590e+00  0.000000e+00
     vertex -8.683013e+00  3.375000e+00  7.100000e-01
   endloop
 endfacet
 facet normal  7.933533e-01  6.087614e-01 -0.000000e+00
   outer loop
     vertex -8.683013e+00  3.375000e+00  0.000000e+00
     vertex -8.683013e+00  3.375000e+00  7.100000e-01
     vertex -8.603553e+00  3.271447e+00  7.100000e-01
   endloop
 endfacet
 facet normal  6.087614e-01  7.933533e-01 -0.000000e+00
   outer loop
     vertex -8.603553e+00  3.271447e+00  0.000000e+00
     vertex -8.603553e+00  3.271447e+00  7.100000e-01
     vertex -8.500000e+00  3.191987e+00  7.100000e-01
   endloop
 endfacet
 facet normal  7.933533e-01  6.087614e-01 -0.000000e+00
   outer loop
     vertex -8.603553e+00  3.271447e+00  0.000000e+00
     vertex -8.683013e+00  3.375000e+00  0.000000e+00
     vertex -8.603553e+00  3.271447e+00  7.100000e-01
   endloop
 endfacet
 facet normal  6.087614e-01  7.933533e-01 -0.000000e+00
   outer loop
     vertex -8.500000e+00  3.191987e+00  0.000000e+00
     vertex -8.603553e+00  3.271447e+00  0.000000e+00
     vertex -8.500000e+00  3.191987e+00  7.100000e-01
   endloop
 endfacet
 facet normal  3.826834e-01  9.238795e-01 -0.000000e+00
   outer loop
     vertex -8.379410e+00  3.142037e+00  0.000000e+00
     vertex -8.500000e+00  3.191987e+00  7.100000e-01
     vertex -8.379410e+00  3.142037e+00  7.100000e-01
   endloop
 endfacet
 facet normal  3.826834e-01  9.238795e-01  0.000000e+00
   outer loop
     vertex -8.379410e+00  3.142037e+00  0.000000e+00
     vertex -8.500000e+00  3.191987e+00  0.000000e+00
     vertex -8.500000e+00  3.191987e+00  7.100000e-01
   endloop
 endfacet
 facet normal  1.305262e-01  9.914449e-01 -0.000000e+00
   outer loop
     vertex -8.250000e+00  3.125000e+00  0.000000e+00
     vertex -8.379410e+00  3.142037e+00  7.100000e-01
     vertex -8.250000e+00  3.125000e+00  7.100000e-01
   endloop
 endfacet
 facet normal  1.305262e-01  9.914449e-01  0.000000e+00
   outer loop
     vertex -8.250000e+00  3.125000e+00  0.000000e+00
     vertex -8.379410e+00  3.142037e+00  0.000000e+00
     vertex -8.379410e+00  3.142037e+00  7.100000e-01
   endloop
 endfacet
 facet normal -1.305262e-01  9.914449e-01  0.000000e+00
   outer loop
     vertex  1.345941e+01 -5.906781e+00  0.000000e+00
     vertex  1.333000e+01 -5.923818e+00  0.000000e+00
     vertex  1.333000e+01 -5.923818e+00  7.100000e-01
   endloop
 endfacet
 facet normal -1.305262e-01  9.914449e-01  0.000000e+00
   outer loop
     vertex  1.345941e+01 -5.906781e+00  0.000000e+00
     vertex  1.333000e+01 -5.923818e+00  7.100000e-01
     vertex  1.345941e+01 -5.906781e+00  7.100000e-01
   endloop
 endfacet
 facet normal -3.826834e-01  9.238795e-01  0.000000e+00
   outer loop
     vertex  1.358000e+01 -5.856831e+00  0.000000e+00
     vertex  1.345941e+01 -5.906781e+00  7.100000e-01
     vertex  1.358000e+01 -5.856831e+00  7.100000e-01
   endloop
 endfacet
 facet normal -3.826834e-01  9.238795e-01  0.000000e+00
   outer loop
     vertex  1.358000e+01 -5.856831e+00  0.000000e+00
     vertex  1.345941e+01 -5.906781e+00  0.000000e+00
     vertex  1.345941e+01 -5.906781e+00  7.100000e-01
   endloop
 endfacet
 facet normal -6.087614e-01  7.933533e-01  0.000000e+00
   outer loop
     vertex  1.368355e+01 -5.777371e+00  0.000000e+00
     vertex  1.358000e+01 -5.856831e+00  7.100000e-01
     vertex  1.368355e+01 -5.777371e+00  7.100000e-01
   endloop
 endfacet
 facet normal -6.087614e-01  7.933533e-01  0.000000e+00
   outer loop
     vertex  1.368355e+01 -5.777371e+00  0.000000e+00
     vertex  1.358000e+01 -5.856831e+00  0.000000e+00
     vertex  1.358000e+01 -5.856831e+00  7.100000e-01
   endloop
 endfacet
 facet normal -7.933533e-01  6.087614e-01  0.000000e+00
   outer loop
     vertex  1.376301e+01 -5.673818e+00  0.000000e+00
     vertex  1.368355e+01 -5.777371e+00  7.100000e-01
     vertex  1.376301e+01 -5.673818e+00  7.100000e-01
   endloop
 endfacet
 facet normal -7.933533e-01  6.087614e-01  0.000000e+00
   outer loop
     vertex  1.376301e+01 -5.673818e+00  0.000000e+00
     vertex  1.368355e+01 -5.777371e+00  0.000000e+00
     vertex  1.368355e+01 -5.777371e+00  7.100000e-01
   endloop
 endfacet
 facet normal -9.238795e-01  3.826834e-01  0.000000e+00
   outer loop
     vertex  1.381296e+01 -5.553228e+00  0.000000e+00
     vertex  1.376301e+01 -5.673818e+00  7.100000e-01
     vertex  1.381296e+01 -5.553228e+00  7.100000e-01
   endloop
 endfacet
 facet normal -9.238795e-01  3.826834e-01  0.000000e+00
   outer loop
     vertex  1.381296e+01 -5.553228e+00  0.000000e+00
     vertex  1.376301e+01 -5.673818e+00  0.000000e+00
     vertex  1.376301e+01 -5.673818e+00  7.100000e-01
   endloop
 endfacet
 facet normal -9.914449e-01  1.305262e-01  0.000000e+00
   outer loop
     vertex  1.383000e+01 -5.423818e+00  0.000000e+00
     vertex  1.381296e+01 -5.553228e+00  7.100000e-01
     vertex  1.383000e+01 -5.423818e+00  7.100000e-01
   endloop
 endfacet
 facet normal -9.914449e-01  1.305262e-01  0.000000e+00
   outer loop
     vertex  1.383000e+01 -5.423818e+00  0.000000e+00
     vertex  1.381296e+01 -5.553228e+00  0.000000e+00
     vertex  1.381296e+01 -5.553228e+00  7.100000e-01
   endloop
 endfacet
 facet normal -9.914449e-01 -1.305262e-01  0.000000e+00
   outer loop
     vertex  1.381296e+01 -5.294408e+00  0.000000e+00
     vertex  1.383000e+01 -5.423818e+00  7.100000e-01
     vertex  1.381296e+01 -5.294408e+00  7.100000e-01
   endloop
 endfacet
 facet normal -9.914449e-01 -1.305262e-01  0.000000e+00
   outer loop
     vertex  1.381296e+01 -5.294408e+00  0.000000e+00
     vertex  1.383000e+01 -5.423818e+00  0.000000e+00
     vertex  1.383000e+01 -5.423818e+00  7.100000e-01
   endloop
 endfacet
 facet normal -7.933533e-01 -6.087614e-01  0.000000e+00
   outer loop
     vertex  1.376301e+01 -5.173818e+00  0.000000e+00
     vertex  1.376301e+01 -5.173818e+00  7.100000e-01
     vertex  1.368355e+01 -5.070265e+00  7.100000e-01
   endloop
 endfacet
 facet normal -9.238795e-01 -3.826834e-01  0.000000e+00
   outer loop
     vertex  1.376301e+01 -5.173818e+00  0.000000e+00
     vertex  1.381296e+01 -5.294408e+00  7.100000e-01
     vertex  1.376301e+01 -5.173818e+00  7.100000e-01
   endloop
 endfacet
 facet normal -9.238795e-01 -3.826834e-01  0.000000e+00
   outer loop
     vertex  1.376301e+01 -5.173818e+00  0.000000e+00
     vertex  1.381296e+01 -5.294408e+00  0.000000e+00
     vertex  1.381296e+01 -5.294408e+00  7.100000e-01
   endloop
 endfacet
 facet normal -6.087614e-01 -7.933533e-01  0.000000e+00
   outer loop
     vertex  1.368355e+01 -5.070265e+00  0.000000e+00
     vertex  1.368355e+01 -5.070265e+00  7.100000e-01
     vertex  1.358000e+01 -4.990805e+00  7.100000e-01
   endloop
 endfacet
 facet normal -7.933533e-01 -6.087614e-01  0.000000e+00
   outer loop
     vertex  1.368355e+01 -5.070265e+00  0.000000e+00
     vertex  1.376301e+01 -5.173818e+00  0.000000e+00
     vertex  1.368355e+01 -5.070265e+00  7.100000e-01
   endloop
 endfacet
 facet normal -6.087614e-01 -7.933533e-01  0.000000e+00
   outer loop
     vertex  1.358000e+01 -4.990805e+00  0.000000e+00
     vertex  1.368355e+01 -5.070265e+00  0.000000e+00
     vertex  1.358000e+01 -4.990805e+00  7.100000e-01
   endloop
 endfacet
 facet normal -3.826834e-01 -9.238795e-01  0.000000e+00
   outer loop
     vertex  1.345941e+01 -4.940855e+00  0.000000e+00
     vertex  1.358000e+01 -4.990805e+00  0.000000e+00
     vertex  1.358000e+01 -4.990805e+00  7.100000e-01
   endloop
 endfacet
 facet normal -1.305262e-01 -9.914449e-01  0.000000e+00
   outer loop
     vertex  1.345941e+01 -4.940855e+00  0.000000e+00
     vertex  1.345941e+01 -4.940855e+00  7.100000e-01
     vertex  1.333000e+01 -4.923818e+00  7.100000e-01
   endloop
 endfacet
 facet normal -3.826834e-01 -9.238795e-01  0.000000e+00
   outer loop
     vertex  1.345941e+01 -4.940855e+00  0.000000e+00
     vertex  1.358000e+01 -4.990805e+00  7.100000e-01
     vertex  1.345941e+01 -4.940855e+00  7.100000e-01
   endloop
 endfacet
 facet normal -1.305262e-01 -9.914449e-01  0.000000e+00
   outer loop
     vertex  1.333000e+01 -4.923818e+00  0.000000e+00
     vertex  1.345941e+01 -4.940855e+00  0.000000e+00
     vertex  1.333000e+01 -4.923818e+00  7.100000e-01
   endloop
 endfacet
 facet normal  1.305262e-01 -9.914449e-01  0.000000e+00
   outer loop
     vertex  1.320059e+01 -4.940855e+00  0.000000e+00
     vertex  1.333000e+01 -4.923818e+00  0.000000e+00
     vertex  1.333000e+01 -4.923818e+00  7.100000e-01
   endloop
 endfacet
 facet normal  1.305262e-01 -9.914449e-01  0.000000e+00
   outer loop
     vertex  1.320059e+01 -4.940855e+00  0.000000e+00
     vertex  1.333000e+01 -4.923818e+00  7.100000e-01
     vertex  1.320059e+01 -4.940855e+00  7.100000e-01
   endloop
 endfacet
 facet normal  3.826834e-01 -9.238795e-01  0.000000e+00
   outer loop
     vertex  1.308000e+01 -4.990805e+00  0.000000e+00
     vertex  1.320059e+01 -4.940855e+00  0.000000e+00
     vertex  1.320059e+01 -4.940855e+00  7.100000e-01
   endloop
 endfacet
 facet normal  3.826834e-01 -9.238795e-01  0.000000e+00
   outer loop
     vertex  1.308000e+01 -4.990805e+00  0.000000e+00
     vertex  1.320059e+01 -4.940855e+00  7.100000e-01
     vertex  1.308000e+01 -4.990805e+00  7.100000e-01
   endloop
 endfacet
 facet normal  6.087614e-01 -7.933533e-01  0.000000e+00
   outer loop
     vertex  1.297645e+01 -5.070265e+00  0.000000e+00
     vertex  1.308000e+01 -4.990805e+00  0.000000e+00
     vertex  1.308000e+01 -4.990805e+00  7.100000e-01
   endloop
 endfacet
 facet normal  6.087614e-01 -7.933533e-01  0.000000e+00
   outer loop
     vertex  1.297645e+01 -5.070265e+00  0.000000e+00
     vertex  1.308000e+01 -4.990805e+00  7.100000e-01
     vertex  1.297645e+01 -5.070265e+00  7.100000e-01
   endloop
 endfacet
 facet normal  7.933533e-01 -6.087614e-01  0.000000e+00
   outer loop
     vertex  1.289699e+01 -5.173818e+00  0.000000e+00
     vertex  1.297645e+01 -5.070265e+00  0.000000e+00
     vertex  1.297645e+01 -5.070265e+00  7.100000e-01
   endloop
 endfacet
 facet normal  7.933533e-01 -6.087614e-01  0.000000e+00
   outer loop
     vertex  1.289699e+01 -5.173818e+00  0.000000e+00
     vertex  1.297645e+01 -5.070265e+00  7.100000e-01
     vertex  1.289699e+01 -5.173818e+00  7.100000e-01
   endloop
 endfacet
 facet normal  9.238795e-01 -3.826834e-01  0.000000e+00
   outer loop
     vertex  1.284704e+01 -5.294408e+00  0.000000e+00
     vertex  1.289699e+01 -5.173818e+00  0.000000e+00
     vertex  1.289699e+01 -5.173818e+00  7.100000e-01
   endloop
 endfacet
 facet normal  9.238795e-01 -3.826834e-01  0.000000e+00
   outer loop
     vertex  1.284704e+01 -5.294408e+00  0.000000e+00
     vertex  1.289699e+01 -5.173818e+00  7.100000e-01
     vertex  1.284704e+01 -5.294408e+00  7.100000e-01
   endloop
 endfacet
 facet normal  9.914449e-01 -1.305262e-01  0.000000e+00
   outer loop
     vertex  1.283000e+01 -5.423818e+00  0.000000e+00
     vertex  1.284704e+01 -5.294408e+00  0.000000e+00
     vertex  1.284704e+01 -5.294408e+00  7.100000e-01
   endloop
 endfacet
 facet normal  9.914449e-01 -1.305262e-01  0.000000e+00
   outer loop
     vertex  1.283000e+01 -5.423818e+00  0.000000e+00
     vertex  1.284704e+01 -5.294408e+00  7.100000e-01
     vertex  1.283000e+01 -5.423818e+00  7.100000e-01
   endloop
 endfacet
 facet normal  9.238795e-01  3.826834e-01 -0.000000e+00
   outer loop
     vertex  1.284704e+01 -5.553228e+00  0.000000e+00
     vertex  1.284704e+01 -5.553228e+00  7.100000e-01
     vertex  1.289699e+01 -5.673818e+00  7.100000e-01
   endloop
 endfacet
 facet normal  9.914449e-01  1.305262e-01 -0.000000e+00
   outer loop
     vertex  1.284704e+01 -5.553228e+00  0.000000e+00
     vertex  1.283000e+01 -5.423818e+00  7.100000e-01
     vertex  1.284704e+01 -5.553228e+00  7.100000e-01
   endloop
 endfacet
 facet normal  9.914449e-01  1.305262e-01  0.000000e+00
   outer loop
     vertex  1.284704e+01 -5.553228e+00  0.000000e+00
     vertex  1.283000e+01 -5.423818e+00  0.000000e+00
     vertex  1.283000e+01 -5.423818e+00  7.100000e-01
   endloop
 endfacet
 facet normal  9.238795e-01  3.826834e-01 -0.000000e+00
   outer loop
     vertex  1.289699e+01 -5.673818e+00  0.000000e+00
     vertex  1.284704e+01 -5.553228e+00  0.000000e+00
     vertex  1.289699e+01 -5.673818e+00  7.100000e-01
   endloop
 endfacet
 facet normal  7.933533e-01  6.087614e-01 -0.000000e+00
   outer loop
     vertex  1.289699e+01 -5.673818e+00  0.000000e+00
     vertex  1.289699e+01 -5.673818e+00  7.100000e-01
     vertex  1.297645e+01 -5.777371e+00  7.100000e-01
   endloop
 endfacet
 facet normal  6.087614e-01  7.933533e-01 -0.000000e+00
   outer loop
     vertex  1.297645e+01 -5.777371e+00  0.000000e+00
     vertex  1.297645e+01 -5.777371e+00  7.100000e-01
     vertex  1.308000e+01 -5.856831e+00  7.100000e-01
   endloop
 endfacet
 facet normal  7.933533e-01  6.087614e-01 -0.000000e+00
   outer loop
     vertex  1.297645e+01 -5.777371e+00  0.000000e+00
     vertex  1.289699e+01 -5.673818e+00  0.000000e+00
     vertex  1.297645e+01 -5.777371e+00  7.100000e-01
   endloop
 endfacet
 facet normal  6.087614e-01  7.933533e-01 -0.000000e+00
   outer loop
     vertex  1.308000e+01 -5.856831e+00  0.000000e+00
     vertex  1.297645e+01 -5.777371e+00  0.000000e+00
     vertex  1.308000e+01 -5.856831e+00  7.100000e-01
   endloop
 endfacet
 facet normal  3.826834e-01  9.238795e-01 -0.000000e+00
   outer loop
     vertex  1.320059e+01 -5.906781e+00  0.000000e+00
     vertex  1.308000e+01 -5.856831e+00  7.100000e-01
     vertex  1.320059e+01 -5.906781e+00  7.100000e-01
   endloop
 endfacet
 facet normal  3.826834e-01  9.238795e-01  0.000000e+00
   outer loop
     vertex  1.320059e+01 -5.906781e+00  0.000000e+00
     vertex  1.308000e+01 -5.856831e+00  0.000000e+00
     vertex  1.308000e+01 -5.856831e+00  7.100000e-01
   endloop
 endfacet
 facet normal  1.305262e-01  9.914449e-01 -0.000000e+00
   outer loop
     vertex  1.333000e+01 -5.923818e+00  0.000000e+00
     vertex  1.320059e+01 -5.906781e+00  7.100000e-01
     vertex  1.333000e+01 -5.923818e+00  7.100000e-01
   endloop
 endfacet
 facet normal  1.305262e-01  9.914449e-01  0.000000e+00
   outer loop
     vertex  1.333000e+01 -5.923818e+00  0.000000e+00
     vertex  1.320059e+01 -5.906781e+00  0.000000e+00
     vertex  1.320059e+01 -5.906781e+00  7.100000e-01
   endloop
 endfacet
 facet normal -1.305262e-01  9.914449e-01  0.000000e+00
   outer loop
     vertex  1.218941e+01 -3.707077e+00  0.000000e+00
     vertex  1.206000e+01 -3.724114e+00  0.000000e+00
     vertex  1.206000e+01 -3.724114e+00  7.100000e-01
   endloop
 endfacet
 facet normal -1.305262e-01  9.914449e-01  0.000000e+00
   outer loop
     vertex  1.218941e+01 -3.707077e+00  0.000000e+00
     vertex  1.206000e+01 -3.724114e+00  7.100000e-01
     vertex  1.218941e+01 -3.707077e+00  7.100000e-01
   endloop
 endfacet
 facet normal -3.826834e-01  9.238795e-01  0.000000e+00
   outer loop
     vertex  1.231000e+01 -3.657127e+00  0.000000e+00
     vertex  1.218941e+01 -3.707077e+00  7.100000e-01
     vertex  1.231000e+01 -3.657127e+00  7.100000e-01
   endloop
 endfacet
 facet normal -3.826834e-01  9.238795e-01  0.000000e+00
   outer loop
     vertex  1.231000e+01 -3.657127e+00  0.000000e+00
     vertex  1.218941e+01 -3.707077e+00  0.000000e+00
     vertex  1.218941e+01 -3.707077e+00  7.100000e-01
   endloop
 endfacet
 facet normal -6.087614e-01  7.933533e-01  0.000000e+00
   outer loop
     vertex  1.241355e+01 -3.577667e+00  0.000000e+00
     vertex  1.231000e+01 -3.657127e+00  7.100000e-01
     vertex  1.241355e+01 -3.577667e+00  7.100000e-01
   endloop
 endfacet
 facet normal -6.087614e-01  7.933533e-01  0.000000e+00
   outer loop
     vertex  1.241355e+01 -3.577667e+00  0.000000e+00
     vertex  1.231000e+01 -3.657127e+00  0.000000e+00
     vertex  1.231000e+01 -3.657127e+00  7.100000e-01
   endloop
 endfacet
 facet normal -7.933533e-01  6.087614e-01  0.000000e+00
   outer loop
     vertex  1.249301e+01 -3.474114e+00  0.000000e+00
     vertex  1.241355e+01 -3.577667e+00  7.100000e-01
     vertex  1.249301e+01 -3.474114e+00  7.100000e-01
   endloop
 endfacet
 facet normal -7.933533e-01  6.087614e-01  0.000000e+00
   outer loop
     vertex  1.249301e+01 -3.474114e+00  0.000000e+00
     vertex  1.241355e+01 -3.577667e+00  0.000000e+00
     vertex  1.241355e+01 -3.577667e+00  7.100000e-01
   endloop
 endfacet
 facet normal -9.238795e-01  3.826834e-01  0.000000e+00
   outer loop
     vertex  1.254296e+01 -3.353524e+00  0.000000e+00
     vertex  1.249301e+01 -3.474114e+00  7.100000e-01
     vertex  1.254296e+01 -3.353524e+00  7.100000e-01
   endloop
 endfacet
 facet normal -9.238795e-01  3.826834e-01  0.000000e+00
   outer loop
     vertex  1.254296e+01 -3.353524e+00  0.000000e+00
     vertex  1.249301e+01 -3.474114e+00  0.000000e+00
     vertex  1.249301e+01 -3.474114e+00  7.100000e-01
   endloop
 endfacet
 facet normal -9.914449e-01  1.305262e-01  0.000000e+00
   outer loop
     vertex  1.256000e+01 -3.224114e+00  0.000000e+00
     vertex  1.254296e+01 -3.353524e+00  7.100000e-01
     vertex  1.256000e+01 -3.224114e+00  7.100000e-01
   endloop
 endfacet
 facet normal -9.914449e-01  1.305262e-01  0.000000e+00
   outer loop
     vertex  1.256000e+01 -3.224114e+00  0.000000e+00
     vertex  1.254296e+01 -3.353524e+00  0.000000e+00
     vertex  1.254296e+01 -3.353524e+00  7.100000e-01
   endloop
 endfacet
 facet normal -9.914449e-01 -1.305262e-01  0.000000e+00
   outer loop
     vertex  1.254296e+01 -3.094704e+00  0.000000e+00
     vertex  1.256000e+01 -3.224114e+00  7.100000e-01
     vertex  1.254296e+01 -3.094704e+00  7.100000e-01
   endloop
 endfacet
 facet normal -9.914449e-01 -1.305262e-01  0.000000e+00
   outer loop
     vertex  1.254296e+01 -3.094704e+00  0.000000e+00
     vertex  1.256000e+01 -3.224114e+00  0.000000e+00
     vertex  1.256000e+01 -3.224114e+00  7.100000e-01
   endloop
 endfacet
 facet normal -7.933533e-01 -6.087614e-01  0.000000e+00
   outer loop
     vertex  1.249301e+01 -2.974114e+00  0.000000e+00
     vertex  1.249301e+01 -2.974114e+00  7.100000e-01
     vertex  1.241355e+01 -2.870561e+00  7.100000e-01
   endloop
 endfacet
 facet normal -9.238795e-01 -3.826834e-01  0.000000e+00
   outer loop
     vertex  1.249301e+01 -2.974114e+00  0.000000e+00
     vertex  1.254296e+01 -3.094704e+00  7.100000e-01
     vertex  1.249301e+01 -2.974114e+00  7.100000e-01
   endloop
 endfacet
 facet normal -9.238795e-01 -3.826834e-01  0.000000e+00
   outer loop
     vertex  1.249301e+01 -2.974114e+00  0.000000e+00
     vertex  1.254296e+01 -3.094704e+00  0.000000e+00
     vertex  1.254296e+01 -3.094704e+00  7.100000e-01
   endloop
 endfacet
 facet normal -6.087614e-01 -7.933533e-01  0.000000e+00
   outer loop
     vertex  1.241355e+01 -2.870561e+00  0.000000e+00
     vertex  1.241355e+01 -2.870561e+00  7.100000e-01
     vertex  1.231000e+01 -2.791101e+00  7.100000e-01
   endloop
 endfacet
 facet normal -7.933533e-01 -6.087614e-01  0.000000e+00
   outer loop
     vertex  1.241355e+01 -2.870561e+00  0.000000e+00
     vertex  1.249301e+01 -2.974114e+00  0.000000e+00
     vertex  1.241355e+01 -2.870561e+00  7.100000e-01
   endloop
 endfacet
 facet normal -6.087614e-01 -7.933533e-01  0.000000e+00
   outer loop
     vertex  1.231000e+01 -2.791101e+00  0.000000e+00
     vertex  1.241355e+01 -2.870561e+00  0.000000e+00
     vertex  1.231000e+01 -2.791101e+00  7.100000e-01
   endloop
 endfacet
 facet normal -3.826834e-01 -9.238795e-01  0.000000e+00
   outer loop
     vertex  1.218941e+01 -2.741151e+00  0.000000e+00
     vertex  1.231000e+01 -2.791101e+00  0.000000e+00
     vertex  1.231000e+01 -2.791101e+00  7.100000e-01
   endloop
 endfacet
 facet normal -1.305262e-01 -9.914449e-01  0.000000e+00
   outer loop
     vertex  1.218941e+01 -2.741151e+00  0.000000e+00
     vertex  1.218941e+01 -2.741151e+00  7.100000e-01
     vertex  1.206000e+01 -2.724114e+00  7.100000e-01
   endloop
 endfacet
 facet normal -3.826834e-01 -9.238795e-01  0.000000e+00
   outer loop
     vertex  1.218941e+01 -2.741151e+00  0.000000e+00
     vertex  1.231000e+01 -2.791101e+00  7.100000e-01
     vertex  1.218941e+01 -2.741151e+00  7.100000e-01
   endloop
 endfacet
 facet normal -1.305262e-01 -9.914449e-01  0.000000e+00
   outer loop
     vertex  1.206000e+01 -2.724114e+00  0.000000e+00
     vertex  1.218941e+01 -2.741151e+00  0.000000e+00
     vertex  1.206000e+01 -2.724114e+00  7.100000e-01
   endloop
 endfacet
 facet normal  1.305262e-01 -9.914449e-01  0.000000e+00
   outer loop
     vertex  1.193059e+01 -2.741151e+00  0.000000e+00
     vertex  1.206000e+01 -2.724114e+00  0.000000e+00
     vertex  1.206000e+01 -2.724114e+00  7.100000e-01
   endloop
 endfacet
 facet normal  1.305262e-01 -9.914449e-01  0.000000e+00
   outer loop
     vertex  1.193059e+01 -2.741151e+00  0.000000e+00
     vertex  1.206000e+01 -2.724114e+00  7.100000e-01
     vertex  1.193059e+01 -2.741151e+00  7.100000e-01
   endloop
 endfacet
 facet normal  3.826834e-01 -9.238795e-01  0.000000e+00
   outer loop
     vertex  1.181000e+01 -2.791101e+00  0.000000e+00
     vertex  1.193059e+01 -2.741151e+00  0.000000e+00
     vertex  1.193059e+01 -2.741151e+00  7.100000e-01
   endloop
 endfacet
 facet normal  3.826834e-01 -9.238795e-01  0.000000e+00
   outer loop
     vertex  1.181000e+01 -2.791101e+00  0.000000e+00
     vertex  1.193059e+01 -2.741151e+00  7.100000e-01
     vertex  1.181000e+01 -2.791101e+00  7.100000e-01
   endloop
 endfacet
 facet normal  6.087614e-01 -7.933533e-01  0.000000e+00
   outer loop
     vertex  1.170645e+01 -2.870561e+00  0.000000e+00
     vertex  1.181000e+01 -2.791101e+00  0.000000e+00
     vertex  1.181000e+01 -2.791101e+00  7.100000e-01
   endloop
 endfacet
 facet normal  6.087614e-01 -7.933533e-01  0.000000e+00
   outer loop
     vertex  1.170645e+01 -2.870561e+00  0.000000e+00
     vertex  1.181000e+01 -2.791101e+00  7.100000e-01
     vertex  1.170645e+01 -2.870561e+00  7.100000e-01
   endloop
 endfacet
 facet normal  7.933533e-01 -6.087614e-01  0.000000e+00
   outer loop
     vertex  1.162699e+01 -2.974114e+00  0.000000e+00
     vertex  1.170645e+01 -2.870561e+00  0.000000e+00
     vertex  1.170645e+01 -2.870561e+00  7.100000e-01
   endloop
 endfacet
 facet normal  7.933533e-01 -6.087614e-01  0.000000e+00
   outer loop
     vertex  1.162699e+01 -2.974114e+00  0.000000e+00
     vertex  1.170645e+01 -2.870561e+00  7.100000e-01
     vertex  1.162699e+01 -2.974114e+00  7.100000e-01
   endloop
 endfacet
 facet normal  9.238795e-01 -3.826834e-01  0.000000e+00
   outer loop
     vertex  1.157704e+01 -3.094704e+00  0.000000e+00
     vertex  1.162699e+01 -2.974114e+00  0.000000e+00
     vertex  1.162699e+01 -2.974114e+00  7.100000e-01
   endloop
 endfacet
 facet normal  9.238795e-01 -3.826834e-01  0.000000e+00
   outer loop
     vertex  1.157704e+01 -3.094704e+00  0.000000e+00
     vertex  1.162699e+01 -2.974114e+00  7.100000e-01
     vertex  1.157704e+01 -3.094704e+00  7.100000e-01
   endloop
 endfacet
 facet normal  9.914449e-01 -1.305262e-01  0.000000e+00
   outer loop
     vertex  1.156000e+01 -3.224114e+00  0.000000e+00
     vertex  1.157704e+01 -3.094704e+00  0.000000e+00
     vertex  1.157704e+01 -3.094704e+00  7.100000e-01
   endloop
 endfacet
 facet normal  9.914449e-01 -1.305262e-01  0.000000e+00
   outer loop
     vertex  1.156000e+01 -3.224114e+00  0.000000e+00
     vertex  1.157704e+01 -3.094704e+00  7.100000e-01
     vertex  1.156000e+01 -3.224114e+00  7.100000e-01
   endloop
 endfacet
 facet normal  9.238795e-01  3.826834e-01 -0.000000e+00
   outer loop
     vertex  1.157704e+01 -3.353524e+00  0.000000e+00
     vertex  1.157704e+01 -3.353524e+00  7.100000e-01
     vertex  1.162699e+01 -3.474114e+00  7.100000e-01
   endloop
 endfacet
 facet normal  9.914449e-01  1.305262e-01 -0.000000e+00
   outer loop
     vertex  1.157704e+01 -3.353524e+00  0.000000e+00
     vertex  1.156000e+01 -3.224114e+00  7.100000e-01
     vertex  1.157704e+01 -3.353524e+00  7.100000e-01
   endloop
 endfacet
 facet normal  9.914449e-01  1.305262e-01  0.000000e+00
   outer loop
     vertex  1.157704e+01 -3.353524e+00  0.000000e+00
     vertex  1.156000e+01 -3.224114e+00  0.000000e+00
     vertex  1.156000e+01 -3.224114e+00  7.100000e-01
   endloop
 endfacet
 facet normal  9.238795e-01  3.826834e-01 -0.000000e+00
   outer loop
     vertex  1.162699e+01 -3.474114e+00  0.000000e+00
     vertex  1.157704e+01 -3.353524e+00  0.000000e+00
     vertex  1.162699e+01 -3.474114e+00  7.100000e-01
   endloop
 endfacet
 facet normal  7.933533e-01  6.087614e-01 -0.000000e+00
   outer loop
     vertex  1.162699e+01 -3.474114e+00  0.000000e+00
     vertex  1.162699e+01 -3.474114e+00  7.100000e-01
     vertex  1.170645e+01 -3.577667e+00  7.100000e-01
   endloop
 endfacet
 facet normal  6.087614e-01  7.933533e-01 -0.000000e+00
   outer loop
     vertex  1.170645e+01 -3.577667e+00  0.000000e+00
     vertex  1.170645e+01 -3.577667e+00  7.100000e-01
     vertex  1.181000e+01 -3.657127e+00  7.100000e-01
   endloop
 endfacet
 facet normal  7.933533e-01  6.087614e-01 -0.000000e+00
   outer loop
     vertex  1.170645e+01 -3.577667e+00  0.000000e+00
     vertex  1.162699e+01 -3.474114e+00  0.000000e+00
     vertex  1.170645e+01 -3.577667e+00  7.100000e-01
   endloop
 endfacet
 facet normal  6.087614e-01  7.933533e-01 -0.000000e+00
   outer loop
     vertex  1.181000e+01 -3.657127e+00  0.000000e+00
     vertex  1.170645e+01 -3.577667e+00  0.000000e+00
     vertex  1.181000e+01 -3.657127e+00  7.100000e-01
   endloop
 endfacet
 facet normal  3.826834e-01  9.238795e-01 -0.000000e+00
   outer loop
     vertex  1.193059e+01 -3.707077e+00  0.000000e+00
     vertex  1.181000e+01 -3.657127e+00  7.100000e-01
     vertex  1.193059e+01 -3.707077e+00  7.100000e-01
   endloop
 endfacet
 facet normal  3.826834e-01  9.238795e-01  0.000000e+00
   outer loop
     vertex  1.193059e+01 -3.707077e+00  0.000000e+00
     vertex  1.181000e+01 -3.657127e+00  0.000000e+00
     vertex  1.181000e+01 -3.657127e+00  7.100000e-01
   endloop
 endfacet
 facet normal  1.305262e-01  9.914449e-01 -0.000000e+00
   outer loop
     vertex  1.206000e+01 -3.724114e+00  0.000000e+00
     vertex  1.193059e+01 -3.707077e+00  7.100000e-01
     vertex  1.206000e+01 -3.724114e+00  7.100000e-01
   endloop
 endfacet
 facet normal  1.305262e-01  9.914449e-01  0.000000e+00
   outer loop
     vertex  1.206000e+01 -3.724114e+00  0.000000e+00
     vertex  1.193059e+01 -3.707077e+00  0.000000e+00
     vertex  1.193059e+01 -3.707077e+00  7.100000e-01
   endloop
 endfacet
 facet normal -1.305262e-01  9.914449e-01  0.000000e+00
   outer loop
     vertex  1.091941e+01 -1.507372e+00  0.000000e+00
     vertex  1.079000e+01 -1.524409e+00  0.000000e+00
     vertex  1.079000e+01 -1.524409e+00  7.100000e-01
   endloop
 endfacet
 facet normal -1.305262e-01  9.914449e-01  0.000000e+00
   outer loop
     vertex  1.091941e+01 -1.507372e+00  0.000000e+00
     vertex  1.079000e+01 -1.524409e+00  7.100000e-01
     vertex  1.091941e+01 -1.507372e+00  7.100000e-01
   endloop
 endfacet
 facet normal -3.826834e-01  9.238795e-01  0.000000e+00
   outer loop
     vertex  1.104000e+01 -1.457422e+00  0.000000e+00
     vertex  1.091941e+01 -1.507372e+00  7.100000e-01
     vertex  1.104000e+01 -1.457422e+00  7.100000e-01
   endloop
 endfacet
 facet normal -3.826834e-01  9.238795e-01  0.000000e+00
   outer loop
     vertex  1.104000e+01 -1.457422e+00  0.000000e+00
     vertex  1.091941e+01 -1.507372e+00  0.000000e+00
     vertex  1.091941e+01 -1.507372e+00  7.100000e-01
   endloop
 endfacet
 facet normal -6.087614e-01  7.933533e-01  0.000000e+00
   outer loop
     vertex  1.114355e+01 -1.377962e+00  0.000000e+00
     vertex  1.104000e+01 -1.457422e+00  7.100000e-01
     vertex  1.114355e+01 -1.377962e+00  7.100000e-01
   endloop
 endfacet
 facet normal -6.087614e-01  7.933533e-01  0.000000e+00
   outer loop
     vertex  1.114355e+01 -1.377962e+00  0.000000e+00
     vertex  1.104000e+01 -1.457422e+00  0.000000e+00
     vertex  1.104000e+01 -1.457422e+00  7.100000e-01
   endloop
 endfacet
 facet normal -7.933533e-01  6.087614e-01  0.000000e+00
   outer loop
     vertex  1.122301e+01 -1.274409e+00  0.000000e+00
     vertex  1.114355e+01 -1.377962e+00  7.100000e-01
     vertex  1.122301e+01 -1.274409e+00  7.100000e-01
   endloop
 endfacet
 facet normal -7.933533e-01  6.087614e-01  0.000000e+00
   outer loop
     vertex  1.122301e+01 -1.274409e+00  0.000000e+00
     vertex  1.114355e+01 -1.377962e+00  0.000000e+00
     vertex  1.114355e+01 -1.377962e+00  7.100000e-01
   endloop
 endfacet
 facet normal -9.238795e-01  3.826834e-01  0.000000e+00
   outer loop
     vertex  1.127296e+01 -1.153819e+00  0.000000e+00
     vertex  1.122301e+01 -1.274409e+00  7.100000e-01
     vertex  1.127296e+01 -1.153819e+00  7.100000e-01
   endloop
 endfacet
 facet normal -9.238795e-01  3.826834e-01  0.000000e+00
   outer loop
     vertex  1.127296e+01 -1.153819e+00  0.000000e+00
     vertex  1.122301e+01 -1.274409e+00  0.000000e+00
     vertex  1.122301e+01 -1.274409e+00  7.100000e-01
   endloop
 endfacet
 facet normal -9.914449e-01  1.305262e-01  0.000000e+00
   outer loop
     vertex  1.129000e+01 -1.024409e+00  0.000000e+00
     vertex  1.127296e+01 -1.153819e+00  7.100000e-01
     vertex  1.129000e+01 -1.024409e+00  7.100000e-01
   endloop
 endfacet
 facet normal -9.914449e-01  1.305262e-01  0.000000e+00
   outer loop
     vertex  1.129000e+01 -1.024409e+00  0.000000e+00
     vertex  1.127296e+01 -1.153819e+00  0.000000e+00
     vertex  1.127296e+01 -1.153819e+00  7.100000e-01
   endloop
 endfacet
 facet normal -9.914449e-01 -1.305262e-01  0.000000e+00
   outer loop
     vertex  1.127296e+01 -8.949995e-01  0.000000e+00
     vertex  1.129000e+01 -1.024409e+00  7.100000e-01
     vertex  1.127296e+01 -8.949995e-01  7.100000e-01
   endloop
 endfacet
 facet normal -9.914449e-01 -1.305262e-01  0.000000e+00
   outer loop
     vertex  1.127296e+01 -8.949995e-01  0.000000e+00
     vertex  1.129000e+01 -1.024409e+00  0.000000e+00
     vertex  1.129000e+01 -1.024409e+00  7.100000e-01
   endloop
 endfacet
 facet normal -7.933533e-01 -6.087614e-01  0.000000e+00
   outer loop
     vertex  1.122301e+01 -7.744090e-01  0.000000e+00
     vertex  1.122301e+01 -7.744090e-01  7.100000e-01
     vertex  1.114355e+01 -6.708556e-01  7.100000e-01
   endloop
 endfacet
 facet normal -9.238795e-01 -3.826834e-01  0.000000e+00
   outer loop
     vertex  1.122301e+01 -7.744090e-01  0.000000e+00
     vertex  1.127296e+01 -8.949995e-01  7.100000e-01
     vertex  1.122301e+01 -7.744090e-01  7.100000e-01
   endloop
 endfacet
 facet normal -9.238795e-01 -3.826834e-01  0.000000e+00
   outer loop
     vertex  1.122301e+01 -7.744090e-01  0.000000e+00
     vertex  1.127296e+01 -8.949995e-01  0.000000e+00
     vertex  1.127296e+01 -8.949995e-01  7.100000e-01
   endloop
 endfacet
 facet normal -6.087614e-01 -7.933533e-01  0.000000e+00
   outer loop
     vertex  1.114355e+01 -6.708556e-01  0.000000e+00
     vertex  1.114355e+01 -6.708556e-01  7.100000e-01
     vertex  1.104000e+01 -5.913963e-01  7.100000e-01
   endloop
 endfacet
 facet normal -7.933533e-01 -6.087614e-01  0.000000e+00
   outer loop
     vertex  1.114355e+01 -6.708556e-01  0.000000e+00
     vertex  1.122301e+01 -7.744090e-01  0.000000e+00
     vertex  1.114355e+01 -6.708556e-01  7.100000e-01
   endloop
 endfacet
 facet normal -6.087614e-01 -7.933533e-01  0.000000e+00
   outer loop
     vertex  1.104000e+01 -5.913963e-01  0.000000e+00
     vertex  1.114355e+01 -6.708556e-01  0.000000e+00
     vertex  1.104000e+01 -5.913963e-01  7.100000e-01
   endloop
 endfacet
 facet normal -3.826834e-01 -9.238795e-01  0.000000e+00
   outer loop
     vertex  1.091941e+01 -5.414461e-01  0.000000e+00
     vertex  1.104000e+01 -5.913963e-01  0.000000e+00
     vertex  1.104000e+01 -5.913963e-01  7.100000e-01
   endloop
 endfacet
 facet normal -1.305262e-01 -9.914449e-01  0.000000e+00
   outer loop
     vertex  1.091941e+01 -5.414461e-01  0.000000e+00
     vertex  1.091941e+01 -5.414461e-01  7.100000e-01
     vertex  1.079000e+01 -5.244090e-01  7.100000e-01
   endloop
 endfacet
 facet normal -3.826834e-01 -9.238795e-01  0.000000e+00
   outer loop
     vertex  1.091941e+01 -5.414461e-01  0.000000e+00
     vertex  1.104000e+01 -5.913963e-01  7.100000e-01
     vertex  1.091941e+01 -5.414461e-01  7.100000e-01
   endloop
 endfacet
 facet normal -1.305262e-01 -9.914449e-01  0.000000e+00
   outer loop
     vertex  1.079000e+01 -5.244090e-01  0.000000e+00
     vertex  1.091941e+01 -5.414461e-01  0.000000e+00
     vertex  1.079000e+01 -5.244090e-01  7.100000e-01
   endloop
 endfacet
 facet normal  1.305262e-01 -9.914449e-01  0.000000e+00
   outer loop
     vertex  1.066059e+01 -5.414461e-01  0.000000e+00
     vertex  1.079000e+01 -5.244090e-01  0.000000e+00
     vertex  1.079000e+01 -5.244090e-01  7.100000e-01
   endloop
 endfacet
 facet normal  1.305262e-01 -9.914449e-01  0.000000e+00
   outer loop
     vertex  1.066059e+01 -5.414461e-01  0.000000e+00
     vertex  1.079000e+01 -5.244090e-01  7.100000e-01
     vertex  1.066059e+01 -5.414461e-01  7.100000e-01
   endloop
 endfacet
 facet normal  3.826834e-01 -9.238795e-01  0.000000e+00
   outer loop
     vertex  1.054000e+01 -5.913963e-01  0.000000e+00
     vertex  1.066059e+01 -5.414461e-01  0.000000e+00
     vertex  1.066059e+01 -5.414461e-01  7.100000e-01
   endloop
 endfacet
 facet normal  3.826834e-01 -9.238795e-01  0.000000e+00
   outer loop
     vertex  1.054000e+01 -5.913963e-01  0.000000e+00
     vertex  1.066059e+01 -5.414461e-01  7.100000e-01
     vertex  1.054000e+01 -5.913963e-01  7.100000e-01
   endloop
 endfacet
 facet normal  6.087614e-01 -7.933533e-01  0.000000e+00
   outer loop
     vertex  1.043645e+01 -6.708556e-01  0.000000e+00
     vertex  1.054000e+01 -5.913963e-01  0.000000e+00
     vertex  1.054000e+01 -5.913963e-01  7.100000e-01
   endloop
 endfacet
 facet normal  6.087614e-01 -7.933533e-01  0.000000e+00
   outer loop
     vertex  1.043645e+01 -6.708556e-01  0.000000e+00
     vertex  1.054000e+01 -5.913963e-01  7.100000e-01
     vertex  1.043645e+01 -6.708556e-01  7.100000e-01
   endloop
 endfacet
 facet normal  7.933533e-01 -6.087614e-01  0.000000e+00
   outer loop
     vertex  1.035699e+01 -7.744090e-01  0.000000e+00
     vertex  1.043645e+01 -6.708556e-01  0.000000e+00
     vertex  1.043645e+01 -6.708556e-01  7.100000e-01
   endloop
 endfacet
 facet normal  7.933533e-01 -6.087614e-01  0.000000e+00
   outer loop
     vertex  1.035699e+01 -7.744090e-01  0.000000e+00
     vertex  1.043645e+01 -6.708556e-01  7.100000e-01
     vertex  1.035699e+01 -7.744090e-01  7.100000e-01
   endloop
 endfacet
 facet normal  9.238795e-01 -3.826834e-01  0.000000e+00
   outer loop
     vertex  1.030704e+01 -8.949995e-01  0.000000e+00
     vertex  1.035699e+01 -7.744090e-01  0.000000e+00
     vertex  1.035699e+01 -7.744090e-01  7.100000e-01
   endloop
 endfacet
 facet normal  9.238795e-01 -3.826834e-01  0.000000e+00
   outer loop
     vertex  1.030704e+01 -8.949995e-01  0.000000e+00
     vertex  1.035699e+01 -7.744090e-01  7.100000e-01
     vertex  1.030704e+01 -8.949995e-01  7.100000e-01
   endloop
 endfacet
 facet normal  9.914449e-01 -1.305262e-01  0.000000e+00
   outer loop
     vertex  1.029000e+01 -1.024409e+00  0.000000e+00
     vertex  1.030704e+01 -8.949995e-01  0.000000e+00
     vertex  1.030704e+01 -8.949995e-01  7.100000e-01
   endloop
 endfacet
 facet normal  9.914449e-01 -1.305262e-01  0.000000e+00
   outer loop
     vertex  1.029000e+01 -1.024409e+00  0.000000e+00
     vertex  1.030704e+01 -8.949995e-01  7.100000e-01
     vertex  1.029000e+01 -1.024409e+00  7.100000e-01
   endloop
 endfacet
 facet normal  9.238795e-01  3.826834e-01 -0.000000e+00
   outer loop
     vertex  1.030704e+01 -1.153819e+00  0.000000e+00
     vertex  1.030704e+01 -1.153819e+00  7.100000e-01
     vertex  1.035699e+01 -1.274409e+00  7.100000e-01
   endloop
 endfacet
 facet normal  9.914449e-01  1.305262e-01 -0.000000e+00
   outer loop
     vertex  1.030704e+01 -1.153819e+00  0.000000e+00
     vertex  1.029000e+01 -1.024409e+00  7.100000e-01
     vertex  1.030704e+01 -1.153819e+00  7.100000e-01
   endloop
 endfacet
 facet normal  9.914449e-01  1.305262e-01  0.000000e+00
   outer loop
     vertex  1.030704e+01 -1.153819e+00  0.000000e+00
     vertex  1.029000e+01 -1.024409e+00  0.000000e+00
     vertex  1.029000e+01 -1.024409e+00  7.100000e-01
   endloop
 endfacet
 facet normal  9.238795e-01  3.826834e-01 -0.000000e+00
   outer loop
     vertex  1.035699e+01 -1.274409e+00  0.000000e+00
     vertex  1.030704e+01 -1.153819e+00  0.000000e+00
     vertex  1.035699e+01 -1.274409e+00  7.100000e-01
   endloop
 endfacet
 facet normal  7.933533e-01  6.087614e-01 -0.000000e+00
   outer loop
     vertex  1.035699e+01 -1.274409e+00  0.000000e+00
     vertex  1.035699e+01 -1.274409e+00  7.100000e-01
     vertex  1.043645e+01 -1.377962e+00  7.100000e-01
   endloop
 endfacet
 facet normal  6.087614e-01  7.933533e-01 -0.000000e+00
   outer loop
     vertex  1.043645e+01 -1.377962e+00  0.000000e+00
     vertex  1.043645e+01 -1.377962e+00  7.100000e-01
     vertex  1.054000e+01 -1.457422e+00  7.100000e-01
   endloop
 endfacet
 facet normal  7.933533e-01  6.087614e-01 -0.000000e+00
   outer loop
     vertex  1.043645e+01 -1.377962e+00  0.000000e+00
     vertex  1.035699e+01 -1.274409e+00  0.000000e+00
     vertex  1.043645e+01 -1.377962e+00  7.100000e-01
   endloop
 endfacet
 facet normal  6.087614e-01  7.933533e-01 -0.000000e+00
   outer loop
     vertex  1.054000e+01 -1.457422e+00  0.000000e+00
     vertex  1.043645e+01 -1.377962e+00  0.000000e+00
     vertex  1.054000e+01 -1.457422e+00  7.100000e-01
   endloop
 endfacet
 facet normal  3.826834e-01  9.238795e-01 -0.000000e+00
   outer loop
     vertex  1.066059e+01 -1.507372e+00  0.000000e+00
     vertex  1.054000e+01 -1.457422e+00  7.100000e-01
     vertex  1.066059e+01 -1.507372e+00  7.100000e-01
   endloop
 endfacet
 facet normal  3.826834e-01  9.238795e-01  0.000000e+00
   outer loop
     vertex  1.066059e+01 -1.507372e+00  0.000000e+00
     vertex  1.054000e+01 -1.457422e+00  0.000000e+00
     vertex  1.054000e+01 -1.457422e+00  7.100000e-01
   endloop
 endfacet
 facet normal  1.305262e-01  9.914449e-01 -0.000000e+00
   outer loop
     vertex  1.079000e+01 -1.524409e+00  0.000000e+00
     vertex  1.066059e+01 -1.507372e+00  7.100000e-01
     vertex  1.079000e+01 -1.524409e+00  7.100000e-01
   endloop
 endfacet
 facet normal  1.305262e-01  9.914449e-01  0.000000e+00
   outer loop
     vertex  1.079000e+01 -1.524409e+00  0.000000e+00
     vertex  1.066059e+01 -1.507372e+00  0.000000e+00
     vertex  1.066059e+01 -1.507372e+00  7.100000e-01
   endloop
 endfacet
 facet normal -1.305262e-01  9.914449e-01  0.000000e+00
   outer loop
     vertex  9.649410e+00  6.923321e-01  0.000000e+00
     vertex  9.520000e+00  6.752950e-01  0.000000e+00
     vertex  9.520000e+00  6.752950e-01  7.100000e-01
   endloop
 endfacet
 facet normal -1.305262e-01  9.914449e-01  0.000000e+00
   outer loop
     vertex  9.649410e+00  6.923321e-01  0.000000e+00
     vertex  9.520000e+00  6.752950e-01  7.100000e-01
     vertex  9.649410e+00  6.923321e-01  7.100000e-01
   endloop
 endfacet
 facet normal -3.826834e-01  9.238795e-01  0.000000e+00
   outer loop
     vertex  9.770000e+00  7.422823e-01  0.000000e+00
     vertex  9.649410e+00  6.923321e-01  7.100000e-01
     vertex  9.770000e+00  7.422823e-01  7.100000e-01
   endloop
 endfacet
 facet normal -3.826834e-01  9.238795e-01  0.000000e+00
   outer loop
     vertex  9.770000e+00  7.422823e-01  0.000000e+00
     vertex  9.649410e+00  6.923321e-01  0.000000e+00
     vertex  9.649410e+00  6.923321e-01  7.100000e-01
   endloop
 endfacet
 facet normal -6.087614e-01  7.933533e-01  0.000000e+00
   outer loop
     vertex  9.873553e+00  8.217416e-01  0.000000e+00
     vertex  9.770000e+00  7.422823e-01  7.100000e-01
     vertex  9.873553e+00  8.217416e-01  7.100000e-01
   endloop
 endfacet
 facet normal -6.087614e-01  7.933533e-01  0.000000e+00
   outer loop
     vertex  9.873553e+00  8.217416e-01  0.000000e+00
     vertex  9.770000e+00  7.422823e-01  0.000000e+00
     vertex  9.770000e+00  7.422823e-01  7.100000e-01
   endloop
 endfacet
 facet normal -7.933533e-01  6.087614e-01  0.000000e+00
   outer loop
     vertex  9.953013e+00  9.252950e-01  0.000000e+00
     vertex  9.873553e+00  8.217416e-01  7.100000e-01
     vertex  9.953013e+00  9.252950e-01  7.100000e-01
   endloop
 endfacet
 facet normal -7.933533e-01  6.087614e-01  0.000000e+00
   outer loop
     vertex  9.953013e+00  9.252950e-01  0.000000e+00
     vertex  9.873553e+00  8.217416e-01  0.000000e+00
     vertex  9.873553e+00  8.217416e-01  7.100000e-01
   endloop
 endfacet
 facet normal -9.238795e-01  3.826834e-01  0.000000e+00
   outer loop
     vertex  1.000296e+01  1.045885e+00  0.000000e+00
     vertex  9.953013e+00  9.252950e-01  7.100000e-01
     vertex  1.000296e+01  1.045885e+00  7.100000e-01
   endloop
 endfacet
 facet normal -9.238795e-01  3.826834e-01  0.000000e+00
   outer loop
     vertex  1.000296e+01  1.045885e+00  0.000000e+00
     vertex  9.953013e+00  9.252950e-01  0.000000e+00
     vertex  9.953013e+00  9.252950e-01  7.100000e-01
   endloop
 endfacet
 facet normal -9.914449e-01  1.305262e-01  0.000000e+00
   outer loop
     vertex  1.002000e+01  1.175295e+00  0.000000e+00
     vertex  1.000296e+01  1.045885e+00  7.100000e-01
     vertex  1.002000e+01  1.175295e+00  7.100000e-01
   endloop
 endfacet
 facet normal -9.914449e-01  1.305262e-01  0.000000e+00
   outer loop
     vertex  1.002000e+01  1.175295e+00  0.000000e+00
     vertex  1.000296e+01  1.045885e+00  0.000000e+00
     vertex  1.000296e+01  1.045885e+00  7.100000e-01
   endloop
 endfacet
 facet normal -9.914449e-01 -1.305262e-01  0.000000e+00
   outer loop
     vertex  1.000296e+01  1.304705e+00  0.000000e+00
     vertex  1.002000e+01  1.175295e+00  7.100000e-01
     vertex  1.000296e+01  1.304705e+00  7.100000e-01
   endloop
 endfacet
 facet normal -9.914449e-01 -1.305262e-01  0.000000e+00
   outer loop
     vertex  1.000296e+01  1.304705e+00  0.000000e+00
     vertex  1.002000e+01  1.175295e+00  0.000000e+00
     vertex  1.002000e+01  1.175295e+00  7.100000e-01
   endloop
 endfacet
 facet normal -7.933533e-01 -6.087614e-01  0.000000e+00
   outer loop
     vertex  9.953013e+00  1.425295e+00  0.000000e+00
     vertex  9.953013e+00  1.425295e+00  7.100000e-01
     vertex  9.873553e+00  1.528848e+00  7.100000e-01
   endloop
 endfacet
 facet normal -9.238795e-01 -3.826834e-01  0.000000e+00
   outer loop
     vertex  9.953013e+00  1.425295e+00  0.000000e+00
     vertex  1.000296e+01  1.304705e+00  7.100000e-01
     vertex  9.953013e+00  1.425295e+00  7.100000e-01
   endloop
 endfacet
 facet normal -9.238795e-01 -3.826834e-01  0.000000e+00
   outer loop
     vertex  9.953013e+00  1.425295e+00  0.000000e+00
     vertex  1.000296e+01  1.304705e+00  0.000000e+00
     vertex  1.000296e+01  1.304705e+00  7.100000e-01
   endloop
 endfacet
 facet normal -6.087614e-01 -7.933533e-01  0.000000e+00
   outer loop
     vertex  9.873553e+00  1.528848e+00  0.000000e+00
     vertex  9.873553e+00  1.528848e+00  7.100000e-01
     vertex  9.770000e+00  1.608308e+00  7.100000e-01
   endloop
 endfacet
 facet normal -7.933533e-01 -6.087614e-01  0.000000e+00
   outer loop
     vertex  9.873553e+00  1.528848e+00  0.000000e+00
     vertex  9.953013e+00  1.425295e+00  0.000000e+00
     vertex  9.873553e+00  1.528848e+00  7.100000e-01
   endloop
 endfacet
 facet normal -6.087614e-01 -7.933533e-01  0.000000e+00
   outer loop
     vertex  9.770000e+00  1.608308e+00  0.000000e+00
     vertex  9.873553e+00  1.528848e+00  0.000000e+00
     vertex  9.770000e+00  1.608308e+00  7.100000e-01
   endloop
 endfacet
 facet normal -3.826834e-01 -9.238795e-01  0.000000e+00
   outer loop
     vertex  9.649410e+00  1.658258e+00  0.000000e+00
     vertex  9.770000e+00  1.608308e+00  0.000000e+00
     vertex  9.770000e+00  1.608308e+00  7.100000e-01
   endloop
 endfacet
 facet normal -1.305262e-01 -9.914449e-01  0.000000e+00
   outer loop
     vertex  9.649410e+00  1.658258e+00  0.000000e+00
     vertex  9.649410e+00  1.658258e+00  7.100000e-01
     vertex  9.520000e+00  1.675295e+00  7.100000e-01
   endloop
 endfacet
 facet normal -3.826834e-01 -9.238795e-01  0.000000e+00
   outer loop
     vertex  9.649410e+00  1.658258e+00  0.000000e+00
     vertex  9.770000e+00  1.608308e+00  7.100000e-01
     vertex  9.649410e+00  1.658258e+00  7.100000e-01
   endloop
 endfacet
 facet normal -1.305262e-01 -9.914449e-01  0.000000e+00
   outer loop
     vertex  9.520000e+00  1.675295e+00  0.000000e+00
     vertex  9.649410e+00  1.658258e+00  0.000000e+00
     vertex  9.520000e+00  1.675295e+00  7.100000e-01
   endloop
 endfacet
 facet normal  1.305262e-01 -9.914449e-01  0.000000e+00
   outer loop
     vertex  9.390590e+00  1.658258e+00  0.000000e+00
     vertex  9.520000e+00  1.675295e+00  0.000000e+00
     vertex  9.520000e+00  1.675295e+00  7.100000e-01
   endloop
 endfacet
 facet normal  1.305262e-01 -9.914449e-01  0.000000e+00
   outer loop
     vertex  9.390590e+00  1.658258e+00  0.000000e+00
     vertex  9.520000e+00  1.675295e+00  7.100000e-01
     vertex  9.390590e+00  1.658258e+00  7.100000e-01
   endloop
 endfacet
 facet normal  3.826834e-01 -9.238795e-01  0.000000e+00
   outer loop
     vertex  9.270000e+00  1.608308e+00  0.000000e+00
     vertex  9.390590e+00  1.658258e+00  0.000000e+00
     vertex  9.390590e+00  1.658258e+00  7.100000e-01
   endloop
 endfacet
 facet normal  3.826834e-01 -9.238795e-01  0.000000e+00
   outer loop
     vertex  9.270000e+00  1.608308e+00  0.000000e+00
     vertex  9.390590e+00  1.658258e+00  7.100000e-01
     vertex  9.270000e+00  1.608308e+00  7.100000e-01
   endloop
 endfacet
 facet normal  6.087614e-01 -7.933533e-01  0.000000e+00
   outer loop
     vertex  9.166447e+00  1.528848e+00  0.000000e+00
     vertex  9.270000e+00  1.608308e+00  0.000000e+00
     vertex  9.270000e+00  1.608308e+00  7.100000e-01
   endloop
 endfacet
 facet normal  6.087614e-01 -7.933533e-01  0.000000e+00
   outer loop
     vertex  9.166447e+00  1.528848e+00  0.000000e+00
     vertex  9.270000e+00  1.608308e+00  7.100000e-01
     vertex  9.166447e+00  1.528848e+00  7.100000e-01
   endloop
 endfacet
 facet normal  7.933533e-01 -6.087614e-01  0.000000e+00
   outer loop
     vertex  9.086987e+00  1.425295e+00  0.000000e+00
     vertex  9.166447e+00  1.528848e+00  0.000000e+00
     vertex  9.166447e+00  1.528848e+00  7.100000e-01
   endloop
 endfacet
 facet normal  7.933533e-01 -6.087614e-01  0.000000e+00
   outer loop
     vertex  9.086987e+00  1.425295e+00  0.000000e+00
     vertex  9.166447e+00  1.528848e+00  7.100000e-01
     vertex  9.086987e+00  1.425295e+00  7.100000e-01
   endloop
 endfacet
 facet normal  9.238795e-01 -3.826834e-01  0.000000e+00
   outer loop
     vertex  9.037037e+00  1.304705e+00  0.000000e+00
     vertex  9.086987e+00  1.425295e+00  0.000000e+00
     vertex  9.086987e+00  1.425295e+00  7.100000e-01
   endloop
 endfacet
 facet normal  9.238795e-01 -3.826834e-01  0.000000e+00
   outer loop
     vertex  9.037037e+00  1.304705e+00  0.000000e+00
     vertex  9.086987e+00  1.425295e+00  7.100000e-01
     vertex  9.037037e+00  1.304705e+00  7.100000e-01
   endloop
 endfacet
 facet normal  9.914449e-01 -1.305262e-01  0.000000e+00
   outer loop
     vertex  9.020000e+00  1.175295e+00  0.000000e+00
     vertex  9.037037e+00  1.304705e+00  0.000000e+00
     vertex  9.037037e+00  1.304705e+00  7.100000e-01
   endloop
 endfacet
 facet normal  9.914449e-01 -1.305262e-01  0.000000e+00
   outer loop
     vertex  9.020000e+00  1.175295e+00  0.000000e+00
     vertex  9.037037e+00  1.304705e+00  7.100000e-01
     vertex  9.020000e+00  1.175295e+00  7.100000e-01
   endloop
 endfacet
 facet normal  9.238795e-01  3.826834e-01 -0.000000e+00
   outer loop
     vertex  9.037037e+00  1.045885e+00  0.000000e+00
     vertex  9.037037e+00  1.045885e+00  7.100000e-01
     vertex  9.086987e+00  9.252950e-01  7.100000e-01
   endloop
 endfacet
 facet normal  9.914449e-01  1.305262e-01 -0.000000e+00
   outer loop
     vertex  9.037037e+00  1.045885e+00  0.000000e+00
     vertex  9.020000e+00  1.175295e+00  7.100000e-01
     vertex  9.037037e+00  1.045885e+00  7.100000e-01
   endloop
 endfacet
 facet normal  9.914449e-01  1.305262e-01  0.000000e+00
   outer loop
     vertex  9.037037e+00  1.045885e+00  0.000000e+00
     vertex  9.020000e+00  1.175295e+00  0.000000e+00
     vertex  9.020000e+00  1.175295e+00  7.100000e-01
   endloop
 endfacet
 facet normal  9.238795e-01  3.826834e-01 -0.000000e+00
   outer loop
     vertex  9.086987e+00  9.252950e-01  0.000000e+00
     vertex  9.037037e+00  1.045885e+00  0.000000e+00
     vertex  9.086987e+00  9.252950e-01  7.100000e-01
   endloop
 endfacet
 facet normal  7.933533e-01  6.087614e-01 -0.000000e+00
   outer loop
     vertex  9.086987e+00  9.252950e-01  0.000000e+00
     vertex  9.086987e+00  9.252950e-01  7.100000e-01
     vertex  9.166447e+00  8.217416e-01  7.100000e-01
   endloop
 endfacet
 facet normal  6.087614e-01  7.933533e-01 -0.000000e+00
   outer loop
     vertex  9.166447e+00  8.217416e-01  0.000000e+00
     vertex  9.166447e+00  8.217416e-01  7.100000e-01
     vertex  9.270000e+00  7.422823e-01  7.100000e-01
   endloop
 endfacet
 facet normal  7.933533e-01  6.087614e-01 -0.000000e+00
   outer loop
     vertex  9.166447e+00  8.217416e-01  0.000000e+00
     vertex  9.086987e+00  9.252950e-01  0.000000e+00
     vertex  9.166447e+00  8.217416e-01  7.100000e-01
   endloop
 endfacet
 facet normal  6.087614e-01  7.933533e-01 -0.000000e+00
   outer loop
     vertex  9.270000e+00  7.422823e-01  0.000000e+00
     vertex  9.166447e+00  8.217416e-01  0.000000e+00
     vertex  9.270000e+00  7.422823e-01  7.100000e-01
   endloop
 endfacet
 facet normal  3.826834e-01  9.238795e-01 -0.000000e+00
   outer loop
     vertex  9.390590e+00  6.923321e-01  0.000000e+00
     vertex  9.270000e+00  7.422823e-01  7.100000e-01
     vertex  9.390590e+00  6.923321e-01  7.100000e-01
   endloop
 endfacet
 facet normal  3.826834e-01  9.238795e-01  0.000000e+00
   outer loop
     vertex  9.390590e+00  6.923321e-01  0.000000e+00
     vertex  9.270000e+00  7.422823e-01  0.000000e+00
     vertex  9.270000e+00  7.422823e-01  7.100000e-01
   endloop
 endfacet
 facet normal  1.305262e-01  9.914449e-01 -0.000000e+00
   outer loop
     vertex  9.520000e+00  6.752950e-01  0.000000e+00
     vertex  9.390590e+00  6.923321e-01  7.100000e-01
     vertex  9.520000e+00  6.752950e-01  7.100000e-01
   endloop
 endfacet
 facet normal  1.305262e-01  9.914449e-01  0.000000e+00
   outer loop
     vertex  9.520000e+00  6.752950e-01  0.000000e+00
     vertex  9.390590e+00  6.923321e-01  0.000000e+00
     vertex  9.390590e+00  6.923321e-01  7.100000e-01
   endloop
 endfacet
 facet normal -1.305262e-01  9.914449e-01  0.000000e+00
   outer loop
     vertex  8.379410e+00  2.892037e+00  0.000000e+00
     vertex  8.250000e+00  2.875000e+00  0.000000e+00
     vertex  8.250000e+00  2.875000e+00  7.100000e-01
   endloop
 endfacet
 facet normal -1.305262e-01  9.914449e-01  0.000000e+00
   outer loop
     vertex  8.379410e+00  2.892037e+00  0.000000e+00
     vertex  8.250000e+00  2.875000e+00  7.100000e-01
     vertex  8.379410e+00  2.892037e+00  7.100000e-01
   endloop
 endfacet
 facet normal -3.826834e-01  9.238795e-01  0.000000e+00
   outer loop
     vertex  8.500000e+00  2.941987e+00  0.000000e+00
     vertex  8.379410e+00  2.892037e+00  7.100000e-01
     vertex  8.500000e+00  2.941987e+00  7.100000e-01
   endloop
 endfacet
 facet normal -3.826834e-01  9.238795e-01  0.000000e+00
   outer loop
     vertex  8.500000e+00  2.941987e+00  0.000000e+00
     vertex  8.379410e+00  2.892037e+00  0.000000e+00
     vertex  8.379410e+00  2.892037e+00  7.100000e-01
   endloop
 endfacet
 facet normal -6.087614e-01  7.933533e-01  0.000000e+00
   outer loop
     vertex  8.603553e+00  3.021447e+00  0.000000e+00
     vertex  8.500000e+00  2.941987e+00  7.100000e-01
     vertex  8.603553e+00  3.021447e+00  7.100000e-01
   endloop
 endfacet
 facet normal -6.087614e-01  7.933533e-01  0.000000e+00
   outer loop
     vertex  8.603553e+00  3.021447e+00  0.000000e+00
     vertex  8.500000e+00  2.941987e+00  0.000000e+00
     vertex  8.500000e+00  2.941987e+00  7.100000e-01
   endloop
 endfacet
 facet normal -7.933533e-01  6.087614e-01  0.000000e+00
   outer loop
     vertex  8.683013e+00  3.125000e+00  0.000000e+00
     vertex  8.603553e+00  3.021447e+00  7.100000e-01
     vertex  8.683013e+00  3.125000e+00  7.100000e-01
   endloop
 endfacet
 facet normal -7.933533e-01  6.087614e-01  0.000000e+00
   outer loop
     vertex  8.683013e+00  3.125000e+00  0.000000e+00
     vertex  8.603553e+00  3.021447e+00  0.000000e+00
     vertex  8.603553e+00  3.021447e+00  7.100000e-01
   endloop
 endfacet
 facet normal -9.238795e-01  3.826834e-01  0.000000e+00
   outer loop
     vertex  8.732963e+00  3.245590e+00  0.000000e+00
     vertex  8.683013e+00  3.125000e+00  7.100000e-01
     vertex  8.732963e+00  3.245590e+00  7.100000e-01
   endloop
 endfacet
 facet normal -9.238795e-01  3.826834e-01  0.000000e+00
   outer loop
     vertex  8.732963e+00  3.245590e+00  0.000000e+00
     vertex  8.683013e+00  3.125000e+00  0.000000e+00
     vertex  8.683013e+00  3.125000e+00  7.100000e-01
   endloop
 endfacet
 facet normal -9.914449e-01  1.305262e-01  0.000000e+00
   outer loop
     vertex  8.750000e+00  3.375000e+00  0.000000e+00
     vertex  8.732963e+00  3.245590e+00  7.100000e-01
     vertex  8.750000e+00  3.375000e+00  7.100000e-01
   endloop
 endfacet
 facet normal -9.914449e-01  1.305262e-01  0.000000e+00
   outer loop
     vertex  8.750000e+00  3.375000e+00  0.000000e+00
     vertex  8.732963e+00  3.245590e+00  0.000000e+00
     vertex  8.732963e+00  3.245590e+00  7.100000e-01
   endloop
 endfacet
 facet normal -9.914449e-01 -1.305262e-01  0.000000e+00
   outer loop
     vertex  8.732963e+00  3.504410e+00  0.000000e+00
     vertex  8.750000e+00  3.375000e+00  7.100000e-01
     vertex  8.732963e+00  3.504410e+00  7.100000e-01
   endloop
 endfacet
 facet normal -9.914449e-01 -1.305262e-01  0.000000e+00
   outer loop
     vertex  8.732963e+00  3.504410e+00  0.000000e+00
     vertex  8.750000e+00  3.375000e+00  0.000000e+00
     vertex  8.750000e+00  3.375000e+00  7.100000e-01
   endloop
 endfacet
 facet normal -7.933533e-01 -6.087614e-01  0.000000e+00
   outer loop
     vertex  8.683013e+00  3.625000e+00  0.000000e+00
     vertex  8.683013e+00  3.625000e+00  7.100000e-01
     vertex  8.603553e+00  3.728553e+00  7.100000e-01
   endloop
 endfacet
 facet normal -9.238795e-01 -3.826834e-01  0.000000e+00
   outer loop
     vertex  8.683013e+00  3.625000e+00  0.000000e+00
     vertex  8.732963e+00  3.504410e+00  7.100000e-01
     vertex  8.683013e+00  3.625000e+00  7.100000e-01
   endloop
 endfacet
 facet normal -9.238795e-01 -3.826834e-01  0.000000e+00
   outer loop
     vertex  8.683013e+00  3.625000e+00  0.000000e+00
     vertex  8.732963e+00  3.504410e+00  0.000000e+00
     vertex  8.732963e+00  3.504410e+00  7.100000e-01
   endloop
 endfacet
 facet normal -6.087614e-01 -7.933533e-01  0.000000e+00
   outer loop
     vertex  8.603553e+00  3.728553e+00  0.000000e+00
     vertex  8.603553e+00  3.728553e+00  7.100000e-01
     vertex  8.500000e+00  3.808013e+00  7.100000e-01
   endloop
 endfacet
 facet normal -7.933533e-01 -6.087614e-01  0.000000e+00
   outer loop
     vertex  8.603553e+00  3.728553e+00  0.000000e+00
     vertex  8.683013e+00  3.625000e+00  0.000000e+00
     vertex  8.603553e+00  3.728553e+00  7.100000e-01
   endloop
 endfacet
 facet normal -6.087614e-01 -7.933533e-01  0.000000e+00
   outer loop
     vertex  8.500000e+00  3.808013e+00  0.000000e+00
     vertex  8.603553e+00  3.728553e+00  0.000000e+00
     vertex  8.500000e+00  3.808013e+00  7.100000e-01
   endloop
 endfacet
 facet normal -3.826834e-01 -9.238795e-01  0.000000e+00
   outer loop
     vertex  8.379410e+00  3.857963e+00  0.000000e+00
     vertex  8.500000e+00  3.808013e+00  0.000000e+00
     vertex  8.500000e+00  3.808013e+00  7.100000e-01
   endloop
 endfacet
 facet normal -1.305262e-01 -9.914449e-01  0.000000e+00
   outer loop
     vertex  8.379410e+00  3.857963e+00  0.000000e+00
     vertex  8.379410e+00  3.857963e+00  7.100000e-01
     vertex  8.250000e+00  3.875000e+00  7.100000e-01
   endloop
 endfacet
 facet normal -3.826834e-01 -9.238795e-01  0.000000e+00
   outer loop
     vertex  8.379410e+00  3.857963e+00  0.000000e+00
     vertex  8.500000e+00  3.808013e+00  7.100000e-01
     vertex  8.379410e+00  3.857963e+00  7.100000e-01
   endloop
 endfacet
 facet normal -1.305262e-01 -9.914449e-01  0.000000e+00
   outer loop
     vertex  8.250000e+00  3.875000e+00  0.000000e+00
     vertex  8.379410e+00  3.857963e+00  0.000000e+00
     vertex  8.250000e+00  3.875000e+00  7.100000e-01
   endloop
 endfacet
 facet normal  1.305262e-01 -9.914449e-01  0.000000e+00
   outer loop
     vertex  8.120590e+00  3.857963e+00  0.000000e+00
     vertex  8.250000e+00  3.875000e+00  0.000000e+00
     vertex  8.250000e+00  3.875000e+00  7.100000e-01
   endloop
 endfacet
 facet normal  1.305262e-01 -9.914449e-01  0.000000e+00
   outer loop
     vertex  8.120590e+00  3.857963e+00  0.000000e+00
     vertex  8.250000e+00  3.875000e+00  7.100000e-01
     vertex  8.120590e+00  3.857963e+00  7.100000e-01
   endloop
 endfacet
 facet normal  3.826834e-01 -9.238795e-01  0.000000e+00
   outer loop
     vertex  8.000000e+00  3.808013e+00  0.000000e+00
     vertex  8.120590e+00  3.857963e+00  0.000000e+00
     vertex  8.120590e+00  3.857963e+00  7.100000e-01
   endloop
 endfacet
 facet normal  3.826834e-01 -9.238795e-01  0.000000e+00
   outer loop
     vertex  8.000000e+00  3.808013e+00  0.000000e+00
     vertex  8.120590e+00  3.857963e+00  7.100000e-01
     vertex  8.000000e+00  3.808013e+00  7.100000e-01
   endloop
 endfacet
 facet normal  6.087614e-01 -7.933533e-01  0.000000e+00
   outer loop
     vertex  7.896447e+00  3.728553e+00  0.000000e+00
     vertex  8.000000e+00  3.808013e+00  0.000000e+00
     vertex  8.000000e+00  3.808013e+00  7.100000e-01
   endloop
 endfacet
 facet normal  6.087614e-01 -7.933533e-01  0.000000e+00
   outer loop
     vertex  7.896447e+00  3.728553e+00  0.000000e+00
     vertex  8.000000e+00  3.808013e+00  7.100000e-01
     vertex  7.896447e+00  3.728553e+00  7.100000e-01
   endloop
 endfacet
 facet normal  7.933533e-01 -6.087614e-01  0.000000e+00
   outer loop
     vertex  7.816987e+00  3.625000e+00  0.000000e+00
     vertex  7.896447e+00  3.728553e+00  0.000000e+00
     vertex  7.896447e+00  3.728553e+00  7.100000e-01
   endloop
 endfacet
 facet normal  7.933533e-01 -6.087614e-01  0.000000e+00
   outer loop
     vertex  7.816987e+00  3.625000e+00  0.000000e+00
     vertex  7.896447e+00  3.728553e+00  7.100000e-01
     vertex  7.816987e+00  3.625000e+00  7.100000e-01
   endloop
 endfacet
 facet normal  9.238795e-01 -3.826834e-01  0.000000e+00
   outer loop
     vertex  7.767037e+00  3.504410e+00  0.000000e+00
     vertex  7.816987e+00  3.625000e+00  0.000000e+00
     vertex  7.816987e+00  3.625000e+00  7.100000e-01
   endloop
 endfacet
 facet normal  9.238795e-01 -3.826834e-01  0.000000e+00
   outer loop
     vertex  7.767037e+00  3.504410e+00  0.000000e+00
     vertex  7.816987e+00  3.625000e+00  7.100000e-01
     vertex  7.767037e+00  3.504410e+00  7.100000e-01
   endloop
 endfacet
 facet normal  9.914449e-01 -1.305262e-01  0.000000e+00
   outer loop
     vertex  7.750000e+00  3.375000e+00  0.000000e+00
     vertex  7.767037e+00  3.504410e+00  0.000000e+00
     vertex  7.767037e+00  3.504410e+00  7.100000e-01
   endloop
 endfacet
 facet normal  9.914449e-01 -1.305262e-01  0.000000e+00
   outer loop
     vertex  7.750000e+00  3.375000e+00  0.000000e+00
     vertex  7.767037e+00  3.504410e+00  7.100000e-01
     vertex  7.750000e+00  3.375000e+00  7.100000e-01
   endloop
 endfacet
 facet normal  9.238795e-01  3.826834e-01 -0.000000e+00
   outer loop
     vertex  7.767037e+00  3.245590e+00  0.000000e+00
     vertex  7.767037e+00  3.245590e+00  7.100000e-01
     vertex  7.816987e+00  3.125000e+00  7.100000e-01
   endloop
 endfacet
 facet normal  9.914449e-01  1.305262e-01 -0.000000e+00
   outer loop
     vertex  7.767037e+00  3.245590e+00  0.000000e+00
     vertex  7.750000e+00  3.375000e+00  7.100000e-01
     vertex  7.767037e+00  3.245590e+00  7.100000e-01
   endloop
 endfacet
 facet normal  9.914449e-01  1.305262e-01  0.000000e+00
   outer loop
     vertex  7.767037e+00  3.245590e+00  0.000000e+00
     vertex  7.750000e+00  3.375000e+00  0.000000e+00
     vertex  7.750000e+00  3.375000e+00  7.100000e-01
   endloop
 endfacet
 facet normal  9.238795e-01  3.826834e-01 -0.000000e+00
   outer loop
     vertex  7.816987e+00  3.125000e+00  0.000000e+00
     vertex  7.767037e+00  3.245590e+00  0.000000e+00
     vertex  7.816987e+00  3.125000e+00  7.100000e-01
   endloop
 endfacet
 facet normal  7.933533e-01  6.087614e-01 -0.000000e+00
   outer loop
     vertex  7.816987e+00  3.125000e+00  0.000000e+00
     vertex  7.816987e+00  3.125000e+00  7.100000e-01
     vertex  7.896447e+00  3.021447e+00  7.100000e-01
   endloop
 endfacet
 facet normal  6.087614e-01  7.933533e-01 -0.000000e+00
   outer loop
     vertex  7.896447e+00  3.021447e+00  0.000000e+00
     vertex  7.896447e+00  3.021447e+00  7.100000e-01
     vertex  8.000000e+00  2.941987e+00  7.100000e-01
   endloop
 endfacet
 facet normal  7.933533e-01  6.087614e-01 -0.000000e+00
   outer loop
     vertex  7.896447e+00  3.021447e+00  0.000000e+00
     vertex  7.816987e+00  3.125000e+00  0.000000e+00
     vertex  7.896447e+00  3.021447e+00  7.100000e-01
   endloop
 endfacet
 facet normal  6.087614e-01  7.933533e-01 -0.000000e+00
   outer loop
     vertex  8.000000e+00  2.941987e+00  0.000000e+00
     vertex  7.896447e+00  3.021447e+00  0.000000e+00
     vertex  8.000000e+00  2.941987e+00  7.100000e-01
   endloop
 endfacet
 facet normal  3.826834e-01  9.238795e-01 -0.000000e+00
   outer loop
     vertex  8.120590e+00  2.892037e+00  0.000000e+00
     vertex  8.000000e+00  2.941987e+00  7.100000e-01
     vertex  8.120590e+00  2.892037e+00  7.100000e-01
   endloop
 endfacet
 facet normal  3.826834e-01  9.238795e-01  0.000000e+00
   outer loop
     vertex  8.120590e+00  2.892037e+00  0.000000e+00
     vertex  8.000000e+00  2.941987e+00  0.000000e+00
     vertex  8.000000e+00  2.941987e+00  7.100000e-01
   endloop
 endfacet
 facet normal  1.305262e-01  9.914449e-01 -0.000000e+00
   outer loop
     vertex  8.250000e+00  2.875000e+00  0.000000e+00
     vertex  8.120590e+00  2.892037e+00  7.100000e-01
     vertex  8.250000e+00  2.875000e+00  7.100000e-01
   endloop
 endfacet
 facet normal  1.305262e-01  9.914449e-01  0.000000e+00
   outer loop
     vertex  8.250000e+00  2.875000e+00  0.000000e+00
     vertex  8.120590e+00  2.892037e+00  0.000000e+00
     vertex  8.120590e+00  2.892037e+00  7.100000e-01
   endloop
 endfacet
endsolid
