solid 
 facet normal  0.000000e+00 -1.000000e+00  0.000000e+00
   outer loop
     vertex -2.500000e+01 -2.162500e+01  0.000000e+00
     vertex  2.500000e+01 -2.162500e+01  0.000000e+00
     vertex  2.500000e+01 -2.162500e+01  7.100000e-01
   endloop
 endfacet
 facet normal  0.000000e+00 -1.000000e+00  0.000000e+00
   outer loop
     vertex -2.500000e+01 -2.162500e+01  0.000000e+00
     vertex  2.500000e+01 -2.162500e+01  7.100000e-01
     vertex -2.500000e+01 -2.162500e+01  7.100000e-01
   endloop
 endfacet
 facet normal  8.657687e-01  5.004443e-01  0.000000e+00
   outer loop
     vertex  2.500000e+01 -2.162500e+01  0.000000e+00
     vertex  0.000000e+00  2.162500e+01  0.000000e+00
     vertex  0.000000e+00  2.162500e+01  7.100000e-01
   endloop
 endfacet
 facet normal  8.657687e-01  5.004443e-01 -0.000000e+00
   outer loop
     vertex  2.500000e+01 -2.162500e+01  0.000000e+00
     vertex  0.000000e+00  2.162500e+01  7.100000e-01
     vertex  2.500000e+01 -2.162500e+01  7.100000e-01
   endloop
 endfacet
 facet normal -8.657687e-01  5.004443e-01  0.000000e+00
   outer loop
     vertex  0.000000e+00  2.162500e+01  0.000000e+00
     vertex -2.500000e+01 -2.162500e+01  0.000000e+00
     vertex -2.500000e+01 -2.162500e+01  7.100000e-01
   endloop
 endfacet
 facet normal -8.657687e-01  5.004443e-01  0.000000e+00
   outer loop
     vertex  0.000000e+00  2.162500e+01  0.000000e+00
     vertex -2.500000e+01 -2.162500e+01  7.100000e-01
     vertex  0.000000e+00  2.162500e+01  7.100000e-01
   endloop
 endfacet
 facet normal  0.000000e+00 -0.000000e+00 -1.000000e+00
   outer loop
     vertex -1.304102e+01 -1.478310e+01  0.000000e+00
     vertex -1.264622e+01 -1.546368e+01  0.000000e+00
     vertex -2.500000e+01 -2.162500e+01  0.000000e+00
   endloop
 endfacet
 facet normal  0.000000e+00 -0.000000e+00 -1.000000e+00
   outer loop
     vertex -1.308392e+01 -1.470920e+01  0.000000e+00
     vertex -1.304102e+01 -1.478310e+01  0.000000e+00
     vertex -2.500000e+01 -2.162500e+01  0.000000e+00
   endloop
 endfacet
 facet normal  0.000000e+00 -0.000000e+00 -1.000000e+00
   outer loop
     vertex -1.426937e+01 -1.265506e+01  0.000000e+00
     vertex -1.308392e+01 -1.470920e+01  0.000000e+00
     vertex -2.500000e+01 -2.162500e+01  0.000000e+00
   endloop
 endfacet
 facet normal  0.000000e+00 -0.000000e+00 -1.000000e+00
   outer loop
     vertex -1.426937e+01 -1.178586e+01  0.000000e+00
     vertex -1.426937e+01 -1.265506e+01  0.000000e+00
     vertex -2.500000e+01 -2.162500e+01  0.000000e+00
   endloop
 endfacet
 facet normal -0.000000e+00  0.000000e+00 -1.000000e+00
   outer loop
     vertex -5.593013e+00 -1.987500e+01  0.000000e+00
     vertex -2.500000e+01 -2.162500e+01  0.000000e+00
     vertex -1.264622e+01 -1.546368e+01  0.000000e+00
   endloop
 endfacet
 facet normal  0.000000e+00 -0.000000e+00 -1.000000e+00
   outer loop
     vertex -5.593013e+00 -1.987500e+01  0.000000e+00
     vertex -5.513553e+00 -1.997855e+01  0.000000e+00
     vertex -2.500000e+01 -2.162500e+01  0.000000e+00
   endloop
 endfacet
 facet normal -0.000000e+00  0.000000e+00 -1.000000e+00
   outer loop
     vertex -5.410000e+00 -2.005801e+01  0.000000e+00
     vertex -2.500000e+01 -2.162500e+01  0.000000e+00
     vertex -5.513553e+00 -1.997855e+01  0.000000e+00
   endloop
 endfacet
 facet normal -0.000000e+00 -0.000000e+00 -1.000000e+00
   outer loop
     vertex -5.642963e+00 -1.975441e+01  0.000000e+00
     vertex -5.593013e+00 -1.987500e+01  0.000000e+00
     vertex -1.264622e+01 -1.546368e+01  0.000000e+00
   endloop
 endfacet
 facet normal  0.000000e+00  0.000000e+00 -1.000000e+00
   outer loop
     vertex -5.642963e+00 -1.975441e+01  0.000000e+00
     vertex -1.264622e+01 -1.546368e+01  0.000000e+00
     vertex -1.018539e+01 -1.548228e+01  0.000000e+00
   endloop
 endfacet
 facet normal -0.000000e+00  0.000000e+00 -1.000000e+00
   outer loop
     vertex -5.289410e+00 -2.010796e+01  0.000000e+00
     vertex -2.500000e+01 -2.162500e+01  0.000000e+00
     vertex -5.410000e+00 -2.005801e+01  0.000000e+00
   endloop
 endfacet
 facet normal -0.000000e+00  0.000000e+00 -1.000000e+00
   outer loop
     vertex -5.160000e+00 -2.012500e+01  0.000000e+00
     vertex -2.500000e+01 -2.162500e+01  0.000000e+00
     vertex -5.289410e+00 -2.010796e+01  0.000000e+00
   endloop
 endfacet
 facet normal -0.000000e+00 -0.000000e+00 -1.000000e+00
   outer loop
     vertex -5.660000e+00 -1.962500e+01  0.000000e+00
     vertex -5.642963e+00 -1.975441e+01  0.000000e+00
     vertex -1.018539e+01 -1.548228e+01  0.000000e+00
   endloop
 endfacet
 facet normal -0.000000e+00  0.000000e+00 -1.000000e+00
   outer loop
     vertex -5.642963e+00 -1.949559e+01  0.000000e+00
     vertex -5.660000e+00 -1.962500e+01  0.000000e+00
     vertex -1.018539e+01 -1.548228e+01  0.000000e+00
   endloop
 endfacet
 facet normal -0.000000e+00  0.000000e+00 -1.000000e+00
   outer loop
     vertex -5.593013e+00 -1.937500e+01  0.000000e+00
     vertex -5.642963e+00 -1.949559e+01  0.000000e+00
     vertex -1.018539e+01 -1.548228e+01  0.000000e+00
   endloop
 endfacet
 facet normal  0.000000e+00  0.000000e+00 -1.000000e+00
   outer loop
     vertex -2.870000e+00 -2.005801e+01  0.000000e+00
     vertex -4.806447e+00 -1.997855e+01  0.000000e+00
     vertex -2.973553e+00 -1.997855e+01  0.000000e+00
   endloop
 endfacet
 facet normal  0.000000e+00  0.000000e+00 -1.000000e+00
   outer loop
     vertex -2.870000e+00 -2.005801e+01  0.000000e+00
     vertex -4.910000e+00 -2.005801e+01  0.000000e+00
     vertex -4.806447e+00 -1.997855e+01  0.000000e+00
   endloop
 endfacet
 facet normal  0.000000e+00 -0.000000e+00 -1.000000e+00
   outer loop
     vertex -3.053013e+00 -1.987500e+01  0.000000e+00
     vertex -2.973553e+00 -1.997855e+01  0.000000e+00
     vertex -4.806447e+00 -1.997855e+01  0.000000e+00
   endloop
 endfacet
 facet normal -0.000000e+00  0.000000e+00 -1.000000e+00
   outer loop
     vertex -3.053013e+00 -1.987500e+01  0.000000e+00
     vertex -4.806447e+00 -1.997855e+01  0.000000e+00
     vertex -4.726987e+00 -1.987500e+01  0.000000e+00
   endloop
 endfacet
 facet normal  0.000000e+00  0.000000e+00 -1.000000e+00
   outer loop
     vertex -2.749410e+00 -2.010796e+01  0.000000e+00
     vertex -5.030590e+00 -2.010796e+01  0.000000e+00
     vertex -4.910000e+00 -2.005801e+01  0.000000e+00
   endloop
 endfacet
 facet normal  0.000000e+00  0.000000e+00 -1.000000e+00
   outer loop
     vertex -2.749410e+00 -2.010796e+01  0.000000e+00
     vertex -4.910000e+00 -2.005801e+01  0.000000e+00
     vertex -2.870000e+00 -2.005801e+01  0.000000e+00
   endloop
 endfacet
 facet normal  0.000000e+00  0.000000e+00 -1.000000e+00
   outer loop
     vertex -3.102963e+00 -1.975441e+01  0.000000e+00
     vertex -4.677037e+00 -1.975441e+01  0.000000e+00
     vertex -4.660000e+00 -1.962500e+01  0.000000e+00
   endloop
 endfacet
 facet normal -0.000000e+00  0.000000e+00 -1.000000e+00
   outer loop
     vertex -3.102963e+00 -1.975441e+01  0.000000e+00
     vertex -4.726987e+00 -1.987500e+01  0.000000e+00
     vertex -4.677037e+00 -1.975441e+01  0.000000e+00
   endloop
 endfacet
 facet normal  0.000000e+00 -0.000000e+00 -1.000000e+00
   outer loop
     vertex -3.102963e+00 -1.975441e+01  0.000000e+00
     vertex -3.053013e+00 -1.987500e+01  0.000000e+00
     vertex -4.726987e+00 -1.987500e+01  0.000000e+00
   endloop
 endfacet
 facet normal  0.000000e+00  0.000000e+00 -1.000000e+00
   outer loop
     vertex -2.620000e+00 -2.012500e+01  0.000000e+00
     vertex -5.160000e+00 -2.012500e+01  0.000000e+00
     vertex -5.030590e+00 -2.010796e+01  0.000000e+00
   endloop
 endfacet
 facet normal  0.000000e+00  0.000000e+00 -1.000000e+00
   outer loop
     vertex -2.620000e+00 -2.012500e+01  0.000000e+00
     vertex -5.030590e+00 -2.010796e+01  0.000000e+00
     vertex -2.749410e+00 -2.010796e+01  0.000000e+00
   endloop
 endfacet
 facet normal -0.000000e+00  0.000000e+00 -1.000000e+00
   outer loop
     vertex -2.620000e+00 -2.012500e+01  0.000000e+00
     vertex -2.500000e+01 -2.162500e+01  0.000000e+00
     vertex -5.160000e+00 -2.012500e+01  0.000000e+00
   endloop
 endfacet
 facet normal -0.000000e+00 -0.000000e+00 -1.000000e+00
   outer loop
     vertex -3.120000e+00 -1.962500e+01  0.000000e+00
     vertex -3.102963e+00 -1.975441e+01  0.000000e+00
     vertex -4.660000e+00 -1.962500e+01  0.000000e+00
   endloop
 endfacet
 facet normal  0.000000e+00  0.000000e+00 -1.000000e+00
   outer loop
     vertex -3.102963e+00 -1.949559e+01  0.000000e+00
     vertex -3.120000e+00 -1.962500e+01  0.000000e+00
     vertex -4.660000e+00 -1.962500e+01  0.000000e+00
   endloop
 endfacet
 facet normal -0.000000e+00  0.000000e+00 -1.000000e+00
   outer loop
     vertex -3.102963e+00 -1.949559e+01  0.000000e+00
     vertex -4.660000e+00 -1.962500e+01  0.000000e+00
     vertex -4.677037e+00 -1.949559e+01  0.000000e+00
   endloop
 endfacet
 facet normal -0.000000e+00  0.000000e+00 -1.000000e+00
   outer loop
     vertex -3.053013e+00 -1.937500e+01  0.000000e+00
     vertex -4.677037e+00 -1.949559e+01  0.000000e+00
     vertex -4.726987e+00 -1.937500e+01  0.000000e+00
   endloop
 endfacet
 facet normal  0.000000e+00  0.000000e+00 -1.000000e+00
   outer loop
     vertex -3.053013e+00 -1.937500e+01  0.000000e+00
     vertex -3.102963e+00 -1.949559e+01  0.000000e+00
     vertex -4.677037e+00 -1.949559e+01  0.000000e+00
   endloop
 endfacet
 facet normal  0.000000e+00  0.000000e+00 -1.000000e+00
   outer loop
     vertex -6.890495e+00 -1.548698e+01  0.000000e+00
     vertex -5.513553e+00 -1.927145e+01  0.000000e+00
     vertex -5.593013e+00 -1.937500e+01  0.000000e+00
   endloop
 endfacet
 facet normal  0.000000e+00  0.000000e+00 -1.000000e+00
   outer loop
     vertex -6.890495e+00 -1.548698e+01  0.000000e+00
     vertex -5.410000e+00 -1.919199e+01  0.000000e+00
     vertex -5.513553e+00 -1.927145e+01  0.000000e+00
   endloop
 endfacet
 facet normal  0.000000e+00  0.000000e+00 -1.000000e+00
   outer loop
     vertex -6.890495e+00 -1.548698e+01  0.000000e+00
     vertex -5.289410e+00 -1.914204e+01  0.000000e+00
     vertex -5.410000e+00 -1.919199e+01  0.000000e+00
   endloop
 endfacet
 facet normal  0.000000e+00  0.000000e+00 -1.000000e+00
   outer loop
     vertex -6.890495e+00 -1.548698e+01  0.000000e+00
     vertex -5.160000e+00 -1.912500e+01  0.000000e+00
     vertex -5.289410e+00 -1.914204e+01  0.000000e+00
   endloop
 endfacet
 facet normal  0.000000e+00  0.000000e+00 -1.000000e+00
   outer loop
     vertex -6.890495e+00 -1.548698e+01  0.000000e+00
     vertex -5.030590e+00 -1.914204e+01  0.000000e+00
     vertex -5.160000e+00 -1.912500e+01  0.000000e+00
   endloop
 endfacet
 facet normal -0.000000e+00 -0.000000e+00 -1.000000e+00
   outer loop
     vertex -6.890495e+00 -1.548698e+01  0.000000e+00
     vertex -5.593013e+00 -1.937500e+01  0.000000e+00
     vertex -1.018539e+01 -1.548228e+01  0.000000e+00
   endloop
 endfacet
 facet normal -0.000000e+00  0.000000e+00 -1.000000e+00
   outer loop
     vertex -2.973553e+00 -1.927145e+01  0.000000e+00
     vertex -4.726987e+00 -1.937500e+01  0.000000e+00
     vertex -4.806447e+00 -1.927145e+01  0.000000e+00
   endloop
 endfacet
 facet normal  0.000000e+00  0.000000e+00 -1.000000e+00
   outer loop
     vertex -2.973553e+00 -1.927145e+01  0.000000e+00
     vertex -3.053013e+00 -1.937500e+01  0.000000e+00
     vertex -4.726987e+00 -1.937500e+01  0.000000e+00
   endloop
 endfacet
 facet normal  0.000000e+00  0.000000e+00 -1.000000e+00
   outer loop
     vertex -2.870000e+00 -1.919199e+01  0.000000e+00
     vertex -4.910000e+00 -1.919199e+01  0.000000e+00
     vertex -5.030590e+00 -1.914204e+01  0.000000e+00
   endloop
 endfacet
 facet normal -0.000000e+00  0.000000e+00 -1.000000e+00
   outer loop
     vertex -2.870000e+00 -1.919199e+01  0.000000e+00
     vertex -4.806447e+00 -1.927145e+01  0.000000e+00
     vertex -4.910000e+00 -1.919199e+01  0.000000e+00
   endloop
 endfacet
 facet normal  0.000000e+00  0.000000e+00 -1.000000e+00
   outer loop
     vertex -2.870000e+00 -1.919199e+01  0.000000e+00
     vertex -2.973553e+00 -1.927145e+01  0.000000e+00
     vertex -4.806447e+00 -1.927145e+01  0.000000e+00
   endloop
 endfacet
 facet normal -0.000000e+00  0.000000e+00 -1.000000e+00
   outer loop
     vertex -2.749410e+00 -1.914204e+01  0.000000e+00
     vertex -2.870000e+00 -1.919199e+01  0.000000e+00
     vertex -5.030590e+00 -1.914204e+01  0.000000e+00
   endloop
 endfacet
 facet normal  0.000000e+00 -0.000000e+00 -1.000000e+00
   outer loop
     vertex -5.130127e-01 -1.987500e+01  0.000000e+00
     vertex -4.335534e-01 -1.997855e+01  0.000000e+00
     vertex -2.266447e+00 -1.997855e+01  0.000000e+00
   endloop
 endfacet
 facet normal -0.000000e+00  0.000000e+00 -1.000000e+00
   outer loop
     vertex -5.130127e-01 -1.987500e+01  0.000000e+00
     vertex -2.266447e+00 -1.997855e+01  0.000000e+00
     vertex -2.186987e+00 -1.987500e+01  0.000000e+00
   endloop
 endfacet
 facet normal  0.000000e+00  0.000000e+00 -1.000000e+00
   outer loop
     vertex -3.300000e-01 -2.005801e+01  0.000000e+00
     vertex -2.266447e+00 -1.997855e+01  0.000000e+00
     vertex -4.335534e-01 -1.997855e+01  0.000000e+00
   endloop
 endfacet
 facet normal  0.000000e+00  0.000000e+00 -1.000000e+00
   outer loop
     vertex -3.300000e-01 -2.005801e+01  0.000000e+00
     vertex -2.370000e+00 -2.005801e+01  0.000000e+00
     vertex -2.266447e+00 -1.997855e+01  0.000000e+00
   endloop
 endfacet
 facet normal -0.000000e+00  0.000000e+00 -1.000000e+00
   outer loop
     vertex -3.300000e-01 -2.005801e+01  0.000000e+00
     vertex -2.490590e+00 -2.010796e+01  0.000000e+00
     vertex -2.370000e+00 -2.005801e+01  0.000000e+00
   endloop
 endfacet
 facet normal  0.000000e+00 -0.000000e+00 -1.000000e+00
   outer loop
     vertex -5.629629e-01 -1.975441e+01  0.000000e+00
     vertex -5.130127e-01 -1.987500e+01  0.000000e+00
     vertex -2.186987e+00 -1.987500e+01  0.000000e+00
   endloop
 endfacet
 facet normal -0.000000e+00  0.000000e+00 -1.000000e+00
   outer loop
     vertex -5.629629e-01 -1.975441e+01  0.000000e+00
     vertex -2.186987e+00 -1.987500e+01  0.000000e+00
     vertex -2.137037e+00 -1.975441e+01  0.000000e+00
   endloop
 endfacet
 facet normal  0.000000e+00  0.000000e+00 -1.000000e+00
   outer loop
     vertex -2.094095e-01 -2.010796e+01  0.000000e+00
     vertex -2.490590e+00 -2.010796e+01  0.000000e+00
     vertex -3.300000e-01 -2.005801e+01  0.000000e+00
   endloop
 endfacet
 facet normal -0.000000e+00  0.000000e+00 -1.000000e+00
   outer loop
     vertex -2.094095e-01 -2.010796e+01  0.000000e+00
     vertex -2.620000e+00 -2.012500e+01  0.000000e+00
     vertex -2.490590e+00 -2.010796e+01  0.000000e+00
   endloop
 endfacet
 facet normal -0.000000e+00  0.000000e+00 -1.000000e+00
   outer loop
     vertex -5.800000e-01 -1.962500e+01  0.000000e+00
     vertex -2.137037e+00 -1.975441e+01  0.000000e+00
     vertex -2.120000e+00 -1.962500e+01  0.000000e+00
   endloop
 endfacet
 facet normal  0.000000e+00 -0.000000e+00 -1.000000e+00
   outer loop
     vertex -5.800000e-01 -1.962500e+01  0.000000e+00
     vertex -5.629629e-01 -1.975441e+01  0.000000e+00
     vertex -2.137037e+00 -1.975441e+01  0.000000e+00
   endloop
 endfacet
 facet normal  0.000000e+00  0.000000e+00 -1.000000e+00
   outer loop
     vertex -8.000000e-02 -2.012500e+01  0.000000e+00
     vertex -2.620000e+00 -2.012500e+01  0.000000e+00
     vertex -2.094095e-01 -2.010796e+01  0.000000e+00
   endloop
 endfacet
 facet normal -0.000000e+00  0.000000e+00 -1.000000e+00
   outer loop
     vertex -5.629629e-01 -1.949559e+01  0.000000e+00
     vertex -2.120000e+00 -1.962500e+01  0.000000e+00
     vertex -2.137037e+00 -1.949559e+01  0.000000e+00
   endloop
 endfacet
 facet normal  0.000000e+00  0.000000e+00 -1.000000e+00
   outer loop
     vertex -5.629629e-01 -1.949559e+01  0.000000e+00
     vertex -5.800000e-01 -1.962500e+01  0.000000e+00
     vertex -2.120000e+00 -1.962500e+01  0.000000e+00
   endloop
 endfacet
 facet normal  0.000000e+00  0.000000e+00 -1.000000e+00
   outer loop
     vertex -5.130127e-01 -1.937500e+01  0.000000e+00
     vertex -2.186987e+00 -1.937500e+01  0.000000e+00
     vertex -2.266447e+00 -1.927145e+01  0.000000e+00
   endloop
 endfacet
 facet normal -0.000000e+00  0.000000e+00 -1.000000e+00
   outer loop
     vertex -5.130127e-01 -1.937500e+01  0.000000e+00
     vertex -2.137037e+00 -1.949559e+01  0.000000e+00
     vertex -2.186987e+00 -1.937500e+01  0.000000e+00
   endloop
 endfacet
 facet normal  0.000000e+00  0.000000e+00 -1.000000e+00
   outer loop
     vertex -5.130127e-01 -1.937500e+01  0.000000e+00
     vertex -5.629629e-01 -1.949559e+01  0.000000e+00
     vertex -2.137037e+00 -1.949559e+01  0.000000e+00
   endloop
 endfacet
 facet normal -0.000000e+00  0.000000e+00 -1.000000e+00
   outer loop
     vertex -4.335534e-01 -1.927145e+01  0.000000e+00
     vertex -5.130127e-01 -1.937500e+01  0.000000e+00
     vertex -2.266447e+00 -1.927145e+01  0.000000e+00
   endloop
 endfacet
 facet normal -0.000000e+00  0.000000e+00 -1.000000e+00
   outer loop
     vertex -3.300000e-01 -1.919199e+01  0.000000e+00
     vertex -2.266447e+00 -1.927145e+01  0.000000e+00
     vertex -2.370000e+00 -1.919199e+01  0.000000e+00
   endloop
 endfacet
 facet normal  0.000000e+00  0.000000e+00 -1.000000e+00
   outer loop
     vertex -3.300000e-01 -1.919199e+01  0.000000e+00
     vertex -4.335534e-01 -1.927145e+01  0.000000e+00
     vertex -2.266447e+00 -1.927145e+01  0.000000e+00
   endloop
 endfacet
 facet normal -0.000000e+00  0.000000e+00 -1.000000e+00
   outer loop
     vertex -2.094095e-01 -1.914204e+01  0.000000e+00
     vertex -2.370000e+00 -1.919199e+01  0.000000e+00
     vertex -2.490590e+00 -1.914204e+01  0.000000e+00
   endloop
 endfacet
 facet normal  0.000000e+00  0.000000e+00 -1.000000e+00
   outer loop
     vertex -2.094095e-01 -1.914204e+01  0.000000e+00
     vertex -3.300000e-01 -1.919199e+01  0.000000e+00
     vertex -2.370000e+00 -1.919199e+01  0.000000e+00
   endloop
 endfacet
 facet normal  0.000000e+00 -0.000000e+00 -1.000000e+00
   outer loop
     vertex -1.368355e+01 -5.527371e+00  0.000000e+00
     vertex -1.333403e+01 -1.082571e+01  0.000000e+00
     vertex -1.426937e+01 -1.178586e+01  0.000000e+00
   endloop
 endfacet
 facet normal  0.000000e+00 -0.000000e+00 -1.000000e+00
   outer loop
     vertex -1.376301e+01 -5.423818e+00  0.000000e+00
     vertex -1.368355e+01 -5.527371e+00  0.000000e+00
     vertex -1.426937e+01 -1.178586e+01  0.000000e+00
   endloop
 endfacet
 facet normal -0.000000e+00 -0.000000e+00 -1.000000e+00
   outer loop
     vertex -1.358000e+01 -5.606831e+00  0.000000e+00
     vertex -1.333403e+01 -1.082571e+01  0.000000e+00
     vertex -1.368355e+01 -5.527371e+00  0.000000e+00
   endloop
 endfacet
 facet normal  0.000000e+00 -0.000000e+00 -1.000000e+00
   outer loop
     vertex -1.381296e+01 -5.303228e+00  0.000000e+00
     vertex -1.376301e+01 -5.423818e+00  0.000000e+00
     vertex -1.426937e+01 -1.178586e+01  0.000000e+00
   endloop
 endfacet
 facet normal  0.000000e+00  0.000000e+00 -1.000000e+00
   outer loop
     vertex -1.381296e+01 -5.303228e+00  0.000000e+00
     vertex -1.426937e+01 -1.178586e+01  0.000000e+00
     vertex -2.500000e+01 -2.162500e+01  0.000000e+00
   endloop
 endfacet
 facet normal -0.000000e+00 -0.000000e+00 -1.000000e+00
   outer loop
     vertex -1.345941e+01 -5.656781e+00  0.000000e+00
     vertex -1.333403e+01 -1.082571e+01  0.000000e+00
     vertex -1.358000e+01 -5.606831e+00  0.000000e+00
   endloop
 endfacet
 facet normal -0.000000e+00  0.000000e+00 -1.000000e+00
   outer loop
     vertex -1.333000e+01 -5.673818e+00  0.000000e+00
     vertex -1.333403e+01 -1.082571e+01  0.000000e+00
     vertex -1.345941e+01 -5.656781e+00  0.000000e+00
   endloop
 endfacet
 facet normal  0.000000e+00 -0.000000e+00 -1.000000e+00
   outer loop
     vertex -1.383000e+01 -5.173818e+00  0.000000e+00
     vertex -1.381296e+01 -5.303228e+00  0.000000e+00
     vertex -2.500000e+01 -2.162500e+01  0.000000e+00
   endloop
 endfacet
 facet normal  0.000000e+00 -0.000000e+00 -1.000000e+00
   outer loop
     vertex -5.180519e+00 -1.381473e+01  0.000000e+00
     vertex -5.030590e+00 -1.914204e+01  0.000000e+00
     vertex -6.890495e+00 -1.548698e+01  0.000000e+00
   endloop
 endfacet
 facet normal  0.000000e+00  0.000000e+00 -1.000000e+00
   outer loop
     vertex -5.180519e+00 -1.381473e+01  0.000000e+00
     vertex -2.620000e+00 -1.912500e+01  0.000000e+00
     vertex -2.749410e+00 -1.914204e+01  0.000000e+00
   endloop
 endfacet
 facet normal  0.000000e+00  0.000000e+00 -1.000000e+00
   outer loop
     vertex -5.180519e+00 -1.381473e+01  0.000000e+00
     vertex -2.749410e+00 -1.914204e+01  0.000000e+00
     vertex -5.030590e+00 -1.914204e+01  0.000000e+00
   endloop
 endfacet
 facet normal  0.000000e+00  0.000000e+00 -1.000000e+00
   outer loop
     vertex -1.381296e+01 -5.044408e+00  0.000000e+00
     vertex -1.383000e+01 -5.173818e+00  0.000000e+00
     vertex -2.500000e+01 -2.162500e+01  0.000000e+00
   endloop
 endfacet
 facet normal  0.000000e+00  0.000000e+00 -1.000000e+00
   outer loop
     vertex -1.320059e+01 -5.656781e+00  0.000000e+00
     vertex -1.333403e+01 -1.082571e+01  0.000000e+00
     vertex -1.333000e+01 -5.673818e+00  0.000000e+00
   endloop
 endfacet
 facet normal  0.000000e+00  0.000000e+00 -1.000000e+00
   outer loop
     vertex -1.376301e+01 -4.923818e+00  0.000000e+00
     vertex -1.381296e+01 -5.044408e+00  0.000000e+00
     vertex -2.500000e+01 -2.162500e+01  0.000000e+00
   endloop
 endfacet
 facet normal  0.000000e+00  0.000000e+00 -1.000000e+00
   outer loop
     vertex  2.210000e+00 -2.005801e+01  0.000000e+00
     vertex  1.700000e-01 -2.005801e+01  0.000000e+00
     vertex  2.735534e-01 -1.997855e+01  0.000000e+00
   endloop
 endfacet
 facet normal  0.000000e+00  0.000000e+00 -1.000000e+00
   outer loop
     vertex  2.210000e+00 -2.005801e+01  0.000000e+00
     vertex  2.735534e-01 -1.997855e+01  0.000000e+00
     vertex  2.106447e+00 -1.997855e+01  0.000000e+00
   endloop
 endfacet
 facet normal -0.000000e+00  0.000000e+00 -1.000000e+00
   outer loop
     vertex  2.026987e+00 -1.987500e+01  0.000000e+00
     vertex  2.735534e-01 -1.997855e+01  0.000000e+00
     vertex  3.530127e-01 -1.987500e+01  0.000000e+00
   endloop
 endfacet
 facet normal  0.000000e+00 -0.000000e+00 -1.000000e+00
   outer loop
     vertex  2.026987e+00 -1.987500e+01  0.000000e+00
     vertex  2.106447e+00 -1.997855e+01  0.000000e+00
     vertex  2.735534e-01 -1.997855e+01  0.000000e+00
   endloop
 endfacet
 facet normal -0.000000e+00  0.000000e+00 -1.000000e+00
   outer loop
     vertex  1.977037e+00 -1.975441e+01  0.000000e+00
     vertex  3.530127e-01 -1.987500e+01  0.000000e+00
     vertex  4.029629e-01 -1.975441e+01  0.000000e+00
   endloop
 endfacet
 facet normal  0.000000e+00 -0.000000e+00 -1.000000e+00
   outer loop
     vertex  1.977037e+00 -1.975441e+01  0.000000e+00
     vertex  2.026987e+00 -1.987500e+01  0.000000e+00
     vertex  3.530127e-01 -1.987500e+01  0.000000e+00
   endloop
 endfacet
 facet normal  0.000000e+00  0.000000e+00 -1.000000e+00
   outer loop
     vertex  2.330590e+00 -2.010796e+01  0.000000e+00
     vertex  1.700000e-01 -2.005801e+01  0.000000e+00
     vertex  2.210000e+00 -2.005801e+01  0.000000e+00
   endloop
 endfacet
 facet normal  0.000000e+00  0.000000e+00 -1.000000e+00
   outer loop
     vertex  2.330590e+00 -2.010796e+01  0.000000e+00
     vertex  4.940952e-02 -2.010796e+01  0.000000e+00
     vertex  1.700000e-01 -2.005801e+01  0.000000e+00
   endloop
 endfacet
 facet normal -0.000000e+00  0.000000e+00 -1.000000e+00
   outer loop
     vertex  2.330590e+00 -2.010796e+01  0.000000e+00
     vertex -8.000000e-02 -2.012500e+01  0.000000e+00
     vertex  4.940952e-02 -2.010796e+01  0.000000e+00
   endloop
 endfacet
 facet normal  0.000000e+00  0.000000e+00 -1.000000e+00
   outer loop
     vertex  2.460000e+00 -2.012500e+01  0.000000e+00
     vertex -8.000000e-02 -2.012500e+01  0.000000e+00
     vertex  2.330590e+00 -2.010796e+01  0.000000e+00
   endloop
 endfacet
 facet normal -0.000000e+00  0.000000e+00 -1.000000e+00
   outer loop
     vertex  1.960000e+00 -1.962500e+01  0.000000e+00
     vertex  4.029629e-01 -1.975441e+01  0.000000e+00
     vertex  4.200000e-01 -1.962500e+01  0.000000e+00
   endloop
 endfacet
 facet normal  0.000000e+00 -0.000000e+00 -1.000000e+00
   outer loop
     vertex  1.960000e+00 -1.962500e+01  0.000000e+00
     vertex  1.977037e+00 -1.975441e+01  0.000000e+00
     vertex  4.029629e-01 -1.975441e+01  0.000000e+00
   endloop
 endfacet
 facet normal  0.000000e+00  0.000000e+00 -1.000000e+00
   outer loop
     vertex  1.977037e+00 -1.949559e+01  0.000000e+00
     vertex  1.960000e+00 -1.962500e+01  0.000000e+00
     vertex  4.200000e-01 -1.962500e+01  0.000000e+00
   endloop
 endfacet
 facet normal -0.000000e+00  0.000000e+00 -1.000000e+00
   outer loop
     vertex  1.977037e+00 -1.949559e+01  0.000000e+00
     vertex  4.200000e-01 -1.962500e+01  0.000000e+00
     vertex  4.029629e-01 -1.949559e+01  0.000000e+00
   endloop
 endfacet
 facet normal  0.000000e+00  0.000000e+00 -1.000000e+00
   outer loop
     vertex -9.966797e+00 -7.454849e+00  0.000000e+00
     vertex -1.284704e+01 -5.303228e+00  0.000000e+00
     vertex -1.283000e+01 -5.173818e+00  0.000000e+00
   endloop
 endfacet
 facet normal  0.000000e+00  0.000000e+00 -1.000000e+00
   outer loop
     vertex -9.966797e+00 -7.454849e+00  0.000000e+00
     vertex -1.289699e+01 -5.423818e+00  0.000000e+00
     vertex -1.284704e+01 -5.303228e+00  0.000000e+00
   endloop
 endfacet
 facet normal  0.000000e+00  0.000000e+00 -1.000000e+00
   outer loop
     vertex -9.966797e+00 -7.454849e+00  0.000000e+00
     vertex -1.297645e+01 -5.527371e+00  0.000000e+00
     vertex -1.289699e+01 -5.423818e+00  0.000000e+00
   endloop
 endfacet
 facet normal  0.000000e+00  0.000000e+00 -1.000000e+00
   outer loop
     vertex -9.966797e+00 -7.454849e+00  0.000000e+00
     vertex -1.308000e+01 -5.606831e+00  0.000000e+00
     vertex -1.297645e+01 -5.527371e+00  0.000000e+00
   endloop
 endfacet
 facet normal  0.000000e+00  0.000000e+00 -1.000000e+00
   outer loop
     vertex -9.966797e+00 -7.454849e+00  0.000000e+00
     vertex -1.320059e+01 -5.656781e+00  0.000000e+00
     vertex -1.308000e+01 -5.606831e+00  0.000000e+00
   endloop
 endfacet
 facet normal -0.000000e+00  0.000000e+00 -1.000000e+00
   outer loop
     vertex -9.966797e+00 -7.454849e+00  0.000000e+00
     vertex -1.333403e+01 -1.082571e+01  0.000000e+00
     vertex -1.320059e+01 -5.656781e+00  0.000000e+00
   endloop
 endfacet
 facet normal -0.000000e+00  0.000000e+00 -1.000000e+00
   outer loop
     vertex  2.026987e+00 -1.937500e+01  0.000000e+00
     vertex  4.029629e-01 -1.949559e+01  0.000000e+00
     vertex  3.530127e-01 -1.937500e+01  0.000000e+00
   endloop
 endfacet
 facet normal  0.000000e+00  0.000000e+00 -1.000000e+00
   outer loop
     vertex  2.026987e+00 -1.937500e+01  0.000000e+00
     vertex  1.977037e+00 -1.949559e+01  0.000000e+00
     vertex  4.029629e-01 -1.949559e+01  0.000000e+00
   endloop
 endfacet
 facet normal -0.000000e+00  0.000000e+00 -1.000000e+00
   outer loop
     vertex  2.106447e+00 -1.927145e+01  0.000000e+00
     vertex  3.530127e-01 -1.937500e+01  0.000000e+00
     vertex  2.735534e-01 -1.927145e+01  0.000000e+00
   endloop
 endfacet
 facet normal  0.000000e+00  0.000000e+00 -1.000000e+00
   outer loop
     vertex  2.106447e+00 -1.927145e+01  0.000000e+00
     vertex  2.026987e+00 -1.937500e+01  0.000000e+00
     vertex  3.530127e-01 -1.937500e+01  0.000000e+00
   endloop
 endfacet
 facet normal  0.000000e+00  0.000000e+00 -1.000000e+00
   outer loop
     vertex  2.210000e+00 -1.919199e+01  0.000000e+00
     vertex  2.106447e+00 -1.927145e+01  0.000000e+00
     vertex  2.735534e-01 -1.927145e+01  0.000000e+00
   endloop
 endfacet
 facet normal -0.000000e+00  0.000000e+00 -1.000000e+00
   outer loop
     vertex  2.210000e+00 -1.919199e+01  0.000000e+00
     vertex  2.735534e-01 -1.927145e+01  0.000000e+00
     vertex  1.700000e-01 -1.919199e+01  0.000000e+00
   endloop
 endfacet
 facet normal  0.000000e+00  0.000000e+00 -1.000000e+00
   outer loop
     vertex  2.330590e+00 -1.914204e+01  0.000000e+00
     vertex  2.210000e+00 -1.919199e+01  0.000000e+00
     vertex  1.700000e-01 -1.919199e+01  0.000000e+00
   endloop
 endfacet
 facet normal -0.000000e+00  0.000000e+00 -1.000000e+00
   outer loop
     vertex  2.330590e+00 -1.914204e+01  0.000000e+00
     vertex  1.700000e-01 -1.919199e+01  0.000000e+00
     vertex  4.940952e-02 -1.914204e+01  0.000000e+00
   endloop
 endfacet
 facet normal -0.000000e+00  0.000000e+00 -1.000000e+00
   outer loop
     vertex -4.060173e+00 -1.171666e+01  0.000000e+00
     vertex -4.258095e+00 -1.224635e+01  0.000000e+00
     vertex -4.258095e+00 -1.171666e+01  0.000000e+00
   endloop
 endfacet
 facet normal  0.000000e+00  0.000000e+00 -1.000000e+00
   outer loop
     vertex -4.060173e+00 -1.171666e+01  0.000000e+00
     vertex -4.237427e+00 -1.283752e+01  0.000000e+00
     vertex -4.258095e+00 -1.224635e+01  0.000000e+00
   endloop
 endfacet
 facet normal  0.000000e+00  0.000000e+00 -1.000000e+00
   outer loop
     vertex -1.241355e+01 -3.327667e+00  0.000000e+00
     vertex -1.308000e+01 -4.740805e+00  0.000000e+00
     vertex -1.320059e+01 -4.690855e+00  0.000000e+00
   endloop
 endfacet
 facet normal  0.000000e+00  0.000000e+00 -1.000000e+00
   outer loop
     vertex -1.231000e+01 -3.407127e+00  0.000000e+00
     vertex -1.297645e+01 -4.820265e+00  0.000000e+00
     vertex -1.308000e+01 -4.740805e+00  0.000000e+00
   endloop
 endfacet
 facet normal -0.000000e+00  0.000000e+00 -1.000000e+00
   outer loop
     vertex -1.231000e+01 -3.407127e+00  0.000000e+00
     vertex -1.308000e+01 -4.740805e+00  0.000000e+00
     vertex -1.241355e+01 -3.327667e+00  0.000000e+00
   endloop
 endfacet
 facet normal  0.000000e+00  0.000000e+00 -1.000000e+00
   outer loop
     vertex -1.249301e+01 -3.224114e+00  0.000000e+00
     vertex -1.320059e+01 -4.690855e+00  0.000000e+00
     vertex -1.333000e+01 -4.673818e+00  0.000000e+00
   endloop
 endfacet
 facet normal  0.000000e+00 -0.000000e+00 -1.000000e+00
   outer loop
     vertex -1.249301e+01 -3.224114e+00  0.000000e+00
     vertex -1.241355e+01 -3.327667e+00  0.000000e+00
     vertex -1.320059e+01 -4.690855e+00  0.000000e+00
   endloop
 endfacet
 facet normal  0.000000e+00  0.000000e+00 -1.000000e+00
   outer loop
     vertex -1.254296e+01 -3.103524e+00  0.000000e+00
     vertex -1.333000e+01 -4.673818e+00  0.000000e+00
     vertex -1.345941e+01 -4.690855e+00  0.000000e+00
   endloop
 endfacet
 facet normal  0.000000e+00 -0.000000e+00 -1.000000e+00
   outer loop
     vertex -1.254296e+01 -3.103524e+00  0.000000e+00
     vertex -1.249301e+01 -3.224114e+00  0.000000e+00
     vertex -1.333000e+01 -4.673818e+00  0.000000e+00
   endloop
 endfacet
 facet normal  0.000000e+00  0.000000e+00 -1.000000e+00
   outer loop
     vertex -1.218941e+01 -3.457077e+00  0.000000e+00
     vertex -1.289699e+01 -4.923818e+00  0.000000e+00
     vertex -1.297645e+01 -4.820265e+00  0.000000e+00
   endloop
 endfacet
 facet normal -0.000000e+00  0.000000e+00 -1.000000e+00
   outer loop
     vertex -1.218941e+01 -3.457077e+00  0.000000e+00
     vertex -1.297645e+01 -4.820265e+00  0.000000e+00
     vertex -1.231000e+01 -3.407127e+00  0.000000e+00
   endloop
 endfacet
 facet normal  0.000000e+00  0.000000e+00 -1.000000e+00
   outer loop
     vertex -1.206000e+01 -3.474114e+00  0.000000e+00
     vertex -1.284704e+01 -5.044408e+00  0.000000e+00
     vertex -1.289699e+01 -4.923818e+00  0.000000e+00
   endloop
 endfacet
 facet normal -0.000000e+00  0.000000e+00 -1.000000e+00
   outer loop
     vertex -1.206000e+01 -3.474114e+00  0.000000e+00
     vertex -1.289699e+01 -4.923818e+00  0.000000e+00
     vertex -1.218941e+01 -3.457077e+00  0.000000e+00
   endloop
 endfacet
 facet normal  0.000000e+00  0.000000e+00 -1.000000e+00
   outer loop
     vertex -1.256000e+01 -2.974114e+00  0.000000e+00
     vertex -1.345941e+01 -4.690855e+00  0.000000e+00
     vertex -1.358000e+01 -4.740805e+00  0.000000e+00
   endloop
 endfacet
 facet normal  0.000000e+00 -0.000000e+00 -1.000000e+00
   outer loop
     vertex -1.256000e+01 -2.974114e+00  0.000000e+00
     vertex -1.254296e+01 -3.103524e+00  0.000000e+00
     vertex -1.345941e+01 -4.690855e+00  0.000000e+00
   endloop
 endfacet
 facet normal  0.000000e+00  0.000000e+00 -1.000000e+00
   outer loop
     vertex -1.254296e+01 -2.844704e+00  0.000000e+00
     vertex -1.358000e+01 -4.740805e+00  0.000000e+00
     vertex -1.368355e+01 -4.820265e+00  0.000000e+00
   endloop
 endfacet
 facet normal  0.000000e+00  0.000000e+00 -1.000000e+00
   outer loop
     vertex -1.254296e+01 -2.844704e+00  0.000000e+00
     vertex -1.256000e+01 -2.974114e+00  0.000000e+00
     vertex -1.358000e+01 -4.740805e+00  0.000000e+00
   endloop
 endfacet
 facet normal  0.000000e+00  0.000000e+00 -1.000000e+00
   outer loop
     vertex -1.193059e+01 -3.457077e+00  0.000000e+00
     vertex -1.283000e+01 -5.173818e+00  0.000000e+00
     vertex -1.284704e+01 -5.044408e+00  0.000000e+00
   endloop
 endfacet
 facet normal  0.000000e+00  0.000000e+00 -1.000000e+00
   outer loop
     vertex -1.193059e+01 -3.457077e+00  0.000000e+00
     vertex -1.284704e+01 -5.044408e+00  0.000000e+00
     vertex -1.206000e+01 -3.474114e+00  0.000000e+00
   endloop
 endfacet
 facet normal  0.000000e+00  0.000000e+00 -1.000000e+00
   outer loop
     vertex  4.750000e+00 -2.005801e+01  0.000000e+00
     vertex  2.813553e+00 -1.997855e+01  0.000000e+00
     vertex  4.646447e+00 -1.997855e+01  0.000000e+00
   endloop
 endfacet
 facet normal  0.000000e+00  0.000000e+00 -1.000000e+00
   outer loop
     vertex  4.750000e+00 -2.005801e+01  0.000000e+00
     vertex  2.710000e+00 -2.005801e+01  0.000000e+00
     vertex  2.813553e+00 -1.997855e+01  0.000000e+00
   endloop
 endfacet
 facet normal  0.000000e+00 -0.000000e+00 -1.000000e+00
   outer loop
     vertex  4.566987e+00 -1.987500e+01  0.000000e+00
     vertex  4.646447e+00 -1.997855e+01  0.000000e+00
     vertex  2.813553e+00 -1.997855e+01  0.000000e+00
   endloop
 endfacet
 facet normal -0.000000e+00  0.000000e+00 -1.000000e+00
   outer loop
     vertex  4.566987e+00 -1.987500e+01  0.000000e+00
     vertex  2.813553e+00 -1.997855e+01  0.000000e+00
     vertex  2.893013e+00 -1.987500e+01  0.000000e+00
   endloop
 endfacet
 facet normal  0.000000e+00  0.000000e+00 -1.000000e+00
   outer loop
     vertex  4.870590e+00 -2.010796e+01  0.000000e+00
     vertex  2.589410e+00 -2.010796e+01  0.000000e+00
     vertex  2.710000e+00 -2.005801e+01  0.000000e+00
   endloop
 endfacet
 facet normal -0.000000e+00  0.000000e+00 -1.000000e+00
   outer loop
     vertex  4.870590e+00 -2.010796e+01  0.000000e+00
     vertex  2.460000e+00 -2.012500e+01  0.000000e+00
     vertex  2.589410e+00 -2.010796e+01  0.000000e+00
   endloop
 endfacet
 facet normal  0.000000e+00  0.000000e+00 -1.000000e+00
   outer loop
     vertex  4.870590e+00 -2.010796e+01  0.000000e+00
     vertex  2.710000e+00 -2.005801e+01  0.000000e+00
     vertex  4.750000e+00 -2.005801e+01  0.000000e+00
   endloop
 endfacet
 facet normal  0.000000e+00 -0.000000e+00 -1.000000e+00
   outer loop
     vertex  4.517037e+00 -1.975441e+01  0.000000e+00
     vertex  4.566987e+00 -1.987500e+01  0.000000e+00
     vertex  2.893013e+00 -1.987500e+01  0.000000e+00
   endloop
 endfacet
 facet normal  0.000000e+00  0.000000e+00 -1.000000e+00
   outer loop
     vertex  4.517037e+00 -1.975441e+01  0.000000e+00
     vertex  2.942963e+00 -1.975441e+01  0.000000e+00
     vertex  2.960000e+00 -1.962500e+01  0.000000e+00
   endloop
 endfacet
 facet normal -0.000000e+00  0.000000e+00 -1.000000e+00
   outer loop
     vertex  4.517037e+00 -1.975441e+01  0.000000e+00
     vertex  2.893013e+00 -1.987500e+01  0.000000e+00
     vertex  2.942963e+00 -1.975441e+01  0.000000e+00
   endloop
 endfacet
 facet normal  0.000000e+00  0.000000e+00 -1.000000e+00
   outer loop
     vertex -1.249301e+01 -2.724114e+00  0.000000e+00
     vertex -1.368355e+01 -4.820265e+00  0.000000e+00
     vertex -1.376301e+01 -4.923818e+00  0.000000e+00
   endloop
 endfacet
 facet normal  0.000000e+00  0.000000e+00 -1.000000e+00
   outer loop
     vertex -1.249301e+01 -2.724114e+00  0.000000e+00
     vertex -1.254296e+01 -2.844704e+00  0.000000e+00
     vertex -1.368355e+01 -4.820265e+00  0.000000e+00
   endloop
 endfacet
 facet normal  0.000000e+00  0.000000e+00 -1.000000e+00
   outer loop
     vertex -1.181000e+01 -3.407127e+00  0.000000e+00
     vertex -1.283000e+01 -5.173818e+00  0.000000e+00
     vertex -1.193059e+01 -3.457077e+00  0.000000e+00
   endloop
 endfacet
 facet normal  0.000000e+00 -0.000000e+00 -1.000000e+00
   outer loop
     vertex -1.181000e+01 -3.407127e+00  0.000000e+00
     vertex -9.966797e+00 -7.454849e+00  0.000000e+00
     vertex -1.283000e+01 -5.173818e+00  0.000000e+00
   endloop
 endfacet
 facet normal -0.000000e+00 -0.000000e+00 -1.000000e+00
   outer loop
     vertex  4.500000e+00 -1.962500e+01  0.000000e+00
     vertex  4.517037e+00 -1.975441e+01  0.000000e+00
     vertex  2.960000e+00 -1.962500e+01  0.000000e+00
   endloop
 endfacet
 facet normal  0.000000e+00  0.000000e+00 -1.000000e+00
   outer loop
     vertex  5.000000e+00 -2.012500e+01  0.000000e+00
     vertex  2.460000e+00 -2.012500e+01  0.000000e+00
     vertex  4.870590e+00 -2.010796e+01  0.000000e+00
   endloop
 endfacet
 facet normal  0.000000e+00 -0.000000e+00 -1.000000e+00
   outer loop
     vertex -1.170645e+01 -3.327667e+00  0.000000e+00
     vertex -9.966797e+00 -7.454849e+00  0.000000e+00
     vertex -1.181000e+01 -3.407127e+00  0.000000e+00
   endloop
 endfacet
 facet normal -0.000000e+00  0.000000e+00 -1.000000e+00
   outer loop
     vertex  4.517037e+00 -1.949559e+01  0.000000e+00
     vertex  2.960000e+00 -1.962500e+01  0.000000e+00
     vertex  2.942963e+00 -1.949559e+01  0.000000e+00
   endloop
 endfacet
 facet normal  0.000000e+00  0.000000e+00 -1.000000e+00
   outer loop
     vertex  4.517037e+00 -1.949559e+01  0.000000e+00
     vertex  4.500000e+00 -1.962500e+01  0.000000e+00
     vertex  2.960000e+00 -1.962500e+01  0.000000e+00
   endloop
 endfacet
 facet normal  0.000000e+00  0.000000e+00 -1.000000e+00
   outer loop
     vertex -1.162699e+01 -3.224114e+00  0.000000e+00
     vertex -7.951935e+00 -7.454849e+00  0.000000e+00
     vertex -9.966797e+00 -7.454849e+00  0.000000e+00
   endloop
 endfacet
 facet normal  0.000000e+00 -0.000000e+00 -1.000000e+00
   outer loop
     vertex -1.162699e+01 -3.224114e+00  0.000000e+00
     vertex -9.966797e+00 -7.454849e+00  0.000000e+00
     vertex -1.170645e+01 -3.327667e+00  0.000000e+00
   endloop
 endfacet
 facet normal  0.000000e+00  0.000000e+00 -1.000000e+00
   outer loop
     vertex  4.566987e+00 -1.937500e+01  0.000000e+00
     vertex  4.517037e+00 -1.949559e+01  0.000000e+00
     vertex  2.942963e+00 -1.949559e+01  0.000000e+00
   endloop
 endfacet
 facet normal -0.000000e+00  0.000000e+00 -1.000000e+00
   outer loop
     vertex  4.566987e+00 -1.937500e+01  0.000000e+00
     vertex  2.942963e+00 -1.949559e+01  0.000000e+00
     vertex  2.893013e+00 -1.937500e+01  0.000000e+00
   endloop
 endfacet
 facet normal  0.000000e+00 -0.000000e+00 -1.000000e+00
   outer loop
     vertex -1.157704e+01 -3.103524e+00  0.000000e+00
     vertex -7.951935e+00 -7.454849e+00  0.000000e+00
     vertex -1.162699e+01 -3.224114e+00  0.000000e+00
   endloop
 endfacet
 facet normal -0.000000e+00  0.000000e+00 -1.000000e+00
   outer loop
     vertex  4.646447e+00 -1.927145e+01  0.000000e+00
     vertex  2.893013e+00 -1.937500e+01  0.000000e+00
     vertex  2.813553e+00 -1.927145e+01  0.000000e+00
   endloop
 endfacet
 facet normal  0.000000e+00  0.000000e+00 -1.000000e+00
   outer loop
     vertex  4.646447e+00 -1.927145e+01  0.000000e+00
     vertex  4.566987e+00 -1.937500e+01  0.000000e+00
     vertex  2.893013e+00 -1.937500e+01  0.000000e+00
   endloop
 endfacet
 facet normal  0.000000e+00  0.000000e+00 -1.000000e+00
   outer loop
     vertex -6.347700e-02 -1.346847e+01  0.000000e+00
     vertex -2.620000e+00 -1.912500e+01  0.000000e+00
     vertex -5.180519e+00 -1.381473e+01  0.000000e+00
   endloop
 endfacet
 facet normal -0.000000e+00  0.000000e+00 -1.000000e+00
   outer loop
     vertex -6.347700e-02 -1.346847e+01  0.000000e+00
     vertex -5.180519e+00 -1.381473e+01  0.000000e+00
     vertex -4.237427e+00 -1.283752e+01  0.000000e+00
   endloop
 endfacet
 facet normal  0.000000e+00 -0.000000e+00 -1.000000e+00
   outer loop
     vertex  2.956770e-01 -1.382400e+01  0.000000e+00
     vertex  2.330590e+00 -1.914204e+01  0.000000e+00
     vertex  4.940952e-02 -1.914204e+01  0.000000e+00
   endloop
 endfacet
 facet normal -0.000000e+00  0.000000e+00 -1.000000e+00
   outer loop
     vertex  2.956770e-01 -1.382400e+01  0.000000e+00
     vertex -2.620000e+00 -1.912500e+01  0.000000e+00
     vertex -6.347700e-02 -1.346847e+01  0.000000e+00
   endloop
 endfacet
 facet normal  0.000000e+00  0.000000e+00 -1.000000e+00
   outer loop
     vertex  2.956770e-01 -1.382400e+01  0.000000e+00
     vertex -2.490590e+00 -1.914204e+01  0.000000e+00
     vertex -2.620000e+00 -1.912500e+01  0.000000e+00
   endloop
 endfacet
 facet normal  0.000000e+00  0.000000e+00 -1.000000e+00
   outer loop
     vertex  2.956770e-01 -1.382400e+01  0.000000e+00
     vertex -8.000000e-02 -1.912500e+01  0.000000e+00
     vertex -2.094095e-01 -1.914204e+01  0.000000e+00
   endloop
 endfacet
 facet normal  0.000000e+00  0.000000e+00 -1.000000e+00
   outer loop
     vertex  2.956770e-01 -1.382400e+01  0.000000e+00
     vertex  4.940952e-02 -1.914204e+01  0.000000e+00
     vertex -8.000000e-02 -1.912500e+01  0.000000e+00
   endloop
 endfacet
 facet normal  0.000000e+00  0.000000e+00 -1.000000e+00
   outer loop
     vertex  2.956770e-01 -1.382400e+01  0.000000e+00
     vertex -2.094095e-01 -1.914204e+01  0.000000e+00
     vertex -2.490590e+00 -1.914204e+01  0.000000e+00
   endloop
 endfacet
 facet normal -0.000000e+00 -0.000000e+00 -1.000000e+00
   outer loop
     vertex -6.407010e-01 -1.287575e+01  0.000000e+00
     vertex -6.347700e-02 -1.346847e+01  0.000000e+00
     vertex -4.237427e+00 -1.283752e+01  0.000000e+00
   endloop
 endfacet
 facet normal  0.000000e+00  0.000000e+00 -1.000000e+00
   outer loop
     vertex -3.924263e+00 -9.067726e+00  0.000000e+00
     vertex -3.992989e+00 -9.257896e+00  0.000000e+00
     vertex -3.973869e+00 -9.196915e+00  0.000000e+00
   endloop
 endfacet
 facet normal  0.000000e+00  0.000000e+00 -1.000000e+00
   outer loop
     vertex  6.191710e-01 -1.347209e+01  0.000000e+00
     vertex  2.956770e-01 -1.382400e+01  0.000000e+00
     vertex  4.827500e-01 -1.359560e+01  0.000000e+00
   endloop
 endfacet
 facet normal  0.000000e+00 -0.000000e+00 -1.000000e+00
   outer loop
     vertex -8.830640e-01 -1.171664e+01  0.000000e+00
     vertex -6.407010e-01 -1.287575e+01  0.000000e+00
     vertex -4.237427e+00 -1.283752e+01  0.000000e+00
   endloop
 endfacet
 facet normal  0.000000e+00  0.000000e+00 -1.000000e+00
   outer loop
     vertex -8.830640e-01 -1.171664e+01  0.000000e+00
     vertex -4.237427e+00 -1.283752e+01  0.000000e+00
     vertex -4.060173e+00 -1.171666e+01  0.000000e+00
   endloop
 endfacet
 facet normal  0.000000e+00  0.000000e+00 -1.000000e+00
   outer loop
     vertex  5.294899e+00 -1.771684e+01  0.000000e+00
     vertex  4.870590e+00 -1.914204e+01  0.000000e+00
     vertex  4.750000e+00 -1.919199e+01  0.000000e+00
   endloop
 endfacet
 facet normal  0.000000e+00  0.000000e+00 -1.000000e+00
   outer loop
     vertex  5.294899e+00 -1.771684e+01  0.000000e+00
     vertex  5.000000e+00 -1.912500e+01  0.000000e+00
     vertex  4.870590e+00 -1.914204e+01  0.000000e+00
   endloop
 endfacet
 facet normal  0.000000e+00  0.000000e+00 -1.000000e+00
   outer loop
     vertex  5.294899e+00 -1.771684e+01  0.000000e+00
     vertex  5.129410e+00 -1.914204e+01  0.000000e+00
     vertex  5.000000e+00 -1.912500e+01  0.000000e+00
   endloop
 endfacet
 facet normal  0.000000e+00  0.000000e+00 -1.000000e+00
   outer loop
     vertex  5.294899e+00 -1.771684e+01  0.000000e+00
     vertex  5.250000e+00 -1.919199e+01  0.000000e+00
     vertex  5.129410e+00 -1.914204e+01  0.000000e+00
   endloop
 endfacet
 facet normal  0.000000e+00 -0.000000e+00 -1.000000e+00
   outer loop
     vertex  5.294899e+00 -1.771684e+01  0.000000e+00
     vertex  5.353553e+00 -1.927145e+01  0.000000e+00
     vertex  5.250000e+00 -1.919199e+01  0.000000e+00
   endloop
 endfacet
 facet normal  0.000000e+00  0.000000e+00 -1.000000e+00
   outer loop
     vertex  4.801910e+00 -1.720525e+01  0.000000e+00
     vertex  2.813553e+00 -1.927145e+01  0.000000e+00
     vertex  2.710000e+00 -1.919199e+01  0.000000e+00
   endloop
 endfacet
 facet normal  0.000000e+00  0.000000e+00 -1.000000e+00
   outer loop
     vertex  4.801910e+00 -1.720525e+01  0.000000e+00
     vertex  4.646447e+00 -1.927145e+01  0.000000e+00
     vertex  2.813553e+00 -1.927145e+01  0.000000e+00
   endloop
 endfacet
 facet normal  0.000000e+00 -0.000000e+00 -1.000000e+00
   outer loop
     vertex  4.801910e+00 -1.720525e+01  0.000000e+00
     vertex  5.294899e+00 -1.771684e+01  0.000000e+00
     vertex  4.750000e+00 -1.919199e+01  0.000000e+00
   endloop
 endfacet
 facet normal  0.000000e+00  0.000000e+00 -1.000000e+00
   outer loop
     vertex  4.801910e+00 -1.720525e+01  0.000000e+00
     vertex  4.750000e+00 -1.919199e+01  0.000000e+00
     vertex  4.646447e+00 -1.927145e+01  0.000000e+00
   endloop
 endfacet
 facet normal  0.000000e+00  0.000000e+00 -1.000000e+00
   outer loop
     vertex  4.257759e+00 -1.665696e+01  0.000000e+00
     vertex  2.460000e+00 -1.912500e+01  0.000000e+00
     vertex  2.330590e+00 -1.914204e+01  0.000000e+00
   endloop
 endfacet
 facet normal  0.000000e+00  0.000000e+00 -1.000000e+00
   outer loop
     vertex  4.257759e+00 -1.665696e+01  0.000000e+00
     vertex  2.589410e+00 -1.914204e+01  0.000000e+00
     vertex  2.460000e+00 -1.912500e+01  0.000000e+00
   endloop
 endfacet
 facet normal  0.000000e+00  0.000000e+00 -1.000000e+00
   outer loop
     vertex  4.257759e+00 -1.665696e+01  0.000000e+00
     vertex  2.710000e+00 -1.919199e+01  0.000000e+00
     vertex  2.589410e+00 -1.914204e+01  0.000000e+00
   endloop
 endfacet
 facet normal  0.000000e+00 -0.000000e+00 -1.000000e+00
   outer loop
     vertex  4.257759e+00 -1.665696e+01  0.000000e+00
     vertex  4.801910e+00 -1.720525e+01  0.000000e+00
     vertex  2.710000e+00 -1.919199e+01  0.000000e+00
   endloop
 endfacet
 facet normal -0.000000e+00  0.000000e+00 -1.000000e+00
   outer loop
     vertex  4.257759e+00 -1.665696e+01  0.000000e+00
     vertex  2.330590e+00 -1.914204e+01  0.000000e+00
     vertex  2.956770e-01 -1.382400e+01  0.000000e+00
   endloop
 endfacet
 facet normal -0.000000e+00 -0.000000e+00 -1.000000e+00
   outer loop
     vertex -6.407010e-01 -1.171664e+01  0.000000e+00
     vertex -6.407010e-01 -1.287575e+01  0.000000e+00
     vertex -8.830640e-01 -1.171664e+01  0.000000e+00
   endloop
 endfacet
 facet normal  0.000000e+00  0.000000e+00 -1.000000e+00
   outer loop
     vertex -1.114355e+01 -1.127962e+00  0.000000e+00
     vertex -1.193059e+01 -2.491151e+00  0.000000e+00
     vertex -1.206000e+01 -2.474114e+00  0.000000e+00
   endloop
 endfacet
 facet normal -0.000000e+00  0.000000e+00 -1.000000e+00
   outer loop
     vertex -1.104000e+01 -1.207422e+00  0.000000e+00
     vertex -1.193059e+01 -2.491151e+00  0.000000e+00
     vertex -1.114355e+01 -1.127962e+00  0.000000e+00
   endloop
 endfacet
 facet normal  0.000000e+00  0.000000e+00 -1.000000e+00
   outer loop
     vertex -1.104000e+01 -1.207422e+00  0.000000e+00
     vertex -1.181000e+01 -2.541101e+00  0.000000e+00
     vertex -1.193059e+01 -2.491151e+00  0.000000e+00
   endloop
 endfacet
 facet normal  0.000000e+00  0.000000e+00 -1.000000e+00
   outer loop
     vertex -1.122301e+01 -1.024409e+00  0.000000e+00
     vertex -1.206000e+01 -2.474114e+00  0.000000e+00
     vertex -1.218941e+01 -2.491151e+00  0.000000e+00
   endloop
 endfacet
 facet normal  0.000000e+00 -0.000000e+00 -1.000000e+00
   outer loop
     vertex -1.122301e+01 -1.024409e+00  0.000000e+00
     vertex -1.114355e+01 -1.127962e+00  0.000000e+00
     vertex -1.206000e+01 -2.474114e+00  0.000000e+00
   endloop
 endfacet
 facet normal  0.000000e+00  0.000000e+00 -1.000000e+00
   outer loop
     vertex -1.127296e+01 -9.038185e-01  0.000000e+00
     vertex -1.218941e+01 -2.491151e+00  0.000000e+00
     vertex -1.231000e+01 -2.541101e+00  0.000000e+00
   endloop
 endfacet
 facet normal  0.000000e+00 -0.000000e+00 -1.000000e+00
   outer loop
     vertex -1.127296e+01 -9.038185e-01  0.000000e+00
     vertex -1.122301e+01 -1.024409e+00  0.000000e+00
     vertex -1.218941e+01 -2.491151e+00  0.000000e+00
   endloop
 endfacet
 facet normal  0.000000e+00  0.000000e+00 -1.000000e+00
   outer loop
     vertex -1.091941e+01 -1.257372e+00  0.000000e+00
     vertex -1.170645e+01 -2.620561e+00  0.000000e+00
     vertex -1.181000e+01 -2.541101e+00  0.000000e+00
   endloop
 endfacet
 facet normal -0.000000e+00  0.000000e+00 -1.000000e+00
   outer loop
     vertex -1.091941e+01 -1.257372e+00  0.000000e+00
     vertex -1.181000e+01 -2.541101e+00  0.000000e+00
     vertex -1.104000e+01 -1.207422e+00  0.000000e+00
   endloop
 endfacet
 facet normal -0.000000e+00  0.000000e+00 -1.000000e+00
   outer loop
     vertex -1.079000e+01 -1.274409e+00  0.000000e+00
     vertex -1.170645e+01 -2.620561e+00  0.000000e+00
     vertex -1.091941e+01 -1.257372e+00  0.000000e+00
   endloop
 endfacet
 facet normal  0.000000e+00  0.000000e+00 -1.000000e+00
   outer loop
     vertex -1.079000e+01 -1.274409e+00  0.000000e+00
     vertex -1.162699e+01 -2.724114e+00  0.000000e+00
     vertex -1.170645e+01 -2.620561e+00  0.000000e+00
   endloop
 endfacet
 facet normal  0.000000e+00  0.000000e+00 -1.000000e+00
   outer loop
     vertex -1.129000e+01 -7.744090e-01  0.000000e+00
     vertex -1.231000e+01 -2.541101e+00  0.000000e+00
     vertex -1.241355e+01 -2.620561e+00  0.000000e+00
   endloop
 endfacet
 facet normal  0.000000e+00 -0.000000e+00 -1.000000e+00
   outer loop
     vertex -1.129000e+01 -7.744090e-01  0.000000e+00
     vertex -1.127296e+01 -9.038185e-01  0.000000e+00
     vertex -1.231000e+01 -2.541101e+00  0.000000e+00
   endloop
 endfacet
 facet normal  0.000000e+00  0.000000e+00 -1.000000e+00
   outer loop
     vertex -1.066059e+01 -1.257372e+00  0.000000e+00
     vertex -1.157704e+01 -2.844704e+00  0.000000e+00
     vertex -1.162699e+01 -2.724114e+00  0.000000e+00
   endloop
 endfacet
 facet normal  0.000000e+00  0.000000e+00 -1.000000e+00
   outer loop
     vertex -1.066059e+01 -1.257372e+00  0.000000e+00
     vertex -1.162699e+01 -2.724114e+00  0.000000e+00
     vertex -1.079000e+01 -1.274409e+00  0.000000e+00
   endloop
 endfacet
 facet normal  0.000000e+00  0.000000e+00 -1.000000e+00
   outer loop
     vertex -1.127296e+01 -6.449995e-01  0.000000e+00
     vertex -1.241355e+01 -2.620561e+00  0.000000e+00
     vertex -1.249301e+01 -2.724114e+00  0.000000e+00
   endloop
 endfacet
 facet normal  0.000000e+00  0.000000e+00 -1.000000e+00
   outer loop
     vertex -1.127296e+01 -6.449995e-01  0.000000e+00
     vertex -1.129000e+01 -7.744090e-01  0.000000e+00
     vertex -1.241355e+01 -2.620561e+00  0.000000e+00
   endloop
 endfacet
 facet normal  0.000000e+00  0.000000e+00 -1.000000e+00
   outer loop
     vertex -1.054000e+01 -1.207422e+00  0.000000e+00
     vertex -1.156000e+01 -2.974114e+00  0.000000e+00
     vertex -1.157704e+01 -2.844704e+00  0.000000e+00
   endloop
 endfacet
 facet normal  0.000000e+00  0.000000e+00 -1.000000e+00
   outer loop
     vertex -1.054000e+01 -1.207422e+00  0.000000e+00
     vertex -1.157704e+01 -2.844704e+00  0.000000e+00
     vertex -1.066059e+01 -1.257372e+00  0.000000e+00
   endloop
 endfacet
 facet normal  0.000000e+00  0.000000e+00 -1.000000e+00
   outer loop
     vertex -1.122301e+01 -5.244090e-01  0.000000e+00
     vertex -1.127296e+01 -6.449995e-01  0.000000e+00
     vertex -1.249301e+01 -2.724114e+00  0.000000e+00
   endloop
 endfacet
 facet normal  0.000000e+00  0.000000e+00 -1.000000e+00
   outer loop
     vertex -1.043645e+01 -1.127962e+00  0.000000e+00
     vertex -1.157704e+01 -3.103524e+00  0.000000e+00
     vertex -1.156000e+01 -2.974114e+00  0.000000e+00
   endloop
 endfacet
 facet normal  0.000000e+00 -0.000000e+00 -1.000000e+00
   outer loop
     vertex -1.043645e+01 -1.127962e+00  0.000000e+00
     vertex -7.951935e+00 -7.454849e+00  0.000000e+00
     vertex -1.157704e+01 -3.103524e+00  0.000000e+00
   endloop
 endfacet
 facet normal  0.000000e+00  0.000000e+00 -1.000000e+00
   outer loop
     vertex -1.043645e+01 -1.127962e+00  0.000000e+00
     vertex -1.156000e+01 -2.974114e+00  0.000000e+00
     vertex -1.054000e+01 -1.207422e+00  0.000000e+00
   endloop
 endfacet
 facet normal  0.000000e+00 -0.000000e+00 -1.000000e+00
   outer loop
     vertex -8.928680e-01 -1.020304e+01  0.000000e+00
     vertex -8.830640e-01 -1.171664e+01  0.000000e+00
     vertex -4.060173e+00 -1.171666e+01  0.000000e+00
   endloop
 endfacet
 facet normal  0.000000e+00  0.000000e+00 -1.000000e+00
   outer loop
     vertex -8.928680e-01 -1.020304e+01  0.000000e+00
     vertex -3.992989e+00 -9.257896e+00  0.000000e+00
     vertex -3.924263e+00 -9.067726e+00  0.000000e+00
   endloop
 endfacet
 facet normal  0.000000e+00  0.000000e+00 -1.000000e+00
   outer loop
     vertex -8.928680e-01 -1.020304e+01  0.000000e+00
     vertex -3.649818e+00 -8.599533e+00  0.000000e+00
     vertex -3.579018e+00 -8.517883e+00  0.000000e+00
   endloop
 endfacet
 facet normal  0.000000e+00  0.000000e+00 -1.000000e+00
   outer loop
     vertex -8.928680e-01 -1.020304e+01  0.000000e+00
     vertex -3.916466e+00 -9.049637e+00  0.000000e+00
     vertex -3.649818e+00 -8.599533e+00  0.000000e+00
   endloop
 endfacet
 facet normal  0.000000e+00  0.000000e+00 -1.000000e+00
   outer loop
     vertex -8.928680e-01 -1.020304e+01  0.000000e+00
     vertex -3.924263e+00 -9.067726e+00  0.000000e+00
     vertex -3.916466e+00 -9.049637e+00  0.000000e+00
   endloop
 endfacet
 facet normal  0.000000e+00  0.000000e+00 -1.000000e+00
   outer loop
     vertex -8.928680e-01 -1.020304e+01  0.000000e+00
     vertex -4.078262e+00 -1.018962e+01  0.000000e+00
     vertex -3.992989e+00 -9.257896e+00  0.000000e+00
   endloop
 endfacet
 facet normal -0.000000e+00  0.000000e+00 -1.000000e+00
   outer loop
     vertex -8.928680e-01 -1.020304e+01  0.000000e+00
     vertex -4.060173e+00 -1.171666e+01  0.000000e+00
     vertex -4.078262e+00 -1.018962e+01  0.000000e+00
   endloop
 endfacet
 facet normal  0.000000e+00  0.000000e+00 -1.000000e+00
   outer loop
     vertex  6.908241e+00 -1.793388e+01  0.000000e+00
     vertex  5.433013e+00 -1.937500e+01  0.000000e+00
     vertex  5.353553e+00 -1.927145e+01  0.000000e+00
   endloop
 endfacet
 facet normal  0.000000e+00  0.000000e+00 -1.000000e+00
   outer loop
     vertex  6.908241e+00 -1.793388e+01  0.000000e+00
     vertex  5.482963e+00 -1.949559e+01  0.000000e+00
     vertex  5.433013e+00 -1.937500e+01  0.000000e+00
   endloop
 endfacet
 facet normal  0.000000e+00  0.000000e+00 -1.000000e+00
   outer loop
     vertex  6.908241e+00 -1.793388e+01  0.000000e+00
     vertex  5.500000e+00 -1.962500e+01  0.000000e+00
     vertex  5.482963e+00 -1.949559e+01  0.000000e+00
   endloop
 endfacet
 facet normal -0.000000e+00  0.000000e+00 -1.000000e+00
   outer loop
     vertex  6.908241e+00 -1.793388e+01  0.000000e+00
     vertex  5.353553e+00 -1.927145e+01  0.000000e+00
     vertex  5.294899e+00 -1.771684e+01  0.000000e+00
   endloop
 endfacet
 facet normal -0.000000e+00 -0.000000e+00 -1.000000e+00
   outer loop
     vertex  6.908241e+00 -1.771684e+01  0.000000e+00
     vertex  6.908241e+00 -1.793388e+01  0.000000e+00
     vertex  5.294899e+00 -1.771684e+01  0.000000e+00
   endloop
 endfacet
 facet normal  0.000000e+00  0.000000e+00 -1.000000e+00
   outer loop
     vertex  4.257759e+00 -1.491598e+01  0.000000e+00
     vertex  2.956770e-01 -1.382400e+01  0.000000e+00
     vertex  6.191710e-01 -1.347209e+01  0.000000e+00
   endloop
 endfacet
 facet normal -0.000000e+00 -0.000000e+00 -1.000000e+00
   outer loop
     vertex  4.257759e+00 -1.491598e+01  0.000000e+00
     vertex  4.257759e+00 -1.665696e+01  0.000000e+00
     vertex  2.956770e-01 -1.382400e+01  0.000000e+00
   endloop
 endfacet
 facet normal  0.000000e+00 -0.000000e+00 -1.000000e+00
   outer loop
     vertex -2.683464e+00 -7.622849e+00  0.000000e+00
     vertex -8.928680e-01 -1.020304e+01  0.000000e+00
     vertex -3.579018e+00 -8.517883e+00  0.000000e+00
   endloop
 endfacet
 facet normal  0.000000e+00  0.000000e+00 -1.000000e+00
   outer loop
     vertex  7.693214e+00 -1.783621e+01  0.000000e+00
     vertex  5.482963e+00 -1.975441e+01  0.000000e+00
     vertex  5.500000e+00 -1.962500e+01  0.000000e+00
   endloop
 endfacet
 facet normal  0.000000e+00  0.000000e+00 -1.000000e+00
   outer loop
     vertex  7.693214e+00 -1.783621e+01  0.000000e+00
     vertex  5.500000e+00 -1.962500e+01  0.000000e+00
     vertex  6.908241e+00 -1.793388e+01  0.000000e+00
   endloop
 endfacet
 facet normal -0.000000e+00 -0.000000e+00 -1.000000e+00
   outer loop
     vertex  4.257721e+00 -1.433405e+01  0.000000e+00
     vertex  4.257759e+00 -1.491598e+01  0.000000e+00
     vertex  6.191710e-01 -1.347209e+01  0.000000e+00
   endloop
 endfacet
 facet normal  0.000000e+00  0.000000e+00 -1.000000e+00
   outer loop
     vertex  8.230644e+00 -1.786153e+01  0.000000e+00
     vertex  5.433013e+00 -1.987500e+01  0.000000e+00
     vertex  5.482963e+00 -1.975441e+01  0.000000e+00
   endloop
 endfacet
 facet normal -0.000000e+00  0.000000e+00 -1.000000e+00
   outer loop
     vertex  8.230644e+00 -1.786153e+01  0.000000e+00
     vertex  5.482963e+00 -1.975441e+01  0.000000e+00
     vertex  7.693214e+00 -1.783621e+01  0.000000e+00
   endloop
 endfacet
 facet normal  0.000000e+00  0.000000e+00 -1.000000e+00
   outer loop
     vertex -4.086021e+00 -5.509743e+00  0.000000e+00
     vertex -5.894699e+00 -8.642372e+00  0.000000e+00
     vertex -7.951935e+00 -7.454849e+00  0.000000e+00
   endloop
 endfacet
 facet normal -0.000000e+00  0.000000e+00 -1.000000e+00
   outer loop
     vertex -4.086021e+00 -5.509743e+00  0.000000e+00
     vertex -7.951935e+00 -7.454849e+00  0.000000e+00
     vertex -1.043645e+01 -1.127962e+00  0.000000e+00
   endloop
 endfacet
 facet normal  0.000000e+00  0.000000e+00 -1.000000e+00
   outer loop
     vertex -4.086021e+00 -5.509743e+00  0.000000e+00
     vertex -1.043645e+01 -1.127962e+00  0.000000e+00
     vertex -1.035699e+01 -1.024409e+00  0.000000e+00
   endloop
 endfacet
 facet normal  0.000000e+00 -0.000000e+00 -1.000000e+00
   outer loop
     vertex -2.200287e+00 -7.148460e+00  0.000000e+00
     vertex -8.928680e-01 -1.020304e+01  0.000000e+00
     vertex -2.683464e+00 -7.622849e+00  0.000000e+00
   endloop
 endfacet
 facet normal -0.000000e+00  0.000000e+00 -1.000000e+00
   outer loop
     vertex -3.956482e+00 -5.374413e+00  0.000000e+00
     vertex -4.086021e+00 -5.509743e+00  0.000000e+00
     vertex -1.035699e+01 -1.024409e+00  0.000000e+00
   endloop
 endfacet
 facet normal  0.000000e+00  0.000000e+00 -1.000000e+00
   outer loop
     vertex -3.956482e+00 -5.374413e+00  0.000000e+00
     vertex -1.035699e+01 -1.024409e+00  0.000000e+00
     vertex -1.030704e+01 -9.038185e-01  0.000000e+00
   endloop
 endfacet
 facet normal  0.000000e+00  0.000000e+00 -1.000000e+00
   outer loop
     vertex -9.873553e+00  1.071742e+00  0.000000e+00
     vertex -1.054000e+01 -3.413963e-01  0.000000e+00
     vertex -1.066059e+01 -2.914461e-01  0.000000e+00
   endloop
 endfacet
 facet normal  0.000000e+00 -0.000000e+00 -1.000000e+00
   outer loop
     vertex -9.953013e+00  1.175295e+00  0.000000e+00
     vertex -9.873553e+00  1.071742e+00  0.000000e+00
     vertex -1.066059e+01 -2.914461e-01  0.000000e+00
   endloop
 endfacet
 facet normal  0.000000e+00  0.000000e+00 -1.000000e+00
   outer loop
     vertex -9.953013e+00  1.175295e+00  0.000000e+00
     vertex -1.066059e+01 -2.914461e-01  0.000000e+00
     vertex -1.079000e+01 -2.744090e-01  0.000000e+00
   endloop
 endfacet
 facet normal -0.000000e+00  0.000000e+00 -1.000000e+00
   outer loop
     vertex -9.770000e+00  9.922823e-01  0.000000e+00
     vertex -1.054000e+01 -3.413963e-01  0.000000e+00
     vertex -9.873553e+00  1.071742e+00  0.000000e+00
   endloop
 endfacet
 facet normal  0.000000e+00  0.000000e+00 -1.000000e+00
   outer loop
     vertex -9.770000e+00  9.922823e-01  0.000000e+00
     vertex -1.043645e+01 -4.208556e-01  0.000000e+00
     vertex -1.054000e+01 -3.413963e-01  0.000000e+00
   endloop
 endfacet
 facet normal  0.000000e+00  0.000000e+00 -1.000000e+00
   outer loop
     vertex -9.649410e+00  9.423321e-01  0.000000e+00
     vertex -1.035699e+01 -5.244090e-01  0.000000e+00
     vertex -1.043645e+01 -4.208556e-01  0.000000e+00
   endloop
 endfacet
 facet normal -0.000000e+00  0.000000e+00 -1.000000e+00
   outer loop
     vertex -9.649410e+00  9.423321e-01  0.000000e+00
     vertex -1.043645e+01 -4.208556e-01  0.000000e+00
     vertex -9.770000e+00  9.922823e-01  0.000000e+00
   endloop
 endfacet
 facet normal  0.000000e+00 -0.000000e+00 -1.000000e+00
   outer loop
     vertex -1.000296e+01  1.295885e+00  0.000000e+00
     vertex -9.953013e+00  1.175295e+00  0.000000e+00
     vertex -1.079000e+01 -2.744090e-01  0.000000e+00
   endloop
 endfacet
 facet normal  0.000000e+00  0.000000e+00 -1.000000e+00
   outer loop
     vertex -1.000296e+01  1.295885e+00  0.000000e+00
     vertex -1.079000e+01 -2.744090e-01  0.000000e+00
     vertex -1.091941e+01 -2.914461e-01  0.000000e+00
   endloop
 endfacet
 facet normal  0.000000e+00  0.000000e+00 -1.000000e+00
   outer loop
     vertex -9.520000e+00  9.252950e-01  0.000000e+00
     vertex -1.030704e+01 -6.449995e-01  0.000000e+00
     vertex -1.035699e+01 -5.244090e-01  0.000000e+00
   endloop
 endfacet
 facet normal -0.000000e+00  0.000000e+00 -1.000000e+00
   outer loop
     vertex -9.520000e+00  9.252950e-01  0.000000e+00
     vertex -1.035699e+01 -5.244090e-01  0.000000e+00
     vertex -9.649410e+00  9.423321e-01  0.000000e+00
   endloop
 endfacet
 facet normal  0.000000e+00 -0.000000e+00 -1.000000e+00
   outer loop
     vertex -1.002000e+01  1.425295e+00  0.000000e+00
     vertex -1.000296e+01  1.295885e+00  0.000000e+00
     vertex -1.091941e+01 -2.914461e-01  0.000000e+00
   endloop
 endfacet
 facet normal  0.000000e+00  0.000000e+00 -1.000000e+00
   outer loop
     vertex -1.002000e+01  1.425295e+00  0.000000e+00
     vertex -1.091941e+01 -2.914461e-01  0.000000e+00
     vertex -1.104000e+01 -3.413963e-01  0.000000e+00
   endloop
 endfacet
 facet normal  0.000000e+00  0.000000e+00 -1.000000e+00
   outer loop
     vertex -1.000296e+01  1.554705e+00  0.000000e+00
     vertex -1.104000e+01 -3.413963e-01  0.000000e+00
     vertex -1.114355e+01 -4.208556e-01  0.000000e+00
   endloop
 endfacet
 facet normal  0.000000e+00  0.000000e+00 -1.000000e+00
   outer loop
     vertex -1.000296e+01  1.554705e+00  0.000000e+00
     vertex -1.002000e+01  1.425295e+00  0.000000e+00
     vertex -1.104000e+01 -3.413963e-01  0.000000e+00
   endloop
 endfacet
 facet normal  0.000000e+00  0.000000e+00 -1.000000e+00
   outer loop
     vertex -9.390590e+00  9.423321e-01  0.000000e+00
     vertex -1.030704e+01 -6.449995e-01  0.000000e+00
     vertex -9.520000e+00  9.252950e-01  0.000000e+00
   endloop
 endfacet
 facet normal  0.000000e+00  0.000000e+00 -1.000000e+00
   outer loop
     vertex -9.390590e+00  9.423321e-01  0.000000e+00
     vertex -1.029000e+01 -7.744090e-01  0.000000e+00
     vertex -1.030704e+01 -6.449995e-01  0.000000e+00
   endloop
 endfacet
 facet normal  0.000000e+00  0.000000e+00 -1.000000e+00
   outer loop
     vertex -9.953013e+00  1.675295e+00  0.000000e+00
     vertex -1.114355e+01 -4.208556e-01  0.000000e+00
     vertex -1.122301e+01 -5.244090e-01  0.000000e+00
   endloop
 endfacet
 facet normal  0.000000e+00  0.000000e+00 -1.000000e+00
   outer loop
     vertex -9.953013e+00  1.675295e+00  0.000000e+00
     vertex -1.000296e+01  1.554705e+00  0.000000e+00
     vertex -1.114355e+01 -4.208556e-01  0.000000e+00
   endloop
 endfacet
 facet normal  0.000000e+00  0.000000e+00 -1.000000e+00
   outer loop
     vertex -9.270000e+00  9.922823e-01  0.000000e+00
     vertex -1.029000e+01 -7.744090e-01  0.000000e+00
     vertex -9.390590e+00  9.423321e-01  0.000000e+00
   endloop
 endfacet
 facet normal  0.000000e+00  0.000000e+00 -1.000000e+00
   outer loop
     vertex -9.270000e+00  9.922823e-01  0.000000e+00
     vertex -1.030704e+01 -9.038185e-01  0.000000e+00
     vertex -1.029000e+01 -7.744090e-01  0.000000e+00
   endloop
 endfacet
 facet normal  0.000000e+00  0.000000e+00 -1.000000e+00
   outer loop
     vertex -9.166447e+00  1.071742e+00  0.000000e+00
     vertex -1.030704e+01 -9.038185e-01  0.000000e+00
     vertex -9.270000e+00  9.922823e-01  0.000000e+00
   endloop
 endfacet
 facet normal  0.000000e+00 -0.000000e+00 -1.000000e+00
   outer loop
     vertex  4.257721e+00 -1.171664e+01  0.000000e+00
     vertex  4.257721e+00 -1.433405e+01  0.000000e+00
     vertex  6.191710e-01 -1.347209e+01  0.000000e+00
   endloop
 endfacet
 facet normal -0.000000e+00  0.000000e+00 -1.000000e+00
   outer loop
     vertex  4.257721e+00 -1.171664e+01  0.000000e+00
     vertex  6.403730e-01 -1.224633e+01  0.000000e+00
     vertex  6.403730e-01 -1.171664e+01  0.000000e+00
   endloop
 endfacet
 facet normal  0.000000e+00  0.000000e+00 -1.000000e+00
   outer loop
     vertex  4.257721e+00 -1.171664e+01  0.000000e+00
     vertex  6.191710e-01 -1.347209e+01  0.000000e+00
     vertex  6.403730e-01 -1.224633e+01  0.000000e+00
   endloop
 endfacet
 facet normal -0.000000e+00  0.000000e+00 -1.000000e+00
   outer loop
     vertex  1.045006e+00 -8.252258e+00  0.000000e+00
     vertex -8.928680e-01 -1.020304e+01  0.000000e+00
     vertex -2.200287e+00 -7.148460e+00  0.000000e+00
   endloop
 endfacet
 facet normal -0.000000e+00  0.000000e+00 -1.000000e+00
   outer loop
     vertex  1.136361e+01 -1.806619e+01  0.000000e+00
     vertex  5.433013e+00 -1.987500e+01  0.000000e+00
     vertex  8.230644e+00 -1.786153e+01  0.000000e+00
   endloop
 endfacet
 facet normal  0.000000e+00  0.000000e+00 -1.000000e+00
   outer loop
     vertex  1.136361e+01 -1.806619e+01  0.000000e+00
     vertex  5.353553e+00 -1.997855e+01  0.000000e+00
     vertex  5.433013e+00 -1.987500e+01  0.000000e+00
   endloop
 endfacet
 facet normal  0.000000e+00  0.000000e+00 -1.000000e+00
   outer loop
     vertex  1.136361e+01 -1.806619e+01  0.000000e+00
     vertex  5.250000e+00 -2.005801e+01  0.000000e+00
     vertex  5.353553e+00 -1.997855e+01  0.000000e+00
   endloop
 endfacet
 facet normal  0.000000e+00  0.000000e+00 -1.000000e+00
   outer loop
     vertex  1.149280e+01 -1.805069e+01  0.000000e+00
     vertex  5.250000e+00 -2.005801e+01  0.000000e+00
     vertex  1.136361e+01 -1.806619e+01  0.000000e+00
   endloop
 endfacet
 facet normal  0.000000e+00  0.000000e+00 -1.000000e+00
   outer loop
     vertex -8.603553e+00  3.271447e+00  0.000000e+00
     vertex -9.390590e+00  1.908258e+00  0.000000e+00
     vertex -9.520000e+00  1.925295e+00  0.000000e+00
   endloop
 endfacet
 facet normal  0.000000e+00  0.000000e+00 -1.000000e+00
   outer loop
     vertex -8.500000e+00  3.191987e+00  0.000000e+00
     vertex -9.270000e+00  1.858308e+00  0.000000e+00
     vertex -9.390590e+00  1.908258e+00  0.000000e+00
   endloop
 endfacet
 facet normal -0.000000e+00  0.000000e+00 -1.000000e+00
   outer loop
     vertex -8.500000e+00  3.191987e+00  0.000000e+00
     vertex -9.390590e+00  1.908258e+00  0.000000e+00
     vertex -8.603553e+00  3.271447e+00  0.000000e+00
   endloop
 endfacet
 facet normal  0.000000e+00  0.000000e+00 -1.000000e+00
   outer loop
     vertex -8.683013e+00  3.375000e+00  0.000000e+00
     vertex -9.520000e+00  1.925295e+00  0.000000e+00
     vertex -9.649410e+00  1.908258e+00  0.000000e+00
   endloop
 endfacet
 facet normal  0.000000e+00 -0.000000e+00 -1.000000e+00
   outer loop
     vertex -8.683013e+00  3.375000e+00  0.000000e+00
     vertex -8.603553e+00  3.271447e+00  0.000000e+00
     vertex -9.520000e+00  1.925295e+00  0.000000e+00
   endloop
 endfacet
 facet normal -0.000000e+00  0.000000e+00 -1.000000e+00
   outer loop
     vertex -8.379410e+00  3.142037e+00  0.000000e+00
     vertex -9.270000e+00  1.858308e+00  0.000000e+00
     vertex -8.500000e+00  3.191987e+00  0.000000e+00
   endloop
 endfacet
 facet normal  0.000000e+00  0.000000e+00 -1.000000e+00
   outer loop
     vertex -8.379410e+00  3.142037e+00  0.000000e+00
     vertex -9.166447e+00  1.778848e+00  0.000000e+00
     vertex -9.270000e+00  1.858308e+00  0.000000e+00
   endloop
 endfacet
 facet normal  0.000000e+00 -0.000000e+00 -1.000000e+00
   outer loop
     vertex -8.732963e+00  3.495590e+00  0.000000e+00
     vertex -8.683013e+00  3.375000e+00  0.000000e+00
     vertex -9.649410e+00  1.908258e+00  0.000000e+00
   endloop
 endfacet
 facet normal  0.000000e+00  0.000000e+00 -1.000000e+00
   outer loop
     vertex -8.732963e+00  3.495590e+00  0.000000e+00
     vertex -9.649410e+00  1.908258e+00  0.000000e+00
     vertex -9.770000e+00  1.858308e+00  0.000000e+00
   endloop
 endfacet
 facet normal -0.000000e+00  0.000000e+00 -1.000000e+00
   outer loop
     vertex -8.250000e+00  3.125000e+00  0.000000e+00
     vertex -9.166447e+00  1.778848e+00  0.000000e+00
     vertex -8.379410e+00  3.142037e+00  0.000000e+00
   endloop
 endfacet
 facet normal  0.000000e+00  0.000000e+00 -1.000000e+00
   outer loop
     vertex -8.250000e+00  3.125000e+00  0.000000e+00
     vertex -9.086987e+00  1.675295e+00  0.000000e+00
     vertex -9.166447e+00  1.778848e+00  0.000000e+00
   endloop
 endfacet
 facet normal  0.000000e+00  0.000000e+00 -1.000000e+00
   outer loop
     vertex -8.750000e+00  3.625000e+00  0.000000e+00
     vertex -9.770000e+00  1.858308e+00  0.000000e+00
     vertex -9.873553e+00  1.778848e+00  0.000000e+00
   endloop
 endfacet
 facet normal  0.000000e+00 -0.000000e+00 -1.000000e+00
   outer loop
     vertex -8.750000e+00  3.625000e+00  0.000000e+00
     vertex -8.732963e+00  3.495590e+00  0.000000e+00
     vertex -9.770000e+00  1.858308e+00  0.000000e+00
   endloop
 endfacet
 facet normal  0.000000e+00  0.000000e+00 -1.000000e+00
   outer loop
     vertex -8.732963e+00  3.754410e+00  0.000000e+00
     vertex -8.750000e+00  3.625000e+00  0.000000e+00
     vertex -9.873553e+00  1.778848e+00  0.000000e+00
   endloop
 endfacet
 facet normal  0.000000e+00  0.000000e+00 -1.000000e+00
   outer loop
     vertex -8.732963e+00  3.754410e+00  0.000000e+00
     vertex -9.873553e+00  1.778848e+00  0.000000e+00
     vertex -9.953013e+00  1.675295e+00  0.000000e+00
   endloop
 endfacet
 facet normal  0.000000e+00  0.000000e+00 -1.000000e+00
   outer loop
     vertex -8.120590e+00  3.142037e+00  0.000000e+00
     vertex -9.037037e+00  1.554705e+00  0.000000e+00
     vertex -9.086987e+00  1.675295e+00  0.000000e+00
   endloop
 endfacet
 facet normal  0.000000e+00  0.000000e+00 -1.000000e+00
   outer loop
     vertex -8.120590e+00  3.142037e+00  0.000000e+00
     vertex -9.086987e+00  1.675295e+00  0.000000e+00
     vertex -8.250000e+00  3.125000e+00  0.000000e+00
   endloop
 endfacet
 facet normal  0.000000e+00 -0.000000e+00 -1.000000e+00
   outer loop
     vertex  3.617900e-02 -4.936722e+00  0.000000e+00
     vertex  1.045006e+00 -8.252258e+00  0.000000e+00
     vertex -2.200287e+00 -7.148460e+00  0.000000e+00
   endloop
 endfacet
 facet normal  0.000000e+00  0.000000e+00 -1.000000e+00
   outer loop
     vertex  3.617900e-02 -4.936722e+00  0.000000e+00
     vertex  1.405190e+00 -7.953049e+00  0.000000e+00
     vertex  1.045006e+00 -8.252258e+00  0.000000e+00
   endloop
 endfacet
 facet normal  0.000000e+00  0.000000e+00 -1.000000e+00
   outer loop
     vertex  3.617900e-02 -4.936722e+00  0.000000e+00
     vertex -2.200287e+00 -7.148460e+00  0.000000e+00
     vertex -3.956482e+00 -5.374413e+00  0.000000e+00
   endloop
 endfacet
 facet normal -0.000000e+00  0.000000e+00 -1.000000e+00
   outer loop
     vertex  3.617900e-02 -4.936722e+00  0.000000e+00
     vertex -3.956482e+00 -5.374413e+00  0.000000e+00
     vertex -2.311996e+00 -2.622131e+00  0.000000e+00
   endloop
 endfacet
 facet normal  0.000000e+00  0.000000e+00 -1.000000e+00
   outer loop
     vertex -8.683013e+00  3.875000e+00  0.000000e+00
     vertex -8.732963e+00  3.754410e+00  0.000000e+00
     vertex -9.953013e+00  1.675295e+00  0.000000e+00
   endloop
 endfacet
 facet normal  0.000000e+00  0.000000e+00 -1.000000e+00
   outer loop
     vertex -8.000000e+00  3.191987e+00  0.000000e+00
     vertex -9.037037e+00  1.554705e+00  0.000000e+00
     vertex -8.120590e+00  3.142037e+00  0.000000e+00
   endloop
 endfacet
 facet normal  0.000000e+00  0.000000e+00 -1.000000e+00
   outer loop
     vertex -8.000000e+00  3.191987e+00  0.000000e+00
     vertex -9.020000e+00  1.425295e+00  0.000000e+00
     vertex -9.037037e+00  1.554705e+00  0.000000e+00
   endloop
 endfacet
 facet normal -0.000000e+00  0.000000e+00 -1.000000e+00
   outer loop
     vertex -2.311996e+00 -2.439713e+00  0.000000e+00
     vertex -3.956482e+00 -5.374413e+00  0.000000e+00
     vertex -1.030704e+01 -9.038185e-01  0.000000e+00
   endloop
 endfacet
 facet normal  0.000000e+00  0.000000e+00 -1.000000e+00
   outer loop
     vertex -2.311996e+00 -2.439713e+00  0.000000e+00
     vertex -1.030704e+01 -9.038185e-01  0.000000e+00
     vertex -9.166447e+00  1.071742e+00  0.000000e+00
   endloop
 endfacet
 facet normal  0.000000e+00 -0.000000e+00 -1.000000e+00
   outer loop
     vertex -2.311996e+00 -2.439713e+00  0.000000e+00
     vertex -2.311996e+00 -2.622131e+00  0.000000e+00
     vertex -3.956482e+00 -5.374413e+00  0.000000e+00
   endloop
 endfacet
 facet normal  0.000000e+00  0.000000e+00 -1.000000e+00
   outer loop
     vertex -7.896447e+00  3.271447e+00  0.000000e+00
     vertex -9.020000e+00  1.425295e+00  0.000000e+00
     vertex -8.000000e+00  3.191987e+00  0.000000e+00
   endloop
 endfacet
 facet normal  0.000000e+00  0.000000e+00 -1.000000e+00
   outer loop
     vertex -7.896447e+00  3.271447e+00  0.000000e+00
     vertex -9.037037e+00  1.295885e+00  0.000000e+00
     vertex -9.020000e+00  1.425295e+00  0.000000e+00
   endloop
 endfacet
 facet normal  0.000000e+00 -0.000000e+00 -1.000000e+00
   outer loop
     vertex  6.810990e-01 -4.755852e+00  0.000000e+00
     vertex  1.405190e+00 -7.953049e+00  0.000000e+00
     vertex  3.617900e-02 -4.936722e+00  0.000000e+00
   endloop
 endfacet
 facet normal  0.000000e+00  0.000000e+00 -1.000000e+00
   outer loop
     vertex  3.886162e+00 -7.932426e+00  0.000000e+00
     vertex  2.650063e+00 -7.928825e+00  0.000000e+00
     vertex  2.650078e+00 -7.928757e+00  0.000000e+00
   endloop
 endfacet
 facet normal  0.000000e+00 -0.000000e+00 -1.000000e+00
   outer loop
     vertex  1.134191e+01 -1.522399e+01  0.000000e+00
     vertex  1.136361e+01 -1.806619e+01  0.000000e+00
     vertex  8.230644e+00 -1.786153e+01  0.000000e+00
   endloop
 endfacet
 facet normal  0.000000e+00 -0.000000e+00 -1.000000e+00
   outer loop
     vertex  1.051620e+00 -4.753265e+00  0.000000e+00
     vertex  1.405190e+00 -7.953049e+00  0.000000e+00
     vertex  6.810990e-01 -4.755852e+00  0.000000e+00
   endloop
 endfacet
 facet normal -0.000000e+00  0.000000e+00 -1.000000e+00
   outer loop
     vertex  1.051620e+00 -4.753265e+00  0.000000e+00
     vertex  6.810990e-01 -4.755852e+00  0.000000e+00
     vertex  8.087390e-01 -4.740349e+00  0.000000e+00
   endloop
 endfacet
 facet normal  0.000000e+00  0.000000e+00 -1.000000e+00
   outer loop
     vertex  1.051620e+00 -4.753265e+00  0.000000e+00
     vertex  2.650078e+00 -7.928757e+00  0.000000e+00
     vertex  1.405190e+00 -7.953049e+00  0.000000e+00
   endloop
 endfacet
 facet normal  0.000000e+00  0.000000e+00 -1.000000e+00
   outer loop
     vertex -2.313034e+00 -8.754650e-01  0.000000e+00
     vertex -9.037037e+00  1.295885e+00  0.000000e+00
     vertex -7.896447e+00  3.271447e+00  0.000000e+00
   endloop
 endfacet
 facet normal -0.000000e+00 -0.000000e+00 -1.000000e+00
   outer loop
     vertex -2.313034e+00 -8.754650e-01  0.000000e+00
     vertex -2.311996e+00 -2.439713e+00  0.000000e+00
     vertex -9.166447e+00  1.071742e+00  0.000000e+00
   endloop
 endfacet
 facet normal  0.000000e+00  0.000000e+00 -1.000000e+00
   outer loop
     vertex -2.313034e+00 -8.754650e-01  0.000000e+00
     vertex -9.086987e+00  1.175295e+00  0.000000e+00
     vertex -9.037037e+00  1.295885e+00  0.000000e+00
   endloop
 endfacet
 facet normal  0.000000e+00  0.000000e+00 -1.000000e+00
   outer loop
     vertex -2.313034e+00 -8.754650e-01  0.000000e+00
     vertex -9.166447e+00  1.071742e+00  0.000000e+00
     vertex -9.086987e+00  1.175295e+00  0.000000e+00
   endloop
 endfacet
 facet normal -0.000000e+00  0.000000e+00 -1.000000e+00
   outer loop
     vertex -1.636589e+00 -1.267693e+00  0.000000e+00
     vertex -2.311996e+00 -2.439713e+00  0.000000e+00
     vertex -2.313034e+00 -8.754650e-01  0.000000e+00
   endloop
 endfacet
 facet normal  0.000000e+00 -0.000000e+00 -1.000000e+00
   outer loop
     vertex  1.137112e+01 -1.288092e+01  0.000000e+00
     vertex  1.184652e+01 -1.344784e+01  0.000000e+00
     vertex  1.137110e+01 -1.288096e+01  0.000000e+00
   endloop
 endfacet
 facet normal -0.000000e+00  0.000000e+00 -1.000000e+00
   outer loop
     vertex  1.137112e+01 -1.288092e+01  0.000000e+00
     vertex  1.134991e+01 -1.289082e+01  0.000000e+00
     vertex  8.210442e+00 -1.012350e+01  0.000000e+00
   endloop
 endfacet
 facet normal  0.000000e+00  0.000000e+00 -1.000000e+00
   outer loop
     vertex  4.021667e+00 -4.734062e+00  0.000000e+00
     vertex  3.886162e+00 -7.932426e+00  0.000000e+00
     vertex  2.650078e+00 -7.928757e+00  0.000000e+00
   endloop
 endfacet
 facet normal  0.000000e+00 -0.000000e+00 -1.000000e+00
   outer loop
     vertex  4.021667e+00 -4.734062e+00  0.000000e+00
     vertex  5.748062e+00 -7.949997e+00  0.000000e+00
     vertex  3.886162e+00 -7.932426e+00  0.000000e+00
   endloop
 endfacet
 facet normal  0.000000e+00  0.000000e+00 -1.000000e+00
   outer loop
     vertex  4.021667e+00 -4.734062e+00  0.000000e+00
     vertex  2.650078e+00 -7.928757e+00  0.000000e+00
     vertex  1.051620e+00 -4.753265e+00  0.000000e+00
   endloop
 endfacet
 facet normal  0.000000e+00  0.000000e+00 -1.000000e+00
   outer loop
     vertex -2.333183e+00  2.448364e+00  0.000000e+00
     vertex -7.750000e+00  3.625000e+00  0.000000e+00
     vertex -7.767037e+00  3.754410e+00  0.000000e+00
   endloop
 endfacet
 facet normal  0.000000e+00  0.000000e+00 -1.000000e+00
   outer loop
     vertex -2.333183e+00  2.448364e+00  0.000000e+00
     vertex -7.767037e+00  3.495590e+00  0.000000e+00
     vertex -7.750000e+00  3.625000e+00  0.000000e+00
   endloop
 endfacet
 facet normal  0.000000e+00  0.000000e+00 -1.000000e+00
   outer loop
     vertex -2.333183e+00  2.448364e+00  0.000000e+00
     vertex -7.816987e+00  3.375000e+00  0.000000e+00
     vertex -7.767037e+00  3.495590e+00  0.000000e+00
   endloop
 endfacet
 facet normal  0.000000e+00  0.000000e+00 -1.000000e+00
   outer loop
     vertex -2.333183e+00  2.448364e+00  0.000000e+00
     vertex -7.896447e+00  3.271447e+00  0.000000e+00
     vertex -7.816987e+00  3.375000e+00  0.000000e+00
   endloop
 endfacet
 facet normal -0.000000e+00 -0.000000e+00 -1.000000e+00
   outer loop
     vertex -2.333183e+00  2.448364e+00  0.000000e+00
     vertex -2.313034e+00 -8.754650e-01  0.000000e+00
     vertex -7.896447e+00  3.271447e+00  0.000000e+00
   endloop
 endfacet
 facet normal  0.000000e+00  0.000000e+00 -1.000000e+00
   outer loop
     vertex  1.655308e+01 -1.321889e+01  0.000000e+00
     vertex  1.292294e+01 -1.474027e+01  0.000000e+00
     vertex  1.288884e+01 -1.452375e+01  0.000000e+00
   endloop
 endfacet
 facet normal  0.000000e+00  0.000000e+00 -1.000000e+00
   outer loop
     vertex  1.655308e+01 -1.321889e+01  0.000000e+00
     vertex  1.293195e+01 -1.570662e+01  0.000000e+00
     vertex  1.292294e+01 -1.474027e+01  0.000000e+00
   endloop
 endfacet
 facet normal  0.000000e+00  0.000000e+00 -1.000000e+00
   outer loop
     vertex  1.486998e+01 -1.149703e+01  0.000000e+00
     vertex  1.288884e+01 -1.452375e+01  0.000000e+00
     vertex  1.184652e+01 -1.344784e+01  0.000000e+00
   endloop
 endfacet
 facet normal  0.000000e+00 -0.000000e+00 -1.000000e+00
   outer loop
     vertex  1.486998e+01 -1.149703e+01  0.000000e+00
     vertex  1.655308e+01 -1.321889e+01  0.000000e+00
     vertex  1.288884e+01 -1.452375e+01  0.000000e+00
   endloop
 endfacet
 facet normal  0.000000e+00  0.000000e+00 -1.000000e+00
   outer loop
     vertex  1.486998e+01 -1.149703e+01  0.000000e+00
     vertex  1.184652e+01 -1.344784e+01  0.000000e+00
     vertex  1.137112e+01 -1.288092e+01  0.000000e+00
   endloop
 endfacet
 facet normal  0.000000e+00  0.000000e+00 -1.000000e+00
   outer loop
     vertex  2.500000e+01 -2.162500e+01  0.000000e+00
     vertex  5.129410e+00 -2.010796e+01  0.000000e+00
     vertex  5.250000e+00 -2.005801e+01  0.000000e+00
   endloop
 endfacet
 facet normal  0.000000e+00  0.000000e+00 -1.000000e+00
   outer loop
     vertex  2.500000e+01 -2.162500e+01  0.000000e+00
     vertex  5.000000e+00 -2.012500e+01  0.000000e+00
     vertex  5.129410e+00 -2.010796e+01  0.000000e+00
   endloop
 endfacet
 facet normal  0.000000e+00  0.000000e+00 -1.000000e+00
   outer loop
     vertex  2.500000e+01 -2.162500e+01  0.000000e+00
     vertex  1.149280e+01 -1.805069e+01  0.000000e+00
     vertex  1.201211e+01 -1.741039e+01  0.000000e+00
   endloop
 endfacet
 facet normal  0.000000e+00  0.000000e+00 -1.000000e+00
   outer loop
     vertex  2.500000e+01 -2.162500e+01  0.000000e+00
     vertex  2.460000e+00 -2.012500e+01  0.000000e+00
     vertex  5.000000e+00 -2.012500e+01  0.000000e+00
   endloop
 endfacet
 facet normal  0.000000e+00  0.000000e+00 -1.000000e+00
   outer loop
     vertex  2.500000e+01 -2.162500e+01  0.000000e+00
     vertex  5.250000e+00 -2.005801e+01  0.000000e+00
     vertex  1.149280e+01 -1.805069e+01  0.000000e+00
   endloop
 endfacet
 facet normal  0.000000e+00  0.000000e+00 -1.000000e+00
   outer loop
     vertex  3.881485e+00 -1.421740e-01  0.000000e+00
     vertex  3.051048e+00 -3.283585e+00  0.000000e+00
     vertex  1.987144e+00 -1.257408e+00  0.000000e+00
   endloop
 endfacet
 facet normal  0.000000e+00  0.000000e+00 -1.000000e+00
   outer loop
     vertex  3.881485e+00 -1.421740e-01  0.000000e+00
     vertex  3.847198e+00 -4.333794e+00  0.000000e+00
     vertex  3.051048e+00 -3.283585e+00  0.000000e+00
   endloop
 endfacet
 facet normal  0.000000e+00  0.000000e+00 -1.000000e+00
   outer loop
     vertex  1.802328e+01 -1.407052e+01  0.000000e+00
     vertex  1.201211e+01 -1.741039e+01  0.000000e+00
     vertex  1.293195e+01 -1.570662e+01  0.000000e+00
   endloop
 endfacet
 facet normal -0.000000e+00  0.000000e+00 -1.000000e+00
   outer loop
     vertex  1.802328e+01 -1.407052e+01  0.000000e+00
     vertex  1.293195e+01 -1.570662e+01  0.000000e+00
     vertex  1.655308e+01 -1.321889e+01  0.000000e+00
   endloop
 endfacet
 facet normal  0.000000e+00  0.000000e+00 -1.000000e+00
   outer loop
     vertex  4.019508e+00  1.063840e-01  0.000000e+00
     vertex  3.881485e+00 -1.421740e-01  0.000000e+00
     vertex  3.990005e+00  7.641600e-02  0.000000e+00
   endloop
 endfacet
 facet normal -0.000000e+00  0.000000e+00 -1.000000e+00
   outer loop
     vertex  1.872194e+01 -1.426328e+01  0.000000e+00
     vertex  1.201211e+01 -1.741039e+01  0.000000e+00
     vertex  1.802328e+01 -1.407052e+01  0.000000e+00
   endloop
 endfacet
 facet normal  0.000000e+00 -0.000000e+00 -1.000000e+00
   outer loop
     vertex  1.872194e+01 -1.426328e+01  0.000000e+00
     vertex  2.500000e+01 -2.162500e+01  0.000000e+00
     vertex  1.201211e+01 -1.741039e+01  0.000000e+00
   endloop
 endfacet
 facet normal  0.000000e+00  0.000000e+00 -1.000000e+00
   outer loop
     vertex  4.366776e+00  4.949870e-01  0.000000e+00
     vertex  3.881485e+00 -1.421740e-01  0.000000e+00
     vertex  4.019508e+00  1.063840e-01  0.000000e+00
   endloop
 endfacet
 facet normal  0.000000e+00  0.000000e+00 -1.000000e+00
   outer loop
     vertex -2.349724e+00  7.487854e+00  0.000000e+00
     vertex -8.120590e+00  4.107963e+00  0.000000e+00
     vertex -8.250000e+00  4.125000e+00  0.000000e+00
   endloop
 endfacet
 facet normal  0.000000e+00  0.000000e+00 -1.000000e+00
   outer loop
     vertex -2.349724e+00  7.487854e+00  0.000000e+00
     vertex -8.000000e+00  4.058013e+00  0.000000e+00
     vertex -8.120590e+00  4.107963e+00  0.000000e+00
   endloop
 endfacet
 facet normal  0.000000e+00  0.000000e+00 -1.000000e+00
   outer loop
     vertex -2.349724e+00  7.487854e+00  0.000000e+00
     vertex -7.896447e+00  3.978553e+00  0.000000e+00
     vertex -8.000000e+00  4.058013e+00  0.000000e+00
   endloop
 endfacet
 facet normal  0.000000e+00  0.000000e+00 -1.000000e+00
   outer loop
     vertex -2.349724e+00  7.487854e+00  0.000000e+00
     vertex -7.816987e+00  3.875000e+00  0.000000e+00
     vertex -7.896447e+00  3.978553e+00  0.000000e+00
   endloop
 endfacet
 facet normal  0.000000e+00  0.000000e+00 -1.000000e+00
   outer loop
     vertex -2.349724e+00  7.487854e+00  0.000000e+00
     vertex -7.767037e+00  3.754410e+00  0.000000e+00
     vertex -7.816987e+00  3.875000e+00  0.000000e+00
   endloop
 endfacet
 facet normal  0.000000e+00 -0.000000e+00 -1.000000e+00
   outer loop
     vertex -2.349724e+00  7.487854e+00  0.000000e+00
     vertex -2.333183e+00  2.448364e+00  0.000000e+00
     vertex -7.767037e+00  3.754410e+00  0.000000e+00
   endloop
 endfacet
 facet normal  0.000000e+00  0.000000e+00 -1.000000e+00
   outer loop
     vertex -2.349724e+00  7.487854e+00  0.000000e+00
     vertex -8.250000e+00  4.125000e+00  0.000000e+00
     vertex -8.379410e+00  4.107963e+00  0.000000e+00
   endloop
 endfacet
 facet normal  0.000000e+00 -0.000000e+00 -1.000000e+00
   outer loop
     vertex  1.289699e+01 -5.673818e+00  0.000000e+00
     vertex  1.297645e+01 -5.777371e+00  0.000000e+00
     vertex  8.210442e+00 -1.012350e+01  0.000000e+00
   endloop
 endfacet
 facet normal  0.000000e+00  0.000000e+00 -1.000000e+00
   outer loop
     vertex  1.289699e+01 -5.673818e+00  0.000000e+00
     vertex  8.210442e+00 -1.012350e+01  0.000000e+00
     vertex  6.535614e+00 -8.435753e+00  0.000000e+00
   endloop
 endfacet
 facet normal -0.000000e+00  0.000000e+00 -1.000000e+00
   outer loop
     vertex  1.308000e+01 -5.856831e+00  0.000000e+00
     vertex  8.210442e+00 -1.012350e+01  0.000000e+00
     vertex  1.297645e+01 -5.777371e+00  0.000000e+00
   endloop
 endfacet
 facet normal  0.000000e+00  0.000000e+00 -1.000000e+00
   outer loop
     vertex  1.488858e+01 -7.645073e+00  0.000000e+00
     vertex  1.486998e+01 -1.149703e+01  0.000000e+00
     vertex  1.137112e+01 -1.288092e+01  0.000000e+00
   endloop
 endfacet
 facet normal -0.000000e+00  0.000000e+00 -1.000000e+00
   outer loop
     vertex  1.488858e+01 -7.645073e+00  0.000000e+00
     vertex  8.210442e+00 -1.012350e+01  0.000000e+00
     vertex  1.308000e+01 -5.856831e+00  0.000000e+00
   endloop
 endfacet
 facet normal  0.000000e+00  0.000000e+00 -1.000000e+00
   outer loop
     vertex  1.488858e+01 -7.645073e+00  0.000000e+00
     vertex  2.500000e+01 -2.162500e+01  0.000000e+00
     vertex  1.872194e+01 -1.426328e+01  0.000000e+00
   endloop
 endfacet
 facet normal  0.000000e+00  0.000000e+00 -1.000000e+00
   outer loop
     vertex  1.488858e+01 -7.645073e+00  0.000000e+00
     vertex  1.137112e+01 -1.288092e+01  0.000000e+00
     vertex  8.210442e+00 -1.012350e+01  0.000000e+00
   endloop
 endfacet
 facet normal  0.000000e+00 -0.000000e+00 -1.000000e+00
   outer loop
     vertex  1.284704e+01 -5.553228e+00  0.000000e+00
     vertex  1.289699e+01 -5.673818e+00  0.000000e+00
     vertex  6.535614e+00 -8.435753e+00  0.000000e+00
   endloop
 endfacet
 facet normal -0.000000e+00 -0.000000e+00 -1.000000e+00
   outer loop
     vertex  1.320059e+01 -5.906781e+00  0.000000e+00
     vertex  1.488858e+01 -7.645073e+00  0.000000e+00
     vertex  1.308000e+01 -5.856831e+00  0.000000e+00
   endloop
 endfacet
 facet normal -0.000000e+00 -0.000000e+00 -1.000000e+00
   outer loop
     vertex  1.333000e+01 -5.923818e+00  0.000000e+00
     vertex  1.488858e+01 -7.645073e+00  0.000000e+00
     vertex  1.320059e+01 -5.906781e+00  0.000000e+00
   endloop
 endfacet
 facet normal  0.000000e+00 -0.000000e+00 -1.000000e+00
   outer loop
     vertex  1.345941e+01 -5.906781e+00  0.000000e+00
     vertex  1.488858e+01 -7.645073e+00  0.000000e+00
     vertex  1.333000e+01 -5.923818e+00  0.000000e+00
   endloop
 endfacet
 facet normal  0.000000e+00 -0.000000e+00 -1.000000e+00
   outer loop
     vertex  1.358000e+01 -5.856831e+00  0.000000e+00
     vertex  1.488858e+01 -7.645073e+00  0.000000e+00
     vertex  1.345941e+01 -5.906781e+00  0.000000e+00
   endloop
 endfacet
 facet normal  0.000000e+00 -0.000000e+00 -1.000000e+00
   outer loop
     vertex  1.368355e+01 -5.777371e+00  0.000000e+00
     vertex  1.488858e+01 -7.645073e+00  0.000000e+00
     vertex  1.358000e+01 -5.856831e+00  0.000000e+00
   endloop
 endfacet
 facet normal  0.000000e+00 -0.000000e+00 -1.000000e+00
   outer loop
     vertex  1.376301e+01 -5.673818e+00  0.000000e+00
     vertex  1.488858e+01 -7.645073e+00  0.000000e+00
     vertex  1.368355e+01 -5.777371e+00  0.000000e+00
   endloop
 endfacet
 facet normal  0.000000e+00 -0.000000e+00 -1.000000e+00
   outer loop
     vertex  1.170645e+01 -3.577667e+00  0.000000e+00
     vertex  1.284704e+01 -5.553228e+00  0.000000e+00
     vertex  6.535614e+00 -8.435753e+00  0.000000e+00
   endloop
 endfacet
 facet normal  0.000000e+00 -0.000000e+00 -1.000000e+00
   outer loop
     vertex  1.162699e+01 -3.474114e+00  0.000000e+00
     vertex  1.170645e+01 -3.577667e+00  0.000000e+00
     vertex  6.535614e+00 -8.435753e+00  0.000000e+00
   endloop
 endfacet
 facet normal  0.000000e+00  0.000000e+00 -1.000000e+00
   outer loop
     vertex  1.162699e+01 -3.474114e+00  0.000000e+00
     vertex  6.535614e+00 -8.435753e+00  0.000000e+00
     vertex  5.748062e+00 -7.949997e+00  0.000000e+00
   endloop
 endfacet
 facet normal -0.000000e+00 -0.000000e+00 -1.000000e+00
   outer loop
     vertex  1.181000e+01 -3.657127e+00  0.000000e+00
     vertex  1.284704e+01 -5.553228e+00  0.000000e+00
     vertex  1.170645e+01 -3.577667e+00  0.000000e+00
   endloop
 endfacet
 facet normal  0.000000e+00  0.000000e+00 -1.000000e+00
   outer loop
     vertex  1.181000e+01 -3.657127e+00  0.000000e+00
     vertex  1.283000e+01 -5.423818e+00  0.000000e+00
     vertex  1.284704e+01 -5.553228e+00  0.000000e+00
   endloop
 endfacet
 facet normal -0.000000e+00 -0.000000e+00 -1.000000e+00
   outer loop
     vertex  1.193059e+01 -3.707077e+00  0.000000e+00
     vertex  1.283000e+01 -5.423818e+00  0.000000e+00
     vertex  1.181000e+01 -3.657127e+00  0.000000e+00
   endloop
 endfacet
 facet normal  0.000000e+00  0.000000e+00 -1.000000e+00
   outer loop
     vertex  1.193059e+01 -3.707077e+00  0.000000e+00
     vertex  1.284704e+01 -5.294408e+00  0.000000e+00
     vertex  1.283000e+01 -5.423818e+00  0.000000e+00
   endloop
 endfacet
 facet normal  0.000000e+00 -0.000000e+00 -1.000000e+00
   outer loop
     vertex  1.157704e+01 -3.353524e+00  0.000000e+00
     vertex  1.162699e+01 -3.474114e+00  0.000000e+00
     vertex  5.748062e+00 -7.949997e+00  0.000000e+00
   endloop
 endfacet
 facet normal  0.000000e+00  0.000000e+00 -1.000000e+00
   outer loop
     vertex  1.157704e+01 -3.353524e+00  0.000000e+00
     vertex  5.748062e+00 -7.949997e+00  0.000000e+00
     vertex  4.021667e+00 -4.734062e+00  0.000000e+00
   endloop
 endfacet
 facet normal  0.000000e+00 -0.000000e+00 -1.000000e+00
   outer loop
     vertex  1.381296e+01 -5.553228e+00  0.000000e+00
     vertex  1.488858e+01 -7.645073e+00  0.000000e+00
     vertex  1.376301e+01 -5.673818e+00  0.000000e+00
   endloop
 endfacet
 facet normal -0.000000e+00 -0.000000e+00 -1.000000e+00
   outer loop
     vertex  1.206000e+01 -3.724114e+00  0.000000e+00
     vertex  1.284704e+01 -5.294408e+00  0.000000e+00
     vertex  1.193059e+01 -3.707077e+00  0.000000e+00
   endloop
 endfacet
 facet normal  0.000000e+00  0.000000e+00 -1.000000e+00
   outer loop
     vertex  1.206000e+01 -3.724114e+00  0.000000e+00
     vertex  1.289699e+01 -5.173818e+00  0.000000e+00
     vertex  1.284704e+01 -5.294408e+00  0.000000e+00
   endloop
 endfacet
 facet normal  0.000000e+00 -0.000000e+00 -1.000000e+00
   outer loop
     vertex  1.383000e+01 -5.423818e+00  0.000000e+00
     vertex  1.488858e+01 -7.645073e+00  0.000000e+00
     vertex  1.381296e+01 -5.553228e+00  0.000000e+00
   endloop
 endfacet
 facet normal  0.000000e+00 -0.000000e+00 -1.000000e+00
   outer loop
     vertex  1.218941e+01 -3.707077e+00  0.000000e+00
     vertex  1.289699e+01 -5.173818e+00  0.000000e+00
     vertex  1.206000e+01 -3.724114e+00  0.000000e+00
   endloop
 endfacet
 facet normal  0.000000e+00  0.000000e+00 -1.000000e+00
   outer loop
     vertex  1.218941e+01 -3.707077e+00  0.000000e+00
     vertex  1.297645e+01 -5.070265e+00  0.000000e+00
     vertex  1.289699e+01 -5.173818e+00  0.000000e+00
   endloop
 endfacet
 facet normal  0.000000e+00  0.000000e+00 -1.000000e+00
   outer loop
     vertex  1.381296e+01 -5.294408e+00  0.000000e+00
     vertex  1.488858e+01 -7.645073e+00  0.000000e+00
     vertex  1.383000e+01 -5.423818e+00  0.000000e+00
   endloop
 endfacet
 facet normal  0.000000e+00  0.000000e+00 -1.000000e+00
   outer loop
     vertex  1.376301e+01 -5.173818e+00  0.000000e+00
     vertex  2.500000e+01 -2.162500e+01  0.000000e+00
     vertex  1.488858e+01 -7.645073e+00  0.000000e+00
   endloop
 endfacet
 facet normal  0.000000e+00  0.000000e+00 -1.000000e+00
   outer loop
     vertex  1.376301e+01 -5.173818e+00  0.000000e+00
     vertex  1.488858e+01 -7.645073e+00  0.000000e+00
     vertex  1.381296e+01 -5.294408e+00  0.000000e+00
   endloop
 endfacet
 facet normal  0.000000e+00 -0.000000e+00 -1.000000e+00
   outer loop
     vertex  1.231000e+01 -3.657127e+00  0.000000e+00
     vertex  1.297645e+01 -5.070265e+00  0.000000e+00
     vertex  1.218941e+01 -3.707077e+00  0.000000e+00
   endloop
 endfacet
 facet normal  0.000000e+00  0.000000e+00 -1.000000e+00
   outer loop
     vertex  1.231000e+01 -3.657127e+00  0.000000e+00
     vertex  1.308000e+01 -4.990805e+00  0.000000e+00
     vertex  1.297645e+01 -5.070265e+00  0.000000e+00
   endloop
 endfacet
 facet normal  0.000000e+00  0.000000e+00 -1.000000e+00
   outer loop
     vertex  1.241355e+01 -3.577667e+00  0.000000e+00
     vertex  1.320059e+01 -4.940855e+00  0.000000e+00
     vertex  1.308000e+01 -4.990805e+00  0.000000e+00
   endloop
 endfacet
 facet normal  0.000000e+00 -0.000000e+00 -1.000000e+00
   outer loop
     vertex  1.241355e+01 -3.577667e+00  0.000000e+00
     vertex  1.308000e+01 -4.990805e+00  0.000000e+00
     vertex  1.231000e+01 -3.657127e+00  0.000000e+00
   endloop
 endfacet
 facet normal  0.000000e+00  0.000000e+00 -1.000000e+00
   outer loop
     vertex  5.193054e+00  3.810028e+00  0.000000e+00
     vertex  4.925400e+00  3.117569e+00  0.000000e+00
     vertex  5.096451e+00  3.715981e+00  0.000000e+00
   endloop
 endfacet
 facet normal  0.000000e+00  0.000000e+00 -1.000000e+00
   outer loop
     vertex  1.249301e+01 -3.474114e+00  0.000000e+00
     vertex  1.333000e+01 -4.923818e+00  0.000000e+00
     vertex  1.320059e+01 -4.940855e+00  0.000000e+00
   endloop
 endfacet
 facet normal  0.000000e+00 -0.000000e+00 -1.000000e+00
   outer loop
     vertex  1.249301e+01 -3.474114e+00  0.000000e+00
     vertex  1.320059e+01 -4.940855e+00  0.000000e+00
     vertex  1.241355e+01 -3.577667e+00  0.000000e+00
   endloop
 endfacet
 facet normal  0.000000e+00 -0.000000e+00 -1.000000e+00
   outer loop
     vertex  1.043645e+01 -1.377962e+00  0.000000e+00
     vertex  1.157704e+01 -3.353524e+00  0.000000e+00
     vertex  4.021667e+00 -4.734062e+00  0.000000e+00
   endloop
 endfacet
 facet normal  0.000000e+00  0.000000e+00 -1.000000e+00
   outer loop
     vertex  1.043645e+01 -1.377962e+00  0.000000e+00
     vertex  1.156000e+01 -3.224114e+00  0.000000e+00
     vertex  1.157704e+01 -3.353524e+00  0.000000e+00
   endloop
 endfacet
 facet normal -0.000000e+00 -0.000000e+00 -1.000000e+00
   outer loop
     vertex  1.054000e+01 -1.457422e+00  0.000000e+00
     vertex  1.156000e+01 -3.224114e+00  0.000000e+00
     vertex  1.043645e+01 -1.377962e+00  0.000000e+00
   endloop
 endfacet
 facet normal  0.000000e+00  0.000000e+00 -1.000000e+00
   outer loop
     vertex  1.054000e+01 -1.457422e+00  0.000000e+00
     vertex  1.157704e+01 -3.094704e+00  0.000000e+00
     vertex  1.156000e+01 -3.224114e+00  0.000000e+00
   endloop
 endfacet
 facet normal  0.000000e+00  0.000000e+00 -1.000000e+00
   outer loop
     vertex  1.035699e+01 -1.274409e+00  0.000000e+00
     vertex  4.021667e+00 -4.734062e+00  0.000000e+00
     vertex  3.847198e+00 -4.333794e+00  0.000000e+00
   endloop
 endfacet
 facet normal  0.000000e+00 -0.000000e+00 -1.000000e+00
   outer loop
     vertex  1.035699e+01 -1.274409e+00  0.000000e+00
     vertex  1.043645e+01 -1.377962e+00  0.000000e+00
     vertex  4.021667e+00 -4.734062e+00  0.000000e+00
   endloop
 endfacet
 facet normal -0.000000e+00 -0.000000e+00 -1.000000e+00
   outer loop
     vertex  1.066059e+01 -1.507372e+00  0.000000e+00
     vertex  1.157704e+01 -3.094704e+00  0.000000e+00
     vertex  1.054000e+01 -1.457422e+00  0.000000e+00
   endloop
 endfacet
 facet normal  0.000000e+00  0.000000e+00 -1.000000e+00
   outer loop
     vertex  1.066059e+01 -1.507372e+00  0.000000e+00
     vertex  1.162699e+01 -2.974114e+00  0.000000e+00
     vertex  1.157704e+01 -3.094704e+00  0.000000e+00
   endloop
 endfacet
 facet normal  0.000000e+00 -0.000000e+00 -1.000000e+00
   outer loop
     vertex  1.030704e+01 -1.153819e+00  0.000000e+00
     vertex  1.035699e+01 -1.274409e+00  0.000000e+00
     vertex  3.847198e+00 -4.333794e+00  0.000000e+00
   endloop
 endfacet
 facet normal  0.000000e+00  0.000000e+00 -1.000000e+00
   outer loop
     vertex  1.030704e+01 -1.153819e+00  0.000000e+00
     vertex  3.881485e+00 -1.421740e-01  0.000000e+00
     vertex  4.366776e+00  4.949870e-01  0.000000e+00
   endloop
 endfacet
 facet normal -0.000000e+00  0.000000e+00 -1.000000e+00
   outer loop
     vertex  1.030704e+01 -1.153819e+00  0.000000e+00
     vertex  3.847198e+00 -4.333794e+00  0.000000e+00
     vertex  3.881485e+00 -1.421740e-01  0.000000e+00
   endloop
 endfacet
 facet normal  0.000000e+00 -0.000000e+00 -1.000000e+00
   outer loop
     vertex  1.254296e+01 -3.353524e+00  0.000000e+00
     vertex  1.333000e+01 -4.923818e+00  0.000000e+00
     vertex  1.249301e+01 -3.474114e+00  0.000000e+00
   endloop
 endfacet
 facet normal  0.000000e+00  0.000000e+00 -1.000000e+00
   outer loop
     vertex  1.254296e+01 -3.353524e+00  0.000000e+00
     vertex  1.345941e+01 -4.940855e+00  0.000000e+00
     vertex  1.333000e+01 -4.923818e+00  0.000000e+00
   endloop
 endfacet
 facet normal -0.000000e+00 -0.000000e+00 -1.000000e+00
   outer loop
     vertex  1.079000e+01 -1.524409e+00  0.000000e+00
     vertex  1.162699e+01 -2.974114e+00  0.000000e+00
     vertex  1.066059e+01 -1.507372e+00  0.000000e+00
   endloop
 endfacet
 facet normal  0.000000e+00  0.000000e+00 -1.000000e+00
   outer loop
     vertex  1.079000e+01 -1.524409e+00  0.000000e+00
     vertex  1.170645e+01 -2.870561e+00  0.000000e+00
     vertex  1.162699e+01 -2.974114e+00  0.000000e+00
   endloop
 endfacet
 facet normal  0.000000e+00 -0.000000e+00 -1.000000e+00
   outer loop
     vertex  1.256000e+01 -3.224114e+00  0.000000e+00
     vertex  1.345941e+01 -4.940855e+00  0.000000e+00
     vertex  1.254296e+01 -3.353524e+00  0.000000e+00
   endloop
 endfacet
 facet normal  0.000000e+00  0.000000e+00 -1.000000e+00
   outer loop
     vertex  1.256000e+01 -3.224114e+00  0.000000e+00
     vertex  1.358000e+01 -4.990805e+00  0.000000e+00
     vertex  1.345941e+01 -4.940855e+00  0.000000e+00
   endloop
 endfacet
 facet normal  0.000000e+00 -0.000000e+00 -1.000000e+00
   outer loop
     vertex  1.091941e+01 -1.507372e+00  0.000000e+00
     vertex  1.170645e+01 -2.870561e+00  0.000000e+00
     vertex  1.079000e+01 -1.524409e+00  0.000000e+00
   endloop
 endfacet
 facet normal  0.000000e+00  0.000000e+00 -1.000000e+00
   outer loop
     vertex  1.091941e+01 -1.507372e+00  0.000000e+00
     vertex  1.181000e+01 -2.791101e+00  0.000000e+00
     vertex  1.170645e+01 -2.870561e+00  0.000000e+00
   endloop
 endfacet
 facet normal  0.000000e+00  0.000000e+00 -1.000000e+00
   outer loop
     vertex  1.254296e+01 -3.094704e+00  0.000000e+00
     vertex  1.358000e+01 -4.990805e+00  0.000000e+00
     vertex  1.256000e+01 -3.224114e+00  0.000000e+00
   endloop
 endfacet
 facet normal  0.000000e+00  0.000000e+00 -1.000000e+00
   outer loop
     vertex  1.254296e+01 -3.094704e+00  0.000000e+00
     vertex  1.368355e+01 -5.070265e+00  0.000000e+00
     vertex  1.358000e+01 -4.990805e+00  0.000000e+00
   endloop
 endfacet
 facet normal  0.000000e+00  0.000000e+00 -1.000000e+00
   outer loop
     vertex  1.249301e+01 -2.974114e+00  0.000000e+00
     vertex  1.368355e+01 -5.070265e+00  0.000000e+00
     vertex  1.254296e+01 -3.094704e+00  0.000000e+00
   endloop
 endfacet
 facet normal  0.000000e+00  0.000000e+00 -1.000000e+00
   outer loop
     vertex  1.249301e+01 -2.974114e+00  0.000000e+00
     vertex  1.376301e+01 -5.173818e+00  0.000000e+00
     vertex  1.368355e+01 -5.070265e+00  0.000000e+00
   endloop
 endfacet
 facet normal  0.000000e+00 -0.000000e+00 -1.000000e+00
   outer loop
     vertex  1.104000e+01 -1.457422e+00  0.000000e+00
     vertex  1.181000e+01 -2.791101e+00  0.000000e+00
     vertex  1.091941e+01 -1.507372e+00  0.000000e+00
   endloop
 endfacet
 facet normal  0.000000e+00  0.000000e+00 -1.000000e+00
   outer loop
     vertex  1.104000e+01 -1.457422e+00  0.000000e+00
     vertex  1.193059e+01 -2.741151e+00  0.000000e+00
     vertex  1.181000e+01 -2.791101e+00  0.000000e+00
   endloop
 endfacet
 facet normal  0.000000e+00  0.000000e+00 -1.000000e+00
   outer loop
     vertex  1.114355e+01 -1.377962e+00  0.000000e+00
     vertex  1.206000e+01 -2.724114e+00  0.000000e+00
     vertex  1.193059e+01 -2.741151e+00  0.000000e+00
   endloop
 endfacet
 facet normal  0.000000e+00 -0.000000e+00 -1.000000e+00
   outer loop
     vertex  1.114355e+01 -1.377962e+00  0.000000e+00
     vertex  1.193059e+01 -2.741151e+00  0.000000e+00
     vertex  1.104000e+01 -1.457422e+00  0.000000e+00
   endloop
 endfacet
 facet normal  0.000000e+00  0.000000e+00 -1.000000e+00
   outer loop
     vertex  1.122301e+01 -1.274409e+00  0.000000e+00
     vertex  1.218941e+01 -2.741151e+00  0.000000e+00
     vertex  1.206000e+01 -2.724114e+00  0.000000e+00
   endloop
 endfacet
 facet normal  0.000000e+00 -0.000000e+00 -1.000000e+00
   outer loop
     vertex  1.122301e+01 -1.274409e+00  0.000000e+00
     vertex  1.206000e+01 -2.724114e+00  0.000000e+00
     vertex  1.114355e+01 -1.377962e+00  0.000000e+00
   endloop
 endfacet
 facet normal  0.000000e+00 -0.000000e+00 -1.000000e+00
   outer loop
     vertex  9.166447e+00  8.217416e-01  0.000000e+00
     vertex  1.030704e+01 -1.153819e+00  0.000000e+00
     vertex  4.366776e+00  4.949870e-01  0.000000e+00
   endloop
 endfacet
 facet normal -0.000000e+00  0.000000e+00 -1.000000e+00
   outer loop
     vertex  9.166447e+00  8.217416e-01  0.000000e+00
     vertex  4.366776e+00  4.949870e-01  0.000000e+00
     vertex  4.928497e+00  1.117172e+00  0.000000e+00
   endloop
 endfacet
 facet normal -0.000000e+00 -0.000000e+00 -1.000000e+00
   outer loop
     vertex  9.270000e+00  7.422823e-01  0.000000e+00
     vertex  1.030704e+01 -1.153819e+00  0.000000e+00
     vertex  9.166447e+00  8.217416e-01  0.000000e+00
   endloop
 endfacet
 facet normal  0.000000e+00  0.000000e+00 -1.000000e+00
   outer loop
     vertex  9.270000e+00  7.422823e-01  0.000000e+00
     vertex  1.029000e+01 -1.024409e+00  0.000000e+00
     vertex  1.030704e+01 -1.153819e+00  0.000000e+00
   endloop
 endfacet
 facet normal -0.000000e+00 -0.000000e+00 -1.000000e+00
   outer loop
     vertex  9.086987e+00  9.252950e-01  0.000000e+00
     vertex  9.166447e+00  8.217416e-01  0.000000e+00
     vertex  4.928497e+00  1.117172e+00  0.000000e+00
   endloop
 endfacet
 facet normal -0.000000e+00 -0.000000e+00 -1.000000e+00
   outer loop
     vertex  9.037037e+00  1.045885e+00  0.000000e+00
     vertex  9.086987e+00  9.252950e-01  0.000000e+00
     vertex  4.928497e+00  1.117172e+00  0.000000e+00
   endloop
 endfacet
 facet normal  0.000000e+00  0.000000e+00 -1.000000e+00
   outer loop
     vertex  9.390590e+00  6.923321e-01  0.000000e+00
     vertex  1.030704e+01 -8.949995e-01  0.000000e+00
     vertex  1.029000e+01 -1.024409e+00  0.000000e+00
   endloop
 endfacet
 facet normal -0.000000e+00 -0.000000e+00 -1.000000e+00
   outer loop
     vertex  9.390590e+00  6.923321e-01  0.000000e+00
     vertex  1.029000e+01 -1.024409e+00  0.000000e+00
     vertex  9.270000e+00  7.422823e-01  0.000000e+00
   endloop
 endfacet
 facet normal  0.000000e+00  0.000000e+00 -1.000000e+00
   outer loop
     vertex  1.127296e+01 -1.153819e+00  0.000000e+00
     vertex  1.231000e+01 -2.791101e+00  0.000000e+00
     vertex  1.218941e+01 -2.741151e+00  0.000000e+00
   endloop
 endfacet
 facet normal  0.000000e+00 -0.000000e+00 -1.000000e+00
   outer loop
     vertex  1.127296e+01 -1.153819e+00  0.000000e+00
     vertex  1.218941e+01 -2.741151e+00  0.000000e+00
     vertex  1.122301e+01 -1.274409e+00  0.000000e+00
   endloop
 endfacet
 facet normal  0.000000e+00  0.000000e+00 -1.000000e+00
   outer loop
     vertex  9.520000e+00  6.752950e-01  0.000000e+00
     vertex  1.035699e+01 -7.744090e-01  0.000000e+00
     vertex  1.030704e+01 -8.949995e-01  0.000000e+00
   endloop
 endfacet
 facet normal -0.000000e+00 -0.000000e+00 -1.000000e+00
   outer loop
     vertex  9.520000e+00  6.752950e-01  0.000000e+00
     vertex  1.030704e+01 -8.949995e-01  0.000000e+00
     vertex  9.390590e+00  6.923321e-01  0.000000e+00
   endloop
 endfacet
 facet normal  0.000000e+00 -0.000000e+00 -1.000000e+00
   outer loop
     vertex  9.020000e+00  1.175295e+00  0.000000e+00
     vertex  9.037037e+00  1.045885e+00  0.000000e+00
     vertex  4.928497e+00  1.117172e+00  0.000000e+00
   endloop
 endfacet
 facet normal  0.000000e+00  0.000000e+00 -1.000000e+00
   outer loop
     vertex  1.129000e+01 -1.024409e+00  0.000000e+00
     vertex  1.241355e+01 -2.870561e+00  0.000000e+00
     vertex  1.231000e+01 -2.791101e+00  0.000000e+00
   endloop
 endfacet
 facet normal  0.000000e+00 -0.000000e+00 -1.000000e+00
   outer loop
     vertex  1.129000e+01 -1.024409e+00  0.000000e+00
     vertex  1.231000e+01 -2.791101e+00  0.000000e+00
     vertex  1.127296e+01 -1.153819e+00  0.000000e+00
   endloop
 endfacet
 facet normal  0.000000e+00  0.000000e+00 -1.000000e+00
   outer loop
     vertex  9.649410e+00  6.923321e-01  0.000000e+00
     vertex  1.043645e+01 -6.708556e-01  0.000000e+00
     vertex  1.035699e+01 -7.744090e-01  0.000000e+00
   endloop
 endfacet
 facet normal  0.000000e+00 -0.000000e+00 -1.000000e+00
   outer loop
     vertex  9.649410e+00  6.923321e-01  0.000000e+00
     vertex  1.035699e+01 -7.744090e-01  0.000000e+00
     vertex  9.520000e+00  6.752950e-01  0.000000e+00
   endloop
 endfacet
 facet normal  0.000000e+00  0.000000e+00 -1.000000e+00
   outer loop
     vertex  1.127296e+01 -8.949995e-01  0.000000e+00
     vertex  1.249301e+01 -2.974114e+00  0.000000e+00
     vertex  1.241355e+01 -2.870561e+00  0.000000e+00
   endloop
 endfacet
 facet normal  0.000000e+00  0.000000e+00 -1.000000e+00
   outer loop
     vertex  1.127296e+01 -8.949995e-01  0.000000e+00
     vertex  1.241355e+01 -2.870561e+00  0.000000e+00
     vertex  1.129000e+01 -1.024409e+00  0.000000e+00
   endloop
 endfacet
 facet normal  0.000000e+00  0.000000e+00 -1.000000e+00
   outer loop
     vertex  1.122301e+01 -7.744090e-01  0.000000e+00
     vertex  1.249301e+01 -2.974114e+00  0.000000e+00
     vertex  1.127296e+01 -8.949995e-01  0.000000e+00
   endloop
 endfacet
 facet normal  0.000000e+00  0.000000e+00 -1.000000e+00
   outer loop
     vertex  9.770000e+00  7.422823e-01  0.000000e+00
     vertex  1.054000e+01 -5.913963e-01  0.000000e+00
     vertex  1.043645e+01 -6.708556e-01  0.000000e+00
   endloop
 endfacet
 facet normal  0.000000e+00 -0.000000e+00 -1.000000e+00
   outer loop
     vertex  9.770000e+00  7.422823e-01  0.000000e+00
     vertex  1.043645e+01 -6.708556e-01  0.000000e+00
     vertex  9.649410e+00  6.923321e-01  0.000000e+00
   endloop
 endfacet
 facet normal  0.000000e+00  0.000000e+00 -1.000000e+00
   outer loop
     vertex  9.873553e+00  8.217416e-01  0.000000e+00
     vertex  1.066059e+01 -5.414461e-01  0.000000e+00
     vertex  1.054000e+01 -5.913963e-01  0.000000e+00
   endloop
 endfacet
 facet normal  0.000000e+00 -0.000000e+00 -1.000000e+00
   outer loop
     vertex  9.873553e+00  8.217416e-01  0.000000e+00
     vertex  1.054000e+01 -5.913963e-01  0.000000e+00
     vertex  9.770000e+00  7.422823e-01  0.000000e+00
   endloop
 endfacet
 facet normal  0.000000e+00  0.000000e+00 -1.000000e+00
   outer loop
     vertex  9.953013e+00  9.252950e-01  0.000000e+00
     vertex  1.079000e+01 -5.244090e-01  0.000000e+00
     vertex  1.066059e+01 -5.414461e-01  0.000000e+00
   endloop
 endfacet
 facet normal  0.000000e+00 -0.000000e+00 -1.000000e+00
   outer loop
     vertex  9.953013e+00  9.252950e-01  0.000000e+00
     vertex  1.066059e+01 -5.414461e-01  0.000000e+00
     vertex  9.873553e+00  8.217416e-01  0.000000e+00
   endloop
 endfacet
 facet normal  0.000000e+00  0.000000e+00 -1.000000e+00
   outer loop
     vertex  7.896447e+00  3.021447e+00  0.000000e+00
     vertex  4.928497e+00  1.117172e+00  0.000000e+00
     vertex  4.943497e+00  2.654030e+00  0.000000e+00
   endloop
 endfacet
 facet normal  0.000000e+00  0.000000e+00 -1.000000e+00
   outer loop
     vertex  8.000000e+00  2.941987e+00  0.000000e+00
     vertex  9.037037e+00  1.304705e+00  0.000000e+00
     vertex  9.020000e+00  1.175295e+00  0.000000e+00
   endloop
 endfacet
 facet normal  0.000000e+00 -0.000000e+00 -1.000000e+00
   outer loop
     vertex  8.000000e+00  2.941987e+00  0.000000e+00
     vertex  9.020000e+00  1.175295e+00  0.000000e+00
     vertex  4.928497e+00  1.117172e+00  0.000000e+00
   endloop
 endfacet
 facet normal -0.000000e+00  0.000000e+00 -1.000000e+00
   outer loop
     vertex  8.000000e+00  2.941987e+00  0.000000e+00
     vertex  4.928497e+00  1.117172e+00  0.000000e+00
     vertex  7.896447e+00  3.021447e+00  0.000000e+00
   endloop
 endfacet
 facet normal  0.000000e+00 -0.000000e+00 -1.000000e+00
   outer loop
     vertex  7.816987e+00  3.125000e+00  0.000000e+00
     vertex  7.896447e+00  3.021447e+00  0.000000e+00
     vertex  4.943497e+00  2.654030e+00  0.000000e+00
   endloop
 endfacet
 facet normal  0.000000e+00  0.000000e+00 -1.000000e+00
   outer loop
     vertex  8.120590e+00  2.892037e+00  0.000000e+00
     vertex  9.086987e+00  1.425295e+00  0.000000e+00
     vertex  9.037037e+00  1.304705e+00  0.000000e+00
   endloop
 endfacet
 facet normal -0.000000e+00 -0.000000e+00 -1.000000e+00
   outer loop
     vertex  8.120590e+00  2.892037e+00  0.000000e+00
     vertex  9.037037e+00  1.304705e+00  0.000000e+00
     vertex  8.000000e+00  2.941987e+00  0.000000e+00
   endloop
 endfacet
 facet normal  0.000000e+00 -0.000000e+00 -1.000000e+00
   outer loop
     vertex  7.767037e+00  3.245590e+00  0.000000e+00
     vertex  7.816987e+00  3.125000e+00  0.000000e+00
     vertex  4.943497e+00  2.654030e+00  0.000000e+00
   endloop
 endfacet
 facet normal -0.000000e+00  0.000000e+00 -1.000000e+00
   outer loop
     vertex  7.767037e+00  3.245590e+00  0.000000e+00
     vertex  4.925400e+00  3.117569e+00  0.000000e+00
     vertex  5.193054e+00  3.810028e+00  0.000000e+00
   endloop
 endfacet
 facet normal  0.000000e+00  0.000000e+00 -1.000000e+00
   outer loop
     vertex  7.767037e+00  3.245590e+00  0.000000e+00
     vertex  5.193054e+00  3.810028e+00  0.000000e+00
     vertex  5.457642e+00  4.088051e+00  0.000000e+00
   endloop
 endfacet
 facet normal  0.000000e+00  0.000000e+00 -1.000000e+00
   outer loop
     vertex  7.767037e+00  3.245590e+00  0.000000e+00
     vertex  4.943497e+00  2.654030e+00  0.000000e+00
     vertex  4.925400e+00  3.117569e+00  0.000000e+00
   endloop
 endfacet
 facet normal  0.000000e+00  0.000000e+00 -1.000000e+00
   outer loop
     vertex  1.000296e+01  1.045885e+00  0.000000e+00
     vertex  1.091941e+01 -5.414461e-01  0.000000e+00
     vertex  1.079000e+01 -5.244090e-01  0.000000e+00
   endloop
 endfacet
 facet normal  0.000000e+00 -0.000000e+00 -1.000000e+00
   outer loop
     vertex  1.000296e+01  1.045885e+00  0.000000e+00
     vertex  1.079000e+01 -5.244090e-01  0.000000e+00
     vertex  9.953013e+00  9.252950e-01  0.000000e+00
   endloop
 endfacet
 facet normal -0.000000e+00 -0.000000e+00 -1.000000e+00
   outer loop
     vertex  8.250000e+00  2.875000e+00  0.000000e+00
     vertex  9.086987e+00  1.425295e+00  0.000000e+00
     vertex  8.120590e+00  2.892037e+00  0.000000e+00
   endloop
 endfacet
 facet normal  0.000000e+00  0.000000e+00 -1.000000e+00
   outer loop
     vertex  8.250000e+00  2.875000e+00  0.000000e+00
     vertex  9.166447e+00  1.528848e+00  0.000000e+00
     vertex  9.086987e+00  1.425295e+00  0.000000e+00
   endloop
 endfacet
 facet normal -0.000000e+00 -0.000000e+00 -1.000000e+00
   outer loop
     vertex  7.750000e+00  3.375000e+00  0.000000e+00
     vertex  7.767037e+00  3.245590e+00  0.000000e+00
     vertex  5.457642e+00  4.088051e+00  0.000000e+00
   endloop
 endfacet
 facet normal  0.000000e+00 -0.000000e+00 -1.000000e+00
   outer loop
     vertex  1.002000e+01  1.175295e+00  0.000000e+00
     vertex  1.091941e+01 -5.414461e-01  0.000000e+00
     vertex  1.000296e+01  1.045885e+00  0.000000e+00
   endloop
 endfacet
 facet normal  0.000000e+00  0.000000e+00 -1.000000e+00
   outer loop
     vertex  1.002000e+01  1.175295e+00  0.000000e+00
     vertex  1.104000e+01 -5.913963e-01  0.000000e+00
     vertex  1.091941e+01 -5.414461e-01  0.000000e+00
   endloop
 endfacet
 facet normal -0.000000e+00  0.000000e+00 -1.000000e+00
   outer loop
     vertex  7.767037e+00  3.504410e+00  0.000000e+00
     vertex  7.750000e+00  3.375000e+00  0.000000e+00
     vertex  5.457642e+00  4.088051e+00  0.000000e+00
   endloop
 endfacet
 facet normal  0.000000e+00  0.000000e+00 -1.000000e+00
   outer loop
     vertex  7.767037e+00  3.504410e+00  0.000000e+00
     vertex  5.457642e+00  4.088051e+00  0.000000e+00
     vertex  6.253448e+00  4.945366e+00  0.000000e+00
   endloop
 endfacet
 facet normal  0.000000e+00 -0.000000e+00 -1.000000e+00
   outer loop
     vertex  8.379410e+00  2.892037e+00  0.000000e+00
     vertex  9.166447e+00  1.528848e+00  0.000000e+00
     vertex  8.250000e+00  2.875000e+00  0.000000e+00
   endloop
 endfacet
 facet normal  0.000000e+00  0.000000e+00 -1.000000e+00
   outer loop
     vertex  8.379410e+00  2.892037e+00  0.000000e+00
     vertex  9.270000e+00  1.608308e+00  0.000000e+00
     vertex  9.166447e+00  1.528848e+00  0.000000e+00
   endloop
 endfacet
 facet normal  0.000000e+00  0.000000e+00 -1.000000e+00
   outer loop
     vertex  1.000296e+01  1.304705e+00  0.000000e+00
     vertex  1.104000e+01 -5.913963e-01  0.000000e+00
     vertex  1.002000e+01  1.175295e+00  0.000000e+00
   endloop
 endfacet
 facet normal  0.000000e+00  0.000000e+00 -1.000000e+00
   outer loop
     vertex  1.000296e+01  1.304705e+00  0.000000e+00
     vertex  1.114355e+01 -6.708556e-01  0.000000e+00
     vertex  1.104000e+01 -5.913963e-01  0.000000e+00
   endloop
 endfacet
 facet normal  0.000000e+00  0.000000e+00 -1.000000e+00
   outer loop
     vertex  9.953013e+00  1.425295e+00  0.000000e+00
     vertex  1.122301e+01 -7.744090e-01  0.000000e+00
     vertex  1.114355e+01 -6.708556e-01  0.000000e+00
   endloop
 endfacet
 facet normal  0.000000e+00  0.000000e+00 -1.000000e+00
   outer loop
     vertex  9.953013e+00  1.425295e+00  0.000000e+00
     vertex  1.114355e+01 -6.708556e-01  0.000000e+00
     vertex  1.000296e+01  1.304705e+00  0.000000e+00
   endloop
 endfacet
 facet normal -0.000000e+00  0.000000e+00 -1.000000e+00
   outer loop
     vertex  7.816987e+00  3.625000e+00  0.000000e+00
     vertex  7.767037e+00  3.504410e+00  0.000000e+00
     vertex  6.253448e+00  4.945366e+00  0.000000e+00
   endloop
 endfacet
 facet normal  0.000000e+00 -0.000000e+00 -1.000000e+00
   outer loop
     vertex  8.500000e+00  2.941987e+00  0.000000e+00
     vertex  9.270000e+00  1.608308e+00  0.000000e+00
     vertex  8.379410e+00  2.892037e+00  0.000000e+00
   endloop
 endfacet
 facet normal  0.000000e+00  0.000000e+00 -1.000000e+00
   outer loop
     vertex  8.500000e+00  2.941987e+00  0.000000e+00
     vertex  9.390590e+00  1.658258e+00  0.000000e+00
     vertex  9.270000e+00  1.608308e+00  0.000000e+00
   endloop
 endfacet
 facet normal -0.000000e+00  0.000000e+00 -1.000000e+00
   outer loop
     vertex  7.896447e+00  3.728553e+00  0.000000e+00
     vertex  7.816987e+00  3.625000e+00  0.000000e+00
     vertex  6.253448e+00  4.945366e+00  0.000000e+00
   endloop
 endfacet
 facet normal  0.000000e+00 -0.000000e+00 -1.000000e+00
   outer loop
     vertex  8.603553e+00  3.021447e+00  0.000000e+00
     vertex  9.390590e+00  1.658258e+00  0.000000e+00
     vertex  8.500000e+00  2.941987e+00  0.000000e+00
   endloop
 endfacet
 facet normal  0.000000e+00  0.000000e+00 -1.000000e+00
   outer loop
     vertex  8.603553e+00  3.021447e+00  0.000000e+00
     vertex  9.520000e+00  1.675295e+00  0.000000e+00
     vertex  9.390590e+00  1.658258e+00  0.000000e+00
   endloop
 endfacet
 facet normal  0.000000e+00 -0.000000e+00 -1.000000e+00
   outer loop
     vertex  8.683013e+00  3.125000e+00  0.000000e+00
     vertex  9.520000e+00  1.675295e+00  0.000000e+00
     vertex  8.603553e+00  3.021447e+00  0.000000e+00
   endloop
 endfacet
 facet normal  0.000000e+00  0.000000e+00 -1.000000e+00
   outer loop
     vertex  8.683013e+00  3.125000e+00  0.000000e+00
     vertex  9.649410e+00  1.658258e+00  0.000000e+00
     vertex  9.520000e+00  1.675295e+00  0.000000e+00
   endloop
 endfacet
 facet normal -0.000000e+00  0.000000e+00 -1.000000e+00
   outer loop
     vertex  8.000000e+00  3.808013e+00  0.000000e+00
     vertex  7.896447e+00  3.728553e+00  0.000000e+00
     vertex  6.253448e+00  4.945366e+00  0.000000e+00
   endloop
 endfacet
 facet normal -0.000000e+00  0.000000e+00 -1.000000e+00
   outer loop
     vertex  8.120590e+00  3.857963e+00  0.000000e+00
     vertex  8.000000e+00  3.808013e+00  0.000000e+00
     vertex  6.253448e+00  4.945366e+00  0.000000e+00
   endloop
 endfacet
 facet normal  0.000000e+00  0.000000e+00 -1.000000e+00
   outer loop
     vertex  8.732963e+00  3.245590e+00  0.000000e+00
     vertex  9.770000e+00  1.608308e+00  0.000000e+00
     vertex  9.649410e+00  1.658258e+00  0.000000e+00
   endloop
 endfacet
 facet normal  0.000000e+00 -0.000000e+00 -1.000000e+00
   outer loop
     vertex  8.732963e+00  3.245590e+00  0.000000e+00
     vertex  9.649410e+00  1.658258e+00  0.000000e+00
     vertex  8.683013e+00  3.125000e+00  0.000000e+00
   endloop
 endfacet
 facet normal -0.000000e+00  0.000000e+00 -1.000000e+00
   outer loop
     vertex  8.250000e+00  3.875000e+00  0.000000e+00
     vertex  8.120590e+00  3.857963e+00  0.000000e+00
     vertex  6.253448e+00  4.945366e+00  0.000000e+00
   endloop
 endfacet
 facet normal  0.000000e+00 -0.000000e+00 -1.000000e+00
   outer loop
     vertex  8.750000e+00  3.375000e+00  0.000000e+00
     vertex  9.770000e+00  1.608308e+00  0.000000e+00
     vertex  8.732963e+00  3.245590e+00  0.000000e+00
   endloop
 endfacet
 facet normal  0.000000e+00  0.000000e+00 -1.000000e+00
   outer loop
     vertex  8.750000e+00  3.375000e+00  0.000000e+00
     vertex  9.873553e+00  1.528848e+00  0.000000e+00
     vertex  9.770000e+00  1.608308e+00  0.000000e+00
   endloop
 endfacet
 facet normal  0.000000e+00  0.000000e+00 -1.000000e+00
   outer loop
     vertex  8.379410e+00  3.857963e+00  0.000000e+00
     vertex  6.253448e+00  4.945366e+00  0.000000e+00
     vertex  5.078331e+00  6.907005e+00  0.000000e+00
   endloop
 endfacet
 facet normal  0.000000e+00  0.000000e+00 -1.000000e+00
   outer loop
     vertex  8.379410e+00  3.857963e+00  0.000000e+00
     vertex  8.250000e+00  3.875000e+00  0.000000e+00
     vertex  6.253448e+00  4.945366e+00  0.000000e+00
   endloop
 endfacet
 facet normal  0.000000e+00  0.000000e+00 -1.000000e+00
   outer loop
     vertex  8.732963e+00  3.504410e+00  0.000000e+00
     vertex  9.953013e+00  1.425295e+00  0.000000e+00
     vertex  9.873553e+00  1.528848e+00  0.000000e+00
   endloop
 endfacet
 facet normal  0.000000e+00  0.000000e+00 -1.000000e+00
   outer loop
     vertex  8.732963e+00  3.504410e+00  0.000000e+00
     vertex  9.873553e+00  1.528848e+00  0.000000e+00
     vertex  8.750000e+00  3.375000e+00  0.000000e+00
   endloop
 endfacet
 facet normal  0.000000e+00  0.000000e+00 -1.000000e+00
   outer loop
     vertex  8.683013e+00  3.625000e+00  0.000000e+00
     vertex  9.953013e+00  1.425295e+00  0.000000e+00
     vertex  8.732963e+00  3.504410e+00  0.000000e+00
   endloop
 endfacet
 facet normal  0.000000e+00  0.000000e+00 -1.000000e+00
   outer loop
     vertex  8.500000e+00  3.808013e+00  0.000000e+00
     vertex  8.379410e+00  3.857963e+00  0.000000e+00
     vertex  5.078331e+00  6.907005e+00  0.000000e+00
   endloop
 endfacet
 facet normal  0.000000e+00  0.000000e+00 -1.000000e+00
   outer loop
     vertex  0.000000e+00  2.162500e+01  0.000000e+00
     vertex -1.177185e+00  8.616982e+00  0.000000e+00
     vertex -2.349724e+00  7.487854e+00  0.000000e+00
   endloop
 endfacet
 facet normal  0.000000e+00  0.000000e+00 -1.000000e+00
   outer loop
     vertex  0.000000e+00  2.162500e+01  0.000000e+00
     vertex -4.133600e-02  8.616982e+00  0.000000e+00
     vertex -1.177185e+00  8.616982e+00  0.000000e+00
   endloop
 endfacet
 facet normal  0.000000e+00 -0.000000e+00 -1.000000e+00
   outer loop
     vertex  0.000000e+00  2.162500e+01  0.000000e+00
     vertex  4.090900e-02  8.616982e+00  0.000000e+00
     vertex -4.133600e-02  8.616982e+00  0.000000e+00
   endloop
 endfacet
 facet normal  0.000000e+00  0.000000e+00 -1.000000e+00
   outer loop
     vertex  0.000000e+00  2.162500e+01  0.000000e+00
     vertex  3.158028e+00  8.616982e+00  0.000000e+00
     vertex  4.090900e-02  8.616982e+00  0.000000e+00
   endloop
 endfacet
 facet normal  0.000000e+00  0.000000e+00 -1.000000e+00
   outer loop
     vertex  0.000000e+00  2.162500e+01  0.000000e+00
     vertex  5.078331e+00  6.907005e+00  0.000000e+00
     vertex  3.158028e+00  8.616982e+00  0.000000e+00
   endloop
 endfacet
 facet normal  0.000000e+00  0.000000e+00 -1.000000e+00
   outer loop
     vertex  0.000000e+00  2.162500e+01  0.000000e+00
     vertex -2.349724e+00  7.487854e+00  0.000000e+00
     vertex -8.379410e+00  4.107963e+00  0.000000e+00
   endloop
 endfacet
 facet normal  0.000000e+00  0.000000e+00 -1.000000e+00
   outer loop
     vertex  0.000000e+00  2.162500e+01  0.000000e+00
     vertex  8.603553e+00  3.728553e+00  0.000000e+00
     vertex  8.500000e+00  3.808013e+00  0.000000e+00
   endloop
 endfacet
 facet normal  0.000000e+00  0.000000e+00 -1.000000e+00
   outer loop
     vertex  0.000000e+00  2.162500e+01  0.000000e+00
     vertex  8.683013e+00  3.625000e+00  0.000000e+00
     vertex  8.603553e+00  3.728553e+00  0.000000e+00
   endloop
 endfacet
 facet normal  0.000000e+00  0.000000e+00 -1.000000e+00
   outer loop
     vertex  0.000000e+00  2.162500e+01  0.000000e+00
     vertex  8.500000e+00  3.808013e+00  0.000000e+00
     vertex  5.078331e+00  6.907005e+00  0.000000e+00
   endloop
 endfacet
 facet normal  0.000000e+00  0.000000e+00 -1.000000e+00
   outer loop
     vertex  0.000000e+00  2.162500e+01  0.000000e+00
     vertex -8.603553e+00  3.978553e+00  0.000000e+00
     vertex -8.683013e+00  3.875000e+00  0.000000e+00
   endloop
 endfacet
 facet normal  0.000000e+00  0.000000e+00 -1.000000e+00
   outer loop
     vertex  0.000000e+00  2.162500e+01  0.000000e+00
     vertex -8.500000e+00  4.058013e+00  0.000000e+00
     vertex -8.603553e+00  3.978553e+00  0.000000e+00
   endloop
 endfacet
 facet normal  0.000000e+00  0.000000e+00 -1.000000e+00
   outer loop
     vertex  0.000000e+00  2.162500e+01  0.000000e+00
     vertex -8.379410e+00  4.107963e+00  0.000000e+00
     vertex -8.500000e+00  4.058013e+00  0.000000e+00
   endloop
 endfacet
 facet normal  0.000000e+00  0.000000e+00 -1.000000e+00
   outer loop
     vertex -2.500000e+01 -2.162500e+01  0.000000e+00
     vertex  2.460000e+00 -2.012500e+01  0.000000e+00
     vertex  2.500000e+01 -2.162500e+01  0.000000e+00
   endloop
 endfacet
 facet normal  0.000000e+00  0.000000e+00 -1.000000e+00
   outer loop
     vertex -2.500000e+01 -2.162500e+01  0.000000e+00
     vertex -8.000000e-02 -2.012500e+01  0.000000e+00
     vertex  2.460000e+00 -2.012500e+01  0.000000e+00
   endloop
 endfacet
 facet normal  0.000000e+00  0.000000e+00 -1.000000e+00
   outer loop
     vertex -2.500000e+01 -2.162500e+01  0.000000e+00
     vertex -2.620000e+00 -2.012500e+01  0.000000e+00
     vertex -8.000000e-02 -2.012500e+01  0.000000e+00
   endloop
 endfacet
 facet normal  0.000000e+00  0.000000e+00 -1.000000e+00
   outer loop
     vertex  2.500000e+01 -2.162500e+01  0.000000e+00
     vertex  8.683013e+00  3.625000e+00  0.000000e+00
     vertex  0.000000e+00  2.162500e+01  0.000000e+00
   endloop
 endfacet
 facet normal  0.000000e+00  0.000000e+00 -1.000000e+00
   outer loop
     vertex  2.500000e+01 -2.162500e+01  0.000000e+00
     vertex  9.953013e+00  1.425295e+00  0.000000e+00
     vertex  8.683013e+00  3.625000e+00  0.000000e+00
   endloop
 endfacet
 facet normal  0.000000e+00  0.000000e+00 -1.000000e+00
   outer loop
     vertex  2.500000e+01 -2.162500e+01  0.000000e+00
     vertex  1.122301e+01 -7.744090e-01  0.000000e+00
     vertex  9.953013e+00  1.425295e+00  0.000000e+00
   endloop
 endfacet
 facet normal  0.000000e+00  0.000000e+00 -1.000000e+00
   outer loop
     vertex  2.500000e+01 -2.162500e+01  0.000000e+00
     vertex  1.249301e+01 -2.974114e+00  0.000000e+00
     vertex  1.122301e+01 -7.744090e-01  0.000000e+00
   endloop
 endfacet
 facet normal  0.000000e+00  0.000000e+00 -1.000000e+00
   outer loop
     vertex  2.500000e+01 -2.162500e+01  0.000000e+00
     vertex  1.376301e+01 -5.173818e+00  0.000000e+00
     vertex  1.249301e+01 -2.974114e+00  0.000000e+00
   endloop
 endfacet
 facet normal  0.000000e+00  0.000000e+00 -1.000000e+00
   outer loop
     vertex  0.000000e+00  2.162500e+01  0.000000e+00
     vertex -8.683013e+00  3.875000e+00  0.000000e+00
     vertex -2.500000e+01 -2.162500e+01  0.000000e+00
   endloop
 endfacet
 facet normal  0.000000e+00  0.000000e+00 -1.000000e+00
   outer loop
     vertex -8.683013e+00  3.875000e+00  0.000000e+00
     vertex -9.953013e+00  1.675295e+00  0.000000e+00
     vertex -2.500000e+01 -2.162500e+01  0.000000e+00
   endloop
 endfacet
 facet normal  0.000000e+00  0.000000e+00 -1.000000e+00
   outer loop
     vertex -9.953013e+00  1.675295e+00  0.000000e+00
     vertex -1.122301e+01 -5.244090e-01  0.000000e+00
     vertex -2.500000e+01 -2.162500e+01  0.000000e+00
   endloop
 endfacet
 facet normal  0.000000e+00  0.000000e+00 -1.000000e+00
   outer loop
     vertex -1.122301e+01 -5.244090e-01  0.000000e+00
     vertex -1.249301e+01 -2.724114e+00  0.000000e+00
     vertex -2.500000e+01 -2.162500e+01  0.000000e+00
   endloop
 endfacet
 facet normal  0.000000e+00  0.000000e+00 -1.000000e+00
   outer loop
     vertex -1.249301e+01 -2.724114e+00  0.000000e+00
     vertex -1.376301e+01 -4.923818e+00  0.000000e+00
     vertex -2.500000e+01 -2.162500e+01  0.000000e+00
   endloop
 endfacet
 facet normal  0.000000e+00  0.000000e+00 -1.000000e+00
   outer loop
     vertex  8.210442e+00 -1.012350e+01  0.000000e+00
     vertex  1.134191e+01 -1.522399e+01  0.000000e+00
     vertex  8.230644e+00 -1.786153e+01  0.000000e+00
   endloop
 endfacet
 facet normal  0.000000e+00  0.000000e+00 -1.000000e+00
   outer loop
     vertex  8.210442e+00 -1.012350e+01  0.000000e+00
     vertex  1.134991e+01 -1.289082e+01  0.000000e+00
     vertex  1.134191e+01 -1.522399e+01  0.000000e+00
   endloop
 endfacet
 facet normal  0.000000e+00  0.000000e+00  1.000000e+00
   outer loop
     vertex -1.304102e+01 -1.478310e+01  7.100000e-01
     vertex -2.500000e+01 -2.162500e+01  7.100000e-01
     vertex -1.264622e+01 -1.546368e+01  7.100000e-01
   endloop
 endfacet
 facet normal  0.000000e+00  0.000000e+00  1.000000e+00
   outer loop
     vertex -1.308392e+01 -1.470920e+01  7.100000e-01
     vertex -2.500000e+01 -2.162500e+01  7.100000e-01
     vertex -1.304102e+01 -1.478310e+01  7.100000e-01
   endloop
 endfacet
 facet normal  0.000000e+00  0.000000e+00  1.000000e+00
   outer loop
     vertex -1.426937e+01 -1.265506e+01  7.100000e-01
     vertex -2.500000e+01 -2.162500e+01  7.100000e-01
     vertex -1.308392e+01 -1.470920e+01  7.100000e-01
   endloop
 endfacet
 facet normal  0.000000e+00  0.000000e+00  1.000000e+00
   outer loop
     vertex -1.426937e+01 -1.178586e+01  7.100000e-01
     vertex -2.500000e+01 -2.162500e+01  7.100000e-01
     vertex -1.426937e+01 -1.265506e+01  7.100000e-01
   endloop
 endfacet
 facet normal  0.000000e+00  0.000000e+00  1.000000e+00
   outer loop
     vertex -5.593013e+00 -1.987500e+01  7.100000e-01
     vertex -1.264622e+01 -1.546368e+01  7.100000e-01
     vertex -2.500000e+01 -2.162500e+01  7.100000e-01
   endloop
 endfacet
 facet normal  0.000000e+00  0.000000e+00  1.000000e+00
   outer loop
     vertex -5.593013e+00 -1.987500e+01  7.100000e-01
     vertex -2.500000e+01 -2.162500e+01  7.100000e-01
     vertex -5.513553e+00 -1.997855e+01  7.100000e-01
   endloop
 endfacet
 facet normal  0.000000e+00  0.000000e+00  1.000000e+00
   outer loop
     vertex -5.410000e+00 -2.005801e+01  7.100000e-01
     vertex -5.513553e+00 -1.997855e+01  7.100000e-01
     vertex -2.500000e+01 -2.162500e+01  7.100000e-01
   endloop
 endfacet
 facet normal  0.000000e+00  0.000000e+00  1.000000e+00
   outer loop
     vertex -5.642963e+00 -1.975441e+01  7.100000e-01
     vertex -1.264622e+01 -1.546368e+01  7.100000e-01
     vertex -5.593013e+00 -1.987500e+01  7.100000e-01
   endloop
 endfacet
 facet normal  0.000000e+00  0.000000e+00  1.000000e+00
   outer loop
     vertex -5.642963e+00 -1.975441e+01  7.100000e-01
     vertex -1.018539e+01 -1.548228e+01  7.100000e-01
     vertex -1.264622e+01 -1.546368e+01  7.100000e-01
   endloop
 endfacet
 facet normal  0.000000e+00  0.000000e+00  1.000000e+00
   outer loop
     vertex -5.289410e+00 -2.010796e+01  7.100000e-01
     vertex -5.410000e+00 -2.005801e+01  7.100000e-01
     vertex -2.500000e+01 -2.162500e+01  7.100000e-01
   endloop
 endfacet
 facet normal  0.000000e+00  0.000000e+00  1.000000e+00
   outer loop
     vertex -5.160000e+00 -2.012500e+01  7.100000e-01
     vertex -5.289410e+00 -2.010796e+01  7.100000e-01
     vertex -2.500000e+01 -2.162500e+01  7.100000e-01
   endloop
 endfacet
 facet normal  0.000000e+00  0.000000e+00  1.000000e+00
   outer loop
     vertex -5.660000e+00 -1.962500e+01  7.100000e-01
     vertex -1.018539e+01 -1.548228e+01  7.100000e-01
     vertex -5.642963e+00 -1.975441e+01  7.100000e-01
   endloop
 endfacet
 facet normal  0.000000e+00  0.000000e+00  1.000000e+00
   outer loop
     vertex -5.642963e+00 -1.949559e+01  7.100000e-01
     vertex -1.018539e+01 -1.548228e+01  7.100000e-01
     vertex -5.660000e+00 -1.962500e+01  7.100000e-01
   endloop
 endfacet
 facet normal  0.000000e+00  0.000000e+00  1.000000e+00
   outer loop
     vertex -5.593013e+00 -1.937500e+01  7.100000e-01
     vertex -1.018539e+01 -1.548228e+01  7.100000e-01
     vertex -5.642963e+00 -1.949559e+01  7.100000e-01
   endloop
 endfacet
 facet normal  0.000000e+00  0.000000e+00  1.000000e+00
   outer loop
     vertex -2.870000e+00 -2.005801e+01  7.100000e-01
     vertex -2.973553e+00 -1.997855e+01  7.100000e-01
     vertex -4.806447e+00 -1.997855e+01  7.100000e-01
   endloop
 endfacet
 facet normal  0.000000e+00  0.000000e+00  1.000000e+00
   outer loop
     vertex -2.870000e+00 -2.005801e+01  7.100000e-01
     vertex -4.806447e+00 -1.997855e+01  7.100000e-01
     vertex -4.910000e+00 -2.005801e+01  7.100000e-01
   endloop
 endfacet
 facet normal  0.000000e+00  0.000000e+00  1.000000e+00
   outer loop
     vertex -3.053013e+00 -1.987500e+01  7.100000e-01
     vertex -4.806447e+00 -1.997855e+01  7.100000e-01
     vertex -2.973553e+00 -1.997855e+01  7.100000e-01
   endloop
 endfacet
 facet normal  0.000000e+00  0.000000e+00  1.000000e+00
   outer loop
     vertex -3.053013e+00 -1.987500e+01  7.100000e-01
     vertex -4.726987e+00 -1.987500e+01  7.100000e-01
     vertex -4.806447e+00 -1.997855e+01  7.100000e-01
   endloop
 endfacet
 facet normal  0.000000e+00  0.000000e+00  1.000000e+00
   outer loop
     vertex -2.749410e+00 -2.010796e+01  7.100000e-01
     vertex -4.910000e+00 -2.005801e+01  7.100000e-01
     vertex -5.030590e+00 -2.010796e+01  7.100000e-01
   endloop
 endfacet
 facet normal  0.000000e+00  0.000000e+00  1.000000e+00
   outer loop
     vertex -2.749410e+00 -2.010796e+01  7.100000e-01
     vertex -2.870000e+00 -2.005801e+01  7.100000e-01
     vertex -4.910000e+00 -2.005801e+01  7.100000e-01
   endloop
 endfacet
 facet normal  0.000000e+00  0.000000e+00  1.000000e+00
   outer loop
     vertex -3.102963e+00 -1.975441e+01  7.100000e-01
     vertex -4.660000e+00 -1.962500e+01  7.100000e-01
     vertex -4.677037e+00 -1.975441e+01  7.100000e-01
   endloop
 endfacet
 facet normal  0.000000e+00  0.000000e+00  1.000000e+00
   outer loop
     vertex -3.102963e+00 -1.975441e+01  7.100000e-01
     vertex -4.677037e+00 -1.975441e+01  7.100000e-01
     vertex -4.726987e+00 -1.987500e+01  7.100000e-01
   endloop
 endfacet
 facet normal  0.000000e+00  0.000000e+00  1.000000e+00
   outer loop
     vertex -3.102963e+00 -1.975441e+01  7.100000e-01
     vertex -4.726987e+00 -1.987500e+01  7.100000e-01
     vertex -3.053013e+00 -1.987500e+01  7.100000e-01
   endloop
 endfacet
 facet normal  0.000000e+00  0.000000e+00  1.000000e+00
   outer loop
     vertex -2.620000e+00 -2.012500e+01  7.100000e-01
     vertex -5.030590e+00 -2.010796e+01  7.100000e-01
     vertex -5.160000e+00 -2.012500e+01  7.100000e-01
   endloop
 endfacet
 facet normal  0.000000e+00  0.000000e+00  1.000000e+00
   outer loop
     vertex -2.620000e+00 -2.012500e+01  7.100000e-01
     vertex -2.749410e+00 -2.010796e+01  7.100000e-01
     vertex -5.030590e+00 -2.010796e+01  7.100000e-01
   endloop
 endfacet
 facet normal  0.000000e+00  0.000000e+00  1.000000e+00
   outer loop
     vertex -2.620000e+00 -2.012500e+01  7.100000e-01
     vertex -5.160000e+00 -2.012500e+01  7.100000e-01
     vertex -2.500000e+01 -2.162500e+01  7.100000e-01
   endloop
 endfacet
 facet normal  0.000000e+00  0.000000e+00  1.000000e+00
   outer loop
     vertex -3.120000e+00 -1.962500e+01  7.100000e-01
     vertex -4.660000e+00 -1.962500e+01  7.100000e-01
     vertex -3.102963e+00 -1.975441e+01  7.100000e-01
   endloop
 endfacet
 facet normal  0.000000e+00  0.000000e+00  1.000000e+00
   outer loop
     vertex -3.102963e+00 -1.949559e+01  7.100000e-01
     vertex -4.660000e+00 -1.962500e+01  7.100000e-01
     vertex -3.120000e+00 -1.962500e+01  7.100000e-01
   endloop
 endfacet
 facet normal  0.000000e+00  0.000000e+00  1.000000e+00
   outer loop
     vertex -3.102963e+00 -1.949559e+01  7.100000e-01
     vertex -4.677037e+00 -1.949559e+01  7.100000e-01
     vertex -4.660000e+00 -1.962500e+01  7.100000e-01
   endloop
 endfacet
 facet normal  0.000000e+00  0.000000e+00  1.000000e+00
   outer loop
     vertex -3.053013e+00 -1.937500e+01  7.100000e-01
     vertex -4.726987e+00 -1.937500e+01  7.100000e-01
     vertex -4.677037e+00 -1.949559e+01  7.100000e-01
   endloop
 endfacet
 facet normal  0.000000e+00  0.000000e+00  1.000000e+00
   outer loop
     vertex -3.053013e+00 -1.937500e+01  7.100000e-01
     vertex -4.677037e+00 -1.949559e+01  7.100000e-01
     vertex -3.102963e+00 -1.949559e+01  7.100000e-01
   endloop
 endfacet
 facet normal  0.000000e+00  0.000000e+00  1.000000e+00
   outer loop
     vertex -6.890495e+00 -1.548698e+01  7.100000e-01
     vertex -5.593013e+00 -1.937500e+01  7.100000e-01
     vertex -5.513553e+00 -1.927145e+01  7.100000e-01
   endloop
 endfacet
 facet normal  0.000000e+00  0.000000e+00  1.000000e+00
   outer loop
     vertex -6.890495e+00 -1.548698e+01  7.100000e-01
     vertex -5.513553e+00 -1.927145e+01  7.100000e-01
     vertex -5.410000e+00 -1.919199e+01  7.100000e-01
   endloop
 endfacet
 facet normal  0.000000e+00  0.000000e+00  1.000000e+00
   outer loop
     vertex -6.890495e+00 -1.548698e+01  7.100000e-01
     vertex -5.410000e+00 -1.919199e+01  7.100000e-01
     vertex -5.289410e+00 -1.914204e+01  7.100000e-01
   endloop
 endfacet
 facet normal  0.000000e+00  0.000000e+00  1.000000e+00
   outer loop
     vertex -6.890495e+00 -1.548698e+01  7.100000e-01
     vertex -5.289410e+00 -1.914204e+01  7.100000e-01
     vertex -5.160000e+00 -1.912500e+01  7.100000e-01
   endloop
 endfacet
 facet normal  0.000000e+00  0.000000e+00  1.000000e+00
   outer loop
     vertex -6.890495e+00 -1.548698e+01  7.100000e-01
     vertex -5.160000e+00 -1.912500e+01  7.100000e-01
     vertex -5.030590e+00 -1.914204e+01  7.100000e-01
   endloop
 endfacet
 facet normal  0.000000e+00  0.000000e+00  1.000000e+00
   outer loop
     vertex -6.890495e+00 -1.548698e+01  7.100000e-01
     vertex -1.018539e+01 -1.548228e+01  7.100000e-01
     vertex -5.593013e+00 -1.937500e+01  7.100000e-01
   endloop
 endfacet
 facet normal  0.000000e+00  0.000000e+00  1.000000e+00
   outer loop
     vertex -2.973553e+00 -1.927145e+01  7.100000e-01
     vertex -4.806447e+00 -1.927145e+01  7.100000e-01
     vertex -4.726987e+00 -1.937500e+01  7.100000e-01
   endloop
 endfacet
 facet normal  0.000000e+00  0.000000e+00  1.000000e+00
   outer loop
     vertex -2.973553e+00 -1.927145e+01  7.100000e-01
     vertex -4.726987e+00 -1.937500e+01  7.100000e-01
     vertex -3.053013e+00 -1.937500e+01  7.100000e-01
   endloop
 endfacet
 facet normal  0.000000e+00  0.000000e+00  1.000000e+00
   outer loop
     vertex -2.870000e+00 -1.919199e+01  7.100000e-01
     vertex -5.030590e+00 -1.914204e+01  7.100000e-01
     vertex -4.910000e+00 -1.919199e+01  7.100000e-01
   endloop
 endfacet
 facet normal  0.000000e+00  0.000000e+00  1.000000e+00
   outer loop
     vertex -2.870000e+00 -1.919199e+01  7.100000e-01
     vertex -4.910000e+00 -1.919199e+01  7.100000e-01
     vertex -4.806447e+00 -1.927145e+01  7.100000e-01
   endloop
 endfacet
 facet normal  0.000000e+00  0.000000e+00  1.000000e+00
   outer loop
     vertex -2.870000e+00 -1.919199e+01  7.100000e-01
     vertex -4.806447e+00 -1.927145e+01  7.100000e-01
     vertex -2.973553e+00 -1.927145e+01  7.100000e-01
   endloop
 endfacet
 facet normal  0.000000e+00  0.000000e+00  1.000000e+00
   outer loop
     vertex -2.749410e+00 -1.914204e+01  7.100000e-01
     vertex -5.030590e+00 -1.914204e+01  7.100000e-01
     vertex -2.870000e+00 -1.919199e+01  7.100000e-01
   endloop
 endfacet
 facet normal  0.000000e+00  0.000000e+00  1.000000e+00
   outer loop
     vertex -5.130127e-01 -1.987500e+01  7.100000e-01
     vertex -2.266447e+00 -1.997855e+01  7.100000e-01
     vertex -4.335534e-01 -1.997855e+01  7.100000e-01
   endloop
 endfacet
 facet normal  0.000000e+00  0.000000e+00  1.000000e+00
   outer loop
     vertex -5.130127e-01 -1.987500e+01  7.100000e-01
     vertex -2.186987e+00 -1.987500e+01  7.100000e-01
     vertex -2.266447e+00 -1.997855e+01  7.100000e-01
   endloop
 endfacet
 facet normal  0.000000e+00  0.000000e+00  1.000000e+00
   outer loop
     vertex -3.300000e-01 -2.005801e+01  7.100000e-01
     vertex -4.335534e-01 -1.997855e+01  7.100000e-01
     vertex -2.266447e+00 -1.997855e+01  7.100000e-01
   endloop
 endfacet
 facet normal  0.000000e+00  0.000000e+00  1.000000e+00
   outer loop
     vertex -3.300000e-01 -2.005801e+01  7.100000e-01
     vertex -2.266447e+00 -1.997855e+01  7.100000e-01
     vertex -2.370000e+00 -2.005801e+01  7.100000e-01
   endloop
 endfacet
 facet normal  0.000000e+00  0.000000e+00  1.000000e+00
   outer loop
     vertex -3.300000e-01 -2.005801e+01  7.100000e-01
     vertex -2.370000e+00 -2.005801e+01  7.100000e-01
     vertex -2.490590e+00 -2.010796e+01  7.100000e-01
   endloop
 endfacet
 facet normal  0.000000e+00  0.000000e+00  1.000000e+00
   outer loop
     vertex -5.629629e-01 -1.975441e+01  7.100000e-01
     vertex -2.186987e+00 -1.987500e+01  7.100000e-01
     vertex -5.130127e-01 -1.987500e+01  7.100000e-01
   endloop
 endfacet
 facet normal  0.000000e+00  0.000000e+00  1.000000e+00
   outer loop
     vertex -5.629629e-01 -1.975441e+01  7.100000e-01
     vertex -2.137037e+00 -1.975441e+01  7.100000e-01
     vertex -2.186987e+00 -1.987500e+01  7.100000e-01
   endloop
 endfacet
 facet normal  0.000000e+00  0.000000e+00  1.000000e+00
   outer loop
     vertex -2.094095e-01 -2.010796e+01  7.100000e-01
     vertex -3.300000e-01 -2.005801e+01  7.100000e-01
     vertex -2.490590e+00 -2.010796e+01  7.100000e-01
   endloop
 endfacet
 facet normal  0.000000e+00  0.000000e+00  1.000000e+00
   outer loop
     vertex -2.094095e-01 -2.010796e+01  7.100000e-01
     vertex -2.490590e+00 -2.010796e+01  7.100000e-01
     vertex -2.620000e+00 -2.012500e+01  7.100000e-01
   endloop
 endfacet
 facet normal  0.000000e+00  0.000000e+00  1.000000e+00
   outer loop
     vertex -5.800000e-01 -1.962500e+01  7.100000e-01
     vertex -2.120000e+00 -1.962500e+01  7.100000e-01
     vertex -2.137037e+00 -1.975441e+01  7.100000e-01
   endloop
 endfacet
 facet normal  0.000000e+00  0.000000e+00  1.000000e+00
   outer loop
     vertex -5.800000e-01 -1.962500e+01  7.100000e-01
     vertex -2.137037e+00 -1.975441e+01  7.100000e-01
     vertex -5.629629e-01 -1.975441e+01  7.100000e-01
   endloop
 endfacet
 facet normal  0.000000e+00  0.000000e+00  1.000000e+00
   outer loop
     vertex -8.000000e-02 -2.012500e+01  7.100000e-01
     vertex -2.094095e-01 -2.010796e+01  7.100000e-01
     vertex -2.620000e+00 -2.012500e+01  7.100000e-01
   endloop
 endfacet
 facet normal  0.000000e+00  0.000000e+00  1.000000e+00
   outer loop
     vertex -5.629629e-01 -1.949559e+01  7.100000e-01
     vertex -2.137037e+00 -1.949559e+01  7.100000e-01
     vertex -2.120000e+00 -1.962500e+01  7.100000e-01
   endloop
 endfacet
 facet normal  0.000000e+00  0.000000e+00  1.000000e+00
   outer loop
     vertex -5.629629e-01 -1.949559e+01  7.100000e-01
     vertex -2.120000e+00 -1.962500e+01  7.100000e-01
     vertex -5.800000e-01 -1.962500e+01  7.100000e-01
   endloop
 endfacet
 facet normal  0.000000e+00  0.000000e+00  1.000000e+00
   outer loop
     vertex -5.130127e-01 -1.937500e+01  7.100000e-01
     vertex -2.266447e+00 -1.927145e+01  7.100000e-01
     vertex -2.186987e+00 -1.937500e+01  7.100000e-01
   endloop
 endfacet
 facet normal  0.000000e+00  0.000000e+00  1.000000e+00
   outer loop
     vertex -5.130127e-01 -1.937500e+01  7.100000e-01
     vertex -2.186987e+00 -1.937500e+01  7.100000e-01
     vertex -2.137037e+00 -1.949559e+01  7.100000e-01
   endloop
 endfacet
 facet normal  0.000000e+00  0.000000e+00  1.000000e+00
   outer loop
     vertex -5.130127e-01 -1.937500e+01  7.100000e-01
     vertex -2.137037e+00 -1.949559e+01  7.100000e-01
     vertex -5.629629e-01 -1.949559e+01  7.100000e-01
   endloop
 endfacet
 facet normal  0.000000e+00  0.000000e+00  1.000000e+00
   outer loop
     vertex -4.335534e-01 -1.927145e+01  7.100000e-01
     vertex -2.266447e+00 -1.927145e+01  7.100000e-01
     vertex -5.130127e-01 -1.937500e+01  7.100000e-01
   endloop
 endfacet
 facet normal  0.000000e+00  0.000000e+00  1.000000e+00
   outer loop
     vertex -3.300000e-01 -1.919199e+01  7.100000e-01
     vertex -2.370000e+00 -1.919199e+01  7.100000e-01
     vertex -2.266447e+00 -1.927145e+01  7.100000e-01
   endloop
 endfacet
 facet normal  0.000000e+00  0.000000e+00  1.000000e+00
   outer loop
     vertex -3.300000e-01 -1.919199e+01  7.100000e-01
     vertex -2.266447e+00 -1.927145e+01  7.100000e-01
     vertex -4.335534e-01 -1.927145e+01  7.100000e-01
   endloop
 endfacet
 facet normal  0.000000e+00  0.000000e+00  1.000000e+00
   outer loop
     vertex -2.094095e-01 -1.914204e+01  7.100000e-01
     vertex -2.490590e+00 -1.914204e+01  7.100000e-01
     vertex -2.370000e+00 -1.919199e+01  7.100000e-01
   endloop
 endfacet
 facet normal  0.000000e+00  0.000000e+00  1.000000e+00
   outer loop
     vertex -2.094095e-01 -1.914204e+01  7.100000e-01
     vertex -2.370000e+00 -1.919199e+01  7.100000e-01
     vertex -3.300000e-01 -1.919199e+01  7.100000e-01
   endloop
 endfacet
 facet normal  0.000000e+00  0.000000e+00  1.000000e+00
   outer loop
     vertex -1.368355e+01 -5.527371e+00  7.100000e-01
     vertex -1.426937e+01 -1.178586e+01  7.100000e-01
     vertex -1.333403e+01 -1.082571e+01  7.100000e-01
   endloop
 endfacet
 facet normal  0.000000e+00  0.000000e+00  1.000000e+00
   outer loop
     vertex -1.376301e+01 -5.423818e+00  7.100000e-01
     vertex -1.426937e+01 -1.178586e+01  7.100000e-01
     vertex -1.368355e+01 -5.527371e+00  7.100000e-01
   endloop
 endfacet
 facet normal  0.000000e+00  0.000000e+00  1.000000e+00
   outer loop
     vertex -1.358000e+01 -5.606831e+00  7.100000e-01
     vertex -1.368355e+01 -5.527371e+00  7.100000e-01
     vertex -1.333403e+01 -1.082571e+01  7.100000e-01
   endloop
 endfacet
 facet normal  0.000000e+00  0.000000e+00  1.000000e+00
   outer loop
     vertex -1.381296e+01 -5.303228e+00  7.100000e-01
     vertex -1.426937e+01 -1.178586e+01  7.100000e-01
     vertex -1.376301e+01 -5.423818e+00  7.100000e-01
   endloop
 endfacet
 facet normal  0.000000e+00  0.000000e+00  1.000000e+00
   outer loop
     vertex -1.381296e+01 -5.303228e+00  7.100000e-01
     vertex -2.500000e+01 -2.162500e+01  7.100000e-01
     vertex -1.426937e+01 -1.178586e+01  7.100000e-01
   endloop
 endfacet
 facet normal  0.000000e+00  0.000000e+00  1.000000e+00
   outer loop
     vertex -1.345941e+01 -5.656781e+00  7.100000e-01
     vertex -1.358000e+01 -5.606831e+00  7.100000e-01
     vertex -1.333403e+01 -1.082571e+01  7.100000e-01
   endloop
 endfacet
 facet normal  0.000000e+00  0.000000e+00  1.000000e+00
   outer loop
     vertex -1.333000e+01 -5.673818e+00  7.100000e-01
     vertex -1.345941e+01 -5.656781e+00  7.100000e-01
     vertex -1.333403e+01 -1.082571e+01  7.100000e-01
   endloop
 endfacet
 facet normal  0.000000e+00  0.000000e+00  1.000000e+00
   outer loop
     vertex -1.383000e+01 -5.173818e+00  7.100000e-01
     vertex -2.500000e+01 -2.162500e+01  7.100000e-01
     vertex -1.381296e+01 -5.303228e+00  7.100000e-01
   endloop
 endfacet
 facet normal  0.000000e+00  0.000000e+00  1.000000e+00
   outer loop
     vertex -5.180519e+00 -1.381473e+01  7.100000e-01
     vertex -6.890495e+00 -1.548698e+01  7.100000e-01
     vertex -5.030590e+00 -1.914204e+01  7.100000e-01
   endloop
 endfacet
 facet normal  0.000000e+00  0.000000e+00  1.000000e+00
   outer loop
     vertex -5.180519e+00 -1.381473e+01  7.100000e-01
     vertex -2.749410e+00 -1.914204e+01  7.100000e-01
     vertex -2.620000e+00 -1.912500e+01  7.100000e-01
   endloop
 endfacet
 facet normal  0.000000e+00  0.000000e+00  1.000000e+00
   outer loop
     vertex -5.180519e+00 -1.381473e+01  7.100000e-01
     vertex -5.030590e+00 -1.914204e+01  7.100000e-01
     vertex -2.749410e+00 -1.914204e+01  7.100000e-01
   endloop
 endfacet
 facet normal  0.000000e+00  0.000000e+00  1.000000e+00
   outer loop
     vertex -1.381296e+01 -5.044408e+00  7.100000e-01
     vertex -2.500000e+01 -2.162500e+01  7.100000e-01
     vertex -1.383000e+01 -5.173818e+00  7.100000e-01
   endloop
 endfacet
 facet normal  0.000000e+00  0.000000e+00  1.000000e+00
   outer loop
     vertex -1.320059e+01 -5.656781e+00  7.100000e-01
     vertex -1.333000e+01 -5.673818e+00  7.100000e-01
     vertex -1.333403e+01 -1.082571e+01  7.100000e-01
   endloop
 endfacet
 facet normal  0.000000e+00  0.000000e+00  1.000000e+00
   outer loop
     vertex -1.376301e+01 -4.923818e+00  7.100000e-01
     vertex -2.500000e+01 -2.162500e+01  7.100000e-01
     vertex -1.381296e+01 -5.044408e+00  7.100000e-01
   endloop
 endfacet
 facet normal  0.000000e+00  0.000000e+00  1.000000e+00
   outer loop
     vertex  2.210000e+00 -2.005801e+01  7.100000e-01
     vertex  2.735534e-01 -1.997855e+01  7.100000e-01
     vertex  1.700000e-01 -2.005801e+01  7.100000e-01
   endloop
 endfacet
 facet normal  0.000000e+00  0.000000e+00  1.000000e+00
   outer loop
     vertex  2.210000e+00 -2.005801e+01  7.100000e-01
     vertex  2.106447e+00 -1.997855e+01  7.100000e-01
     vertex  2.735534e-01 -1.997855e+01  7.100000e-01
   endloop
 endfacet
 facet normal  0.000000e+00  0.000000e+00  1.000000e+00
   outer loop
     vertex  2.026987e+00 -1.987500e+01  7.100000e-01
     vertex  3.530127e-01 -1.987500e+01  7.100000e-01
     vertex  2.735534e-01 -1.997855e+01  7.100000e-01
   endloop
 endfacet
 facet normal  0.000000e+00  0.000000e+00  1.000000e+00
   outer loop
     vertex  2.026987e+00 -1.987500e+01  7.100000e-01
     vertex  2.735534e-01 -1.997855e+01  7.100000e-01
     vertex  2.106447e+00 -1.997855e+01  7.100000e-01
   endloop
 endfacet
 facet normal  0.000000e+00  0.000000e+00  1.000000e+00
   outer loop
     vertex  1.977037e+00 -1.975441e+01  7.100000e-01
     vertex  4.029629e-01 -1.975441e+01  7.100000e-01
     vertex  3.530127e-01 -1.987500e+01  7.100000e-01
   endloop
 endfacet
 facet normal  0.000000e+00  0.000000e+00  1.000000e+00
   outer loop
     vertex  1.977037e+00 -1.975441e+01  7.100000e-01
     vertex  3.530127e-01 -1.987500e+01  7.100000e-01
     vertex  2.026987e+00 -1.987500e+01  7.100000e-01
   endloop
 endfacet
 facet normal  0.000000e+00  0.000000e+00  1.000000e+00
   outer loop
     vertex  2.330590e+00 -2.010796e+01  7.100000e-01
     vertex  2.210000e+00 -2.005801e+01  7.100000e-01
     vertex  1.700000e-01 -2.005801e+01  7.100000e-01
   endloop
 endfacet
 facet normal  0.000000e+00  0.000000e+00  1.000000e+00
   outer loop
     vertex  2.330590e+00 -2.010796e+01  7.100000e-01
     vertex  1.700000e-01 -2.005801e+01  7.100000e-01
     vertex  4.940952e-02 -2.010796e+01  7.100000e-01
   endloop
 endfacet
 facet normal  0.000000e+00  0.000000e+00  1.000000e+00
   outer loop
     vertex  2.330590e+00 -2.010796e+01  7.100000e-01
     vertex  4.940952e-02 -2.010796e+01  7.100000e-01
     vertex -8.000000e-02 -2.012500e+01  7.100000e-01
   endloop
 endfacet
 facet normal  0.000000e+00  0.000000e+00  1.000000e+00
   outer loop
     vertex  2.460000e+00 -2.012500e+01  7.100000e-01
     vertex  2.330590e+00 -2.010796e+01  7.100000e-01
     vertex -8.000000e-02 -2.012500e+01  7.100000e-01
   endloop
 endfacet
 facet normal  0.000000e+00  0.000000e+00  1.000000e+00
   outer loop
     vertex  1.960000e+00 -1.962500e+01  7.100000e-01
     vertex  4.200000e-01 -1.962500e+01  7.100000e-01
     vertex  4.029629e-01 -1.975441e+01  7.100000e-01
   endloop
 endfacet
 facet normal  0.000000e+00  0.000000e+00  1.000000e+00
   outer loop
     vertex  1.960000e+00 -1.962500e+01  7.100000e-01
     vertex  4.029629e-01 -1.975441e+01  7.100000e-01
     vertex  1.977037e+00 -1.975441e+01  7.100000e-01
   endloop
 endfacet
 facet normal  0.000000e+00  0.000000e+00  1.000000e+00
   outer loop
     vertex  1.977037e+00 -1.949559e+01  7.100000e-01
     vertex  4.200000e-01 -1.962500e+01  7.100000e-01
     vertex  1.960000e+00 -1.962500e+01  7.100000e-01
   endloop
 endfacet
 facet normal  0.000000e+00  0.000000e+00  1.000000e+00
   outer loop
     vertex  1.977037e+00 -1.949559e+01  7.100000e-01
     vertex  4.029629e-01 -1.949559e+01  7.100000e-01
     vertex  4.200000e-01 -1.962500e+01  7.100000e-01
   endloop
 endfacet
 facet normal  0.000000e+00  0.000000e+00  1.000000e+00
   outer loop
     vertex -9.966797e+00 -7.454849e+00  7.100000e-01
     vertex -1.283000e+01 -5.173818e+00  7.100000e-01
     vertex -1.284704e+01 -5.303228e+00  7.100000e-01
   endloop
 endfacet
 facet normal  0.000000e+00  0.000000e+00  1.000000e+00
   outer loop
     vertex -9.966797e+00 -7.454849e+00  7.100000e-01
     vertex -1.284704e+01 -5.303228e+00  7.100000e-01
     vertex -1.289699e+01 -5.423818e+00  7.100000e-01
   endloop
 endfacet
 facet normal  0.000000e+00  0.000000e+00  1.000000e+00
   outer loop
     vertex -9.966797e+00 -7.454849e+00  7.100000e-01
     vertex -1.289699e+01 -5.423818e+00  7.100000e-01
     vertex -1.297645e+01 -5.527371e+00  7.100000e-01
   endloop
 endfacet
 facet normal  0.000000e+00  0.000000e+00  1.000000e+00
   outer loop
     vertex -9.966797e+00 -7.454849e+00  7.100000e-01
     vertex -1.297645e+01 -5.527371e+00  7.100000e-01
     vertex -1.308000e+01 -5.606831e+00  7.100000e-01
   endloop
 endfacet
 facet normal  0.000000e+00  0.000000e+00  1.000000e+00
   outer loop
     vertex -9.966797e+00 -7.454849e+00  7.100000e-01
     vertex -1.308000e+01 -5.606831e+00  7.100000e-01
     vertex -1.320059e+01 -5.656781e+00  7.100000e-01
   endloop
 endfacet
 facet normal  0.000000e+00  0.000000e+00  1.000000e+00
   outer loop
     vertex -9.966797e+00 -7.454849e+00  7.100000e-01
     vertex -1.320059e+01 -5.656781e+00  7.100000e-01
     vertex -1.333403e+01 -1.082571e+01  7.100000e-01
   endloop
 endfacet
 facet normal  0.000000e+00  0.000000e+00  1.000000e+00
   outer loop
     vertex  2.026987e+00 -1.937500e+01  7.100000e-01
     vertex  3.530127e-01 -1.937500e+01  7.100000e-01
     vertex  4.029629e-01 -1.949559e+01  7.100000e-01
   endloop
 endfacet
 facet normal  0.000000e+00  0.000000e+00  1.000000e+00
   outer loop
     vertex  2.026987e+00 -1.937500e+01  7.100000e-01
     vertex  4.029629e-01 -1.949559e+01  7.100000e-01
     vertex  1.977037e+00 -1.949559e+01  7.100000e-01
   endloop
 endfacet
 facet normal  0.000000e+00  0.000000e+00  1.000000e+00
   outer loop
     vertex  2.106447e+00 -1.927145e+01  7.100000e-01
     vertex  2.735534e-01 -1.927145e+01  7.100000e-01
     vertex  3.530127e-01 -1.937500e+01  7.100000e-01
   endloop
 endfacet
 facet normal  0.000000e+00  0.000000e+00  1.000000e+00
   outer loop
     vertex  2.106447e+00 -1.927145e+01  7.100000e-01
     vertex  3.530127e-01 -1.937500e+01  7.100000e-01
     vertex  2.026987e+00 -1.937500e+01  7.100000e-01
   endloop
 endfacet
 facet normal  0.000000e+00  0.000000e+00  1.000000e+00
   outer loop
     vertex  2.210000e+00 -1.919199e+01  7.100000e-01
     vertex  2.735534e-01 -1.927145e+01  7.100000e-01
     vertex  2.106447e+00 -1.927145e+01  7.100000e-01
   endloop
 endfacet
 facet normal  0.000000e+00  0.000000e+00  1.000000e+00
   outer loop
     vertex  2.210000e+00 -1.919199e+01  7.100000e-01
     vertex  1.700000e-01 -1.919199e+01  7.100000e-01
     vertex  2.735534e-01 -1.927145e+01  7.100000e-01
   endloop
 endfacet
 facet normal  0.000000e+00  0.000000e+00  1.000000e+00
   outer loop
     vertex  2.330590e+00 -1.914204e+01  7.100000e-01
     vertex  1.700000e-01 -1.919199e+01  7.100000e-01
     vertex  2.210000e+00 -1.919199e+01  7.100000e-01
   endloop
 endfacet
 facet normal  0.000000e+00  0.000000e+00  1.000000e+00
   outer loop
     vertex  2.330590e+00 -1.914204e+01  7.100000e-01
     vertex  4.940952e-02 -1.914204e+01  7.100000e-01
     vertex  1.700000e-01 -1.919199e+01  7.100000e-01
   endloop
 endfacet
 facet normal  0.000000e+00  0.000000e+00  1.000000e+00
   outer loop
     vertex -4.060173e+00 -1.171666e+01  7.100000e-01
     vertex -4.258095e+00 -1.171666e+01  7.100000e-01
     vertex -4.258095e+00 -1.224635e+01  7.100000e-01
   endloop
 endfacet
 facet normal  0.000000e+00  0.000000e+00  1.000000e+00
   outer loop
     vertex -4.060173e+00 -1.171666e+01  7.100000e-01
     vertex -4.258095e+00 -1.224635e+01  7.100000e-01
     vertex -4.237427e+00 -1.283752e+01  7.100000e-01
   endloop
 endfacet
 facet normal  0.000000e+00  0.000000e+00  1.000000e+00
   outer loop
     vertex -1.241355e+01 -3.327667e+00  7.100000e-01
     vertex -1.320059e+01 -4.690855e+00  7.100000e-01
     vertex -1.308000e+01 -4.740805e+00  7.100000e-01
   endloop
 endfacet
 facet normal  0.000000e+00  0.000000e+00  1.000000e+00
   outer loop
     vertex -1.231000e+01 -3.407127e+00  7.100000e-01
     vertex -1.308000e+01 -4.740805e+00  7.100000e-01
     vertex -1.297645e+01 -4.820265e+00  7.100000e-01
   endloop
 endfacet
 facet normal  0.000000e+00  0.000000e+00  1.000000e+00
   outer loop
     vertex -1.231000e+01 -3.407127e+00  7.100000e-01
     vertex -1.241355e+01 -3.327667e+00  7.100000e-01
     vertex -1.308000e+01 -4.740805e+00  7.100000e-01
   endloop
 endfacet
 facet normal  0.000000e+00  0.000000e+00  1.000000e+00
   outer loop
     vertex -1.249301e+01 -3.224114e+00  7.100000e-01
     vertex -1.333000e+01 -4.673818e+00  7.100000e-01
     vertex -1.320059e+01 -4.690855e+00  7.100000e-01
   endloop
 endfacet
 facet normal  0.000000e+00  0.000000e+00  1.000000e+00
   outer loop
     vertex -1.249301e+01 -3.224114e+00  7.100000e-01
     vertex -1.320059e+01 -4.690855e+00  7.100000e-01
     vertex -1.241355e+01 -3.327667e+00  7.100000e-01
   endloop
 endfacet
 facet normal  0.000000e+00  0.000000e+00  1.000000e+00
   outer loop
     vertex -1.254296e+01 -3.103524e+00  7.100000e-01
     vertex -1.345941e+01 -4.690855e+00  7.100000e-01
     vertex -1.333000e+01 -4.673818e+00  7.100000e-01
   endloop
 endfacet
 facet normal  0.000000e+00  0.000000e+00  1.000000e+00
   outer loop
     vertex -1.254296e+01 -3.103524e+00  7.100000e-01
     vertex -1.333000e+01 -4.673818e+00  7.100000e-01
     vertex -1.249301e+01 -3.224114e+00  7.100000e-01
   endloop
 endfacet
 facet normal  0.000000e+00  0.000000e+00  1.000000e+00
   outer loop
     vertex -1.218941e+01 -3.457077e+00  7.100000e-01
     vertex -1.297645e+01 -4.820265e+00  7.100000e-01
     vertex -1.289699e+01 -4.923818e+00  7.100000e-01
   endloop
 endfacet
 facet normal  0.000000e+00  0.000000e+00  1.000000e+00
   outer loop
     vertex -1.218941e+01 -3.457077e+00  7.100000e-01
     vertex -1.231000e+01 -3.407127e+00  7.100000e-01
     vertex -1.297645e+01 -4.820265e+00  7.100000e-01
   endloop
 endfacet
 facet normal  0.000000e+00  0.000000e+00  1.000000e+00
   outer loop
     vertex -1.206000e+01 -3.474114e+00  7.100000e-01
     vertex -1.289699e+01 -4.923818e+00  7.100000e-01
     vertex -1.284704e+01 -5.044408e+00  7.100000e-01
   endloop
 endfacet
 facet normal  0.000000e+00  0.000000e+00  1.000000e+00
   outer loop
     vertex -1.206000e+01 -3.474114e+00  7.100000e-01
     vertex -1.218941e+01 -3.457077e+00  7.100000e-01
     vertex -1.289699e+01 -4.923818e+00  7.100000e-01
   endloop
 endfacet
 facet normal  0.000000e+00  0.000000e+00  1.000000e+00
   outer loop
     vertex -1.256000e+01 -2.974114e+00  7.100000e-01
     vertex -1.358000e+01 -4.740805e+00  7.100000e-01
     vertex -1.345941e+01 -4.690855e+00  7.100000e-01
   endloop
 endfacet
 facet normal  0.000000e+00  0.000000e+00  1.000000e+00
   outer loop
     vertex -1.256000e+01 -2.974114e+00  7.100000e-01
     vertex -1.345941e+01 -4.690855e+00  7.100000e-01
     vertex -1.254296e+01 -3.103524e+00  7.100000e-01
   endloop
 endfacet
 facet normal  0.000000e+00  0.000000e+00  1.000000e+00
   outer loop
     vertex -1.254296e+01 -2.844704e+00  7.100000e-01
     vertex -1.368355e+01 -4.820265e+00  7.100000e-01
     vertex -1.358000e+01 -4.740805e+00  7.100000e-01
   endloop
 endfacet
 facet normal  0.000000e+00  0.000000e+00  1.000000e+00
   outer loop
     vertex -1.254296e+01 -2.844704e+00  7.100000e-01
     vertex -1.358000e+01 -4.740805e+00  7.100000e-01
     vertex -1.256000e+01 -2.974114e+00  7.100000e-01
   endloop
 endfacet
 facet normal  0.000000e+00  0.000000e+00  1.000000e+00
   outer loop
     vertex -1.193059e+01 -3.457077e+00  7.100000e-01
     vertex -1.284704e+01 -5.044408e+00  7.100000e-01
     vertex -1.283000e+01 -5.173818e+00  7.100000e-01
   endloop
 endfacet
 facet normal  0.000000e+00  0.000000e+00  1.000000e+00
   outer loop
     vertex -1.193059e+01 -3.457077e+00  7.100000e-01
     vertex -1.206000e+01 -3.474114e+00  7.100000e-01
     vertex -1.284704e+01 -5.044408e+00  7.100000e-01
   endloop
 endfacet
 facet normal  0.000000e+00  0.000000e+00  1.000000e+00
   outer loop
     vertex  4.750000e+00 -2.005801e+01  7.100000e-01
     vertex  4.646447e+00 -1.997855e+01  7.100000e-01
     vertex  2.813553e+00 -1.997855e+01  7.100000e-01
   endloop
 endfacet
 facet normal  0.000000e+00  0.000000e+00  1.000000e+00
   outer loop
     vertex  4.750000e+00 -2.005801e+01  7.100000e-01
     vertex  2.813553e+00 -1.997855e+01  7.100000e-01
     vertex  2.710000e+00 -2.005801e+01  7.100000e-01
   endloop
 endfacet
 facet normal  0.000000e+00  0.000000e+00  1.000000e+00
   outer loop
     vertex  4.566987e+00 -1.987500e+01  7.100000e-01
     vertex  2.813553e+00 -1.997855e+01  7.100000e-01
     vertex  4.646447e+00 -1.997855e+01  7.100000e-01
   endloop
 endfacet
 facet normal  0.000000e+00  0.000000e+00  1.000000e+00
   outer loop
     vertex  4.566987e+00 -1.987500e+01  7.100000e-01
     vertex  2.893013e+00 -1.987500e+01  7.100000e-01
     vertex  2.813553e+00 -1.997855e+01  7.100000e-01
   endloop
 endfacet
 facet normal  0.000000e+00  0.000000e+00  1.000000e+00
   outer loop
     vertex  4.870590e+00 -2.010796e+01  7.100000e-01
     vertex  2.710000e+00 -2.005801e+01  7.100000e-01
     vertex  2.589410e+00 -2.010796e+01  7.100000e-01
   endloop
 endfacet
 facet normal  0.000000e+00  0.000000e+00  1.000000e+00
   outer loop
     vertex  4.870590e+00 -2.010796e+01  7.100000e-01
     vertex  2.589410e+00 -2.010796e+01  7.100000e-01
     vertex  2.460000e+00 -2.012500e+01  7.100000e-01
   endloop
 endfacet
 facet normal  0.000000e+00  0.000000e+00  1.000000e+00
   outer loop
     vertex  4.870590e+00 -2.010796e+01  7.100000e-01
     vertex  4.750000e+00 -2.005801e+01  7.100000e-01
     vertex  2.710000e+00 -2.005801e+01  7.100000e-01
   endloop
 endfacet
 facet normal  0.000000e+00  0.000000e+00  1.000000e+00
   outer loop
     vertex  4.517037e+00 -1.975441e+01  7.100000e-01
     vertex  2.893013e+00 -1.987500e+01  7.100000e-01
     vertex  4.566987e+00 -1.987500e+01  7.100000e-01
   endloop
 endfacet
 facet normal  0.000000e+00  0.000000e+00  1.000000e+00
   outer loop
     vertex  4.517037e+00 -1.975441e+01  7.100000e-01
     vertex  2.960000e+00 -1.962500e+01  7.100000e-01
     vertex  2.942963e+00 -1.975441e+01  7.100000e-01
   endloop
 endfacet
 facet normal  0.000000e+00  0.000000e+00  1.000000e+00
   outer loop
     vertex  4.517037e+00 -1.975441e+01  7.100000e-01
     vertex  2.942963e+00 -1.975441e+01  7.100000e-01
     vertex  2.893013e+00 -1.987500e+01  7.100000e-01
   endloop
 endfacet
 facet normal  0.000000e+00  0.000000e+00  1.000000e+00
   outer loop
     vertex -1.249301e+01 -2.724114e+00  7.100000e-01
     vertex -1.376301e+01 -4.923818e+00  7.100000e-01
     vertex -1.368355e+01 -4.820265e+00  7.100000e-01
   endloop
 endfacet
 facet normal  0.000000e+00  0.000000e+00  1.000000e+00
   outer loop
     vertex -1.249301e+01 -2.724114e+00  7.100000e-01
     vertex -1.368355e+01 -4.820265e+00  7.100000e-01
     vertex -1.254296e+01 -2.844704e+00  7.100000e-01
   endloop
 endfacet
 facet normal  0.000000e+00  0.000000e+00  1.000000e+00
   outer loop
     vertex -1.181000e+01 -3.407127e+00  7.100000e-01
     vertex -1.193059e+01 -3.457077e+00  7.100000e-01
     vertex -1.283000e+01 -5.173818e+00  7.100000e-01
   endloop
 endfacet
 facet normal  0.000000e+00  0.000000e+00  1.000000e+00
   outer loop
     vertex -1.181000e+01 -3.407127e+00  7.100000e-01
     vertex -1.283000e+01 -5.173818e+00  7.100000e-01
     vertex -9.966797e+00 -7.454849e+00  7.100000e-01
   endloop
 endfacet
 facet normal  0.000000e+00  0.000000e+00  1.000000e+00
   outer loop
     vertex  4.500000e+00 -1.962500e+01  7.100000e-01
     vertex  2.960000e+00 -1.962500e+01  7.100000e-01
     vertex  4.517037e+00 -1.975441e+01  7.100000e-01
   endloop
 endfacet
 facet normal  0.000000e+00  0.000000e+00  1.000000e+00
   outer loop
     vertex  5.000000e+00 -2.012500e+01  7.100000e-01
     vertex  4.870590e+00 -2.010796e+01  7.100000e-01
     vertex  2.460000e+00 -2.012500e+01  7.100000e-01
   endloop
 endfacet
 facet normal  0.000000e+00  0.000000e+00  1.000000e+00
   outer loop
     vertex -1.170645e+01 -3.327667e+00  7.100000e-01
     vertex -1.181000e+01 -3.407127e+00  7.100000e-01
     vertex -9.966797e+00 -7.454849e+00  7.100000e-01
   endloop
 endfacet
 facet normal  0.000000e+00  0.000000e+00  1.000000e+00
   outer loop
     vertex  4.517037e+00 -1.949559e+01  7.100000e-01
     vertex  2.942963e+00 -1.949559e+01  7.100000e-01
     vertex  2.960000e+00 -1.962500e+01  7.100000e-01
   endloop
 endfacet
 facet normal  0.000000e+00  0.000000e+00  1.000000e+00
   outer loop
     vertex  4.517037e+00 -1.949559e+01  7.100000e-01
     vertex  2.960000e+00 -1.962500e+01  7.100000e-01
     vertex  4.500000e+00 -1.962500e+01  7.100000e-01
   endloop
 endfacet
 facet normal  0.000000e+00  0.000000e+00  1.000000e+00
   outer loop
     vertex -1.162699e+01 -3.224114e+00  7.100000e-01
     vertex -9.966797e+00 -7.454849e+00  7.100000e-01
     vertex -7.951935e+00 -7.454849e+00  7.100000e-01
   endloop
 endfacet
 facet normal  0.000000e+00  0.000000e+00  1.000000e+00
   outer loop
     vertex -1.162699e+01 -3.224114e+00  7.100000e-01
     vertex -1.170645e+01 -3.327667e+00  7.100000e-01
     vertex -9.966797e+00 -7.454849e+00  7.100000e-01
   endloop
 endfacet
 facet normal  0.000000e+00  0.000000e+00  1.000000e+00
   outer loop
     vertex  4.566987e+00 -1.937500e+01  7.100000e-01
     vertex  2.942963e+00 -1.949559e+01  7.100000e-01
     vertex  4.517037e+00 -1.949559e+01  7.100000e-01
   endloop
 endfacet
 facet normal  0.000000e+00  0.000000e+00  1.000000e+00
   outer loop
     vertex  4.566987e+00 -1.937500e+01  7.100000e-01
     vertex  2.893013e+00 -1.937500e+01  7.100000e-01
     vertex  2.942963e+00 -1.949559e+01  7.100000e-01
   endloop
 endfacet
 facet normal  0.000000e+00  0.000000e+00  1.000000e+00
   outer loop
     vertex -1.157704e+01 -3.103524e+00  7.100000e-01
     vertex -1.162699e+01 -3.224114e+00  7.100000e-01
     vertex -7.951935e+00 -7.454849e+00  7.100000e-01
   endloop
 endfacet
 facet normal  0.000000e+00  0.000000e+00  1.000000e+00
   outer loop
     vertex  4.646447e+00 -1.927145e+01  7.100000e-01
     vertex  2.813553e+00 -1.927145e+01  7.100000e-01
     vertex  2.893013e+00 -1.937500e+01  7.100000e-01
   endloop
 endfacet
 facet normal  0.000000e+00  0.000000e+00  1.000000e+00
   outer loop
     vertex  4.646447e+00 -1.927145e+01  7.100000e-01
     vertex  2.893013e+00 -1.937500e+01  7.100000e-01
     vertex  4.566987e+00 -1.937500e+01  7.100000e-01
   endloop
 endfacet
 facet normal  0.000000e+00  0.000000e+00  1.000000e+00
   outer loop
     vertex -6.347700e-02 -1.346847e+01  7.100000e-01
     vertex -5.180519e+00 -1.381473e+01  7.100000e-01
     vertex -2.620000e+00 -1.912500e+01  7.100000e-01
   endloop
 endfacet
 facet normal  0.000000e+00  0.000000e+00  1.000000e+00
   outer loop
     vertex -6.347700e-02 -1.346847e+01  7.100000e-01
     vertex -4.237427e+00 -1.283752e+01  7.100000e-01
     vertex -5.180519e+00 -1.381473e+01  7.100000e-01
   endloop
 endfacet
 facet normal  0.000000e+00  0.000000e+00  1.000000e+00
   outer loop
     vertex  2.956770e-01 -1.382400e+01  7.100000e-01
     vertex  4.940952e-02 -1.914204e+01  7.100000e-01
     vertex  2.330590e+00 -1.914204e+01  7.100000e-01
   endloop
 endfacet
 facet normal  0.000000e+00  0.000000e+00  1.000000e+00
   outer loop
     vertex  2.956770e-01 -1.382400e+01  7.100000e-01
     vertex -6.347700e-02 -1.346847e+01  7.100000e-01
     vertex -2.620000e+00 -1.912500e+01  7.100000e-01
   endloop
 endfacet
 facet normal  0.000000e+00  0.000000e+00  1.000000e+00
   outer loop
     vertex  2.956770e-01 -1.382400e+01  7.100000e-01
     vertex -2.620000e+00 -1.912500e+01  7.100000e-01
     vertex -2.490590e+00 -1.914204e+01  7.100000e-01
   endloop
 endfacet
 facet normal  0.000000e+00  0.000000e+00  1.000000e+00
   outer loop
     vertex  2.956770e-01 -1.382400e+01  7.100000e-01
     vertex -2.094095e-01 -1.914204e+01  7.100000e-01
     vertex -8.000000e-02 -1.912500e+01  7.100000e-01
   endloop
 endfacet
 facet normal  0.000000e+00  0.000000e+00  1.000000e+00
   outer loop
     vertex  2.956770e-01 -1.382400e+01  7.100000e-01
     vertex -8.000000e-02 -1.912500e+01  7.100000e-01
     vertex  4.940952e-02 -1.914204e+01  7.100000e-01
   endloop
 endfacet
 facet normal  0.000000e+00  0.000000e+00  1.000000e+00
   outer loop
     vertex  2.956770e-01 -1.382400e+01  7.100000e-01
     vertex -2.490590e+00 -1.914204e+01  7.100000e-01
     vertex -2.094095e-01 -1.914204e+01  7.100000e-01
   endloop
 endfacet
 facet normal  0.000000e+00  0.000000e+00  1.000000e+00
   outer loop
     vertex -6.407010e-01 -1.287575e+01  7.100000e-01
     vertex -4.237427e+00 -1.283752e+01  7.100000e-01
     vertex -6.347700e-02 -1.346847e+01  7.100000e-01
   endloop
 endfacet
 facet normal  0.000000e+00  0.000000e+00  1.000000e+00
   outer loop
     vertex -3.924263e+00 -9.067726e+00  7.100000e-01
     vertex -3.973869e+00 -9.196915e+00  7.100000e-01
     vertex -3.992989e+00 -9.257896e+00  7.100000e-01
   endloop
 endfacet
 facet normal  0.000000e+00  0.000000e+00  1.000000e+00
   outer loop
     vertex  6.191710e-01 -1.347209e+01  7.100000e-01
     vertex  4.827500e-01 -1.359560e+01  7.100000e-01
     vertex  2.956770e-01 -1.382400e+01  7.100000e-01
   endloop
 endfacet
 facet normal  0.000000e+00  0.000000e+00  1.000000e+00
   outer loop
     vertex -8.830640e-01 -1.171664e+01  7.100000e-01
     vertex -4.237427e+00 -1.283752e+01  7.100000e-01
     vertex -6.407010e-01 -1.287575e+01  7.100000e-01
   endloop
 endfacet
 facet normal  0.000000e+00  0.000000e+00  1.000000e+00
   outer loop
     vertex -8.830640e-01 -1.171664e+01  7.100000e-01
     vertex -4.060173e+00 -1.171666e+01  7.100000e-01
     vertex -4.237427e+00 -1.283752e+01  7.100000e-01
   endloop
 endfacet
 facet normal  0.000000e+00  0.000000e+00  1.000000e+00
   outer loop
     vertex  5.294899e+00 -1.771684e+01  7.100000e-01
     vertex  4.750000e+00 -1.919199e+01  7.100000e-01
     vertex  4.870590e+00 -1.914204e+01  7.100000e-01
   endloop
 endfacet
 facet normal  0.000000e+00  0.000000e+00  1.000000e+00
   outer loop
     vertex  5.294899e+00 -1.771684e+01  7.100000e-01
     vertex  4.870590e+00 -1.914204e+01  7.100000e-01
     vertex  5.000000e+00 -1.912500e+01  7.100000e-01
   endloop
 endfacet
 facet normal  0.000000e+00  0.000000e+00  1.000000e+00
   outer loop
     vertex  5.294899e+00 -1.771684e+01  7.100000e-01
     vertex  5.000000e+00 -1.912500e+01  7.100000e-01
     vertex  5.129410e+00 -1.914204e+01  7.100000e-01
   endloop
 endfacet
 facet normal  0.000000e+00  0.000000e+00  1.000000e+00
   outer loop
     vertex  5.294899e+00 -1.771684e+01  7.100000e-01
     vertex  5.129410e+00 -1.914204e+01  7.100000e-01
     vertex  5.250000e+00 -1.919199e+01  7.100000e-01
   endloop
 endfacet
 facet normal  0.000000e+00  0.000000e+00  1.000000e+00
   outer loop
     vertex  5.294899e+00 -1.771684e+01  7.100000e-01
     vertex  5.250000e+00 -1.919199e+01  7.100000e-01
     vertex  5.353553e+00 -1.927145e+01  7.100000e-01
   endloop
 endfacet
 facet normal  0.000000e+00  0.000000e+00  1.000000e+00
   outer loop
     vertex  4.801910e+00 -1.720525e+01  7.100000e-01
     vertex  2.710000e+00 -1.919199e+01  7.100000e-01
     vertex  2.813553e+00 -1.927145e+01  7.100000e-01
   endloop
 endfacet
 facet normal  0.000000e+00  0.000000e+00  1.000000e+00
   outer loop
     vertex  4.801910e+00 -1.720525e+01  7.100000e-01
     vertex  2.813553e+00 -1.927145e+01  7.100000e-01
     vertex  4.646447e+00 -1.927145e+01  7.100000e-01
   endloop
 endfacet
 facet normal  0.000000e+00  0.000000e+00  1.000000e+00
   outer loop
     vertex  4.801910e+00 -1.720525e+01  7.100000e-01
     vertex  4.750000e+00 -1.919199e+01  7.100000e-01
     vertex  5.294899e+00 -1.771684e+01  7.100000e-01
   endloop
 endfacet
 facet normal  0.000000e+00  0.000000e+00  1.000000e+00
   outer loop
     vertex  4.801910e+00 -1.720525e+01  7.100000e-01
     vertex  4.646447e+00 -1.927145e+01  7.100000e-01
     vertex  4.750000e+00 -1.919199e+01  7.100000e-01
   endloop
 endfacet
 facet normal  0.000000e+00  0.000000e+00  1.000000e+00
   outer loop
     vertex  4.257759e+00 -1.665696e+01  7.100000e-01
     vertex  2.330590e+00 -1.914204e+01  7.100000e-01
     vertex  2.460000e+00 -1.912500e+01  7.100000e-01
   endloop
 endfacet
 facet normal  0.000000e+00  0.000000e+00  1.000000e+00
   outer loop
     vertex  4.257759e+00 -1.665696e+01  7.100000e-01
     vertex  2.460000e+00 -1.912500e+01  7.100000e-01
     vertex  2.589410e+00 -1.914204e+01  7.100000e-01
   endloop
 endfacet
 facet normal  0.000000e+00  0.000000e+00  1.000000e+00
   outer loop
     vertex  4.257759e+00 -1.665696e+01  7.100000e-01
     vertex  2.589410e+00 -1.914204e+01  7.100000e-01
     vertex  2.710000e+00 -1.919199e+01  7.100000e-01
   endloop
 endfacet
 facet normal  0.000000e+00  0.000000e+00  1.000000e+00
   outer loop
     vertex  4.257759e+00 -1.665696e+01  7.100000e-01
     vertex  2.710000e+00 -1.919199e+01  7.100000e-01
     vertex  4.801910e+00 -1.720525e+01  7.100000e-01
   endloop
 endfacet
 facet normal  0.000000e+00  0.000000e+00  1.000000e+00
   outer loop
     vertex  4.257759e+00 -1.665696e+01  7.100000e-01
     vertex  2.956770e-01 -1.382400e+01  7.100000e-01
     vertex  2.330590e+00 -1.914204e+01  7.100000e-01
   endloop
 endfacet
 facet normal  0.000000e+00  0.000000e+00  1.000000e+00
   outer loop
     vertex -6.407010e-01 -1.171664e+01  7.100000e-01
     vertex -8.830640e-01 -1.171664e+01  7.100000e-01
     vertex -6.407010e-01 -1.287575e+01  7.100000e-01
   endloop
 endfacet
 facet normal  0.000000e+00  0.000000e+00  1.000000e+00
   outer loop
     vertex -1.114355e+01 -1.127962e+00  7.100000e-01
     vertex -1.206000e+01 -2.474114e+00  7.100000e-01
     vertex -1.193059e+01 -2.491151e+00  7.100000e-01
   endloop
 endfacet
 facet normal  0.000000e+00  0.000000e+00  1.000000e+00
   outer loop
     vertex -1.104000e+01 -1.207422e+00  7.100000e-01
     vertex -1.114355e+01 -1.127962e+00  7.100000e-01
     vertex -1.193059e+01 -2.491151e+00  7.100000e-01
   endloop
 endfacet
 facet normal  0.000000e+00  0.000000e+00  1.000000e+00
   outer loop
     vertex -1.104000e+01 -1.207422e+00  7.100000e-01
     vertex -1.193059e+01 -2.491151e+00  7.100000e-01
     vertex -1.181000e+01 -2.541101e+00  7.100000e-01
   endloop
 endfacet
 facet normal  0.000000e+00  0.000000e+00  1.000000e+00
   outer loop
     vertex -1.122301e+01 -1.024409e+00  7.100000e-01
     vertex -1.218941e+01 -2.491151e+00  7.100000e-01
     vertex -1.206000e+01 -2.474114e+00  7.100000e-01
   endloop
 endfacet
 facet normal  0.000000e+00  0.000000e+00  1.000000e+00
   outer loop
     vertex -1.122301e+01 -1.024409e+00  7.100000e-01
     vertex -1.206000e+01 -2.474114e+00  7.100000e-01
     vertex -1.114355e+01 -1.127962e+00  7.100000e-01
   endloop
 endfacet
 facet normal  0.000000e+00  0.000000e+00  1.000000e+00
   outer loop
     vertex -1.127296e+01 -9.038185e-01  7.100000e-01
     vertex -1.231000e+01 -2.541101e+00  7.100000e-01
     vertex -1.218941e+01 -2.491151e+00  7.100000e-01
   endloop
 endfacet
 facet normal  0.000000e+00  0.000000e+00  1.000000e+00
   outer loop
     vertex -1.127296e+01 -9.038185e-01  7.100000e-01
     vertex -1.218941e+01 -2.491151e+00  7.100000e-01
     vertex -1.122301e+01 -1.024409e+00  7.100000e-01
   endloop
 endfacet
 facet normal  0.000000e+00  0.000000e+00  1.000000e+00
   outer loop
     vertex -1.091941e+01 -1.257372e+00  7.100000e-01
     vertex -1.181000e+01 -2.541101e+00  7.100000e-01
     vertex -1.170645e+01 -2.620561e+00  7.100000e-01
   endloop
 endfacet
 facet normal  0.000000e+00  0.000000e+00  1.000000e+00
   outer loop
     vertex -1.091941e+01 -1.257372e+00  7.100000e-01
     vertex -1.104000e+01 -1.207422e+00  7.100000e-01
     vertex -1.181000e+01 -2.541101e+00  7.100000e-01
   endloop
 endfacet
 facet normal  0.000000e+00  0.000000e+00  1.000000e+00
   outer loop
     vertex -1.079000e+01 -1.274409e+00  7.100000e-01
     vertex -1.091941e+01 -1.257372e+00  7.100000e-01
     vertex -1.170645e+01 -2.620561e+00  7.100000e-01
   endloop
 endfacet
 facet normal  0.000000e+00  0.000000e+00  1.000000e+00
   outer loop
     vertex -1.079000e+01 -1.274409e+00  7.100000e-01
     vertex -1.170645e+01 -2.620561e+00  7.100000e-01
     vertex -1.162699e+01 -2.724114e+00  7.100000e-01
   endloop
 endfacet
 facet normal  0.000000e+00  0.000000e+00  1.000000e+00
   outer loop
     vertex -1.129000e+01 -7.744090e-01  7.100000e-01
     vertex -1.241355e+01 -2.620561e+00  7.100000e-01
     vertex -1.231000e+01 -2.541101e+00  7.100000e-01
   endloop
 endfacet
 facet normal  0.000000e+00  0.000000e+00  1.000000e+00
   outer loop
     vertex -1.129000e+01 -7.744090e-01  7.100000e-01
     vertex -1.231000e+01 -2.541101e+00  7.100000e-01
     vertex -1.127296e+01 -9.038185e-01  7.100000e-01
   endloop
 endfacet
 facet normal  0.000000e+00  0.000000e+00  1.000000e+00
   outer loop
     vertex -1.066059e+01 -1.257372e+00  7.100000e-01
     vertex -1.162699e+01 -2.724114e+00  7.100000e-01
     vertex -1.157704e+01 -2.844704e+00  7.100000e-01
   endloop
 endfacet
 facet normal  0.000000e+00  0.000000e+00  1.000000e+00
   outer loop
     vertex -1.066059e+01 -1.257372e+00  7.100000e-01
     vertex -1.079000e+01 -1.274409e+00  7.100000e-01
     vertex -1.162699e+01 -2.724114e+00  7.100000e-01
   endloop
 endfacet
 facet normal  0.000000e+00  0.000000e+00  1.000000e+00
   outer loop
     vertex -1.127296e+01 -6.449995e-01  7.100000e-01
     vertex -1.249301e+01 -2.724114e+00  7.100000e-01
     vertex -1.241355e+01 -2.620561e+00  7.100000e-01
   endloop
 endfacet
 facet normal  0.000000e+00  0.000000e+00  1.000000e+00
   outer loop
     vertex -1.127296e+01 -6.449995e-01  7.100000e-01
     vertex -1.241355e+01 -2.620561e+00  7.100000e-01
     vertex -1.129000e+01 -7.744090e-01  7.100000e-01
   endloop
 endfacet
 facet normal  0.000000e+00  0.000000e+00  1.000000e+00
   outer loop
     vertex -1.054000e+01 -1.207422e+00  7.100000e-01
     vertex -1.157704e+01 -2.844704e+00  7.100000e-01
     vertex -1.156000e+01 -2.974114e+00  7.100000e-01
   endloop
 endfacet
 facet normal  0.000000e+00  0.000000e+00  1.000000e+00
   outer loop
     vertex -1.054000e+01 -1.207422e+00  7.100000e-01
     vertex -1.066059e+01 -1.257372e+00  7.100000e-01
     vertex -1.157704e+01 -2.844704e+00  7.100000e-01
   endloop
 endfacet
 facet normal  0.000000e+00  0.000000e+00  1.000000e+00
   outer loop
     vertex -1.122301e+01 -5.244090e-01  7.100000e-01
     vertex -1.249301e+01 -2.724114e+00  7.100000e-01
     vertex -1.127296e+01 -6.449995e-01  7.100000e-01
   endloop
 endfacet
 facet normal  0.000000e+00  0.000000e+00  1.000000e+00
   outer loop
     vertex -1.043645e+01 -1.127962e+00  7.100000e-01
     vertex -1.156000e+01 -2.974114e+00  7.100000e-01
     vertex -1.157704e+01 -3.103524e+00  7.100000e-01
   endloop
 endfacet
 facet normal  0.000000e+00  0.000000e+00  1.000000e+00
   outer loop
     vertex -1.043645e+01 -1.127962e+00  7.100000e-01
     vertex -1.157704e+01 -3.103524e+00  7.100000e-01
     vertex -7.951935e+00 -7.454849e+00  7.100000e-01
   endloop
 endfacet
 facet normal  0.000000e+00  0.000000e+00  1.000000e+00
   outer loop
     vertex -1.043645e+01 -1.127962e+00  7.100000e-01
     vertex -1.054000e+01 -1.207422e+00  7.100000e-01
     vertex -1.156000e+01 -2.974114e+00  7.100000e-01
   endloop
 endfacet
 facet normal  0.000000e+00  0.000000e+00  1.000000e+00
   outer loop
     vertex -8.928680e-01 -1.020304e+01  7.100000e-01
     vertex -4.060173e+00 -1.171666e+01  7.100000e-01
     vertex -8.830640e-01 -1.171664e+01  7.100000e-01
   endloop
 endfacet
 facet normal  0.000000e+00  0.000000e+00  1.000000e+00
   outer loop
     vertex -8.928680e-01 -1.020304e+01  7.100000e-01
     vertex -3.924263e+00 -9.067726e+00  7.100000e-01
     vertex -3.992989e+00 -9.257896e+00  7.100000e-01
   endloop
 endfacet
 facet normal  0.000000e+00  0.000000e+00  1.000000e+00
   outer loop
     vertex -8.928680e-01 -1.020304e+01  7.100000e-01
     vertex -3.579018e+00 -8.517883e+00  7.100000e-01
     vertex -3.649818e+00 -8.599533e+00  7.100000e-01
   endloop
 endfacet
 facet normal  0.000000e+00  0.000000e+00  1.000000e+00
   outer loop
     vertex -8.928680e-01 -1.020304e+01  7.100000e-01
     vertex -3.649818e+00 -8.599533e+00  7.100000e-01
     vertex -3.916466e+00 -9.049637e+00  7.100000e-01
   endloop
 endfacet
 facet normal  0.000000e+00  0.000000e+00  1.000000e+00
   outer loop
     vertex -8.928680e-01 -1.020304e+01  7.100000e-01
     vertex -3.916466e+00 -9.049637e+00  7.100000e-01
     vertex -3.924263e+00 -9.067726e+00  7.100000e-01
   endloop
 endfacet
 facet normal  0.000000e+00  0.000000e+00  1.000000e+00
   outer loop
     vertex -8.928680e-01 -1.020304e+01  7.100000e-01
     vertex -3.992989e+00 -9.257896e+00  7.100000e-01
     vertex -4.078262e+00 -1.018962e+01  7.100000e-01
   endloop
 endfacet
 facet normal  0.000000e+00  0.000000e+00  1.000000e+00
   outer loop
     vertex -8.928680e-01 -1.020304e+01  7.100000e-01
     vertex -4.078262e+00 -1.018962e+01  7.100000e-01
     vertex -4.060173e+00 -1.171666e+01  7.100000e-01
   endloop
 endfacet
 facet normal  0.000000e+00  0.000000e+00  1.000000e+00
   outer loop
     vertex  6.908241e+00 -1.793388e+01  7.100000e-01
     vertex  5.353553e+00 -1.927145e+01  7.100000e-01
     vertex  5.433013e+00 -1.937500e+01  7.100000e-01
   endloop
 endfacet
 facet normal  0.000000e+00  0.000000e+00  1.000000e+00
   outer loop
     vertex  6.908241e+00 -1.793388e+01  7.100000e-01
     vertex  5.433013e+00 -1.937500e+01  7.100000e-01
     vertex  5.482963e+00 -1.949559e+01  7.100000e-01
   endloop
 endfacet
 facet normal  0.000000e+00  0.000000e+00  1.000000e+00
   outer loop
     vertex  6.908241e+00 -1.793388e+01  7.100000e-01
     vertex  5.482963e+00 -1.949559e+01  7.100000e-01
     vertex  5.500000e+00 -1.962500e+01  7.100000e-01
   endloop
 endfacet
 facet normal  0.000000e+00  0.000000e+00  1.000000e+00
   outer loop
     vertex  6.908241e+00 -1.793388e+01  7.100000e-01
     vertex  5.294899e+00 -1.771684e+01  7.100000e-01
     vertex  5.353553e+00 -1.927145e+01  7.100000e-01
   endloop
 endfacet
 facet normal  0.000000e+00  0.000000e+00  1.000000e+00
   outer loop
     vertex  6.908241e+00 -1.771684e+01  7.100000e-01
     vertex  5.294899e+00 -1.771684e+01  7.100000e-01
     vertex  6.908241e+00 -1.793388e+01  7.100000e-01
   endloop
 endfacet
 facet normal  0.000000e+00  0.000000e+00  1.000000e+00
   outer loop
     vertex  4.257759e+00 -1.491598e+01  7.100000e-01
     vertex  6.191710e-01 -1.347209e+01  7.100000e-01
     vertex  2.956770e-01 -1.382400e+01  7.100000e-01
   endloop
 endfacet
 facet normal  0.000000e+00  0.000000e+00  1.000000e+00
   outer loop
     vertex  4.257759e+00 -1.491598e+01  7.100000e-01
     vertex  2.956770e-01 -1.382400e+01  7.100000e-01
     vertex  4.257759e+00 -1.665696e+01  7.100000e-01
   endloop
 endfacet
 facet normal  0.000000e+00  0.000000e+00  1.000000e+00
   outer loop
     vertex -2.683464e+00 -7.622849e+00  7.100000e-01
     vertex -3.579018e+00 -8.517883e+00  7.100000e-01
     vertex -8.928680e-01 -1.020304e+01  7.100000e-01
   endloop
 endfacet
 facet normal  0.000000e+00  0.000000e+00  1.000000e+00
   outer loop
     vertex  7.693214e+00 -1.783621e+01  7.100000e-01
     vertex  5.500000e+00 -1.962500e+01  7.100000e-01
     vertex  5.482963e+00 -1.975441e+01  7.100000e-01
   endloop
 endfacet
 facet normal  0.000000e+00  0.000000e+00  1.000000e+00
   outer loop
     vertex  7.693214e+00 -1.783621e+01  7.100000e-01
     vertex  6.908241e+00 -1.793388e+01  7.100000e-01
     vertex  5.500000e+00 -1.962500e+01  7.100000e-01
   endloop
 endfacet
 facet normal  0.000000e+00  0.000000e+00  1.000000e+00
   outer loop
     vertex  4.257721e+00 -1.433405e+01  7.100000e-01
     vertex  6.191710e-01 -1.347209e+01  7.100000e-01
     vertex  4.257759e+00 -1.491598e+01  7.100000e-01
   endloop
 endfacet
 facet normal  0.000000e+00  0.000000e+00  1.000000e+00
   outer loop
     vertex  8.230644e+00 -1.786153e+01  7.100000e-01
     vertex  5.482963e+00 -1.975441e+01  7.100000e-01
     vertex  5.433013e+00 -1.987500e+01  7.100000e-01
   endloop
 endfacet
 facet normal  0.000000e+00  0.000000e+00  1.000000e+00
   outer loop
     vertex  8.230644e+00 -1.786153e+01  7.100000e-01
     vertex  7.693214e+00 -1.783621e+01  7.100000e-01
     vertex  5.482963e+00 -1.975441e+01  7.100000e-01
   endloop
 endfacet
 facet normal  0.000000e+00  0.000000e+00  1.000000e+00
   outer loop
     vertex -4.086021e+00 -5.509743e+00  7.100000e-01
     vertex -7.951935e+00 -7.454849e+00  7.100000e-01
     vertex -5.894699e+00 -8.642372e+00  7.100000e-01
   endloop
 endfacet
 facet normal  0.000000e+00  0.000000e+00  1.000000e+00
   outer loop
     vertex -4.086021e+00 -5.509743e+00  7.100000e-01
     vertex -1.043645e+01 -1.127962e+00  7.100000e-01
     vertex -7.951935e+00 -7.454849e+00  7.100000e-01
   endloop
 endfacet
 facet normal  0.000000e+00  0.000000e+00  1.000000e+00
   outer loop
     vertex -4.086021e+00 -5.509743e+00  7.100000e-01
     vertex -1.035699e+01 -1.024409e+00  7.100000e-01
     vertex -1.043645e+01 -1.127962e+00  7.100000e-01
   endloop
 endfacet
 facet normal  0.000000e+00  0.000000e+00  1.000000e+00
   outer loop
     vertex -2.200287e+00 -7.148460e+00  7.100000e-01
     vertex -2.683464e+00 -7.622849e+00  7.100000e-01
     vertex -8.928680e-01 -1.020304e+01  7.100000e-01
   endloop
 endfacet
 facet normal  0.000000e+00  0.000000e+00  1.000000e+00
   outer loop
     vertex -3.956482e+00 -5.374413e+00  7.100000e-01
     vertex -1.035699e+01 -1.024409e+00  7.100000e-01
     vertex -4.086021e+00 -5.509743e+00  7.100000e-01
   endloop
 endfacet
 facet normal  0.000000e+00  0.000000e+00  1.000000e+00
   outer loop
     vertex -3.956482e+00 -5.374413e+00  7.100000e-01
     vertex -1.030704e+01 -9.038185e-01  7.100000e-01
     vertex -1.035699e+01 -1.024409e+00  7.100000e-01
   endloop
 endfacet
 facet normal  0.000000e+00  0.000000e+00  1.000000e+00
   outer loop
     vertex -9.873553e+00  1.071742e+00  7.100000e-01
     vertex -1.066059e+01 -2.914461e-01  7.100000e-01
     vertex -1.054000e+01 -3.413963e-01  7.100000e-01
   endloop
 endfacet
 facet normal  0.000000e+00  0.000000e+00  1.000000e+00
   outer loop
     vertex -9.953013e+00  1.175295e+00  7.100000e-01
     vertex -1.066059e+01 -2.914461e-01  7.100000e-01
     vertex -9.873553e+00  1.071742e+00  7.100000e-01
   endloop
 endfacet
 facet normal  0.000000e+00  0.000000e+00  1.000000e+00
   outer loop
     vertex -9.953013e+00  1.175295e+00  7.100000e-01
     vertex -1.079000e+01 -2.744090e-01  7.100000e-01
     vertex -1.066059e+01 -2.914461e-01  7.100000e-01
   endloop
 endfacet
 facet normal  0.000000e+00  0.000000e+00  1.000000e+00
   outer loop
     vertex -9.770000e+00  9.922823e-01  7.100000e-01
     vertex -9.873553e+00  1.071742e+00  7.100000e-01
     vertex -1.054000e+01 -3.413963e-01  7.100000e-01
   endloop
 endfacet
 facet normal  0.000000e+00  0.000000e+00  1.000000e+00
   outer loop
     vertex -9.770000e+00  9.922823e-01  7.100000e-01
     vertex -1.054000e+01 -3.413963e-01  7.100000e-01
     vertex -1.043645e+01 -4.208556e-01  7.100000e-01
   endloop
 endfacet
 facet normal  0.000000e+00  0.000000e+00  1.000000e+00
   outer loop
     vertex -9.649410e+00  9.423321e-01  7.100000e-01
     vertex -1.043645e+01 -4.208556e-01  7.100000e-01
     vertex -1.035699e+01 -5.244090e-01  7.100000e-01
   endloop
 endfacet
 facet normal  0.000000e+00  0.000000e+00  1.000000e+00
   outer loop
     vertex -9.649410e+00  9.423321e-01  7.100000e-01
     vertex -9.770000e+00  9.922823e-01  7.100000e-01
     vertex -1.043645e+01 -4.208556e-01  7.100000e-01
   endloop
 endfacet
 facet normal  0.000000e+00  0.000000e+00  1.000000e+00
   outer loop
     vertex -1.000296e+01  1.295885e+00  7.100000e-01
     vertex -1.079000e+01 -2.744090e-01  7.100000e-01
     vertex -9.953013e+00  1.175295e+00  7.100000e-01
   endloop
 endfacet
 facet normal  0.000000e+00  0.000000e+00  1.000000e+00
   outer loop
     vertex -1.000296e+01  1.295885e+00  7.100000e-01
     vertex -1.091941e+01 -2.914461e-01  7.100000e-01
     vertex -1.079000e+01 -2.744090e-01  7.100000e-01
   endloop
 endfacet
 facet normal  0.000000e+00  0.000000e+00  1.000000e+00
   outer loop
     vertex -9.520000e+00  9.252950e-01  7.100000e-01
     vertex -1.035699e+01 -5.244090e-01  7.100000e-01
     vertex -1.030704e+01 -6.449995e-01  7.100000e-01
   endloop
 endfacet
 facet normal  0.000000e+00  0.000000e+00  1.000000e+00
   outer loop
     vertex -9.520000e+00  9.252950e-01  7.100000e-01
     vertex -9.649410e+00  9.423321e-01  7.100000e-01
     vertex -1.035699e+01 -5.244090e-01  7.100000e-01
   endloop
 endfacet
 facet normal  0.000000e+00  0.000000e+00  1.000000e+00
   outer loop
     vertex -1.002000e+01  1.425295e+00  7.100000e-01
     vertex -1.091941e+01 -2.914461e-01  7.100000e-01
     vertex -1.000296e+01  1.295885e+00  7.100000e-01
   endloop
 endfacet
 facet normal  0.000000e+00  0.000000e+00  1.000000e+00
   outer loop
     vertex -1.002000e+01  1.425295e+00  7.100000e-01
     vertex -1.104000e+01 -3.413963e-01  7.100000e-01
     vertex -1.091941e+01 -2.914461e-01  7.100000e-01
   endloop
 endfacet
 facet normal  0.000000e+00  0.000000e+00  1.000000e+00
   outer loop
     vertex -1.000296e+01  1.554705e+00  7.100000e-01
     vertex -1.114355e+01 -4.208556e-01  7.100000e-01
     vertex -1.104000e+01 -3.413963e-01  7.100000e-01
   endloop
 endfacet
 facet normal  0.000000e+00  0.000000e+00  1.000000e+00
   outer loop
     vertex -1.000296e+01  1.554705e+00  7.100000e-01
     vertex -1.104000e+01 -3.413963e-01  7.100000e-01
     vertex -1.002000e+01  1.425295e+00  7.100000e-01
   endloop
 endfacet
 facet normal  0.000000e+00  0.000000e+00  1.000000e+00
   outer loop
     vertex -9.390590e+00  9.423321e-01  7.100000e-01
     vertex -9.520000e+00  9.252950e-01  7.100000e-01
     vertex -1.030704e+01 -6.449995e-01  7.100000e-01
   endloop
 endfacet
 facet normal  0.000000e+00  0.000000e+00  1.000000e+00
   outer loop
     vertex -9.390590e+00  9.423321e-01  7.100000e-01
     vertex -1.030704e+01 -6.449995e-01  7.100000e-01
     vertex -1.029000e+01 -7.744090e-01  7.100000e-01
   endloop
 endfacet
 facet normal  0.000000e+00  0.000000e+00  1.000000e+00
   outer loop
     vertex -9.953013e+00  1.675295e+00  7.100000e-01
     vertex -1.122301e+01 -5.244090e-01  7.100000e-01
     vertex -1.114355e+01 -4.208556e-01  7.100000e-01
   endloop
 endfacet
 facet normal  0.000000e+00  0.000000e+00  1.000000e+00
   outer loop
     vertex -9.953013e+00  1.675295e+00  7.100000e-01
     vertex -1.114355e+01 -4.208556e-01  7.100000e-01
     vertex -1.000296e+01  1.554705e+00  7.100000e-01
   endloop
 endfacet
 facet normal  0.000000e+00  0.000000e+00  1.000000e+00
   outer loop
     vertex -9.270000e+00  9.922823e-01  7.100000e-01
     vertex -9.390590e+00  9.423321e-01  7.100000e-01
     vertex -1.029000e+01 -7.744090e-01  7.100000e-01
   endloop
 endfacet
 facet normal  0.000000e+00  0.000000e+00  1.000000e+00
   outer loop
     vertex -9.270000e+00  9.922823e-01  7.100000e-01
     vertex -1.029000e+01 -7.744090e-01  7.100000e-01
     vertex -1.030704e+01 -9.038185e-01  7.100000e-01
   endloop
 endfacet
 facet normal  0.000000e+00  0.000000e+00  1.000000e+00
   outer loop
     vertex -9.166447e+00  1.071742e+00  7.100000e-01
     vertex -9.270000e+00  9.922823e-01  7.100000e-01
     vertex -1.030704e+01 -9.038185e-01  7.100000e-01
   endloop
 endfacet
 facet normal  0.000000e+00  0.000000e+00  1.000000e+00
   outer loop
     vertex  4.257721e+00 -1.171664e+01  7.100000e-01
     vertex  6.191710e-01 -1.347209e+01  7.100000e-01
     vertex  4.257721e+00 -1.433405e+01  7.100000e-01
   endloop
 endfacet
 facet normal  0.000000e+00  0.000000e+00  1.000000e+00
   outer loop
     vertex  4.257721e+00 -1.171664e+01  7.100000e-01
     vertex  6.403730e-01 -1.171664e+01  7.100000e-01
     vertex  6.403730e-01 -1.224633e+01  7.100000e-01
   endloop
 endfacet
 facet normal  0.000000e+00  0.000000e+00  1.000000e+00
   outer loop
     vertex  4.257721e+00 -1.171664e+01  7.100000e-01
     vertex  6.403730e-01 -1.224633e+01  7.100000e-01
     vertex  6.191710e-01 -1.347209e+01  7.100000e-01
   endloop
 endfacet
 facet normal  0.000000e+00  0.000000e+00  1.000000e+00
   outer loop
     vertex  1.045006e+00 -8.252258e+00  7.100000e-01
     vertex -2.200287e+00 -7.148460e+00  7.100000e-01
     vertex -8.928680e-01 -1.020304e+01  7.100000e-01
   endloop
 endfacet
 facet normal  0.000000e+00  0.000000e+00  1.000000e+00
   outer loop
     vertex  1.136361e+01 -1.806619e+01  7.100000e-01
     vertex  8.230644e+00 -1.786153e+01  7.100000e-01
     vertex  5.433013e+00 -1.987500e+01  7.100000e-01
   endloop
 endfacet
 facet normal  0.000000e+00  0.000000e+00  1.000000e+00
   outer loop
     vertex  1.136361e+01 -1.806619e+01  7.100000e-01
     vertex  5.433013e+00 -1.987500e+01  7.100000e-01
     vertex  5.353553e+00 -1.997855e+01  7.100000e-01
   endloop
 endfacet
 facet normal  0.000000e+00  0.000000e+00  1.000000e+00
   outer loop
     vertex  1.136361e+01 -1.806619e+01  7.100000e-01
     vertex  5.353553e+00 -1.997855e+01  7.100000e-01
     vertex  5.250000e+00 -2.005801e+01  7.100000e-01
   endloop
 endfacet
 facet normal  0.000000e+00  0.000000e+00  1.000000e+00
   outer loop
     vertex  1.149280e+01 -1.805069e+01  7.100000e-01
     vertex  1.136361e+01 -1.806619e+01  7.100000e-01
     vertex  5.250000e+00 -2.005801e+01  7.100000e-01
   endloop
 endfacet
 facet normal  0.000000e+00  0.000000e+00  1.000000e+00
   outer loop
     vertex -8.603553e+00  3.271447e+00  7.100000e-01
     vertex -9.520000e+00  1.925295e+00  7.100000e-01
     vertex -9.390590e+00  1.908258e+00  7.100000e-01
   endloop
 endfacet
 facet normal  0.000000e+00  0.000000e+00  1.000000e+00
   outer loop
     vertex -8.500000e+00  3.191987e+00  7.100000e-01
     vertex -9.390590e+00  1.908258e+00  7.100000e-01
     vertex -9.270000e+00  1.858308e+00  7.100000e-01
   endloop
 endfacet
 facet normal  0.000000e+00  0.000000e+00  1.000000e+00
   outer loop
     vertex -8.500000e+00  3.191987e+00  7.100000e-01
     vertex -8.603553e+00  3.271447e+00  7.100000e-01
     vertex -9.390590e+00  1.908258e+00  7.100000e-01
   endloop
 endfacet
 facet normal  0.000000e+00  0.000000e+00  1.000000e+00
   outer loop
     vertex -8.683013e+00  3.375000e+00  7.100000e-01
     vertex -9.649410e+00  1.908258e+00  7.100000e-01
     vertex -9.520000e+00  1.925295e+00  7.100000e-01
   endloop
 endfacet
 facet normal  0.000000e+00  0.000000e+00  1.000000e+00
   outer loop
     vertex -8.683013e+00  3.375000e+00  7.100000e-01
     vertex -9.520000e+00  1.925295e+00  7.100000e-01
     vertex -8.603553e+00  3.271447e+00  7.100000e-01
   endloop
 endfacet
 facet normal  0.000000e+00  0.000000e+00  1.000000e+00
   outer loop
     vertex -8.379410e+00  3.142037e+00  7.100000e-01
     vertex -8.500000e+00  3.191987e+00  7.100000e-01
     vertex -9.270000e+00  1.858308e+00  7.100000e-01
   endloop
 endfacet
 facet normal  0.000000e+00  0.000000e+00  1.000000e+00
   outer loop
     vertex -8.379410e+00  3.142037e+00  7.100000e-01
     vertex -9.270000e+00  1.858308e+00  7.100000e-01
     vertex -9.166447e+00  1.778848e+00  7.100000e-01
   endloop
 endfacet
 facet normal  0.000000e+00  0.000000e+00  1.000000e+00
   outer loop
     vertex -8.732963e+00  3.495590e+00  7.100000e-01
     vertex -9.649410e+00  1.908258e+00  7.100000e-01
     vertex -8.683013e+00  3.375000e+00  7.100000e-01
   endloop
 endfacet
 facet normal  0.000000e+00  0.000000e+00  1.000000e+00
   outer loop
     vertex -8.732963e+00  3.495590e+00  7.100000e-01
     vertex -9.770000e+00  1.858308e+00  7.100000e-01
     vertex -9.649410e+00  1.908258e+00  7.100000e-01
   endloop
 endfacet
 facet normal  0.000000e+00  0.000000e+00  1.000000e+00
   outer loop
     vertex -8.250000e+00  3.125000e+00  7.100000e-01
     vertex -8.379410e+00  3.142037e+00  7.100000e-01
     vertex -9.166447e+00  1.778848e+00  7.100000e-01
   endloop
 endfacet
 facet normal  0.000000e+00  0.000000e+00  1.000000e+00
   outer loop
     vertex -8.250000e+00  3.125000e+00  7.100000e-01
     vertex -9.166447e+00  1.778848e+00  7.100000e-01
     vertex -9.086987e+00  1.675295e+00  7.100000e-01
   endloop
 endfacet
 facet normal  0.000000e+00  0.000000e+00  1.000000e+00
   outer loop
     vertex -8.750000e+00  3.625000e+00  7.100000e-01
     vertex -9.873553e+00  1.778848e+00  7.100000e-01
     vertex -9.770000e+00  1.858308e+00  7.100000e-01
   endloop
 endfacet
 facet normal  0.000000e+00  0.000000e+00  1.000000e+00
   outer loop
     vertex -8.750000e+00  3.625000e+00  7.100000e-01
     vertex -9.770000e+00  1.858308e+00  7.100000e-01
     vertex -8.732963e+00  3.495590e+00  7.100000e-01
   endloop
 endfacet
 facet normal  0.000000e+00  0.000000e+00  1.000000e+00
   outer loop
     vertex -8.732963e+00  3.754410e+00  7.100000e-01
     vertex -9.873553e+00  1.778848e+00  7.100000e-01
     vertex -8.750000e+00  3.625000e+00  7.100000e-01
   endloop
 endfacet
 facet normal  0.000000e+00  0.000000e+00  1.000000e+00
   outer loop
     vertex -8.732963e+00  3.754410e+00  7.100000e-01
     vertex -9.953013e+00  1.675295e+00  7.100000e-01
     vertex -9.873553e+00  1.778848e+00  7.100000e-01
   endloop
 endfacet
 facet normal  0.000000e+00  0.000000e+00  1.000000e+00
   outer loop
     vertex -8.120590e+00  3.142037e+00  7.100000e-01
     vertex -9.086987e+00  1.675295e+00  7.100000e-01
     vertex -9.037037e+00  1.554705e+00  7.100000e-01
   endloop
 endfacet
 facet normal  0.000000e+00  0.000000e+00  1.000000e+00
   outer loop
     vertex -8.120590e+00  3.142037e+00  7.100000e-01
     vertex -8.250000e+00  3.125000e+00  7.100000e-01
     vertex -9.086987e+00  1.675295e+00  7.100000e-01
   endloop
 endfacet
 facet normal  0.000000e+00  0.000000e+00  1.000000e+00
   outer loop
     vertex  3.617900e-02 -4.936722e+00  7.100000e-01
     vertex -2.200287e+00 -7.148460e+00  7.100000e-01
     vertex  1.045006e+00 -8.252258e+00  7.100000e-01
   endloop
 endfacet
 facet normal  0.000000e+00  0.000000e+00  1.000000e+00
   outer loop
     vertex  3.617900e-02 -4.936722e+00  7.100000e-01
     vertex  1.045006e+00 -8.252258e+00  7.100000e-01
     vertex  1.405190e+00 -7.953049e+00  7.100000e-01
   endloop
 endfacet
 facet normal  0.000000e+00  0.000000e+00  1.000000e+00
   outer loop
     vertex  3.617900e-02 -4.936722e+00  7.100000e-01
     vertex -3.956482e+00 -5.374413e+00  7.100000e-01
     vertex -2.200287e+00 -7.148460e+00  7.100000e-01
   endloop
 endfacet
 facet normal  0.000000e+00  0.000000e+00  1.000000e+00
   outer loop
     vertex  3.617900e-02 -4.936722e+00  7.100000e-01
     vertex -2.311996e+00 -2.622131e+00  7.100000e-01
     vertex -3.956482e+00 -5.374413e+00  7.100000e-01
   endloop
 endfacet
 facet normal  0.000000e+00  0.000000e+00  1.000000e+00
   outer loop
     vertex -8.683013e+00  3.875000e+00  7.100000e-01
     vertex -9.953013e+00  1.675295e+00  7.100000e-01
     vertex -8.732963e+00  3.754410e+00  7.100000e-01
   endloop
 endfacet
 facet normal  0.000000e+00  0.000000e+00  1.000000e+00
   outer loop
     vertex -8.000000e+00  3.191987e+00  7.100000e-01
     vertex -8.120590e+00  3.142037e+00  7.100000e-01
     vertex -9.037037e+00  1.554705e+00  7.100000e-01
   endloop
 endfacet
 facet normal  0.000000e+00  0.000000e+00  1.000000e+00
   outer loop
     vertex -8.000000e+00  3.191987e+00  7.100000e-01
     vertex -9.037037e+00  1.554705e+00  7.100000e-01
     vertex -9.020000e+00  1.425295e+00  7.100000e-01
   endloop
 endfacet
 facet normal  0.000000e+00  0.000000e+00  1.000000e+00
   outer loop
     vertex -2.311996e+00 -2.439713e+00  7.100000e-01
     vertex -1.030704e+01 -9.038185e-01  7.100000e-01
     vertex -3.956482e+00 -5.374413e+00  7.100000e-01
   endloop
 endfacet
 facet normal  0.000000e+00  0.000000e+00  1.000000e+00
   outer loop
     vertex -2.311996e+00 -2.439713e+00  7.100000e-01
     vertex -9.166447e+00  1.071742e+00  7.100000e-01
     vertex -1.030704e+01 -9.038185e-01  7.100000e-01
   endloop
 endfacet
 facet normal  0.000000e+00  0.000000e+00  1.000000e+00
   outer loop
     vertex -2.311996e+00 -2.439713e+00  7.100000e-01
     vertex -3.956482e+00 -5.374413e+00  7.100000e-01
     vertex -2.311996e+00 -2.622131e+00  7.100000e-01
   endloop
 endfacet
 facet normal  0.000000e+00  0.000000e+00  1.000000e+00
   outer loop
     vertex -7.896447e+00  3.271447e+00  7.100000e-01
     vertex -8.000000e+00  3.191987e+00  7.100000e-01
     vertex -9.020000e+00  1.425295e+00  7.100000e-01
   endloop
 endfacet
 facet normal  0.000000e+00  0.000000e+00  1.000000e+00
   outer loop
     vertex -7.896447e+00  3.271447e+00  7.100000e-01
     vertex -9.020000e+00  1.425295e+00  7.100000e-01
     vertex -9.037037e+00  1.295885e+00  7.100000e-01
   endloop
 endfacet
 facet normal  0.000000e+00  0.000000e+00  1.000000e+00
   outer loop
     vertex  6.810990e-01 -4.755852e+00  7.100000e-01
     vertex  3.617900e-02 -4.936722e+00  7.100000e-01
     vertex  1.405190e+00 -7.953049e+00  7.100000e-01
   endloop
 endfacet
 facet normal  0.000000e+00  0.000000e+00  1.000000e+00
   outer loop
     vertex  3.886162e+00 -7.932426e+00  7.100000e-01
     vertex  2.650078e+00 -7.928757e+00  7.100000e-01
     vertex  2.650063e+00 -7.928825e+00  7.100000e-01
   endloop
 endfacet
 facet normal  0.000000e+00  0.000000e+00  1.000000e+00
   outer loop
     vertex  1.134191e+01 -1.522399e+01  7.100000e-01
     vertex  8.230644e+00 -1.786153e+01  7.100000e-01
     vertex  1.136361e+01 -1.806619e+01  7.100000e-01
   endloop
 endfacet
 facet normal  0.000000e+00  0.000000e+00  1.000000e+00
   outer loop
     vertex  1.051620e+00 -4.753265e+00  7.100000e-01
     vertex  6.810990e-01 -4.755852e+00  7.100000e-01
     vertex  1.405190e+00 -7.953049e+00  7.100000e-01
   endloop
 endfacet
 facet normal  0.000000e+00  0.000000e+00  1.000000e+00
   outer loop
     vertex  1.051620e+00 -4.753265e+00  7.100000e-01
     vertex  8.087390e-01 -4.740349e+00  7.100000e-01
     vertex  6.810990e-01 -4.755852e+00  7.100000e-01
   endloop
 endfacet
 facet normal  0.000000e+00  0.000000e+00  1.000000e+00
   outer loop
     vertex  1.051620e+00 -4.753265e+00  7.100000e-01
     vertex  1.405190e+00 -7.953049e+00  7.100000e-01
     vertex  2.650078e+00 -7.928757e+00  7.100000e-01
   endloop
 endfacet
 facet normal  0.000000e+00  0.000000e+00  1.000000e+00
   outer loop
     vertex -2.313034e+00 -8.754650e-01  7.100000e-01
     vertex -7.896447e+00  3.271447e+00  7.100000e-01
     vertex -9.037037e+00  1.295885e+00  7.100000e-01
   endloop
 endfacet
 facet normal  0.000000e+00  0.000000e+00  1.000000e+00
   outer loop
     vertex -2.313034e+00 -8.754650e-01  7.100000e-01
     vertex -9.166447e+00  1.071742e+00  7.100000e-01
     vertex -2.311996e+00 -2.439713e+00  7.100000e-01
   endloop
 endfacet
 facet normal  0.000000e+00  0.000000e+00  1.000000e+00
   outer loop
     vertex -2.313034e+00 -8.754650e-01  7.100000e-01
     vertex -9.037037e+00  1.295885e+00  7.100000e-01
     vertex -9.086987e+00  1.175295e+00  7.100000e-01
   endloop
 endfacet
 facet normal  0.000000e+00  0.000000e+00  1.000000e+00
   outer loop
     vertex -2.313034e+00 -8.754650e-01  7.100000e-01
     vertex -9.086987e+00  1.175295e+00  7.100000e-01
     vertex -9.166447e+00  1.071742e+00  7.100000e-01
   endloop
 endfacet
 facet normal  0.000000e+00  0.000000e+00  1.000000e+00
   outer loop
     vertex -1.636589e+00 -1.267693e+00  7.100000e-01
     vertex -2.313034e+00 -8.754650e-01  7.100000e-01
     vertex -2.311996e+00 -2.439713e+00  7.100000e-01
   endloop
 endfacet
 facet normal  0.000000e+00  0.000000e+00  1.000000e+00
   outer loop
     vertex  1.137112e+01 -1.288092e+01  7.100000e-01
     vertex  1.137110e+01 -1.288096e+01  7.100000e-01
     vertex  1.184652e+01 -1.344784e+01  7.100000e-01
   endloop
 endfacet
 facet normal  0.000000e+00  0.000000e+00  1.000000e+00
   outer loop
     vertex  1.137112e+01 -1.288092e+01  7.100000e-01
     vertex  8.210442e+00 -1.012350e+01  7.100000e-01
     vertex  1.134991e+01 -1.289082e+01  7.100000e-01
   endloop
 endfacet
 facet normal  0.000000e+00  0.000000e+00  1.000000e+00
   outer loop
     vertex  4.021667e+00 -4.734062e+00  7.100000e-01
     vertex  2.650078e+00 -7.928757e+00  7.100000e-01
     vertex  3.886162e+00 -7.932426e+00  7.100000e-01
   endloop
 endfacet
 facet normal  0.000000e+00  0.000000e+00  1.000000e+00
   outer loop
     vertex  4.021667e+00 -4.734062e+00  7.100000e-01
     vertex  3.886162e+00 -7.932426e+00  7.100000e-01
     vertex  5.748062e+00 -7.949997e+00  7.100000e-01
   endloop
 endfacet
 facet normal  0.000000e+00  0.000000e+00  1.000000e+00
   outer loop
     vertex  4.021667e+00 -4.734062e+00  7.100000e-01
     vertex  1.051620e+00 -4.753265e+00  7.100000e-01
     vertex  2.650078e+00 -7.928757e+00  7.100000e-01
   endloop
 endfacet
 facet normal  0.000000e+00  0.000000e+00  1.000000e+00
   outer loop
     vertex -2.333183e+00  2.448364e+00  7.100000e-01
     vertex -7.767037e+00  3.754410e+00  7.100000e-01
     vertex -7.750000e+00  3.625000e+00  7.100000e-01
   endloop
 endfacet
 facet normal  0.000000e+00  0.000000e+00  1.000000e+00
   outer loop
     vertex -2.333183e+00  2.448364e+00  7.100000e-01
     vertex -7.750000e+00  3.625000e+00  7.100000e-01
     vertex -7.767037e+00  3.495590e+00  7.100000e-01
   endloop
 endfacet
 facet normal  0.000000e+00  0.000000e+00  1.000000e+00
   outer loop
     vertex -2.333183e+00  2.448364e+00  7.100000e-01
     vertex -7.767037e+00  3.495590e+00  7.100000e-01
     vertex -7.816987e+00  3.375000e+00  7.100000e-01
   endloop
 endfacet
 facet normal  0.000000e+00  0.000000e+00  1.000000e+00
   outer loop
     vertex -2.333183e+00  2.448364e+00  7.100000e-01
     vertex -7.816987e+00  3.375000e+00  7.100000e-01
     vertex -7.896447e+00  3.271447e+00  7.100000e-01
   endloop
 endfacet
 facet normal  0.000000e+00  0.000000e+00  1.000000e+00
   outer loop
     vertex -2.333183e+00  2.448364e+00  7.100000e-01
     vertex -7.896447e+00  3.271447e+00  7.100000e-01
     vertex -2.313034e+00 -8.754650e-01  7.100000e-01
   endloop
 endfacet
 facet normal  0.000000e+00  0.000000e+00  1.000000e+00
   outer loop
     vertex  1.655308e+01 -1.321889e+01  7.100000e-01
     vertex  1.288884e+01 -1.452375e+01  7.100000e-01
     vertex  1.292294e+01 -1.474027e+01  7.100000e-01
   endloop
 endfacet
 facet normal  0.000000e+00  0.000000e+00  1.000000e+00
   outer loop
     vertex  1.655308e+01 -1.321889e+01  7.100000e-01
     vertex  1.292294e+01 -1.474027e+01  7.100000e-01
     vertex  1.293195e+01 -1.570662e+01  7.100000e-01
   endloop
 endfacet
 facet normal  0.000000e+00  0.000000e+00  1.000000e+00
   outer loop
     vertex  1.486998e+01 -1.149703e+01  7.100000e-01
     vertex  1.184652e+01 -1.344784e+01  7.100000e-01
     vertex  1.288884e+01 -1.452375e+01  7.100000e-01
   endloop
 endfacet
 facet normal  0.000000e+00  0.000000e+00  1.000000e+00
   outer loop
     vertex  1.486998e+01 -1.149703e+01  7.100000e-01
     vertex  1.288884e+01 -1.452375e+01  7.100000e-01
     vertex  1.655308e+01 -1.321889e+01  7.100000e-01
   endloop
 endfacet
 facet normal  0.000000e+00  0.000000e+00  1.000000e+00
   outer loop
     vertex  1.486998e+01 -1.149703e+01  7.100000e-01
     vertex  1.137112e+01 -1.288092e+01  7.100000e-01
     vertex  1.184652e+01 -1.344784e+01  7.100000e-01
   endloop
 endfacet
 facet normal  0.000000e+00  0.000000e+00  1.000000e+00
   outer loop
     vertex  2.500000e+01 -2.162500e+01  7.100000e-01
     vertex  5.250000e+00 -2.005801e+01  7.100000e-01
     vertex  5.129410e+00 -2.010796e+01  7.100000e-01
   endloop
 endfacet
 facet normal  0.000000e+00  0.000000e+00  1.000000e+00
   outer loop
     vertex  2.500000e+01 -2.162500e+01  7.100000e-01
     vertex  5.129410e+00 -2.010796e+01  7.100000e-01
     vertex  5.000000e+00 -2.012500e+01  7.100000e-01
   endloop
 endfacet
 facet normal  0.000000e+00  0.000000e+00  1.000000e+00
   outer loop
     vertex  2.500000e+01 -2.162500e+01  7.100000e-01
     vertex  1.201211e+01 -1.741039e+01  7.100000e-01
     vertex  1.149280e+01 -1.805069e+01  7.100000e-01
   endloop
 endfacet
 facet normal  0.000000e+00  0.000000e+00  1.000000e+00
   outer loop
     vertex  2.500000e+01 -2.162500e+01  7.100000e-01
     vertex  5.000000e+00 -2.012500e+01  7.100000e-01
     vertex  2.460000e+00 -2.012500e+01  7.100000e-01
   endloop
 endfacet
 facet normal  0.000000e+00  0.000000e+00  1.000000e+00
   outer loop
     vertex  2.500000e+01 -2.162500e+01  7.100000e-01
     vertex  1.149280e+01 -1.805069e+01  7.100000e-01
     vertex  5.250000e+00 -2.005801e+01  7.100000e-01
   endloop
 endfacet
 facet normal  0.000000e+00  0.000000e+00  1.000000e+00
   outer loop
     vertex  3.881485e+00 -1.421740e-01  7.100000e-01
     vertex  1.987144e+00 -1.257408e+00  7.100000e-01
     vertex  3.051048e+00 -3.283585e+00  7.100000e-01
   endloop
 endfacet
 facet normal  0.000000e+00  0.000000e+00  1.000000e+00
   outer loop
     vertex  3.881485e+00 -1.421740e-01  7.100000e-01
     vertex  3.051048e+00 -3.283585e+00  7.100000e-01
     vertex  3.847198e+00 -4.333794e+00  7.100000e-01
   endloop
 endfacet
 facet normal  0.000000e+00  0.000000e+00  1.000000e+00
   outer loop
     vertex  1.802328e+01 -1.407052e+01  7.100000e-01
     vertex  1.293195e+01 -1.570662e+01  7.100000e-01
     vertex  1.201211e+01 -1.741039e+01  7.100000e-01
   endloop
 endfacet
 facet normal  0.000000e+00  0.000000e+00  1.000000e+00
   outer loop
     vertex  1.802328e+01 -1.407052e+01  7.100000e-01
     vertex  1.655308e+01 -1.321889e+01  7.100000e-01
     vertex  1.293195e+01 -1.570662e+01  7.100000e-01
   endloop
 endfacet
 facet normal  0.000000e+00  0.000000e+00  1.000000e+00
   outer loop
     vertex  4.019508e+00  1.063840e-01  7.100000e-01
     vertex  3.990005e+00  7.641600e-02  7.100000e-01
     vertex  3.881485e+00 -1.421740e-01  7.100000e-01
   endloop
 endfacet
 facet normal  0.000000e+00  0.000000e+00  1.000000e+00
   outer loop
     vertex  1.872194e+01 -1.426328e+01  7.100000e-01
     vertex  1.802328e+01 -1.407052e+01  7.100000e-01
     vertex  1.201211e+01 -1.741039e+01  7.100000e-01
   endloop
 endfacet
 facet normal  0.000000e+00  0.000000e+00  1.000000e+00
   outer loop
     vertex  1.872194e+01 -1.426328e+01  7.100000e-01
     vertex  1.201211e+01 -1.741039e+01  7.100000e-01
     vertex  2.500000e+01 -2.162500e+01  7.100000e-01
   endloop
 endfacet
 facet normal  0.000000e+00  0.000000e+00  1.000000e+00
   outer loop
     vertex  4.366776e+00  4.949870e-01  7.100000e-01
     vertex  4.019508e+00  1.063840e-01  7.100000e-01
     vertex  3.881485e+00 -1.421740e-01  7.100000e-01
   endloop
 endfacet
 facet normal  0.000000e+00  0.000000e+00  1.000000e+00
   outer loop
     vertex -2.349724e+00  7.487854e+00  7.100000e-01
     vertex -8.250000e+00  4.125000e+00  7.100000e-01
     vertex -8.120590e+00  4.107963e+00  7.100000e-01
   endloop
 endfacet
 facet normal  0.000000e+00  0.000000e+00  1.000000e+00
   outer loop
     vertex -2.349724e+00  7.487854e+00  7.100000e-01
     vertex -8.120590e+00  4.107963e+00  7.100000e-01
     vertex -8.000000e+00  4.058013e+00  7.100000e-01
   endloop
 endfacet
 facet normal  0.000000e+00  0.000000e+00  1.000000e+00
   outer loop
     vertex -2.349724e+00  7.487854e+00  7.100000e-01
     vertex -8.000000e+00  4.058013e+00  7.100000e-01
     vertex -7.896447e+00  3.978553e+00  7.100000e-01
   endloop
 endfacet
 facet normal  0.000000e+00  0.000000e+00  1.000000e+00
   outer loop
     vertex -2.349724e+00  7.487854e+00  7.100000e-01
     vertex -7.896447e+00  3.978553e+00  7.100000e-01
     vertex -7.816987e+00  3.875000e+00  7.100000e-01
   endloop
 endfacet
 facet normal  0.000000e+00  0.000000e+00  1.000000e+00
   outer loop
     vertex -2.349724e+00  7.487854e+00  7.100000e-01
     vertex -7.816987e+00  3.875000e+00  7.100000e-01
     vertex -7.767037e+00  3.754410e+00  7.100000e-01
   endloop
 endfacet
 facet normal  0.000000e+00  0.000000e+00  1.000000e+00
   outer loop
     vertex -2.349724e+00  7.487854e+00  7.100000e-01
     vertex -7.767037e+00  3.754410e+00  7.100000e-01
     vertex -2.333183e+00  2.448364e+00  7.100000e-01
   endloop
 endfacet
 facet normal  0.000000e+00  0.000000e+00  1.000000e+00
   outer loop
     vertex -2.349724e+00  7.487854e+00  7.100000e-01
     vertex -8.379410e+00  4.107963e+00  7.100000e-01
     vertex -8.250000e+00  4.125000e+00  7.100000e-01
   endloop
 endfacet
 facet normal  0.000000e+00  0.000000e+00  1.000000e+00
   outer loop
     vertex  1.289699e+01 -5.673818e+00  7.100000e-01
     vertex  8.210442e+00 -1.012350e+01  7.100000e-01
     vertex  1.297645e+01 -5.777371e+00  7.100000e-01
   endloop
 endfacet
 facet normal  0.000000e+00  0.000000e+00  1.000000e+00
   outer loop
     vertex  1.289699e+01 -5.673818e+00  7.100000e-01
     vertex  6.535614e+00 -8.435753e+00  7.100000e-01
     vertex  8.210442e+00 -1.012350e+01  7.100000e-01
   endloop
 endfacet
 facet normal  0.000000e+00  0.000000e+00  1.000000e+00
   outer loop
     vertex  1.308000e+01 -5.856831e+00  7.100000e-01
     vertex  1.297645e+01 -5.777371e+00  7.100000e-01
     vertex  8.210442e+00 -1.012350e+01  7.100000e-01
   endloop
 endfacet
 facet normal  0.000000e+00  0.000000e+00  1.000000e+00
   outer loop
     vertex  1.488858e+01 -7.645073e+00  7.100000e-01
     vertex  1.137112e+01 -1.288092e+01  7.100000e-01
     vertex  1.486998e+01 -1.149703e+01  7.100000e-01
   endloop
 endfacet
 facet normal  0.000000e+00  0.000000e+00  1.000000e+00
   outer loop
     vertex  1.488858e+01 -7.645073e+00  7.100000e-01
     vertex  1.308000e+01 -5.856831e+00  7.100000e-01
     vertex  8.210442e+00 -1.012350e+01  7.100000e-01
   endloop
 endfacet
 facet normal  0.000000e+00  0.000000e+00  1.000000e+00
   outer loop
     vertex  1.488858e+01 -7.645073e+00  7.100000e-01
     vertex  1.872194e+01 -1.426328e+01  7.100000e-01
     vertex  2.500000e+01 -2.162500e+01  7.100000e-01
   endloop
 endfacet
 facet normal  0.000000e+00  0.000000e+00  1.000000e+00
   outer loop
     vertex  1.488858e+01 -7.645073e+00  7.100000e-01
     vertex  8.210442e+00 -1.012350e+01  7.100000e-01
     vertex  1.137112e+01 -1.288092e+01  7.100000e-01
   endloop
 endfacet
 facet normal  0.000000e+00  0.000000e+00  1.000000e+00
   outer loop
     vertex  1.284704e+01 -5.553228e+00  7.100000e-01
     vertex  6.535614e+00 -8.435753e+00  7.100000e-01
     vertex  1.289699e+01 -5.673818e+00  7.100000e-01
   endloop
 endfacet
 facet normal  0.000000e+00  0.000000e+00  1.000000e+00
   outer loop
     vertex  1.320059e+01 -5.906781e+00  7.100000e-01
     vertex  1.308000e+01 -5.856831e+00  7.100000e-01
     vertex  1.488858e+01 -7.645073e+00  7.100000e-01
   endloop
 endfacet
 facet normal  0.000000e+00  0.000000e+00  1.000000e+00
   outer loop
     vertex  1.333000e+01 -5.923818e+00  7.100000e-01
     vertex  1.320059e+01 -5.906781e+00  7.100000e-01
     vertex  1.488858e+01 -7.645073e+00  7.100000e-01
   endloop
 endfacet
 facet normal  0.000000e+00  0.000000e+00  1.000000e+00
   outer loop
     vertex  1.345941e+01 -5.906781e+00  7.100000e-01
     vertex  1.333000e+01 -5.923818e+00  7.100000e-01
     vertex  1.488858e+01 -7.645073e+00  7.100000e-01
   endloop
 endfacet
 facet normal  0.000000e+00  0.000000e+00  1.000000e+00
   outer loop
     vertex  1.358000e+01 -5.856831e+00  7.100000e-01
     vertex  1.345941e+01 -5.906781e+00  7.100000e-01
     vertex  1.488858e+01 -7.645073e+00  7.100000e-01
   endloop
 endfacet
 facet normal  0.000000e+00  0.000000e+00  1.000000e+00
   outer loop
     vertex  1.368355e+01 -5.777371e+00  7.100000e-01
     vertex  1.358000e+01 -5.856831e+00  7.100000e-01
     vertex  1.488858e+01 -7.645073e+00  7.100000e-01
   endloop
 endfacet
 facet normal  0.000000e+00  0.000000e+00  1.000000e+00
   outer loop
     vertex  1.376301e+01 -5.673818e+00  7.100000e-01
     vertex  1.368355e+01 -5.777371e+00  7.100000e-01
     vertex  1.488858e+01 -7.645073e+00  7.100000e-01
   endloop
 endfacet
 facet normal  0.000000e+00  0.000000e+00  1.000000e+00
   outer loop
     vertex  1.170645e+01 -3.577667e+00  7.100000e-01
     vertex  6.535614e+00 -8.435753e+00  7.100000e-01
     vertex  1.284704e+01 -5.553228e+00  7.100000e-01
   endloop
 endfacet
 facet normal  0.000000e+00  0.000000e+00  1.000000e+00
   outer loop
     vertex  1.162699e+01 -3.474114e+00  7.100000e-01
     vertex  6.535614e+00 -8.435753e+00  7.100000e-01
     vertex  1.170645e+01 -3.577667e+00  7.100000e-01
   endloop
 endfacet
 facet normal  0.000000e+00  0.000000e+00  1.000000e+00
   outer loop
     vertex  1.162699e+01 -3.474114e+00  7.100000e-01
     vertex  5.748062e+00 -7.949997e+00  7.100000e-01
     vertex  6.535614e+00 -8.435753e+00  7.100000e-01
   endloop
 endfacet
 facet normal  0.000000e+00  0.000000e+00  1.000000e+00
   outer loop
     vertex  1.181000e+01 -3.657127e+00  7.100000e-01
     vertex  1.170645e+01 -3.577667e+00  7.100000e-01
     vertex  1.284704e+01 -5.553228e+00  7.100000e-01
   endloop
 endfacet
 facet normal  0.000000e+00  0.000000e+00  1.000000e+00
   outer loop
     vertex  1.181000e+01 -3.657127e+00  7.100000e-01
     vertex  1.284704e+01 -5.553228e+00  7.100000e-01
     vertex  1.283000e+01 -5.423818e+00  7.100000e-01
   endloop
 endfacet
 facet normal  0.000000e+00  0.000000e+00  1.000000e+00
   outer loop
     vertex  1.193059e+01 -3.707077e+00  7.100000e-01
     vertex  1.181000e+01 -3.657127e+00  7.100000e-01
     vertex  1.283000e+01 -5.423818e+00  7.100000e-01
   endloop
 endfacet
 facet normal  0.000000e+00  0.000000e+00  1.000000e+00
   outer loop
     vertex  1.193059e+01 -3.707077e+00  7.100000e-01
     vertex  1.283000e+01 -5.423818e+00  7.100000e-01
     vertex  1.284704e+01 -5.294408e+00  7.100000e-01
   endloop
 endfacet
 facet normal  0.000000e+00  0.000000e+00  1.000000e+00
   outer loop
     vertex  1.157704e+01 -3.353524e+00  7.100000e-01
     vertex  5.748062e+00 -7.949997e+00  7.100000e-01
     vertex  1.162699e+01 -3.474114e+00  7.100000e-01
   endloop
 endfacet
 facet normal  0.000000e+00  0.000000e+00  1.000000e+00
   outer loop
     vertex  1.157704e+01 -3.353524e+00  7.100000e-01
     vertex  4.021667e+00 -4.734062e+00  7.100000e-01
     vertex  5.748062e+00 -7.949997e+00  7.100000e-01
   endloop
 endfacet
 facet normal  0.000000e+00  0.000000e+00  1.000000e+00
   outer loop
     vertex  1.381296e+01 -5.553228e+00  7.100000e-01
     vertex  1.376301e+01 -5.673818e+00  7.100000e-01
     vertex  1.488858e+01 -7.645073e+00  7.100000e-01
   endloop
 endfacet
 facet normal  0.000000e+00  0.000000e+00  1.000000e+00
   outer loop
     vertex  1.206000e+01 -3.724114e+00  7.100000e-01
     vertex  1.193059e+01 -3.707077e+00  7.100000e-01
     vertex  1.284704e+01 -5.294408e+00  7.100000e-01
   endloop
 endfacet
 facet normal  0.000000e+00  0.000000e+00  1.000000e+00
   outer loop
     vertex  1.206000e+01 -3.724114e+00  7.100000e-01
     vertex  1.284704e+01 -5.294408e+00  7.100000e-01
     vertex  1.289699e+01 -5.173818e+00  7.100000e-01
   endloop
 endfacet
 facet normal  0.000000e+00  0.000000e+00  1.000000e+00
   outer loop
     vertex  1.383000e+01 -5.423818e+00  7.100000e-01
     vertex  1.381296e+01 -5.553228e+00  7.100000e-01
     vertex  1.488858e+01 -7.645073e+00  7.100000e-01
   endloop
 endfacet
 facet normal  0.000000e+00  0.000000e+00  1.000000e+00
   outer loop
     vertex  1.218941e+01 -3.707077e+00  7.100000e-01
     vertex  1.206000e+01 -3.724114e+00  7.100000e-01
     vertex  1.289699e+01 -5.173818e+00  7.100000e-01
   endloop
 endfacet
 facet normal  0.000000e+00  0.000000e+00  1.000000e+00
   outer loop
     vertex  1.218941e+01 -3.707077e+00  7.100000e-01
     vertex  1.289699e+01 -5.173818e+00  7.100000e-01
     vertex  1.297645e+01 -5.070265e+00  7.100000e-01
   endloop
 endfacet
 facet normal  0.000000e+00  0.000000e+00  1.000000e+00
   outer loop
     vertex  1.381296e+01 -5.294408e+00  7.100000e-01
     vertex  1.383000e+01 -5.423818e+00  7.100000e-01
     vertex  1.488858e+01 -7.645073e+00  7.100000e-01
   endloop
 endfacet
 facet normal  0.000000e+00  0.000000e+00  1.000000e+00
   outer loop
     vertex  1.376301e+01 -5.173818e+00  7.100000e-01
     vertex  1.488858e+01 -7.645073e+00  7.100000e-01
     vertex  2.500000e+01 -2.162500e+01  7.100000e-01
   endloop
 endfacet
 facet normal  0.000000e+00  0.000000e+00  1.000000e+00
   outer loop
     vertex  1.376301e+01 -5.173818e+00  7.100000e-01
     vertex  1.381296e+01 -5.294408e+00  7.100000e-01
     vertex  1.488858e+01 -7.645073e+00  7.100000e-01
   endloop
 endfacet
 facet normal  0.000000e+00  0.000000e+00  1.000000e+00
   outer loop
     vertex  1.231000e+01 -3.657127e+00  7.100000e-01
     vertex  1.218941e+01 -3.707077e+00  7.100000e-01
     vertex  1.297645e+01 -5.070265e+00  7.100000e-01
   endloop
 endfacet
 facet normal  0.000000e+00  0.000000e+00  1.000000e+00
   outer loop
     vertex  1.231000e+01 -3.657127e+00  7.100000e-01
     vertex  1.297645e+01 -5.070265e+00  7.100000e-01
     vertex  1.308000e+01 -4.990805e+00  7.100000e-01
   endloop
 endfacet
 facet normal  0.000000e+00  0.000000e+00  1.000000e+00
   outer loop
     vertex  1.241355e+01 -3.577667e+00  7.100000e-01
     vertex  1.308000e+01 -4.990805e+00  7.100000e-01
     vertex  1.320059e+01 -4.940855e+00  7.100000e-01
   endloop
 endfacet
 facet normal  0.000000e+00  0.000000e+00  1.000000e+00
   outer loop
     vertex  1.241355e+01 -3.577667e+00  7.100000e-01
     vertex  1.231000e+01 -3.657127e+00  7.100000e-01
     vertex  1.308000e+01 -4.990805e+00  7.100000e-01
   endloop
 endfacet
 facet normal  0.000000e+00  0.000000e+00  1.000000e+00
   outer loop
     vertex  5.193054e+00  3.810028e+00  7.100000e-01
     vertex  5.096451e+00  3.715981e+00  7.100000e-01
     vertex  4.925400e+00  3.117569e+00  7.100000e-01
   endloop
 endfacet
 facet normal  0.000000e+00  0.000000e+00  1.000000e+00
   outer loop
     vertex  1.249301e+01 -3.474114e+00  7.100000e-01
     vertex  1.320059e+01 -4.940855e+00  7.100000e-01
     vertex  1.333000e+01 -4.923818e+00  7.100000e-01
   endloop
 endfacet
 facet normal  0.000000e+00  0.000000e+00  1.000000e+00
   outer loop
     vertex  1.249301e+01 -3.474114e+00  7.100000e-01
     vertex  1.241355e+01 -3.577667e+00  7.100000e-01
     vertex  1.320059e+01 -4.940855e+00  7.100000e-01
   endloop
 endfacet
 facet normal  0.000000e+00  0.000000e+00  1.000000e+00
   outer loop
     vertex  1.043645e+01 -1.377962e+00  7.100000e-01
     vertex  4.021667e+00 -4.734062e+00  7.100000e-01
     vertex  1.157704e+01 -3.353524e+00  7.100000e-01
   endloop
 endfacet
 facet normal  0.000000e+00  0.000000e+00  1.000000e+00
   outer loop
     vertex  1.043645e+01 -1.377962e+00  7.100000e-01
     vertex  1.157704e+01 -3.353524e+00  7.100000e-01
     vertex  1.156000e+01 -3.224114e+00  7.100000e-01
   endloop
 endfacet
 facet normal  0.000000e+00  0.000000e+00  1.000000e+00
   outer loop
     vertex  1.054000e+01 -1.457422e+00  7.100000e-01
     vertex  1.043645e+01 -1.377962e+00  7.100000e-01
     vertex  1.156000e+01 -3.224114e+00  7.100000e-01
   endloop
 endfacet
 facet normal  0.000000e+00  0.000000e+00  1.000000e+00
   outer loop
     vertex  1.054000e+01 -1.457422e+00  7.100000e-01
     vertex  1.156000e+01 -3.224114e+00  7.100000e-01
     vertex  1.157704e+01 -3.094704e+00  7.100000e-01
   endloop
 endfacet
 facet normal  0.000000e+00  0.000000e+00  1.000000e+00
   outer loop
     vertex  1.035699e+01 -1.274409e+00  7.100000e-01
     vertex  3.847198e+00 -4.333794e+00  7.100000e-01
     vertex  4.021667e+00 -4.734062e+00  7.100000e-01
   endloop
 endfacet
 facet normal  0.000000e+00  0.000000e+00  1.000000e+00
   outer loop
     vertex  1.035699e+01 -1.274409e+00  7.100000e-01
     vertex  4.021667e+00 -4.734062e+00  7.100000e-01
     vertex  1.043645e+01 -1.377962e+00  7.100000e-01
   endloop
 endfacet
 facet normal  0.000000e+00  0.000000e+00  1.000000e+00
   outer loop
     vertex  1.066059e+01 -1.507372e+00  7.100000e-01
     vertex  1.054000e+01 -1.457422e+00  7.100000e-01
     vertex  1.157704e+01 -3.094704e+00  7.100000e-01
   endloop
 endfacet
 facet normal  0.000000e+00  0.000000e+00  1.000000e+00
   outer loop
     vertex  1.066059e+01 -1.507372e+00  7.100000e-01
     vertex  1.157704e+01 -3.094704e+00  7.100000e-01
     vertex  1.162699e+01 -2.974114e+00  7.100000e-01
   endloop
 endfacet
 facet normal  0.000000e+00  0.000000e+00  1.000000e+00
   outer loop
     vertex  1.030704e+01 -1.153819e+00  7.100000e-01
     vertex  3.847198e+00 -4.333794e+00  7.100000e-01
     vertex  1.035699e+01 -1.274409e+00  7.100000e-01
   endloop
 endfacet
 facet normal  0.000000e+00  0.000000e+00  1.000000e+00
   outer loop
     vertex  1.030704e+01 -1.153819e+00  7.100000e-01
     vertex  4.366776e+00  4.949870e-01  7.100000e-01
     vertex  3.881485e+00 -1.421740e-01  7.100000e-01
   endloop
 endfacet
 facet normal  0.000000e+00  0.000000e+00  1.000000e+00
   outer loop
     vertex  1.030704e+01 -1.153819e+00  7.100000e-01
     vertex  3.881485e+00 -1.421740e-01  7.100000e-01
     vertex  3.847198e+00 -4.333794e+00  7.100000e-01
   endloop
 endfacet
 facet normal  0.000000e+00  0.000000e+00  1.000000e+00
   outer loop
     vertex  1.254296e+01 -3.353524e+00  7.100000e-01
     vertex  1.249301e+01 -3.474114e+00  7.100000e-01
     vertex  1.333000e+01 -4.923818e+00  7.100000e-01
   endloop
 endfacet
 facet normal  0.000000e+00  0.000000e+00  1.000000e+00
   outer loop
     vertex  1.254296e+01 -3.353524e+00  7.100000e-01
     vertex  1.333000e+01 -4.923818e+00  7.100000e-01
     vertex  1.345941e+01 -4.940855e+00  7.100000e-01
   endloop
 endfacet
 facet normal  0.000000e+00  0.000000e+00  1.000000e+00
   outer loop
     vertex  1.079000e+01 -1.524409e+00  7.100000e-01
     vertex  1.066059e+01 -1.507372e+00  7.100000e-01
     vertex  1.162699e+01 -2.974114e+00  7.100000e-01
   endloop
 endfacet
 facet normal  0.000000e+00  0.000000e+00  1.000000e+00
   outer loop
     vertex  1.079000e+01 -1.524409e+00  7.100000e-01
     vertex  1.162699e+01 -2.974114e+00  7.100000e-01
     vertex  1.170645e+01 -2.870561e+00  7.100000e-01
   endloop
 endfacet
 facet normal  0.000000e+00  0.000000e+00  1.000000e+00
   outer loop
     vertex  1.256000e+01 -3.224114e+00  7.100000e-01
     vertex  1.254296e+01 -3.353524e+00  7.100000e-01
     vertex  1.345941e+01 -4.940855e+00  7.100000e-01
   endloop
 endfacet
 facet normal  0.000000e+00  0.000000e+00  1.000000e+00
   outer loop
     vertex  1.256000e+01 -3.224114e+00  7.100000e-01
     vertex  1.345941e+01 -4.940855e+00  7.100000e-01
     vertex  1.358000e+01 -4.990805e+00  7.100000e-01
   endloop
 endfacet
 facet normal  0.000000e+00  0.000000e+00  1.000000e+00
   outer loop
     vertex  1.091941e+01 -1.507372e+00  7.100000e-01
     vertex  1.079000e+01 -1.524409e+00  7.100000e-01
     vertex  1.170645e+01 -2.870561e+00  7.100000e-01
   endloop
 endfacet
 facet normal  0.000000e+00  0.000000e+00  1.000000e+00
   outer loop
     vertex  1.091941e+01 -1.507372e+00  7.100000e-01
     vertex  1.170645e+01 -2.870561e+00  7.100000e-01
     vertex  1.181000e+01 -2.791101e+00  7.100000e-01
   endloop
 endfacet
 facet normal  0.000000e+00  0.000000e+00  1.000000e+00
   outer loop
     vertex  1.254296e+01 -3.094704e+00  7.100000e-01
     vertex  1.256000e+01 -3.224114e+00  7.100000e-01
     vertex  1.358000e+01 -4.990805e+00  7.100000e-01
   endloop
 endfacet
 facet normal  0.000000e+00  0.000000e+00  1.000000e+00
   outer loop
     vertex  1.254296e+01 -3.094704e+00  7.100000e-01
     vertex  1.358000e+01 -4.990805e+00  7.100000e-01
     vertex  1.368355e+01 -5.070265e+00  7.100000e-01
   endloop
 endfacet
 facet normal  0.000000e+00  0.000000e+00  1.000000e+00
   outer loop
     vertex  1.249301e+01 -2.974114e+00  7.100000e-01
     vertex  1.254296e+01 -3.094704e+00  7.100000e-01
     vertex  1.368355e+01 -5.070265e+00  7.100000e-01
   endloop
 endfacet
 facet normal  0.000000e+00  0.000000e+00  1.000000e+00
   outer loop
     vertex  1.249301e+01 -2.974114e+00  7.100000e-01
     vertex  1.368355e+01 -5.070265e+00  7.100000e-01
     vertex  1.376301e+01 -5.173818e+00  7.100000e-01
   endloop
 endfacet
 facet normal  0.000000e+00  0.000000e+00  1.000000e+00
   outer loop
     vertex  1.104000e+01 -1.457422e+00  7.100000e-01
     vertex  1.091941e+01 -1.507372e+00  7.100000e-01
     vertex  1.181000e+01 -2.791101e+00  7.100000e-01
   endloop
 endfacet
 facet normal  0.000000e+00  0.000000e+00  1.000000e+00
   outer loop
     vertex  1.104000e+01 -1.457422e+00  7.100000e-01
     vertex  1.181000e+01 -2.791101e+00  7.100000e-01
     vertex  1.193059e+01 -2.741151e+00  7.100000e-01
   endloop
 endfacet
 facet normal  0.000000e+00  0.000000e+00  1.000000e+00
   outer loop
     vertex  1.114355e+01 -1.377962e+00  7.100000e-01
     vertex  1.193059e+01 -2.741151e+00  7.100000e-01
     vertex  1.206000e+01 -2.724114e+00  7.100000e-01
   endloop
 endfacet
 facet normal  0.000000e+00  0.000000e+00  1.000000e+00
   outer loop
     vertex  1.114355e+01 -1.377962e+00  7.100000e-01
     vertex  1.104000e+01 -1.457422e+00  7.100000e-01
     vertex  1.193059e+01 -2.741151e+00  7.100000e-01
   endloop
 endfacet
 facet normal  0.000000e+00  0.000000e+00  1.000000e+00
   outer loop
     vertex  1.122301e+01 -1.274409e+00  7.100000e-01
     vertex  1.206000e+01 -2.724114e+00  7.100000e-01
     vertex  1.218941e+01 -2.741151e+00  7.100000e-01
   endloop
 endfacet
 facet normal  0.000000e+00  0.000000e+00  1.000000e+00
   outer loop
     vertex  1.122301e+01 -1.274409e+00  7.100000e-01
     vertex  1.114355e+01 -1.377962e+00  7.100000e-01
     vertex  1.206000e+01 -2.724114e+00  7.100000e-01
   endloop
 endfacet
 facet normal  0.000000e+00  0.000000e+00  1.000000e+00
   outer loop
     vertex  9.166447e+00  8.217416e-01  7.100000e-01
     vertex  4.366776e+00  4.949870e-01  7.100000e-01
     vertex  1.030704e+01 -1.153819e+00  7.100000e-01
   endloop
 endfacet
 facet normal  0.000000e+00  0.000000e+00  1.000000e+00
   outer loop
     vertex  9.166447e+00  8.217416e-01  7.100000e-01
     vertex  4.928497e+00  1.117172e+00  7.100000e-01
     vertex  4.366776e+00  4.949870e-01  7.100000e-01
   endloop
 endfacet
 facet normal  0.000000e+00  0.000000e+00  1.000000e+00
   outer loop
     vertex  9.270000e+00  7.422823e-01  7.100000e-01
     vertex  9.166447e+00  8.217416e-01  7.100000e-01
     vertex  1.030704e+01 -1.153819e+00  7.100000e-01
   endloop
 endfacet
 facet normal  0.000000e+00  0.000000e+00  1.000000e+00
   outer loop
     vertex  9.270000e+00  7.422823e-01  7.100000e-01
     vertex  1.030704e+01 -1.153819e+00  7.100000e-01
     vertex  1.029000e+01 -1.024409e+00  7.100000e-01
   endloop
 endfacet
 facet normal  0.000000e+00  0.000000e+00  1.000000e+00
   outer loop
     vertex  9.086987e+00  9.252950e-01  7.100000e-01
     vertex  4.928497e+00  1.117172e+00  7.100000e-01
     vertex  9.166447e+00  8.217416e-01  7.100000e-01
   endloop
 endfacet
 facet normal  0.000000e+00  0.000000e+00  1.000000e+00
   outer loop
     vertex  9.037037e+00  1.045885e+00  7.100000e-01
     vertex  4.928497e+00  1.117172e+00  7.100000e-01
     vertex  9.086987e+00  9.252950e-01  7.100000e-01
   endloop
 endfacet
 facet normal  0.000000e+00  0.000000e+00  1.000000e+00
   outer loop
     vertex  9.390590e+00  6.923321e-01  7.100000e-01
     vertex  1.029000e+01 -1.024409e+00  7.100000e-01
     vertex  1.030704e+01 -8.949995e-01  7.100000e-01
   endloop
 endfacet
 facet normal  0.000000e+00  0.000000e+00  1.000000e+00
   outer loop
     vertex  9.390590e+00  6.923321e-01  7.100000e-01
     vertex  9.270000e+00  7.422823e-01  7.100000e-01
     vertex  1.029000e+01 -1.024409e+00  7.100000e-01
   endloop
 endfacet
 facet normal  0.000000e+00  0.000000e+00  1.000000e+00
   outer loop
     vertex  1.127296e+01 -1.153819e+00  7.100000e-01
     vertex  1.218941e+01 -2.741151e+00  7.100000e-01
     vertex  1.231000e+01 -2.791101e+00  7.100000e-01
   endloop
 endfacet
 facet normal  0.000000e+00  0.000000e+00  1.000000e+00
   outer loop
     vertex  1.127296e+01 -1.153819e+00  7.100000e-01
     vertex  1.122301e+01 -1.274409e+00  7.100000e-01
     vertex  1.218941e+01 -2.741151e+00  7.100000e-01
   endloop
 endfacet
 facet normal  0.000000e+00  0.000000e+00  1.000000e+00
   outer loop
     vertex  9.520000e+00  6.752950e-01  7.100000e-01
     vertex  1.030704e+01 -8.949995e-01  7.100000e-01
     vertex  1.035699e+01 -7.744090e-01  7.100000e-01
   endloop
 endfacet
 facet normal  0.000000e+00  0.000000e+00  1.000000e+00
   outer loop
     vertex  9.520000e+00  6.752950e-01  7.100000e-01
     vertex  9.390590e+00  6.923321e-01  7.100000e-01
     vertex  1.030704e+01 -8.949995e-01  7.100000e-01
   endloop
 endfacet
 facet normal  0.000000e+00  0.000000e+00  1.000000e+00
   outer loop
     vertex  9.020000e+00  1.175295e+00  7.100000e-01
     vertex  4.928497e+00  1.117172e+00  7.100000e-01
     vertex  9.037037e+00  1.045885e+00  7.100000e-01
   endloop
 endfacet
 facet normal  0.000000e+00  0.000000e+00  1.000000e+00
   outer loop
     vertex  1.129000e+01 -1.024409e+00  7.100000e-01
     vertex  1.231000e+01 -2.791101e+00  7.100000e-01
     vertex  1.241355e+01 -2.870561e+00  7.100000e-01
   endloop
 endfacet
 facet normal  0.000000e+00  0.000000e+00  1.000000e+00
   outer loop
     vertex  1.129000e+01 -1.024409e+00  7.100000e-01
     vertex  1.127296e+01 -1.153819e+00  7.100000e-01
     vertex  1.231000e+01 -2.791101e+00  7.100000e-01
   endloop
 endfacet
 facet normal  0.000000e+00  0.000000e+00  1.000000e+00
   outer loop
     vertex  9.649410e+00  6.923321e-01  7.100000e-01
     vertex  1.035699e+01 -7.744090e-01  7.100000e-01
     vertex  1.043645e+01 -6.708556e-01  7.100000e-01
   endloop
 endfacet
 facet normal  0.000000e+00  0.000000e+00  1.000000e+00
   outer loop
     vertex  9.649410e+00  6.923321e-01  7.100000e-01
     vertex  9.520000e+00  6.752950e-01  7.100000e-01
     vertex  1.035699e+01 -7.744090e-01  7.100000e-01
   endloop
 endfacet
 facet normal  0.000000e+00  0.000000e+00  1.000000e+00
   outer loop
     vertex  1.127296e+01 -8.949995e-01  7.100000e-01
     vertex  1.241355e+01 -2.870561e+00  7.100000e-01
     vertex  1.249301e+01 -2.974114e+00  7.100000e-01
   endloop
 endfacet
 facet normal  0.000000e+00  0.000000e+00  1.000000e+00
   outer loop
     vertex  1.127296e+01 -8.949995e-01  7.100000e-01
     vertex  1.129000e+01 -1.024409e+00  7.100000e-01
     vertex  1.241355e+01 -2.870561e+00  7.100000e-01
   endloop
 endfacet
 facet normal  0.000000e+00  0.000000e+00  1.000000e+00
   outer loop
     vertex  1.122301e+01 -7.744090e-01  7.100000e-01
     vertex  1.127296e+01 -8.949995e-01  7.100000e-01
     vertex  1.249301e+01 -2.974114e+00  7.100000e-01
   endloop
 endfacet
 facet normal  0.000000e+00  0.000000e+00  1.000000e+00
   outer loop
     vertex  9.770000e+00  7.422823e-01  7.100000e-01
     vertex  1.043645e+01 -6.708556e-01  7.100000e-01
     vertex  1.054000e+01 -5.913963e-01  7.100000e-01
   endloop
 endfacet
 facet normal  0.000000e+00  0.000000e+00  1.000000e+00
   outer loop
     vertex  9.770000e+00  7.422823e-01  7.100000e-01
     vertex  9.649410e+00  6.923321e-01  7.100000e-01
     vertex  1.043645e+01 -6.708556e-01  7.100000e-01
   endloop
 endfacet
 facet normal  0.000000e+00  0.000000e+00  1.000000e+00
   outer loop
     vertex  9.873553e+00  8.217416e-01  7.100000e-01
     vertex  1.054000e+01 -5.913963e-01  7.100000e-01
     vertex  1.066059e+01 -5.414461e-01  7.100000e-01
   endloop
 endfacet
 facet normal  0.000000e+00  0.000000e+00  1.000000e+00
   outer loop
     vertex  9.873553e+00  8.217416e-01  7.100000e-01
     vertex  9.770000e+00  7.422823e-01  7.100000e-01
     vertex  1.054000e+01 -5.913963e-01  7.100000e-01
   endloop
 endfacet
 facet normal  0.000000e+00  0.000000e+00  1.000000e+00
   outer loop
     vertex  9.953013e+00  9.252950e-01  7.100000e-01
     vertex  1.066059e+01 -5.414461e-01  7.100000e-01
     vertex  1.079000e+01 -5.244090e-01  7.100000e-01
   endloop
 endfacet
 facet normal  0.000000e+00  0.000000e+00  1.000000e+00
   outer loop
     vertex  9.953013e+00  9.252950e-01  7.100000e-01
     vertex  9.873553e+00  8.217416e-01  7.100000e-01
     vertex  1.066059e+01 -5.414461e-01  7.100000e-01
   endloop
 endfacet
 facet normal  0.000000e+00  0.000000e+00  1.000000e+00
   outer loop
     vertex  7.896447e+00  3.021447e+00  7.100000e-01
     vertex  4.943497e+00  2.654030e+00  7.100000e-01
     vertex  4.928497e+00  1.117172e+00  7.100000e-01
   endloop
 endfacet
 facet normal  0.000000e+00  0.000000e+00  1.000000e+00
   outer loop
     vertex  8.000000e+00  2.941987e+00  7.100000e-01
     vertex  9.020000e+00  1.175295e+00  7.100000e-01
     vertex  9.037037e+00  1.304705e+00  7.100000e-01
   endloop
 endfacet
 facet normal  0.000000e+00  0.000000e+00  1.000000e+00
   outer loop
     vertex  8.000000e+00  2.941987e+00  7.100000e-01
     vertex  4.928497e+00  1.117172e+00  7.100000e-01
     vertex  9.020000e+00  1.175295e+00  7.100000e-01
   endloop
 endfacet
 facet normal  0.000000e+00  0.000000e+00  1.000000e+00
   outer loop
     vertex  8.000000e+00  2.941987e+00  7.100000e-01
     vertex  7.896447e+00  3.021447e+00  7.100000e-01
     vertex  4.928497e+00  1.117172e+00  7.100000e-01
   endloop
 endfacet
 facet normal  0.000000e+00  0.000000e+00  1.000000e+00
   outer loop
     vertex  7.816987e+00  3.125000e+00  7.100000e-01
     vertex  4.943497e+00  2.654030e+00  7.100000e-01
     vertex  7.896447e+00  3.021447e+00  7.100000e-01
   endloop
 endfacet
 facet normal  0.000000e+00  0.000000e+00  1.000000e+00
   outer loop
     vertex  8.120590e+00  2.892037e+00  7.100000e-01
     vertex  9.037037e+00  1.304705e+00  7.100000e-01
     vertex  9.086987e+00  1.425295e+00  7.100000e-01
   endloop
 endfacet
 facet normal  0.000000e+00  0.000000e+00  1.000000e+00
   outer loop
     vertex  8.120590e+00  2.892037e+00  7.100000e-01
     vertex  8.000000e+00  2.941987e+00  7.100000e-01
     vertex  9.037037e+00  1.304705e+00  7.100000e-01
   endloop
 endfacet
 facet normal  0.000000e+00  0.000000e+00  1.000000e+00
   outer loop
     vertex  7.767037e+00  3.245590e+00  7.100000e-01
     vertex  4.943497e+00  2.654030e+00  7.100000e-01
     vertex  7.816987e+00  3.125000e+00  7.100000e-01
   endloop
 endfacet
 facet normal  0.000000e+00  0.000000e+00  1.000000e+00
   outer loop
     vertex  7.767037e+00  3.245590e+00  7.100000e-01
     vertex  5.193054e+00  3.810028e+00  7.100000e-01
     vertex  4.925400e+00  3.117569e+00  7.100000e-01
   endloop
 endfacet
 facet normal  0.000000e+00  0.000000e+00  1.000000e+00
   outer loop
     vertex  7.767037e+00  3.245590e+00  7.100000e-01
     vertex  5.457642e+00  4.088051e+00  7.100000e-01
     vertex  5.193054e+00  3.810028e+00  7.100000e-01
   endloop
 endfacet
 facet normal  0.000000e+00  0.000000e+00  1.000000e+00
   outer loop
     vertex  7.767037e+00  3.245590e+00  7.100000e-01
     vertex  4.925400e+00  3.117569e+00  7.100000e-01
     vertex  4.943497e+00  2.654030e+00  7.100000e-01
   endloop
 endfacet
 facet normal  0.000000e+00  0.000000e+00  1.000000e+00
   outer loop
     vertex  1.000296e+01  1.045885e+00  7.100000e-01
     vertex  1.079000e+01 -5.244090e-01  7.100000e-01
     vertex  1.091941e+01 -5.414461e-01  7.100000e-01
   endloop
 endfacet
 facet normal  0.000000e+00  0.000000e+00  1.000000e+00
   outer loop
     vertex  1.000296e+01  1.045885e+00  7.100000e-01
     vertex  9.953013e+00  9.252950e-01  7.100000e-01
     vertex  1.079000e+01 -5.244090e-01  7.100000e-01
   endloop
 endfacet
 facet normal  0.000000e+00  0.000000e+00  1.000000e+00
   outer loop
     vertex  8.250000e+00  2.875000e+00  7.100000e-01
     vertex  8.120590e+00  2.892037e+00  7.100000e-01
     vertex  9.086987e+00  1.425295e+00  7.100000e-01
   endloop
 endfacet
 facet normal  0.000000e+00  0.000000e+00  1.000000e+00
   outer loop
     vertex  8.250000e+00  2.875000e+00  7.100000e-01
     vertex  9.086987e+00  1.425295e+00  7.100000e-01
     vertex  9.166447e+00  1.528848e+00  7.100000e-01
   endloop
 endfacet
 facet normal  0.000000e+00  0.000000e+00  1.000000e+00
   outer loop
     vertex  7.750000e+00  3.375000e+00  7.100000e-01
     vertex  5.457642e+00  4.088051e+00  7.100000e-01
     vertex  7.767037e+00  3.245590e+00  7.100000e-01
   endloop
 endfacet
 facet normal  0.000000e+00  0.000000e+00  1.000000e+00
   outer loop
     vertex  1.002000e+01  1.175295e+00  7.100000e-01
     vertex  1.000296e+01  1.045885e+00  7.100000e-01
     vertex  1.091941e+01 -5.414461e-01  7.100000e-01
   endloop
 endfacet
 facet normal  0.000000e+00  0.000000e+00  1.000000e+00
   outer loop
     vertex  1.002000e+01  1.175295e+00  7.100000e-01
     vertex  1.091941e+01 -5.414461e-01  7.100000e-01
     vertex  1.104000e+01 -5.913963e-01  7.100000e-01
   endloop
 endfacet
 facet normal  0.000000e+00  0.000000e+00  1.000000e+00
   outer loop
     vertex  7.767037e+00  3.504410e+00  7.100000e-01
     vertex  5.457642e+00  4.088051e+00  7.100000e-01
     vertex  7.750000e+00  3.375000e+00  7.100000e-01
   endloop
 endfacet
 facet normal  0.000000e+00  0.000000e+00  1.000000e+00
   outer loop
     vertex  7.767037e+00  3.504410e+00  7.100000e-01
     vertex  6.253448e+00  4.945366e+00  7.100000e-01
     vertex  5.457642e+00  4.088051e+00  7.100000e-01
   endloop
 endfacet
 facet normal  0.000000e+00  0.000000e+00  1.000000e+00
   outer loop
     vertex  8.379410e+00  2.892037e+00  7.100000e-01
     vertex  8.250000e+00  2.875000e+00  7.100000e-01
     vertex  9.166447e+00  1.528848e+00  7.100000e-01
   endloop
 endfacet
 facet normal  0.000000e+00  0.000000e+00  1.000000e+00
   outer loop
     vertex  8.379410e+00  2.892037e+00  7.100000e-01
     vertex  9.166447e+00  1.528848e+00  7.100000e-01
     vertex  9.270000e+00  1.608308e+00  7.100000e-01
   endloop
 endfacet
 facet normal  0.000000e+00  0.000000e+00  1.000000e+00
   outer loop
     vertex  1.000296e+01  1.304705e+00  7.100000e-01
     vertex  1.002000e+01  1.175295e+00  7.100000e-01
     vertex  1.104000e+01 -5.913963e-01  7.100000e-01
   endloop
 endfacet
 facet normal  0.000000e+00  0.000000e+00  1.000000e+00
   outer loop
     vertex  1.000296e+01  1.304705e+00  7.100000e-01
     vertex  1.104000e+01 -5.913963e-01  7.100000e-01
     vertex  1.114355e+01 -6.708556e-01  7.100000e-01
   endloop
 endfacet
 facet normal  0.000000e+00  0.000000e+00  1.000000e+00
   outer loop
     vertex  9.953013e+00  1.425295e+00  7.100000e-01
     vertex  1.114355e+01 -6.708556e-01  7.100000e-01
     vertex  1.122301e+01 -7.744090e-01  7.100000e-01
   endloop
 endfacet
 facet normal  0.000000e+00  0.000000e+00  1.000000e+00
   outer loop
     vertex  9.953013e+00  1.425295e+00  7.100000e-01
     vertex  1.000296e+01  1.304705e+00  7.100000e-01
     vertex  1.114355e+01 -6.708556e-01  7.100000e-01
   endloop
 endfacet
 facet normal  0.000000e+00  0.000000e+00  1.000000e+00
   outer loop
     vertex  7.816987e+00  3.625000e+00  7.100000e-01
     vertex  6.253448e+00  4.945366e+00  7.100000e-01
     vertex  7.767037e+00  3.504410e+00  7.100000e-01
   endloop
 endfacet
 facet normal  0.000000e+00  0.000000e+00  1.000000e+00
   outer loop
     vertex  8.500000e+00  2.941987e+00  7.100000e-01
     vertex  8.379410e+00  2.892037e+00  7.100000e-01
     vertex  9.270000e+00  1.608308e+00  7.100000e-01
   endloop
 endfacet
 facet normal  0.000000e+00  0.000000e+00  1.000000e+00
   outer loop
     vertex  8.500000e+00  2.941987e+00  7.100000e-01
     vertex  9.270000e+00  1.608308e+00  7.100000e-01
     vertex  9.390590e+00  1.658258e+00  7.100000e-01
   endloop
 endfacet
 facet normal  0.000000e+00  0.000000e+00  1.000000e+00
   outer loop
     vertex  7.896447e+00  3.728553e+00  7.100000e-01
     vertex  6.253448e+00  4.945366e+00  7.100000e-01
     vertex  7.816987e+00  3.625000e+00  7.100000e-01
   endloop
 endfacet
 facet normal  0.000000e+00  0.000000e+00  1.000000e+00
   outer loop
     vertex  8.603553e+00  3.021447e+00  7.100000e-01
     vertex  8.500000e+00  2.941987e+00  7.100000e-01
     vertex  9.390590e+00  1.658258e+00  7.100000e-01
   endloop
 endfacet
 facet normal  0.000000e+00  0.000000e+00  1.000000e+00
   outer loop
     vertex  8.603553e+00  3.021447e+00  7.100000e-01
     vertex  9.390590e+00  1.658258e+00  7.100000e-01
     vertex  9.520000e+00  1.675295e+00  7.100000e-01
   endloop
 endfacet
 facet normal  0.000000e+00  0.000000e+00  1.000000e+00
   outer loop
     vertex  8.683013e+00  3.125000e+00  7.100000e-01
     vertex  8.603553e+00  3.021447e+00  7.100000e-01
     vertex  9.520000e+00  1.675295e+00  7.100000e-01
   endloop
 endfacet
 facet normal  0.000000e+00  0.000000e+00  1.000000e+00
   outer loop
     vertex  8.683013e+00  3.125000e+00  7.100000e-01
     vertex  9.520000e+00  1.675295e+00  7.100000e-01
     vertex  9.649410e+00  1.658258e+00  7.100000e-01
   endloop
 endfacet
 facet normal  0.000000e+00  0.000000e+00  1.000000e+00
   outer loop
     vertex  8.000000e+00  3.808013e+00  7.100000e-01
     vertex  6.253448e+00  4.945366e+00  7.100000e-01
     vertex  7.896447e+00  3.728553e+00  7.100000e-01
   endloop
 endfacet
 facet normal  0.000000e+00  0.000000e+00  1.000000e+00
   outer loop
     vertex  8.120590e+00  3.857963e+00  7.100000e-01
     vertex  6.253448e+00  4.945366e+00  7.100000e-01
     vertex  8.000000e+00  3.808013e+00  7.100000e-01
   endloop
 endfacet
 facet normal  0.000000e+00  0.000000e+00  1.000000e+00
   outer loop
     vertex  8.732963e+00  3.245590e+00  7.100000e-01
     vertex  9.649410e+00  1.658258e+00  7.100000e-01
     vertex  9.770000e+00  1.608308e+00  7.100000e-01
   endloop
 endfacet
 facet normal  0.000000e+00  0.000000e+00  1.000000e+00
   outer loop
     vertex  8.732963e+00  3.245590e+00  7.100000e-01
     vertex  8.683013e+00  3.125000e+00  7.100000e-01
     vertex  9.649410e+00  1.658258e+00  7.100000e-01
   endloop
 endfacet
 facet normal  0.000000e+00  0.000000e+00  1.000000e+00
   outer loop
     vertex  8.250000e+00  3.875000e+00  7.100000e-01
     vertex  6.253448e+00  4.945366e+00  7.100000e-01
     vertex  8.120590e+00  3.857963e+00  7.100000e-01
   endloop
 endfacet
 facet normal  0.000000e+00  0.000000e+00  1.000000e+00
   outer loop
     vertex  8.750000e+00  3.375000e+00  7.100000e-01
     vertex  8.732963e+00  3.245590e+00  7.100000e-01
     vertex  9.770000e+00  1.608308e+00  7.100000e-01
   endloop
 endfacet
 facet normal  0.000000e+00  0.000000e+00  1.000000e+00
   outer loop
     vertex  8.750000e+00  3.375000e+00  7.100000e-01
     vertex  9.770000e+00  1.608308e+00  7.100000e-01
     vertex  9.873553e+00  1.528848e+00  7.100000e-01
   endloop
 endfacet
 facet normal  0.000000e+00  0.000000e+00  1.000000e+00
   outer loop
     vertex  8.379410e+00  3.857963e+00  7.100000e-01
     vertex  5.078331e+00  6.907005e+00  7.100000e-01
     vertex  6.253448e+00  4.945366e+00  7.100000e-01
   endloop
 endfacet
 facet normal  0.000000e+00  0.000000e+00  1.000000e+00
   outer loop
     vertex  8.379410e+00  3.857963e+00  7.100000e-01
     vertex  6.253448e+00  4.945366e+00  7.100000e-01
     vertex  8.250000e+00  3.875000e+00  7.100000e-01
   endloop
 endfacet
 facet normal  0.000000e+00  0.000000e+00  1.000000e+00
   outer loop
     vertex  8.732963e+00  3.504410e+00  7.100000e-01
     vertex  9.873553e+00  1.528848e+00  7.100000e-01
     vertex  9.953013e+00  1.425295e+00  7.100000e-01
   endloop
 endfacet
 facet normal  0.000000e+00  0.000000e+00  1.000000e+00
   outer loop
     vertex  8.732963e+00  3.504410e+00  7.100000e-01
     vertex  8.750000e+00  3.375000e+00  7.100000e-01
     vertex  9.873553e+00  1.528848e+00  7.100000e-01
   endloop
 endfacet
 facet normal  0.000000e+00  0.000000e+00  1.000000e+00
   outer loop
     vertex  8.683013e+00  3.625000e+00  7.100000e-01
     vertex  8.732963e+00  3.504410e+00  7.100000e-01
     vertex  9.953013e+00  1.425295e+00  7.100000e-01
   endloop
 endfacet
 facet normal  0.000000e+00  0.000000e+00  1.000000e+00
   outer loop
     vertex  8.500000e+00  3.808013e+00  7.100000e-01
     vertex  5.078331e+00  6.907005e+00  7.100000e-01
     vertex  8.379410e+00  3.857963e+00  7.100000e-01
   endloop
 endfacet
 facet normal  0.000000e+00  0.000000e+00  1.000000e+00
   outer loop
     vertex  0.000000e+00  2.162500e+01  7.100000e-01
     vertex -2.349724e+00  7.487854e+00  7.100000e-01
     vertex -1.177185e+00  8.616982e+00  7.100000e-01
   endloop
 endfacet
 facet normal  0.000000e+00  0.000000e+00  1.000000e+00
   outer loop
     vertex  0.000000e+00  2.162500e+01  7.100000e-01
     vertex -1.177185e+00  8.616982e+00  7.100000e-01
     vertex -4.133600e-02  8.616982e+00  7.100000e-01
   endloop
 endfacet
 facet normal  0.000000e+00  0.000000e+00  1.000000e+00
   outer loop
     vertex  0.000000e+00  2.162500e+01  7.100000e-01
     vertex -4.133600e-02  8.616982e+00  7.100000e-01
     vertex  4.090900e-02  8.616982e+00  7.100000e-01
   endloop
 endfacet
 facet normal  0.000000e+00  0.000000e+00  1.000000e+00
   outer loop
     vertex  0.000000e+00  2.162500e+01  7.100000e-01
     vertex  4.090900e-02  8.616982e+00  7.100000e-01
     vertex  3.158028e+00  8.616982e+00  7.100000e-01
   endloop
 endfacet
 facet normal  0.000000e+00  0.000000e+00  1.000000e+00
   outer loop
     vertex  0.000000e+00  2.162500e+01  7.100000e-01
     vertex  3.158028e+00  8.616982e+00  7.100000e-01
     vertex  5.078331e+00  6.907005e+00  7.100000e-01
   endloop
 endfacet
 facet normal  0.000000e+00  0.000000e+00  1.000000e+00
   outer loop
     vertex  0.000000e+00  2.162500e+01  7.100000e-01
     vertex -8.379410e+00  4.107963e+00  7.100000e-01
     vertex -2.349724e+00  7.487854e+00  7.100000e-01
   endloop
 endfacet
 facet normal  0.000000e+00  0.000000e+00  1.000000e+00
   outer loop
     vertex  0.000000e+00  2.162500e+01  7.100000e-01
     vertex  8.500000e+00  3.808013e+00  7.100000e-01
     vertex  8.603553e+00  3.728553e+00  7.100000e-01
   endloop
 endfacet
 facet normal  0.000000e+00  0.000000e+00  1.000000e+00
   outer loop
     vertex  0.000000e+00  2.162500e+01  7.100000e-01
     vertex  8.603553e+00  3.728553e+00  7.100000e-01
     vertex  8.683013e+00  3.625000e+00  7.100000e-01
   endloop
 endfacet
 facet normal  0.000000e+00  0.000000e+00  1.000000e+00
   outer loop
     vertex  0.000000e+00  2.162500e+01  7.100000e-01
     vertex  5.078331e+00  6.907005e+00  7.100000e-01
     vertex  8.500000e+00  3.808013e+00  7.100000e-01
   endloop
 endfacet
 facet normal  0.000000e+00  0.000000e+00  1.000000e+00
   outer loop
     vertex  0.000000e+00  2.162500e+01  7.100000e-01
     vertex -8.683013e+00  3.875000e+00  7.100000e-01
     vertex -8.603553e+00  3.978553e+00  7.100000e-01
   endloop
 endfacet
 facet normal  0.000000e+00  0.000000e+00  1.000000e+00
   outer loop
     vertex  0.000000e+00  2.162500e+01  7.100000e-01
     vertex -8.603553e+00  3.978553e+00  7.100000e-01
     vertex -8.500000e+00  4.058013e+00  7.100000e-01
   endloop
 endfacet
 facet normal  0.000000e+00  0.000000e+00  1.000000e+00
   outer loop
     vertex  0.000000e+00  2.162500e+01  7.100000e-01
     vertex -8.500000e+00  4.058013e+00  7.100000e-01
     vertex -8.379410e+00  4.107963e+00  7.100000e-01
   endloop
 endfacet
 facet normal  0.000000e+00  0.000000e+00  1.000000e+00
   outer loop
     vertex -2.500000e+01 -2.162500e+01  7.100000e-01
     vertex  2.500000e+01 -2.162500e+01  7.100000e-01
     vertex  2.460000e+00 -2.012500e+01  7.100000e-01
   endloop
 endfacet
 facet normal  0.000000e+00  0.000000e+00  1.000000e+00
   outer loop
     vertex -2.500000e+01 -2.162500e+01  7.100000e-01
     vertex  2.460000e+00 -2.012500e+01  7.100000e-01
     vertex -8.000000e-02 -2.012500e+01  7.100000e-01
   endloop
 endfacet
 facet normal  0.000000e+00  0.000000e+00  1.000000e+00
   outer loop
     vertex -2.500000e+01 -2.162500e+01  7.100000e-01
     vertex -8.000000e-02 -2.012500e+01  7.100000e-01
     vertex -2.620000e+00 -2.012500e+01  7.100000e-01
   endloop
 endfacet
 facet normal  0.000000e+00  0.000000e+00  1.000000e+00
   outer loop
     vertex  2.500000e+01 -2.162500e+01  7.100000e-01
     vertex  0.000000e+00  2.162500e+01  7.100000e-01
     vertex  8.683013e+00  3.625000e+00  7.100000e-01
   endloop
 endfacet
 facet normal  0.000000e+00  0.000000e+00  1.000000e+00
   outer loop
     vertex  2.500000e+01 -2.162500e+01  7.100000e-01
     vertex  8.683013e+00  3.625000e+00  7.100000e-01
     vertex  9.953013e+00  1.425295e+00  7.100000e-01
   endloop
 endfacet
 facet normal  0.000000e+00  0.000000e+00  1.000000e+00
   outer loop
     vertex  2.500000e+01 -2.162500e+01  7.100000e-01
     vertex  9.953013e+00  1.425295e+00  7.100000e-01
     vertex  1.122301e+01 -7.744090e-01  7.100000e-01
   endloop
 endfacet
 facet normal  0.000000e+00  0.000000e+00  1.000000e+00
   outer loop
     vertex  2.500000e+01 -2.162500e+01  7.100000e-01
     vertex  1.122301e+01 -7.744090e-01  7.100000e-01
     vertex  1.249301e+01 -2.974114e+00  7.100000e-01
   endloop
 endfacet
 facet normal  0.000000e+00  0.000000e+00  1.000000e+00
   outer loop
     vertex  2.500000e+01 -2.162500e+01  7.100000e-01
     vertex  1.249301e+01 -2.974114e+00  7.100000e-01
     vertex  1.376301e+01 -5.173818e+00  7.100000e-01
   endloop
 endfacet
 facet normal  0.000000e+00  0.000000e+00  1.000000e+00
   outer loop
     vertex  0.000000e+00  2.162500e+01  7.100000e-01
     vertex -2.500000e+01 -2.162500e+01  7.100000e-01
     vertex -8.683013e+00  3.875000e+00  7.100000e-01
   endloop
 endfacet
 facet normal  0.000000e+00  0.000000e+00  1.000000e+00
   outer loop
     vertex -8.683013e+00  3.875000e+00  7.100000e-01
     vertex -2.500000e+01 -2.162500e+01  7.100000e-01
     vertex -9.953013e+00  1.675295e+00  7.100000e-01
   endloop
 endfacet
 facet normal  0.000000e+00  0.000000e+00  1.000000e+00
   outer loop
     vertex -9.953013e+00  1.675295e+00  7.100000e-01
     vertex -2.500000e+01 -2.162500e+01  7.100000e-01
     vertex -1.122301e+01 -5.244090e-01  7.100000e-01
   endloop
 endfacet
 facet normal  0.000000e+00  0.000000e+00  1.000000e+00
   outer loop
     vertex -1.122301e+01 -5.244090e-01  7.100000e-01
     vertex -2.500000e+01 -2.162500e+01  7.100000e-01
     vertex -1.249301e+01 -2.724114e+00  7.100000e-01
   endloop
 endfacet
 facet normal  0.000000e+00  0.000000e+00  1.000000e+00
   outer loop
     vertex -1.249301e+01 -2.724114e+00  7.100000e-01
     vertex -2.500000e+01 -2.162500e+01  7.100000e-01
     vertex -1.376301e+01 -4.923818e+00  7.100000e-01
   endloop
 endfacet
 facet normal  0.000000e+00  0.000000e+00  1.000000e+00
   outer loop
     vertex  8.210442e+00 -1.012350e+01  7.100000e-01
     vertex  8.230644e+00 -1.786153e+01  7.100000e-01
     vertex  1.134191e+01 -1.522399e+01  7.100000e-01
   endloop
 endfacet
 facet normal  0.000000e+00  0.000000e+00  1.000000e+00
   outer loop
     vertex  8.210442e+00 -1.012350e+01  7.100000e-01
     vertex  1.134191e+01 -1.522399e+01  7.100000e-01
     vertex  1.134991e+01 -1.289082e+01  7.100000e-01
   endloop
 endfacet
 facet normal -1.305262e-01  9.914449e-01  0.000000e+00
   outer loop
     vertex -5.030590e+00 -2.010796e+01  0.000000e+00
     vertex -5.160000e+00 -2.012500e+01  0.000000e+00
     vertex -5.160000e+00 -2.012500e+01  7.100000e-01
   endloop
 endfacet
 facet normal -1.305262e-01  9.914449e-01  0.000000e+00
   outer loop
     vertex -5.030590e+00 -2.010796e+01  0.000000e+00
     vertex -5.160000e+00 -2.012500e+01  7.100000e-01
     vertex -5.030590e+00 -2.010796e+01  7.100000e-01
   endloop
 endfacet
 facet normal -3.826834e-01  9.238795e-01  0.000000e+00
   outer loop
     vertex -4.910000e+00 -2.005801e+01  0.000000e+00
     vertex -5.030590e+00 -2.010796e+01  7.100000e-01
     vertex -4.910000e+00 -2.005801e+01  7.100000e-01
   endloop
 endfacet
 facet normal -3.826834e-01  9.238795e-01  0.000000e+00
   outer loop
     vertex -4.910000e+00 -2.005801e+01  0.000000e+00
     vertex -5.030590e+00 -2.010796e+01  0.000000e+00
     vertex -5.030590e+00 -2.010796e+01  7.100000e-01
   endloop
 endfacet
 facet normal -6.087614e-01  7.933533e-01  0.000000e+00
   outer loop
     vertex -4.806447e+00 -1.997855e+01  0.000000e+00
     vertex -4.910000e+00 -2.005801e+01  7.100000e-01
     vertex -4.806447e+00 -1.997855e+01  7.100000e-01
   endloop
 endfacet
 facet normal -6.087614e-01  7.933533e-01  0.000000e+00
   outer loop
     vertex -4.806447e+00 -1.997855e+01  0.000000e+00
     vertex -4.910000e+00 -2.005801e+01  0.000000e+00
     vertex -4.910000e+00 -2.005801e+01  7.100000e-01
   endloop
 endfacet
 facet normal -7.933533e-01  6.087614e-01  0.000000e+00
   outer loop
     vertex -4.726987e+00 -1.987500e+01  0.000000e+00
     vertex -4.806447e+00 -1.997855e+01  7.100000e-01
     vertex -4.726987e+00 -1.987500e+01  7.100000e-01
   endloop
 endfacet
 facet normal -7.933533e-01  6.087614e-01  0.000000e+00
   outer loop
     vertex -4.726987e+00 -1.987500e+01  0.000000e+00
     vertex -4.806447e+00 -1.997855e+01  0.000000e+00
     vertex -4.806447e+00 -1.997855e+01  7.100000e-01
   endloop
 endfacet
 facet normal -9.238795e-01  3.826834e-01  0.000000e+00
   outer loop
     vertex -4.677037e+00 -1.975441e+01  0.000000e+00
     vertex -4.726987e+00 -1.987500e+01  7.100000e-01
     vertex -4.677037e+00 -1.975441e+01  7.100000e-01
   endloop
 endfacet
 facet normal -9.238795e-01  3.826834e-01  0.000000e+00
   outer loop
     vertex -4.677037e+00 -1.975441e+01  0.000000e+00
     vertex -4.726987e+00 -1.987500e+01  0.000000e+00
     vertex -4.726987e+00 -1.987500e+01  7.100000e-01
   endloop
 endfacet
 facet normal -9.914449e-01  1.305262e-01  0.000000e+00
   outer loop
     vertex -4.660000e+00 -1.962500e+01  0.000000e+00
     vertex -4.677037e+00 -1.975441e+01  7.100000e-01
     vertex -4.660000e+00 -1.962500e+01  7.100000e-01
   endloop
 endfacet
 facet normal -9.914449e-01  1.305262e-01  0.000000e+00
   outer loop
     vertex -4.660000e+00 -1.962500e+01  0.000000e+00
     vertex -4.677037e+00 -1.975441e+01  0.000000e+00
     vertex -4.677037e+00 -1.975441e+01  7.100000e-01
   endloop
 endfacet
 facet normal -9.914449e-01 -1.305262e-01  0.000000e+00
   outer loop
     vertex -4.677037e+00 -1.949559e+01  0.000000e+00
     vertex -4.660000e+00 -1.962500e+01  7.100000e-01
     vertex -4.677037e+00 -1.949559e+01  7.100000e-01
   endloop
 endfacet
 facet normal -9.914449e-01 -1.305262e-01  0.000000e+00
   outer loop
     vertex -4.677037e+00 -1.949559e+01  0.000000e+00
     vertex -4.660000e+00 -1.962500e+01  0.000000e+00
     vertex -4.660000e+00 -1.962500e+01  7.100000e-01
   endloop
 endfacet
 facet normal -7.933533e-01 -6.087614e-01  0.000000e+00
   outer loop
     vertex -4.726987e+00 -1.937500e+01  0.000000e+00
     vertex -4.726987e+00 -1.937500e+01  7.100000e-01
     vertex -4.806447e+00 -1.927145e+01  7.100000e-01
   endloop
 endfacet
 facet normal -9.238795e-01 -3.826834e-01  0.000000e+00
   outer loop
     vertex -4.726987e+00 -1.937500e+01  0.000000e+00
     vertex -4.677037e+00 -1.949559e+01  7.100000e-01
     vertex -4.726987e+00 -1.937500e+01  7.100000e-01
   endloop
 endfacet
 facet normal -9.238795e-01 -3.826834e-01  0.000000e+00
   outer loop
     vertex -4.726987e+00 -1.937500e+01  0.000000e+00
     vertex -4.677037e+00 -1.949559e+01  0.000000e+00
     vertex -4.677037e+00 -1.949559e+01  7.100000e-01
   endloop
 endfacet
 facet normal -6.087614e-01 -7.933533e-01  0.000000e+00
   outer loop
     vertex -4.806447e+00 -1.927145e+01  0.000000e+00
     vertex -4.806447e+00 -1.927145e+01  7.100000e-01
     vertex -4.910000e+00 -1.919199e+01  7.100000e-01
   endloop
 endfacet
 facet normal -7.933533e-01 -6.087614e-01  0.000000e+00
   outer loop
     vertex -4.806447e+00 -1.927145e+01  0.000000e+00
     vertex -4.726987e+00 -1.937500e+01  0.000000e+00
     vertex -4.806447e+00 -1.927145e+01  7.100000e-01
   endloop
 endfacet
 facet normal -6.087614e-01 -7.933533e-01  0.000000e+00
   outer loop
     vertex -4.910000e+00 -1.919199e+01  0.000000e+00
     vertex -4.806447e+00 -1.927145e+01  0.000000e+00
     vertex -4.910000e+00 -1.919199e+01  7.100000e-01
   endloop
 endfacet
 facet normal -3.826834e-01 -9.238795e-01  0.000000e+00
   outer loop
     vertex -5.030590e+00 -1.914204e+01  0.000000e+00
     vertex -4.910000e+00 -1.919199e+01  0.000000e+00
     vertex -4.910000e+00 -1.919199e+01  7.100000e-01
   endloop
 endfacet
 facet normal -1.305262e-01 -9.914449e-01  0.000000e+00
   outer loop
     vertex -5.030590e+00 -1.914204e+01  0.000000e+00
     vertex -5.030590e+00 -1.914204e+01  7.100000e-01
     vertex -5.160000e+00 -1.912500e+01  7.100000e-01
   endloop
 endfacet
 facet normal -3.826834e-01 -9.238795e-01  0.000000e+00
   outer loop
     vertex -5.030590e+00 -1.914204e+01  0.000000e+00
     vertex -4.910000e+00 -1.919199e+01  7.100000e-01
     vertex -5.030590e+00 -1.914204e+01  7.100000e-01
   endloop
 endfacet
 facet normal -1.305262e-01 -9.914449e-01  0.000000e+00
   outer loop
     vertex -5.160000e+00 -1.912500e+01  0.000000e+00
     vertex -5.030590e+00 -1.914204e+01  0.000000e+00
     vertex -5.160000e+00 -1.912500e+01  7.100000e-01
   endloop
 endfacet
 facet normal  1.305262e-01 -9.914449e-01  0.000000e+00
   outer loop
     vertex -5.289410e+00 -1.914204e+01  0.000000e+00
     vertex -5.160000e+00 -1.912500e+01  0.000000e+00
     vertex -5.160000e+00 -1.912500e+01  7.100000e-01
   endloop
 endfacet
 facet normal  1.305262e-01 -9.914449e-01  0.000000e+00
   outer loop
     vertex -5.289410e+00 -1.914204e+01  0.000000e+00
     vertex -5.160000e+00 -1.912500e+01  7.100000e-01
     vertex -5.289410e+00 -1.914204e+01  7.100000e-01
   endloop
 endfacet
 facet normal  3.826834e-01 -9.238795e-01  0.000000e+00
   outer loop
     vertex -5.410000e+00 -1.919199e+01  0.000000e+00
     vertex -5.289410e+00 -1.914204e+01  0.000000e+00
     vertex -5.289410e+00 -1.914204e+01  7.100000e-01
   endloop
 endfacet
 facet normal  3.826834e-01 -9.238795e-01  0.000000e+00
   outer loop
     vertex -5.410000e+00 -1.919199e+01  0.000000e+00
     vertex -5.289410e+00 -1.914204e+01  7.100000e-01
     vertex -5.410000e+00 -1.919199e+01  7.100000e-01
   endloop
 endfacet
 facet normal  6.087614e-01 -7.933533e-01  0.000000e+00
   outer loop
     vertex -5.513553e+00 -1.927145e+01  0.000000e+00
     vertex -5.410000e+00 -1.919199e+01  0.000000e+00
     vertex -5.410000e+00 -1.919199e+01  7.100000e-01
   endloop
 endfacet
 facet normal  6.087614e-01 -7.933533e-01  0.000000e+00
   outer loop
     vertex -5.513553e+00 -1.927145e+01  0.000000e+00
     vertex -5.410000e+00 -1.919199e+01  7.100000e-01
     vertex -5.513553e+00 -1.927145e+01  7.100000e-01
   endloop
 endfacet
 facet normal  7.933533e-01 -6.087614e-01  0.000000e+00
   outer loop
     vertex -5.593013e+00 -1.937500e+01  0.000000e+00
     vertex -5.513553e+00 -1.927145e+01  0.000000e+00
     vertex -5.513553e+00 -1.927145e+01  7.100000e-01
   endloop
 endfacet
 facet normal  7.933533e-01 -6.087614e-01  0.000000e+00
   outer loop
     vertex -5.593013e+00 -1.937500e+01  0.000000e+00
     vertex -5.513553e+00 -1.927145e+01  7.100000e-01
     vertex -5.593013e+00 -1.937500e+01  7.100000e-01
   endloop
 endfacet
 facet normal  9.238795e-01 -3.826834e-01  0.000000e+00
   outer loop
     vertex -5.642963e+00 -1.949559e+01  0.000000e+00
     vertex -5.593013e+00 -1.937500e+01  0.000000e+00
     vertex -5.593013e+00 -1.937500e+01  7.100000e-01
   endloop
 endfacet
 facet normal  9.238795e-01 -3.826834e-01  0.000000e+00
   outer loop
     vertex -5.642963e+00 -1.949559e+01  0.000000e+00
     vertex -5.593013e+00 -1.937500e+01  7.100000e-01
     vertex -5.642963e+00 -1.949559e+01  7.100000e-01
   endloop
 endfacet
 facet normal  9.914449e-01 -1.305262e-01  0.000000e+00
   outer loop
     vertex -5.660000e+00 -1.962500e+01  0.000000e+00
     vertex -5.642963e+00 -1.949559e+01  0.000000e+00
     vertex -5.642963e+00 -1.949559e+01  7.100000e-01
   endloop
 endfacet
 facet normal  9.914449e-01 -1.305262e-01  0.000000e+00
   outer loop
     vertex -5.660000e+00 -1.962500e+01  0.000000e+00
     vertex -5.642963e+00 -1.949559e+01  7.100000e-01
     vertex -5.660000e+00 -1.962500e+01  7.100000e-01
   endloop
 endfacet
 facet normal  9.238795e-01  3.826834e-01 -0.000000e+00
   outer loop
     vertex -5.642963e+00 -1.975441e+01  0.000000e+00
     vertex -5.642963e+00 -1.975441e+01  7.100000e-01
     vertex -5.593013e+00 -1.987500e+01  7.100000e-01
   endloop
 endfacet
 facet normal  9.914449e-01  1.305262e-01 -0.000000e+00
   outer loop
     vertex -5.642963e+00 -1.975441e+01  0.000000e+00
     vertex -5.660000e+00 -1.962500e+01  7.100000e-01
     vertex -5.642963e+00 -1.975441e+01  7.100000e-01
   endloop
 endfacet
 facet normal  9.914449e-01  1.305262e-01  0.000000e+00
   outer loop
     vertex -5.642963e+00 -1.975441e+01  0.000000e+00
     vertex -5.660000e+00 -1.962500e+01  0.000000e+00
     vertex -5.660000e+00 -1.962500e+01  7.100000e-01
   endloop
 endfacet
 facet normal  9.238795e-01  3.826834e-01 -0.000000e+00
   outer loop
     vertex -5.593013e+00 -1.987500e+01  0.000000e+00
     vertex -5.642963e+00 -1.975441e+01  0.000000e+00
     vertex -5.593013e+00 -1.987500e+01  7.100000e-01
   endloop
 endfacet
 facet normal  7.933533e-01  6.087614e-01 -0.000000e+00
   outer loop
     vertex -5.593013e+00 -1.987500e+01  0.000000e+00
     vertex -5.593013e+00 -1.987500e+01  7.100000e-01
     vertex -5.513553e+00 -1.997855e+01  7.100000e-01
   endloop
 endfacet
 facet normal  6.087614e-01  7.933533e-01 -0.000000e+00
   outer loop
     vertex -5.513553e+00 -1.997855e+01  0.000000e+00
     vertex -5.513553e+00 -1.997855e+01  7.100000e-01
     vertex -5.410000e+00 -2.005801e+01  7.100000e-01
   endloop
 endfacet
 facet normal  7.933533e-01  6.087614e-01 -0.000000e+00
   outer loop
     vertex -5.513553e+00 -1.997855e+01  0.000000e+00
     vertex -5.593013e+00 -1.987500e+01  0.000000e+00
     vertex -5.513553e+00 -1.997855e+01  7.100000e-01
   endloop
 endfacet
 facet normal  6.087614e-01  7.933533e-01 -0.000000e+00
   outer loop
     vertex -5.410000e+00 -2.005801e+01  0.000000e+00
     vertex -5.513553e+00 -1.997855e+01  0.000000e+00
     vertex -5.410000e+00 -2.005801e+01  7.100000e-01
   endloop
 endfacet
 facet normal  3.826834e-01  9.238795e-01 -0.000000e+00
   outer loop
     vertex -5.289410e+00 -2.010796e+01  0.000000e+00
     vertex -5.410000e+00 -2.005801e+01  7.100000e-01
     vertex -5.289410e+00 -2.010796e+01  7.100000e-01
   endloop
 endfacet
 facet normal  3.826834e-01  9.238795e-01  0.000000e+00
   outer loop
     vertex -5.289410e+00 -2.010796e+01  0.000000e+00
     vertex -5.410000e+00 -2.005801e+01  0.000000e+00
     vertex -5.410000e+00 -2.005801e+01  7.100000e-01
   endloop
 endfacet
 facet normal  1.305262e-01  9.914449e-01 -0.000000e+00
   outer loop
     vertex -5.160000e+00 -2.012500e+01  0.000000e+00
     vertex -5.289410e+00 -2.010796e+01  7.100000e-01
     vertex -5.160000e+00 -2.012500e+01  7.100000e-01
   endloop
 endfacet
 facet normal  1.305262e-01  9.914449e-01  0.000000e+00
   outer loop
     vertex -5.160000e+00 -2.012500e+01  0.000000e+00
     vertex -5.289410e+00 -2.010796e+01  0.000000e+00
     vertex -5.289410e+00 -2.010796e+01  7.100000e-01
   endloop
 endfacet
 facet normal -1.305262e-01  9.914449e-01  0.000000e+00
   outer loop
     vertex -2.490590e+00 -2.010796e+01  0.000000e+00
     vertex -2.620000e+00 -2.012500e+01  0.000000e+00
     vertex -2.620000e+00 -2.012500e+01  7.100000e-01
   endloop
 endfacet
 facet normal -1.305262e-01  9.914449e-01  0.000000e+00
   outer loop
     vertex -2.490590e+00 -2.010796e+01  0.000000e+00
     vertex -2.620000e+00 -2.012500e+01  7.100000e-01
     vertex -2.490590e+00 -2.010796e+01  7.100000e-01
   endloop
 endfacet
 facet normal -3.826834e-01  9.238795e-01  0.000000e+00
   outer loop
     vertex -2.370000e+00 -2.005801e+01  0.000000e+00
     vertex -2.490590e+00 -2.010796e+01  7.100000e-01
     vertex -2.370000e+00 -2.005801e+01  7.100000e-01
   endloop
 endfacet
 facet normal -3.826834e-01  9.238795e-01  0.000000e+00
   outer loop
     vertex -2.370000e+00 -2.005801e+01  0.000000e+00
     vertex -2.490590e+00 -2.010796e+01  0.000000e+00
     vertex -2.490590e+00 -2.010796e+01  7.100000e-01
   endloop
 endfacet
 facet normal -6.087614e-01  7.933533e-01  0.000000e+00
   outer loop
     vertex -2.266447e+00 -1.997855e+01  0.000000e+00
     vertex -2.370000e+00 -2.005801e+01  7.100000e-01
     vertex -2.266447e+00 -1.997855e+01  7.100000e-01
   endloop
 endfacet
 facet normal -6.087614e-01  7.933533e-01  0.000000e+00
   outer loop
     vertex -2.266447e+00 -1.997855e+01  0.000000e+00
     vertex -2.370000e+00 -2.005801e+01  0.000000e+00
     vertex -2.370000e+00 -2.005801e+01  7.100000e-01
   endloop
 endfacet
 facet normal -7.933533e-01  6.087614e-01  0.000000e+00
   outer loop
     vertex -2.186987e+00 -1.987500e+01  0.000000e+00
     vertex -2.266447e+00 -1.997855e+01  7.100000e-01
     vertex -2.186987e+00 -1.987500e+01  7.100000e-01
   endloop
 endfacet
 facet normal -7.933533e-01  6.087614e-01  0.000000e+00
   outer loop
     vertex -2.186987e+00 -1.987500e+01  0.000000e+00
     vertex -2.266447e+00 -1.997855e+01  0.000000e+00
     vertex -2.266447e+00 -1.997855e+01  7.100000e-01
   endloop
 endfacet
 facet normal -9.238795e-01  3.826834e-01  0.000000e+00
   outer loop
     vertex -2.137037e+00 -1.975441e+01  0.000000e+00
     vertex -2.186987e+00 -1.987500e+01  7.100000e-01
     vertex -2.137037e+00 -1.975441e+01  7.100000e-01
   endloop
 endfacet
 facet normal -9.238795e-01  3.826834e-01  0.000000e+00
   outer loop
     vertex -2.137037e+00 -1.975441e+01  0.000000e+00
     vertex -2.186987e+00 -1.987500e+01  0.000000e+00
     vertex -2.186987e+00 -1.987500e+01  7.100000e-01
   endloop
 endfacet
 facet normal -9.914449e-01  1.305262e-01  0.000000e+00
   outer loop
     vertex -2.120000e+00 -1.962500e+01  0.000000e+00
     vertex -2.137037e+00 -1.975441e+01  7.100000e-01
     vertex -2.120000e+00 -1.962500e+01  7.100000e-01
   endloop
 endfacet
 facet normal -9.914449e-01  1.305262e-01  0.000000e+00
   outer loop
     vertex -2.120000e+00 -1.962500e+01  0.000000e+00
     vertex -2.137037e+00 -1.975441e+01  0.000000e+00
     vertex -2.137037e+00 -1.975441e+01  7.100000e-01
   endloop
 endfacet
 facet normal -9.914449e-01 -1.305262e-01  0.000000e+00
   outer loop
     vertex -2.137037e+00 -1.949559e+01  0.000000e+00
     vertex -2.120000e+00 -1.962500e+01  7.100000e-01
     vertex -2.137037e+00 -1.949559e+01  7.100000e-01
   endloop
 endfacet
 facet normal -9.914449e-01 -1.305262e-01  0.000000e+00
   outer loop
     vertex -2.137037e+00 -1.949559e+01  0.000000e+00
     vertex -2.120000e+00 -1.962500e+01  0.000000e+00
     vertex -2.120000e+00 -1.962500e+01  7.100000e-01
   endloop
 endfacet
 facet normal -7.933533e-01 -6.087614e-01  0.000000e+00
   outer loop
     vertex -2.186987e+00 -1.937500e+01  0.000000e+00
     vertex -2.186987e+00 -1.937500e+01  7.100000e-01
     vertex -2.266447e+00 -1.927145e+01  7.100000e-01
   endloop
 endfacet
 facet normal -9.238795e-01 -3.826834e-01  0.000000e+00
   outer loop
     vertex -2.186987e+00 -1.937500e+01  0.000000e+00
     vertex -2.137037e+00 -1.949559e+01  7.100000e-01
     vertex -2.186987e+00 -1.937500e+01  7.100000e-01
   endloop
 endfacet
 facet normal -9.238795e-01 -3.826834e-01  0.000000e+00
   outer loop
     vertex -2.186987e+00 -1.937500e+01  0.000000e+00
     vertex -2.137037e+00 -1.949559e+01  0.000000e+00
     vertex -2.137037e+00 -1.949559e+01  7.100000e-01
   endloop
 endfacet
 facet normal -6.087614e-01 -7.933533e-01  0.000000e+00
   outer loop
     vertex -2.266447e+00 -1.927145e+01  0.000000e+00
     vertex -2.266447e+00 -1.927145e+01  7.100000e-01
     vertex -2.370000e+00 -1.919199e+01  7.100000e-01
   endloop
 endfacet
 facet normal -7.933533e-01 -6.087614e-01  0.000000e+00
   outer loop
     vertex -2.266447e+00 -1.927145e+01  0.000000e+00
     vertex -2.186987e+00 -1.937500e+01  0.000000e+00
     vertex -2.266447e+00 -1.927145e+01  7.100000e-01
   endloop
 endfacet
 facet normal -6.087614e-01 -7.933533e-01  0.000000e+00
   outer loop
     vertex -2.370000e+00 -1.919199e+01  0.000000e+00
     vertex -2.266447e+00 -1.927145e+01  0.000000e+00
     vertex -2.370000e+00 -1.919199e+01  7.100000e-01
   endloop
 endfacet
 facet normal -3.826834e-01 -9.238795e-01  0.000000e+00
   outer loop
     vertex -2.490590e+00 -1.914204e+01  0.000000e+00
     vertex -2.370000e+00 -1.919199e+01  0.000000e+00
     vertex -2.370000e+00 -1.919199e+01  7.100000e-01
   endloop
 endfacet
 facet normal -1.305262e-01 -9.914449e-01  0.000000e+00
   outer loop
     vertex -2.490590e+00 -1.914204e+01  0.000000e+00
     vertex -2.490590e+00 -1.914204e+01  7.100000e-01
     vertex -2.620000e+00 -1.912500e+01  7.100000e-01
   endloop
 endfacet
 facet normal -3.826834e-01 -9.238795e-01  0.000000e+00
   outer loop
     vertex -2.490590e+00 -1.914204e+01  0.000000e+00
     vertex -2.370000e+00 -1.919199e+01  7.100000e-01
     vertex -2.490590e+00 -1.914204e+01  7.100000e-01
   endloop
 endfacet
 facet normal -1.305262e-01 -9.914449e-01  0.000000e+00
   outer loop
     vertex -2.620000e+00 -1.912500e+01  0.000000e+00
     vertex -2.490590e+00 -1.914204e+01  0.000000e+00
     vertex -2.620000e+00 -1.912500e+01  7.100000e-01
   endloop
 endfacet
 facet normal  1.305262e-01 -9.914449e-01  0.000000e+00
   outer loop
     vertex -2.749410e+00 -1.914204e+01  0.000000e+00
     vertex -2.620000e+00 -1.912500e+01  0.000000e+00
     vertex -2.620000e+00 -1.912500e+01  7.100000e-01
   endloop
 endfacet
 facet normal  1.305262e-01 -9.914449e-01  0.000000e+00
   outer loop
     vertex -2.749410e+00 -1.914204e+01  0.000000e+00
     vertex -2.620000e+00 -1.912500e+01  7.100000e-01
     vertex -2.749410e+00 -1.914204e+01  7.100000e-01
   endloop
 endfacet
 facet normal  3.826834e-01 -9.238795e-01  0.000000e+00
   outer loop
     vertex -2.870000e+00 -1.919199e+01  0.000000e+00
     vertex -2.749410e+00 -1.914204e+01  0.000000e+00
     vertex -2.749410e+00 -1.914204e+01  7.100000e-01
   endloop
 endfacet
 facet normal  3.826834e-01 -9.238795e-01  0.000000e+00
   outer loop
     vertex -2.870000e+00 -1.919199e+01  0.000000e+00
     vertex -2.749410e+00 -1.914204e+01  7.100000e-01
     vertex -2.870000e+00 -1.919199e+01  7.100000e-01
   endloop
 endfacet
 facet normal  6.087614e-01 -7.933533e-01  0.000000e+00
   outer loop
     vertex -2.973553e+00 -1.927145e+01  0.000000e+00
     vertex -2.870000e+00 -1.919199e+01  0.000000e+00
     vertex -2.870000e+00 -1.919199e+01  7.100000e-01
   endloop
 endfacet
 facet normal  6.087614e-01 -7.933533e-01  0.000000e+00
   outer loop
     vertex -2.973553e+00 -1.927145e+01  0.000000e+00
     vertex -2.870000e+00 -1.919199e+01  7.100000e-01
     vertex -2.973553e+00 -1.927145e+01  7.100000e-01
   endloop
 endfacet
 facet normal  7.933533e-01 -6.087614e-01  0.000000e+00
   outer loop
     vertex -3.053013e+00 -1.937500e+01  0.000000e+00
     vertex -2.973553e+00 -1.927145e+01  0.000000e+00
     vertex -2.973553e+00 -1.927145e+01  7.100000e-01
   endloop
 endfacet
 facet normal  7.933533e-01 -6.087614e-01  0.000000e+00
   outer loop
     vertex -3.053013e+00 -1.937500e+01  0.000000e+00
     vertex -2.973553e+00 -1.927145e+01  7.100000e-01
     vertex -3.053013e+00 -1.937500e+01  7.100000e-01
   endloop
 endfacet
 facet normal  9.238795e-01 -3.826834e-01  0.000000e+00
   outer loop
     vertex -3.102963e+00 -1.949559e+01  0.000000e+00
     vertex -3.053013e+00 -1.937500e+01  0.000000e+00
     vertex -3.053013e+00 -1.937500e+01  7.100000e-01
   endloop
 endfacet
 facet normal  9.238795e-01 -3.826834e-01  0.000000e+00
   outer loop
     vertex -3.102963e+00 -1.949559e+01  0.000000e+00
     vertex -3.053013e+00 -1.937500e+01  7.100000e-01
     vertex -3.102963e+00 -1.949559e+01  7.100000e-01
   endloop
 endfacet
 facet normal  9.914449e-01 -1.305262e-01  0.000000e+00
   outer loop
     vertex -3.120000e+00 -1.962500e+01  0.000000e+00
     vertex -3.102963e+00 -1.949559e+01  0.000000e+00
     vertex -3.102963e+00 -1.949559e+01  7.100000e-01
   endloop
 endfacet
 facet normal  9.914449e-01 -1.305262e-01  0.000000e+00
   outer loop
     vertex -3.120000e+00 -1.962500e+01  0.000000e+00
     vertex -3.102963e+00 -1.949559e+01  7.100000e-01
     vertex -3.120000e+00 -1.962500e+01  7.100000e-01
   endloop
 endfacet
 facet normal  9.238795e-01  3.826834e-01 -0.000000e+00
   outer loop
     vertex -3.102963e+00 -1.975441e+01  0.000000e+00
     vertex -3.102963e+00 -1.975441e+01  7.100000e-01
     vertex -3.053013e+00 -1.987500e+01  7.100000e-01
   endloop
 endfacet
 facet normal  9.914449e-01  1.305262e-01 -0.000000e+00
   outer loop
     vertex -3.102963e+00 -1.975441e+01  0.000000e+00
     vertex -3.120000e+00 -1.962500e+01  7.100000e-01
     vertex -3.102963e+00 -1.975441e+01  7.100000e-01
   endloop
 endfacet
 facet normal  9.914449e-01  1.305262e-01  0.000000e+00
   outer loop
     vertex -3.102963e+00 -1.975441e+01  0.000000e+00
     vertex -3.120000e+00 -1.962500e+01  0.000000e+00
     vertex -3.120000e+00 -1.962500e+01  7.100000e-01
   endloop
 endfacet
 facet normal  9.238795e-01  3.826834e-01 -0.000000e+00
   outer loop
     vertex -3.053013e+00 -1.987500e+01  0.000000e+00
     vertex -3.102963e+00 -1.975441e+01  0.000000e+00
     vertex -3.053013e+00 -1.987500e+01  7.100000e-01
   endloop
 endfacet
 facet normal  7.933533e-01  6.087614e-01 -0.000000e+00
   outer loop
     vertex -3.053013e+00 -1.987500e+01  0.000000e+00
     vertex -3.053013e+00 -1.987500e+01  7.100000e-01
     vertex -2.973553e+00 -1.997855e+01  7.100000e-01
   endloop
 endfacet
 facet normal  6.087614e-01  7.933533e-01 -0.000000e+00
   outer loop
     vertex -2.973553e+00 -1.997855e+01  0.000000e+00
     vertex -2.973553e+00 -1.997855e+01  7.100000e-01
     vertex -2.870000e+00 -2.005801e+01  7.100000e-01
   endloop
 endfacet
 facet normal  7.933533e-01  6.087614e-01 -0.000000e+00
   outer loop
     vertex -2.973553e+00 -1.997855e+01  0.000000e+00
     vertex -3.053013e+00 -1.987500e+01  0.000000e+00
     vertex -2.973553e+00 -1.997855e+01  7.100000e-01
   endloop
 endfacet
 facet normal  6.087614e-01  7.933533e-01 -0.000000e+00
   outer loop
     vertex -2.870000e+00 -2.005801e+01  0.000000e+00
     vertex -2.973553e+00 -1.997855e+01  0.000000e+00
     vertex -2.870000e+00 -2.005801e+01  7.100000e-01
   endloop
 endfacet
 facet normal  3.826834e-01  9.238795e-01 -0.000000e+00
   outer loop
     vertex -2.749410e+00 -2.010796e+01  0.000000e+00
     vertex -2.870000e+00 -2.005801e+01  7.100000e-01
     vertex -2.749410e+00 -2.010796e+01  7.100000e-01
   endloop
 endfacet
 facet normal  3.826834e-01  9.238795e-01  0.000000e+00
   outer loop
     vertex -2.749410e+00 -2.010796e+01  0.000000e+00
     vertex -2.870000e+00 -2.005801e+01  0.000000e+00
     vertex -2.870000e+00 -2.005801e+01  7.100000e-01
   endloop
 endfacet
 facet normal  1.305262e-01  9.914449e-01 -0.000000e+00
   outer loop
     vertex -2.620000e+00 -2.012500e+01  0.000000e+00
     vertex -2.749410e+00 -2.010796e+01  7.100000e-01
     vertex -2.620000e+00 -2.012500e+01  7.100000e-01
   endloop
 endfacet
 facet normal  1.305262e-01  9.914449e-01  0.000000e+00
   outer loop
     vertex -2.620000e+00 -2.012500e+01  0.000000e+00
     vertex -2.749410e+00 -2.010796e+01  0.000000e+00
     vertex -2.749410e+00 -2.010796e+01  7.100000e-01
   endloop
 endfacet
 facet normal -1.305262e-01  9.914449e-01  0.000000e+00
   outer loop
     vertex  4.940952e-02 -2.010796e+01  0.000000e+00
     vertex -8.000000e-02 -2.012500e+01  0.000000e+00
     vertex -8.000000e-02 -2.012500e+01  7.100000e-01
   endloop
 endfacet
 facet normal -1.305262e-01  9.914449e-01  0.000000e+00
   outer loop
     vertex  4.940952e-02 -2.010796e+01  0.000000e+00
     vertex -8.000000e-02 -2.012500e+01  7.100000e-01
     vertex  4.940952e-02 -2.010796e+01  7.100000e-01
   endloop
 endfacet
 facet normal -3.826834e-01  9.238795e-01  0.000000e+00
   outer loop
     vertex  1.700000e-01 -2.005801e+01  0.000000e+00
     vertex  4.940952e-02 -2.010796e+01  7.100000e-01
     vertex  1.700000e-01 -2.005801e+01  7.100000e-01
   endloop
 endfacet
 facet normal -3.826834e-01  9.238795e-01  0.000000e+00
   outer loop
     vertex  1.700000e-01 -2.005801e+01  0.000000e+00
     vertex  4.940952e-02 -2.010796e+01  0.000000e+00
     vertex  4.940952e-02 -2.010796e+01  7.100000e-01
   endloop
 endfacet
 facet normal -6.087614e-01  7.933533e-01  0.000000e+00
   outer loop
     vertex  2.735534e-01 -1.997855e+01  0.000000e+00
     vertex  1.700000e-01 -2.005801e+01  7.100000e-01
     vertex  2.735534e-01 -1.997855e+01  7.100000e-01
   endloop
 endfacet
 facet normal -6.087614e-01  7.933533e-01  0.000000e+00
   outer loop
     vertex  2.735534e-01 -1.997855e+01  0.000000e+00
     vertex  1.700000e-01 -2.005801e+01  0.000000e+00
     vertex  1.700000e-01 -2.005801e+01  7.100000e-01
   endloop
 endfacet
 facet normal -7.933533e-01  6.087614e-01  0.000000e+00
   outer loop
     vertex  3.530127e-01 -1.987500e+01  0.000000e+00
     vertex  2.735534e-01 -1.997855e+01  7.100000e-01
     vertex  3.530127e-01 -1.987500e+01  7.100000e-01
   endloop
 endfacet
 facet normal -7.933533e-01  6.087614e-01  0.000000e+00
   outer loop
     vertex  3.530127e-01 -1.987500e+01  0.000000e+00
     vertex  2.735534e-01 -1.997855e+01  0.000000e+00
     vertex  2.735534e-01 -1.997855e+01  7.100000e-01
   endloop
 endfacet
 facet normal -9.238795e-01  3.826834e-01  0.000000e+00
   outer loop
     vertex  4.029629e-01 -1.975441e+01  0.000000e+00
     vertex  3.530127e-01 -1.987500e+01  7.100000e-01
     vertex  4.029629e-01 -1.975441e+01  7.100000e-01
   endloop
 endfacet
 facet normal -9.238795e-01  3.826834e-01  0.000000e+00
   outer loop
     vertex  4.029629e-01 -1.975441e+01  0.000000e+00
     vertex  3.530127e-01 -1.987500e+01  0.000000e+00
     vertex  3.530127e-01 -1.987500e+01  7.100000e-01
   endloop
 endfacet
 facet normal -9.914449e-01  1.305262e-01  0.000000e+00
   outer loop
     vertex  4.200000e-01 -1.962500e+01  0.000000e+00
     vertex  4.029629e-01 -1.975441e+01  7.100000e-01
     vertex  4.200000e-01 -1.962500e+01  7.100000e-01
   endloop
 endfacet
 facet normal -9.914449e-01  1.305262e-01  0.000000e+00
   outer loop
     vertex  4.200000e-01 -1.962500e+01  0.000000e+00
     vertex  4.029629e-01 -1.975441e+01  0.000000e+00
     vertex  4.029629e-01 -1.975441e+01  7.100000e-01
   endloop
 endfacet
 facet normal -9.914449e-01 -1.305262e-01  0.000000e+00
   outer loop
     vertex  4.029629e-01 -1.949559e+01  0.000000e+00
     vertex  4.200000e-01 -1.962500e+01  7.100000e-01
     vertex  4.029629e-01 -1.949559e+01  7.100000e-01
   endloop
 endfacet
 facet normal -9.914449e-01 -1.305262e-01  0.000000e+00
   outer loop
     vertex  4.029629e-01 -1.949559e+01  0.000000e+00
     vertex  4.200000e-01 -1.962500e+01  0.000000e+00
     vertex  4.200000e-01 -1.962500e+01  7.100000e-01
   endloop
 endfacet
 facet normal -7.933533e-01 -6.087614e-01  0.000000e+00
   outer loop
     vertex  3.530127e-01 -1.937500e+01  0.000000e+00
     vertex  3.530127e-01 -1.937500e+01  7.100000e-01
     vertex  2.735534e-01 -1.927145e+01  7.100000e-01
   endloop
 endfacet
 facet normal -9.238795e-01 -3.826834e-01  0.000000e+00
   outer loop
     vertex  3.530127e-01 -1.937500e+01  0.000000e+00
     vertex  4.029629e-01 -1.949559e+01  7.100000e-01
     vertex  3.530127e-01 -1.937500e+01  7.100000e-01
   endloop
 endfacet
 facet normal -9.238795e-01 -3.826834e-01  0.000000e+00
   outer loop
     vertex  3.530127e-01 -1.937500e+01  0.000000e+00
     vertex  4.029629e-01 -1.949559e+01  0.000000e+00
     vertex  4.029629e-01 -1.949559e+01  7.100000e-01
   endloop
 endfacet
 facet normal -6.087614e-01 -7.933533e-01  0.000000e+00
   outer loop
     vertex  2.735534e-01 -1.927145e+01  0.000000e+00
     vertex  2.735534e-01 -1.927145e+01  7.100000e-01
     vertex  1.700000e-01 -1.919199e+01  7.100000e-01
   endloop
 endfacet
 facet normal -7.933533e-01 -6.087614e-01  0.000000e+00
   outer loop
     vertex  2.735534e-01 -1.927145e+01  0.000000e+00
     vertex  3.530127e-01 -1.937500e+01  0.000000e+00
     vertex  2.735534e-01 -1.927145e+01  7.100000e-01
   endloop
 endfacet
 facet normal -6.087614e-01 -7.933533e-01  0.000000e+00
   outer loop
     vertex  1.700000e-01 -1.919199e+01  0.000000e+00
     vertex  2.735534e-01 -1.927145e+01  0.000000e+00
     vertex  1.700000e-01 -1.919199e+01  7.100000e-01
   endloop
 endfacet
 facet normal -3.826834e-01 -9.238795e-01  0.000000e+00
   outer loop
     vertex  4.940952e-02 -1.914204e+01  0.000000e+00
     vertex  1.700000e-01 -1.919199e+01  0.000000e+00
     vertex  1.700000e-01 -1.919199e+01  7.100000e-01
   endloop
 endfacet
 facet normal -1.305262e-01 -9.914449e-01  0.000000e+00
   outer loop
     vertex  4.940952e-02 -1.914204e+01  0.000000e+00
     vertex  4.940952e-02 -1.914204e+01  7.100000e-01
     vertex -8.000000e-02 -1.912500e+01  7.100000e-01
   endloop
 endfacet
 facet normal -3.826834e-01 -9.238795e-01  0.000000e+00
   outer loop
     vertex  4.940952e-02 -1.914204e+01  0.000000e+00
     vertex  1.700000e-01 -1.919199e+01  7.100000e-01
     vertex  4.940952e-02 -1.914204e+01  7.100000e-01
   endloop
 endfacet
 facet normal -1.305262e-01 -9.914449e-01  0.000000e+00
   outer loop
     vertex -8.000000e-02 -1.912500e+01  0.000000e+00
     vertex  4.940952e-02 -1.914204e+01  0.000000e+00
     vertex -8.000000e-02 -1.912500e+01  7.100000e-01
   endloop
 endfacet
 facet normal  1.305262e-01 -9.914449e-01  0.000000e+00
   outer loop
     vertex -2.094095e-01 -1.914204e+01  0.000000e+00
     vertex -8.000000e-02 -1.912500e+01  0.000000e+00
     vertex -8.000000e-02 -1.912500e+01  7.100000e-01
   endloop
 endfacet
 facet normal  1.305262e-01 -9.914449e-01  0.000000e+00
   outer loop
     vertex -2.094095e-01 -1.914204e+01  0.000000e+00
     vertex -8.000000e-02 -1.912500e+01  7.100000e-01
     vertex -2.094095e-01 -1.914204e+01  7.100000e-01
   endloop
 endfacet
 facet normal  3.826834e-01 -9.238795e-01  0.000000e+00
   outer loop
     vertex -3.300000e-01 -1.919199e+01  0.000000e+00
     vertex -2.094095e-01 -1.914204e+01  0.000000e+00
     vertex -2.094095e-01 -1.914204e+01  7.100000e-01
   endloop
 endfacet
 facet normal  3.826834e-01 -9.238795e-01  0.000000e+00
   outer loop
     vertex -3.300000e-01 -1.919199e+01  0.000000e+00
     vertex -2.094095e-01 -1.914204e+01  7.100000e-01
     vertex -3.300000e-01 -1.919199e+01  7.100000e-01
   endloop
 endfacet
 facet normal  6.087614e-01 -7.933533e-01  0.000000e+00
   outer loop
     vertex -4.335534e-01 -1.927145e+01  0.000000e+00
     vertex -3.300000e-01 -1.919199e+01  0.000000e+00
     vertex -3.300000e-01 -1.919199e+01  7.100000e-01
   endloop
 endfacet
 facet normal  6.087614e-01 -7.933533e-01  0.000000e+00
   outer loop
     vertex -4.335534e-01 -1.927145e+01  0.000000e+00
     vertex -3.300000e-01 -1.919199e+01  7.100000e-01
     vertex -4.335534e-01 -1.927145e+01  7.100000e-01
   endloop
 endfacet
 facet normal  7.933533e-01 -6.087614e-01  0.000000e+00
   outer loop
     vertex -5.130127e-01 -1.937500e+01  0.000000e+00
     vertex -4.335534e-01 -1.927145e+01  0.000000e+00
     vertex -4.335534e-01 -1.927145e+01  7.100000e-01
   endloop
 endfacet
 facet normal  7.933533e-01 -6.087614e-01  0.000000e+00
   outer loop
     vertex -5.130127e-01 -1.937500e+01  0.000000e+00
     vertex -4.335534e-01 -1.927145e+01  7.100000e-01
     vertex -5.130127e-01 -1.937500e+01  7.100000e-01
   endloop
 endfacet
 facet normal  9.238795e-01 -3.826834e-01  0.000000e+00
   outer loop
     vertex -5.629629e-01 -1.949559e+01  0.000000e+00
     vertex -5.130127e-01 -1.937500e+01  0.000000e+00
     vertex -5.130127e-01 -1.937500e+01  7.100000e-01
   endloop
 endfacet
 facet normal  9.238795e-01 -3.826834e-01  0.000000e+00
   outer loop
     vertex -5.629629e-01 -1.949559e+01  0.000000e+00
     vertex -5.130127e-01 -1.937500e+01  7.100000e-01
     vertex -5.629629e-01 -1.949559e+01  7.100000e-01
   endloop
 endfacet
 facet normal  9.914449e-01 -1.305262e-01  0.000000e+00
   outer loop
     vertex -5.800000e-01 -1.962500e+01  0.000000e+00
     vertex -5.629629e-01 -1.949559e+01  0.000000e+00
     vertex -5.629629e-01 -1.949559e+01  7.100000e-01
   endloop
 endfacet
 facet normal  9.914449e-01 -1.305262e-01  0.000000e+00
   outer loop
     vertex -5.800000e-01 -1.962500e+01  0.000000e+00
     vertex -5.629629e-01 -1.949559e+01  7.100000e-01
     vertex -5.800000e-01 -1.962500e+01  7.100000e-01
   endloop
 endfacet
 facet normal  9.238795e-01  3.826834e-01 -0.000000e+00
   outer loop
     vertex -5.629629e-01 -1.975441e+01  0.000000e+00
     vertex -5.629629e-01 -1.975441e+01  7.100000e-01
     vertex -5.130127e-01 -1.987500e+01  7.100000e-01
   endloop
 endfacet
 facet normal  9.914449e-01  1.305262e-01 -0.000000e+00
   outer loop
     vertex -5.629629e-01 -1.975441e+01  0.000000e+00
     vertex -5.800000e-01 -1.962500e+01  7.100000e-01
     vertex -5.629629e-01 -1.975441e+01  7.100000e-01
   endloop
 endfacet
 facet normal  9.914449e-01  1.305262e-01  0.000000e+00
   outer loop
     vertex -5.629629e-01 -1.975441e+01  0.000000e+00
     vertex -5.800000e-01 -1.962500e+01  0.000000e+00
     vertex -5.800000e-01 -1.962500e+01  7.100000e-01
   endloop
 endfacet
 facet normal  9.238795e-01  3.826834e-01 -0.000000e+00
   outer loop
     vertex -5.130127e-01 -1.987500e+01  0.000000e+00
     vertex -5.629629e-01 -1.975441e+01  0.000000e+00
     vertex -5.130127e-01 -1.987500e+01  7.100000e-01
   endloop
 endfacet
 facet normal  7.933533e-01  6.087614e-01 -0.000000e+00
   outer loop
     vertex -5.130127e-01 -1.987500e+01  0.000000e+00
     vertex -5.130127e-01 -1.987500e+01  7.100000e-01
     vertex -4.335534e-01 -1.997855e+01  7.100000e-01
   endloop
 endfacet
 facet normal  6.087614e-01  7.933533e-01 -0.000000e+00
   outer loop
     vertex -4.335534e-01 -1.997855e+01  0.000000e+00
     vertex -4.335534e-01 -1.997855e+01  7.100000e-01
     vertex -3.300000e-01 -2.005801e+01  7.100000e-01
   endloop
 endfacet
 facet normal  7.933533e-01  6.087614e-01 -0.000000e+00
   outer loop
     vertex -4.335534e-01 -1.997855e+01  0.000000e+00
     vertex -5.130127e-01 -1.987500e+01  0.000000e+00
     vertex -4.335534e-01 -1.997855e+01  7.100000e-01
   endloop
 endfacet
 facet normal  6.087614e-01  7.933533e-01 -0.000000e+00
   outer loop
     vertex -3.300000e-01 -2.005801e+01  0.000000e+00
     vertex -4.335534e-01 -1.997855e+01  0.000000e+00
     vertex -3.300000e-01 -2.005801e+01  7.100000e-01
   endloop
 endfacet
 facet normal  3.826834e-01  9.238795e-01 -0.000000e+00
   outer loop
     vertex -2.094095e-01 -2.010796e+01  0.000000e+00
     vertex -3.300000e-01 -2.005801e+01  7.100000e-01
     vertex -2.094095e-01 -2.010796e+01  7.100000e-01
   endloop
 endfacet
 facet normal  3.826834e-01  9.238795e-01  0.000000e+00
   outer loop
     vertex -2.094095e-01 -2.010796e+01  0.000000e+00
     vertex -3.300000e-01 -2.005801e+01  0.000000e+00
     vertex -3.300000e-01 -2.005801e+01  7.100000e-01
   endloop
 endfacet
 facet normal  1.305262e-01  9.914449e-01 -0.000000e+00
   outer loop
     vertex -8.000000e-02 -2.012500e+01  0.000000e+00
     vertex -2.094095e-01 -2.010796e+01  7.100000e-01
     vertex -8.000000e-02 -2.012500e+01  7.100000e-01
   endloop
 endfacet
 facet normal  1.305262e-01  9.914449e-01  0.000000e+00
   outer loop
     vertex -8.000000e-02 -2.012500e+01  0.000000e+00
     vertex -2.094095e-01 -2.010796e+01  0.000000e+00
     vertex -2.094095e-01 -2.010796e+01  7.100000e-01
   endloop
 endfacet
 facet normal  8.660190e-01 -5.000112e-01  0.000000e+00
   outer loop
     vertex -5.894699e+00 -8.642372e+00  0.000000e+00
     vertex -4.086021e+00 -5.509743e+00  0.000000e+00
     vertex -4.086021e+00 -5.509743e+00  7.100000e-01
   endloop
 endfacet
 facet normal  8.660190e-01 -5.000112e-01  0.000000e+00
   outer loop
     vertex -5.894699e+00 -8.642372e+00  0.000000e+00
     vertex -4.086021e+00 -5.509743e+00  7.100000e-01
     vertex -5.894699e+00 -8.642372e+00  7.100000e-01
   endloop
 endfacet
 facet normal  7.223941e-01 -6.914816e-01  0.000000e+00
   outer loop
     vertex -4.086021e+00 -5.509743e+00  0.000000e+00
     vertex -3.956482e+00 -5.374413e+00  0.000000e+00
     vertex -3.956482e+00 -5.374413e+00  7.100000e-01
   endloop
 endfacet
 facet normal  7.223941e-01 -6.914816e-01  0.000000e+00
   outer loop
     vertex -4.086021e+00 -5.509743e+00  0.000000e+00
     vertex -3.956482e+00 -5.374413e+00  7.100000e-01
     vertex -4.086021e+00 -5.509743e+00  7.100000e-01
   endloop
 endfacet
 facet normal -4.999297e-01 -8.660660e-01  0.000000e+00
   outer loop
     vertex -7.951935e+00 -7.454849e+00  0.000000e+00
     vertex -5.894699e+00 -8.642372e+00  0.000000e+00
     vertex -5.894699e+00 -8.642372e+00  7.100000e-01
   endloop
 endfacet
 facet normal -4.999297e-01 -8.660660e-01  0.000000e+00
   outer loop
     vertex -7.951935e+00 -7.454849e+00  0.000000e+00
     vertex -5.894699e+00 -8.642372e+00  7.100000e-01
     vertex -7.951935e+00 -7.454849e+00  7.100000e-01
   endloop
 endfacet
 facet normal -7.106734e-01 -7.035220e-01  0.000000e+00
   outer loop
     vertex -3.956482e+00 -5.374413e+00  0.000000e+00
     vertex -2.200287e+00 -7.148460e+00  0.000000e+00
     vertex -2.200287e+00 -7.148460e+00  7.100000e-01
   endloop
 endfacet
 facet normal -7.106734e-01 -7.035220e-01  0.000000e+00
   outer loop
     vertex -3.956482e+00 -5.374413e+00  0.000000e+00
     vertex -2.200287e+00 -7.148460e+00  7.100000e-01
     vertex -3.956482e+00 -5.374413e+00  7.100000e-01
   endloop
 endfacet
 facet normal  0.000000e+00 -1.000000e+00  0.000000e+00
   outer loop
     vertex -9.966797e+00 -7.454849e+00  0.000000e+00
     vertex -7.951935e+00 -7.454849e+00  0.000000e+00
     vertex -7.951935e+00 -7.454849e+00  7.100000e-01
   endloop
 endfacet
 facet normal  0.000000e+00 -1.000000e+00  0.000000e+00
   outer loop
     vertex -9.966797e+00 -7.454849e+00  0.000000e+00
     vertex -7.951935e+00 -7.454849e+00  7.100000e-01
     vertex -9.966797e+00 -7.454849e+00  7.100000e-01
   endloop
 endfacet
 facet normal -7.005879e-01  7.135662e-01  0.000000e+00
   outer loop
     vertex -2.200287e+00 -7.148460e+00  0.000000e+00
     vertex -2.683464e+00 -7.622849e+00  0.000000e+00
     vertex -2.683464e+00 -7.622849e+00  7.100000e-01
   endloop
 endfacet
 facet normal -7.005879e-01  7.135662e-01  0.000000e+00
   outer loop
     vertex -2.200287e+00 -7.148460e+00  0.000000e+00
     vertex -2.683464e+00 -7.622849e+00  7.100000e-01
     vertex -2.200287e+00 -7.148460e+00  7.100000e-01
   endloop
 endfacet
 facet normal  7.074870e-01 -7.067264e-01  0.000000e+00
   outer loop
     vertex -1.333403e+01 -1.082571e+01  7.100000e-01
     vertex -9.966797e+00 -7.454849e+00  0.000000e+00
     vertex -9.966797e+00 -7.454849e+00  7.100000e-01
   endloop
 endfacet
 facet normal  7.074870e-01 -7.067264e-01  0.000000e+00
   outer loop
     vertex -1.333403e+01 -1.082571e+01  0.000000e+00
     vertex -9.966797e+00 -7.454849e+00  0.000000e+00
     vertex -1.333403e+01 -1.082571e+01  7.100000e-01
   endloop
 endfacet
 facet normal -7.069014e-01  7.073121e-01  0.000000e+00
   outer loop
     vertex -2.683464e+00 -7.622849e+00  0.000000e+00
     vertex -3.579018e+00 -8.517883e+00  0.000000e+00
     vertex -3.579018e+00 -8.517883e+00  7.100000e-01
   endloop
 endfacet
 facet normal -7.069014e-01  7.073121e-01  0.000000e+00
   outer loop
     vertex -2.683464e+00 -7.622849e+00  0.000000e+00
     vertex -3.579018e+00 -8.517883e+00  7.100000e-01
     vertex -2.683464e+00 -7.622849e+00  7.100000e-01
   endloop
 endfacet
 facet normal  7.163011e-01 -6.977914e-01  0.000000e+00
   outer loop
     vertex -1.426937e+01 -1.178586e+01  0.000000e+00
     vertex -1.333403e+01 -1.082571e+01  0.000000e+00
     vertex -1.333403e+01 -1.082571e+01  7.100000e-01
   endloop
 endfacet
 facet normal  7.163011e-01 -6.977914e-01  0.000000e+00
   outer loop
     vertex -1.426937e+01 -1.178586e+01  0.000000e+00
     vertex -1.333403e+01 -1.082571e+01  7.100000e-01
     vertex -1.426937e+01 -1.178586e+01  7.100000e-01
   endloop
 endfacet
 facet normal -7.555211e-01  6.551243e-01  0.000000e+00
   outer loop
     vertex -3.579018e+00 -8.517883e+00  0.000000e+00
     vertex -3.649818e+00 -8.599533e+00  0.000000e+00
     vertex -3.649818e+00 -8.599533e+00  7.100000e-01
   endloop
 endfacet
 facet normal -7.555211e-01  6.551243e-01  0.000000e+00
   outer loop
     vertex -3.579018e+00 -8.517883e+00  0.000000e+00
     vertex -3.649818e+00 -8.599533e+00  7.100000e-01
     vertex -3.579018e+00 -8.517883e+00  7.100000e-01
   endloop
 endfacet
 facet normal  1.000000e+00  0.000000e+00  0.000000e+00
   outer loop
     vertex -1.426937e+01 -1.265506e+01  0.000000e+00
     vertex -1.426937e+01 -1.178586e+01  0.000000e+00
     vertex -1.426937e+01 -1.178586e+01  7.100000e-01
   endloop
 endfacet
 facet normal  1.000000e+00  0.000000e+00  0.000000e+00
   outer loop
     vertex -1.426937e+01 -1.265506e+01  0.000000e+00
     vertex -1.426937e+01 -1.178586e+01  7.100000e-01
     vertex -1.426937e+01 -1.265506e+01  7.100000e-01
   endloop
 endfacet
 facet normal -8.603588e-01  5.096888e-01  0.000000e+00
   outer loop
     vertex -3.649818e+00 -8.599533e+00  0.000000e+00
     vertex -3.916466e+00 -9.049637e+00  0.000000e+00
     vertex -3.916466e+00 -9.049637e+00  7.100000e-01
   endloop
 endfacet
 facet normal -8.603588e-01  5.096888e-01  0.000000e+00
   outer loop
     vertex -3.649818e+00 -8.599533e+00  0.000000e+00
     vertex -3.916466e+00 -9.049637e+00  7.100000e-01
     vertex -3.649818e+00 -8.599533e+00  7.100000e-01
   endloop
 endfacet
 facet normal  8.661171e-01  4.998412e-01  0.000000e+00
   outer loop
     vertex -1.308392e+01 -1.470920e+01  0.000000e+00
     vertex -1.426937e+01 -1.265506e+01  0.000000e+00
     vertex -1.426937e+01 -1.265506e+01  7.100000e-01
   endloop
 endfacet
 facet normal  8.661171e-01  4.998412e-01 -0.000000e+00
   outer loop
     vertex -1.308392e+01 -1.470920e+01  0.000000e+00
     vertex -1.426937e+01 -1.265506e+01  7.100000e-01
     vertex -1.308392e+01 -1.470920e+01  7.100000e-01
   endloop
 endfacet
 facet normal -9.183238e-01  3.958301e-01  0.000000e+00
   outer loop
     vertex -3.916466e+00 -9.049637e+00  0.000000e+00
     vertex -3.924263e+00 -9.067726e+00  0.000000e+00
     vertex -3.924263e+00 -9.067726e+00  7.100000e-01
   endloop
 endfacet
 facet normal -9.183238e-01  3.958301e-01  0.000000e+00
   outer loop
     vertex -3.916466e+00 -9.049637e+00  0.000000e+00
     vertex -3.924263e+00 -9.067726e+00  7.100000e-01
     vertex -3.916466e+00 -9.049637e+00  7.100000e-01
   endloop
 endfacet
 facet normal  8.648678e-01  5.019997e-01  0.000000e+00
   outer loop
     vertex -1.304102e+01 -1.478310e+01  0.000000e+00
     vertex -1.308392e+01 -1.470920e+01  0.000000e+00
     vertex -1.308392e+01 -1.470920e+01  7.100000e-01
   endloop
 endfacet
 facet normal  8.648678e-01  5.019997e-01 -0.000000e+00
   outer loop
     vertex -1.304102e+01 -1.478310e+01  0.000000e+00
     vertex -1.308392e+01 -1.470920e+01  7.100000e-01
     vertex -1.304102e+01 -1.478310e+01  7.100000e-01
   endloop
 endfacet
 facet normal -9.335442e-01  3.584624e-01  0.000000e+00
   outer loop
     vertex -3.924263e+00 -9.067726e+00  0.000000e+00
     vertex -3.973869e+00 -9.196915e+00  0.000000e+00
     vertex -3.973869e+00 -9.196915e+00  7.100000e-01
   endloop
 endfacet
 facet normal -9.335442e-01  3.584624e-01  0.000000e+00
   outer loop
     vertex -3.924263e+00 -9.067726e+00  0.000000e+00
     vertex -3.973869e+00 -9.196915e+00  7.100000e-01
     vertex -3.924263e+00 -9.067726e+00  7.100000e-01
   endloop
 endfacet
 facet normal  8.649928e-01  5.017843e-01  0.000000e+00
   outer loop
     vertex -1.264622e+01 -1.546368e+01  0.000000e+00
     vertex -1.304102e+01 -1.478310e+01  0.000000e+00
     vertex -1.304102e+01 -1.478310e+01  7.100000e-01
   endloop
 endfacet
 facet normal  8.649928e-01  5.017843e-01 -0.000000e+00
   outer loop
     vertex -1.264622e+01 -1.546368e+01  0.000000e+00
     vertex -1.304102e+01 -1.478310e+01  7.100000e-01
     vertex -1.264622e+01 -1.546368e+01  7.100000e-01
   endloop
 endfacet
 facet normal -9.541969e-01  2.991792e-01  0.000000e+00
   outer loop
     vertex -3.973869e+00 -9.196915e+00  0.000000e+00
     vertex -3.992989e+00 -9.257896e+00  0.000000e+00
     vertex -3.992989e+00 -9.257896e+00  7.100000e-01
   endloop
 endfacet
 facet normal -9.541969e-01  2.991792e-01  0.000000e+00
   outer loop
     vertex -3.973869e+00 -9.196915e+00  0.000000e+00
     vertex -3.992989e+00 -9.257896e+00  7.100000e-01
     vertex -3.973869e+00 -9.196915e+00  7.100000e-01
   endloop
 endfacet
 facet normal  7.558616e-03  9.999714e-01  0.000000e+00
   outer loop
     vertex -1.018539e+01 -1.548228e+01  0.000000e+00
     vertex -1.264622e+01 -1.546368e+01  0.000000e+00
     vertex -1.264622e+01 -1.546368e+01  7.100000e-01
   endloop
 endfacet
 facet normal  7.558616e-03  9.999714e-01 -0.000000e+00
   outer loop
     vertex -1.018539e+01 -1.548228e+01  0.000000e+00
     vertex -1.264622e+01 -1.546368e+01  7.100000e-01
     vertex -1.018539e+01 -1.548228e+01  7.100000e-01
   endloop
 endfacet
 facet normal -9.958380e-01  9.114073e-02  0.000000e+00
   outer loop
     vertex -3.992989e+00 -9.257896e+00  0.000000e+00
     vertex -4.078262e+00 -1.018962e+01  0.000000e+00
     vertex -4.078262e+00 -1.018962e+01  7.100000e-01
   endloop
 endfacet
 facet normal -9.958380e-01  9.114073e-02  0.000000e+00
   outer loop
     vertex -3.992989e+00 -9.257896e+00  0.000000e+00
     vertex -4.078262e+00 -1.018962e+01  7.100000e-01
     vertex -3.992989e+00 -9.257896e+00  7.100000e-01
   endloop
 endfacet
 facet normal  1.426449e-03  9.999990e-01  0.000000e+00
   outer loop
     vertex -6.890495e+00 -1.548698e+01  0.000000e+00
     vertex -1.018539e+01 -1.548228e+01  0.000000e+00
     vertex -1.018539e+01 -1.548228e+01  7.100000e-01
   endloop
 endfacet
 facet normal  1.426449e-03  9.999990e-01 -0.000000e+00
   outer loop
     vertex -6.890495e+00 -1.548698e+01  0.000000e+00
     vertex -1.018539e+01 -1.548228e+01  7.100000e-01
     vertex -6.890495e+00 -1.548698e+01  7.100000e-01
   endloop
 endfacet
 facet normal -9.999298e-01 -1.184497e-02  0.000000e+00
   outer loop
     vertex -4.078262e+00 -1.018962e+01  0.000000e+00
     vertex -4.060173e+00 -1.171666e+01  0.000000e+00
     vertex -4.060173e+00 -1.171666e+01  7.100000e-01
   endloop
 endfacet
 facet normal -9.999298e-01 -1.184497e-02  0.000000e+00
   outer loop
     vertex -4.078262e+00 -1.018962e+01  0.000000e+00
     vertex -4.060173e+00 -1.171666e+01  7.100000e-01
     vertex -4.078262e+00 -1.018962e+01  7.100000e-01
   endloop
 endfacet
 facet normal -6.991759e-01  7.149497e-01  0.000000e+00
   outer loop
     vertex -5.180519e+00 -1.381473e+01  0.000000e+00
     vertex -6.890495e+00 -1.548698e+01  0.000000e+00
     vertex -6.890495e+00 -1.548698e+01  7.100000e-01
   endloop
 endfacet
 facet normal -6.991759e-01  7.149497e-01  0.000000e+00
   outer loop
     vertex -5.180519e+00 -1.381473e+01  0.000000e+00
     vertex -6.890495e+00 -1.548698e+01  7.100000e-01
     vertex -5.180519e+00 -1.381473e+01  7.100000e-01
   endloop
 endfacet
 facet normal  0.000000e+00  1.000000e+00  0.000000e+00
   outer loop
     vertex -4.060173e+00 -1.171666e+01  0.000000e+00
     vertex -4.258095e+00 -1.171666e+01  0.000000e+00
     vertex -4.258095e+00 -1.171666e+01  7.100000e-01
   endloop
 endfacet
 facet normal  0.000000e+00  1.000000e+00 -0.000000e+00
   outer loop
     vertex -4.060173e+00 -1.171666e+01  0.000000e+00
     vertex -4.258095e+00 -1.171666e+01  7.100000e-01
     vertex -4.060173e+00 -1.171666e+01  7.100000e-01
   endloop
 endfacet
 facet normal -7.195543e-01  6.944362e-01  0.000000e+00
   outer loop
     vertex -4.237427e+00 -1.283752e+01  0.000000e+00
     vertex -5.180519e+00 -1.381473e+01  0.000000e+00
     vertex -5.180519e+00 -1.381473e+01  7.100000e-01
   endloop
 endfacet
 facet normal -7.195543e-01  6.944362e-01  0.000000e+00
   outer loop
     vertex -4.237427e+00 -1.283752e+01  0.000000e+00
     vertex -5.180519e+00 -1.381473e+01  7.100000e-01
     vertex -4.237427e+00 -1.283752e+01  7.100000e-01
   endloop
 endfacet
 facet normal -1.000000e+00  0.000000e+00  0.000000e+00
   outer loop
     vertex -4.258095e+00 -1.171666e+01  0.000000e+00
     vertex -4.258095e+00 -1.224635e+01  0.000000e+00
     vertex -4.258095e+00 -1.224635e+01  7.100000e-01
   endloop
 endfacet
 facet normal -1.000000e+00  0.000000e+00  0.000000e+00
   outer loop
     vertex -4.258095e+00 -1.171666e+01  0.000000e+00
     vertex -4.258095e+00 -1.224635e+01  7.100000e-01
     vertex -4.258095e+00 -1.171666e+01  7.100000e-01
   endloop
 endfacet
 facet normal -9.993894e-01 -3.493936e-02  0.000000e+00
   outer loop
     vertex -4.258095e+00 -1.224635e+01  0.000000e+00
     vertex -4.237427e+00 -1.283752e+01  0.000000e+00
     vertex -4.237427e+00 -1.283752e+01  7.100000e-01
   endloop
 endfacet
 facet normal -9.993894e-01 -3.493936e-02  0.000000e+00
   outer loop
     vertex -4.258095e+00 -1.224635e+01  0.000000e+00
     vertex -4.237427e+00 -1.283752e+01  7.100000e-01
     vertex -4.258095e+00 -1.224635e+01  7.100000e-01
   endloop
 endfacet
 facet normal -1.305262e-01  9.914449e-01  0.000000e+00
   outer loop
     vertex  2.589410e+00 -2.010796e+01  0.000000e+00
     vertex  2.460000e+00 -2.012500e+01  0.000000e+00
     vertex  2.460000e+00 -2.012500e+01  7.100000e-01
   endloop
 endfacet
 facet normal -1.305262e-01  9.914449e-01  0.000000e+00
   outer loop
     vertex  2.589410e+00 -2.010796e+01  0.000000e+00
     vertex  2.460000e+00 -2.012500e+01  7.100000e-01
     vertex  2.589410e+00 -2.010796e+01  7.100000e-01
   endloop
 endfacet
 facet normal -3.826834e-01  9.238795e-01  0.000000e+00
   outer loop
     vertex  2.710000e+00 -2.005801e+01  0.000000e+00
     vertex  2.589410e+00 -2.010796e+01  7.100000e-01
     vertex  2.710000e+00 -2.005801e+01  7.100000e-01
   endloop
 endfacet
 facet normal -3.826834e-01  9.238795e-01  0.000000e+00
   outer loop
     vertex  2.710000e+00 -2.005801e+01  0.000000e+00
     vertex  2.589410e+00 -2.010796e+01  0.000000e+00
     vertex  2.589410e+00 -2.010796e+01  7.100000e-01
   endloop
 endfacet
 facet normal -6.087614e-01  7.933533e-01  0.000000e+00
   outer loop
     vertex  2.813553e+00 -1.997855e+01  0.000000e+00
     vertex  2.710000e+00 -2.005801e+01  7.100000e-01
     vertex  2.813553e+00 -1.997855e+01  7.100000e-01
   endloop
 endfacet
 facet normal -6.087614e-01  7.933533e-01  0.000000e+00
   outer loop
     vertex  2.813553e+00 -1.997855e+01  0.000000e+00
     vertex  2.710000e+00 -2.005801e+01  0.000000e+00
     vertex  2.710000e+00 -2.005801e+01  7.100000e-01
   endloop
 endfacet
 facet normal -7.933533e-01  6.087614e-01  0.000000e+00
   outer loop
     vertex  2.893013e+00 -1.987500e+01  0.000000e+00
     vertex  2.813553e+00 -1.997855e+01  7.100000e-01
     vertex  2.893013e+00 -1.987500e+01  7.100000e-01
   endloop
 endfacet
 facet normal -7.933533e-01  6.087614e-01  0.000000e+00
   outer loop
     vertex  2.893013e+00 -1.987500e+01  0.000000e+00
     vertex  2.813553e+00 -1.997855e+01  0.000000e+00
     vertex  2.813553e+00 -1.997855e+01  7.100000e-01
   endloop
 endfacet
 facet normal -9.238795e-01  3.826834e-01  0.000000e+00
   outer loop
     vertex  2.942963e+00 -1.975441e+01  0.000000e+00
     vertex  2.893013e+00 -1.987500e+01  7.100000e-01
     vertex  2.942963e+00 -1.975441e+01  7.100000e-01
   endloop
 endfacet
 facet normal -9.238795e-01  3.826834e-01  0.000000e+00
   outer loop
     vertex  2.942963e+00 -1.975441e+01  0.000000e+00
     vertex  2.893013e+00 -1.987500e+01  0.000000e+00
     vertex  2.893013e+00 -1.987500e+01  7.100000e-01
   endloop
 endfacet
 facet normal -9.914449e-01  1.305262e-01  0.000000e+00
   outer loop
     vertex  2.960000e+00 -1.962500e+01  0.000000e+00
     vertex  2.942963e+00 -1.975441e+01  7.100000e-01
     vertex  2.960000e+00 -1.962500e+01  7.100000e-01
   endloop
 endfacet
 facet normal -9.914449e-01  1.305262e-01  0.000000e+00
   outer loop
     vertex  2.960000e+00 -1.962500e+01  0.000000e+00
     vertex  2.942963e+00 -1.975441e+01  0.000000e+00
     vertex  2.942963e+00 -1.975441e+01  7.100000e-01
   endloop
 endfacet
 facet normal -9.914449e-01 -1.305262e-01  0.000000e+00
   outer loop
     vertex  2.942963e+00 -1.949559e+01  0.000000e+00
     vertex  2.960000e+00 -1.962500e+01  7.100000e-01
     vertex  2.942963e+00 -1.949559e+01  7.100000e-01
   endloop
 endfacet
 facet normal -9.914449e-01 -1.305262e-01  0.000000e+00
   outer loop
     vertex  2.942963e+00 -1.949559e+01  0.000000e+00
     vertex  2.960000e+00 -1.962500e+01  0.000000e+00
     vertex  2.960000e+00 -1.962500e+01  7.100000e-01
   endloop
 endfacet
 facet normal -7.933533e-01 -6.087614e-01  0.000000e+00
   outer loop
     vertex  2.893013e+00 -1.937500e+01  0.000000e+00
     vertex  2.893013e+00 -1.937500e+01  7.100000e-01
     vertex  2.813553e+00 -1.927145e+01  7.100000e-01
   endloop
 endfacet
 facet normal -9.238795e-01 -3.826834e-01  0.000000e+00
   outer loop
     vertex  2.893013e+00 -1.937500e+01  0.000000e+00
     vertex  2.942963e+00 -1.949559e+01  7.100000e-01
     vertex  2.893013e+00 -1.937500e+01  7.100000e-01
   endloop
 endfacet
 facet normal -9.238795e-01 -3.826834e-01  0.000000e+00
   outer loop
     vertex  2.893013e+00 -1.937500e+01  0.000000e+00
     vertex  2.942963e+00 -1.949559e+01  0.000000e+00
     vertex  2.942963e+00 -1.949559e+01  7.100000e-01
   endloop
 endfacet
 facet normal -6.087614e-01 -7.933533e-01  0.000000e+00
   outer loop
     vertex  2.813553e+00 -1.927145e+01  0.000000e+00
     vertex  2.813553e+00 -1.927145e+01  7.100000e-01
     vertex  2.710000e+00 -1.919199e+01  7.100000e-01
   endloop
 endfacet
 facet normal -7.933533e-01 -6.087614e-01  0.000000e+00
   outer loop
     vertex  2.813553e+00 -1.927145e+01  0.000000e+00
     vertex  2.893013e+00 -1.937500e+01  0.000000e+00
     vertex  2.813553e+00 -1.927145e+01  7.100000e-01
   endloop
 endfacet
 facet normal -6.087614e-01 -7.933533e-01  0.000000e+00
   outer loop
     vertex  2.710000e+00 -1.919199e+01  0.000000e+00
     vertex  2.813553e+00 -1.927145e+01  0.000000e+00
     vertex  2.710000e+00 -1.919199e+01  7.100000e-01
   endloop
 endfacet
 facet normal -3.826834e-01 -9.238795e-01  0.000000e+00
   outer loop
     vertex  2.589410e+00 -1.914204e+01  0.000000e+00
     vertex  2.710000e+00 -1.919199e+01  0.000000e+00
     vertex  2.710000e+00 -1.919199e+01  7.100000e-01
   endloop
 endfacet
 facet normal -1.305262e-01 -9.914449e-01  0.000000e+00
   outer loop
     vertex  2.589410e+00 -1.914204e+01  0.000000e+00
     vertex  2.589410e+00 -1.914204e+01  7.100000e-01
     vertex  2.460000e+00 -1.912500e+01  7.100000e-01
   endloop
 endfacet
 facet normal -3.826834e-01 -9.238795e-01  0.000000e+00
   outer loop
     vertex  2.589410e+00 -1.914204e+01  0.000000e+00
     vertex  2.710000e+00 -1.919199e+01  7.100000e-01
     vertex  2.589410e+00 -1.914204e+01  7.100000e-01
   endloop
 endfacet
 facet normal -1.305262e-01 -9.914449e-01  0.000000e+00
   outer loop
     vertex  2.460000e+00 -1.912500e+01  0.000000e+00
     vertex  2.589410e+00 -1.914204e+01  0.000000e+00
     vertex  2.460000e+00 -1.912500e+01  7.100000e-01
   endloop
 endfacet
 facet normal  1.305262e-01 -9.914449e-01  0.000000e+00
   outer loop
     vertex  2.330590e+00 -1.914204e+01  0.000000e+00
     vertex  2.460000e+00 -1.912500e+01  0.000000e+00
     vertex  2.460000e+00 -1.912500e+01  7.100000e-01
   endloop
 endfacet
 facet normal  1.305262e-01 -9.914449e-01  0.000000e+00
   outer loop
     vertex  2.330590e+00 -1.914204e+01  0.000000e+00
     vertex  2.460000e+00 -1.912500e+01  7.100000e-01
     vertex  2.330590e+00 -1.914204e+01  7.100000e-01
   endloop
 endfacet
 facet normal  3.826834e-01 -9.238795e-01  0.000000e+00
   outer loop
     vertex  2.210000e+00 -1.919199e+01  0.000000e+00
     vertex  2.330590e+00 -1.914204e+01  0.000000e+00
     vertex  2.330590e+00 -1.914204e+01  7.100000e-01
   endloop
 endfacet
 facet normal  3.826834e-01 -9.238795e-01  0.000000e+00
   outer loop
     vertex  2.210000e+00 -1.919199e+01  0.000000e+00
     vertex  2.330590e+00 -1.914204e+01  7.100000e-01
     vertex  2.210000e+00 -1.919199e+01  7.100000e-01
   endloop
 endfacet
 facet normal  6.087614e-01 -7.933533e-01  0.000000e+00
   outer loop
     vertex  2.106447e+00 -1.927145e+01  0.000000e+00
     vertex  2.210000e+00 -1.919199e+01  0.000000e+00
     vertex  2.210000e+00 -1.919199e+01  7.100000e-01
   endloop
 endfacet
 facet normal  6.087614e-01 -7.933533e-01  0.000000e+00
   outer loop
     vertex  2.106447e+00 -1.927145e+01  0.000000e+00
     vertex  2.210000e+00 -1.919199e+01  7.100000e-01
     vertex  2.106447e+00 -1.927145e+01  7.100000e-01
   endloop
 endfacet
 facet normal  7.933533e-01 -6.087614e-01  0.000000e+00
   outer loop
     vertex  2.026987e+00 -1.937500e+01  0.000000e+00
     vertex  2.106447e+00 -1.927145e+01  0.000000e+00
     vertex  2.106447e+00 -1.927145e+01  7.100000e-01
   endloop
 endfacet
 facet normal  7.933533e-01 -6.087614e-01  0.000000e+00
   outer loop
     vertex  2.026987e+00 -1.937500e+01  0.000000e+00
     vertex  2.106447e+00 -1.927145e+01  7.100000e-01
     vertex  2.026987e+00 -1.937500e+01  7.100000e-01
   endloop
 endfacet
 facet normal  9.238795e-01 -3.826834e-01  0.000000e+00
   outer loop
     vertex  1.977037e+00 -1.949559e+01  0.000000e+00
     vertex  2.026987e+00 -1.937500e+01  0.000000e+00
     vertex  2.026987e+00 -1.937500e+01  7.100000e-01
   endloop
 endfacet
 facet normal  9.238795e-01 -3.826834e-01  0.000000e+00
   outer loop
     vertex  1.977037e+00 -1.949559e+01  0.000000e+00
     vertex  2.026987e+00 -1.937500e+01  7.100000e-01
     vertex  1.977037e+00 -1.949559e+01  7.100000e-01
   endloop
 endfacet
 facet normal  9.914449e-01 -1.305262e-01  0.000000e+00
   outer loop
     vertex  1.960000e+00 -1.962500e+01  0.000000e+00
     vertex  1.977037e+00 -1.949559e+01  0.000000e+00
     vertex  1.977037e+00 -1.949559e+01  7.100000e-01
   endloop
 endfacet
 facet normal  9.914449e-01 -1.305262e-01  0.000000e+00
   outer loop
     vertex  1.960000e+00 -1.962500e+01  0.000000e+00
     vertex  1.977037e+00 -1.949559e+01  7.100000e-01
     vertex  1.960000e+00 -1.962500e+01  7.100000e-01
   endloop
 endfacet
 facet normal  9.238795e-01  3.826834e-01 -0.000000e+00
   outer loop
     vertex  1.977037e+00 -1.975441e+01  0.000000e+00
     vertex  1.977037e+00 -1.975441e+01  7.100000e-01
     vertex  2.026987e+00 -1.987500e+01  7.100000e-01
   endloop
 endfacet
 facet normal  9.914449e-01  1.305262e-01 -0.000000e+00
   outer loop
     vertex  1.977037e+00 -1.975441e+01  0.000000e+00
     vertex  1.960000e+00 -1.962500e+01  7.100000e-01
     vertex  1.977037e+00 -1.975441e+01  7.100000e-01
   endloop
 endfacet
 facet normal  9.914449e-01  1.305262e-01  0.000000e+00
   outer loop
     vertex  1.977037e+00 -1.975441e+01  0.000000e+00
     vertex  1.960000e+00 -1.962500e+01  0.000000e+00
     vertex  1.960000e+00 -1.962500e+01  7.100000e-01
   endloop
 endfacet
 facet normal  9.238795e-01  3.826834e-01 -0.000000e+00
   outer loop
     vertex  2.026987e+00 -1.987500e+01  0.000000e+00
     vertex  1.977037e+00 -1.975441e+01  0.000000e+00
     vertex  2.026987e+00 -1.987500e+01  7.100000e-01
   endloop
 endfacet
 facet normal  7.933533e-01  6.087614e-01 -0.000000e+00
   outer loop
     vertex  2.026987e+00 -1.987500e+01  0.000000e+00
     vertex  2.026987e+00 -1.987500e+01  7.100000e-01
     vertex  2.106447e+00 -1.997855e+01  7.100000e-01
   endloop
 endfacet
 facet normal  6.087614e-01  7.933533e-01 -0.000000e+00
   outer loop
     vertex  2.106447e+00 -1.997855e+01  0.000000e+00
     vertex  2.106447e+00 -1.997855e+01  7.100000e-01
     vertex  2.210000e+00 -2.005801e+01  7.100000e-01
   endloop
 endfacet
 facet normal  7.933533e-01  6.087614e-01 -0.000000e+00
   outer loop
     vertex  2.106447e+00 -1.997855e+01  0.000000e+00
     vertex  2.026987e+00 -1.987500e+01  0.000000e+00
     vertex  2.106447e+00 -1.997855e+01  7.100000e-01
   endloop
 endfacet
 facet normal  6.087614e-01  7.933533e-01 -0.000000e+00
   outer loop
     vertex  2.210000e+00 -2.005801e+01  0.000000e+00
     vertex  2.106447e+00 -1.997855e+01  0.000000e+00
     vertex  2.210000e+00 -2.005801e+01  7.100000e-01
   endloop
 endfacet
 facet normal  3.826834e-01  9.238795e-01 -0.000000e+00
   outer loop
     vertex  2.330590e+00 -2.010796e+01  0.000000e+00
     vertex  2.210000e+00 -2.005801e+01  7.100000e-01
     vertex  2.330590e+00 -2.010796e+01  7.100000e-01
   endloop
 endfacet
 facet normal  3.826834e-01  9.238795e-01  0.000000e+00
   outer loop
     vertex  2.330590e+00 -2.010796e+01  0.000000e+00
     vertex  2.210000e+00 -2.005801e+01  0.000000e+00
     vertex  2.210000e+00 -2.005801e+01  7.100000e-01
   endloop
 endfacet
 facet normal  1.305262e-01  9.914449e-01 -0.000000e+00
   outer loop
     vertex  2.460000e+00 -2.012500e+01  0.000000e+00
     vertex  2.330590e+00 -2.010796e+01  7.100000e-01
     vertex  2.460000e+00 -2.012500e+01  7.100000e-01
   endloop
 endfacet
 facet normal  1.305262e-01  9.914449e-01  0.000000e+00
   outer loop
     vertex  2.460000e+00 -2.012500e+01  0.000000e+00
     vertex  2.330590e+00 -2.010796e+01  0.000000e+00
     vertex  2.330590e+00 -2.010796e+01  7.100000e-01
   endloop
 endfacet
 facet normal -1.305262e-01  9.914449e-01  0.000000e+00
   outer loop
     vertex  5.129410e+00 -2.010796e+01  0.000000e+00
     vertex  5.000000e+00 -2.012500e+01  0.000000e+00
     vertex  5.000000e+00 -2.012500e+01  7.100000e-01
   endloop
 endfacet
 facet normal -1.305262e-01  9.914449e-01  0.000000e+00
   outer loop
     vertex  5.129410e+00 -2.010796e+01  0.000000e+00
     vertex  5.000000e+00 -2.012500e+01  7.100000e-01
     vertex  5.129410e+00 -2.010796e+01  7.100000e-01
   endloop
 endfacet
 facet normal -3.826834e-01  9.238795e-01  0.000000e+00
   outer loop
     vertex  5.250000e+00 -2.005801e+01  0.000000e+00
     vertex  5.129410e+00 -2.010796e+01  7.100000e-01
     vertex  5.250000e+00 -2.005801e+01  7.100000e-01
   endloop
 endfacet
 facet normal -3.826834e-01  9.238795e-01  0.000000e+00
   outer loop
     vertex  5.250000e+00 -2.005801e+01  0.000000e+00
     vertex  5.129410e+00 -2.010796e+01  0.000000e+00
     vertex  5.129410e+00 -2.010796e+01  7.100000e-01
   endloop
 endfacet
 facet normal -6.087614e-01  7.933533e-01  0.000000e+00
   outer loop
     vertex  5.353553e+00 -1.997855e+01  0.000000e+00
     vertex  5.250000e+00 -2.005801e+01  7.100000e-01
     vertex  5.353553e+00 -1.997855e+01  7.100000e-01
   endloop
 endfacet
 facet normal -6.087614e-01  7.933533e-01  0.000000e+00
   outer loop
     vertex  5.353553e+00 -1.997855e+01  0.000000e+00
     vertex  5.250000e+00 -2.005801e+01  0.000000e+00
     vertex  5.250000e+00 -2.005801e+01  7.100000e-01
   endloop
 endfacet
 facet normal -7.933533e-01  6.087614e-01  0.000000e+00
   outer loop
     vertex  5.433013e+00 -1.987500e+01  0.000000e+00
     vertex  5.353553e+00 -1.997855e+01  7.100000e-01
     vertex  5.433013e+00 -1.987500e+01  7.100000e-01
   endloop
 endfacet
 facet normal -7.933533e-01  6.087614e-01  0.000000e+00
   outer loop
     vertex  5.433013e+00 -1.987500e+01  0.000000e+00
     vertex  5.353553e+00 -1.997855e+01  0.000000e+00
     vertex  5.353553e+00 -1.997855e+01  7.100000e-01
   endloop
 endfacet
 facet normal -9.238795e-01  3.826834e-01  0.000000e+00
   outer loop
     vertex  5.482963e+00 -1.975441e+01  0.000000e+00
     vertex  5.433013e+00 -1.987500e+01  7.100000e-01
     vertex  5.482963e+00 -1.975441e+01  7.100000e-01
   endloop
 endfacet
 facet normal -9.238795e-01  3.826834e-01  0.000000e+00
   outer loop
     vertex  5.482963e+00 -1.975441e+01  0.000000e+00
     vertex  5.433013e+00 -1.987500e+01  0.000000e+00
     vertex  5.433013e+00 -1.987500e+01  7.100000e-01
   endloop
 endfacet
 facet normal -9.914449e-01  1.305262e-01  0.000000e+00
   outer loop
     vertex  5.500000e+00 -1.962500e+01  0.000000e+00
     vertex  5.482963e+00 -1.975441e+01  7.100000e-01
     vertex  5.500000e+00 -1.962500e+01  7.100000e-01
   endloop
 endfacet
 facet normal -9.914449e-01  1.305262e-01  0.000000e+00
   outer loop
     vertex  5.500000e+00 -1.962500e+01  0.000000e+00
     vertex  5.482963e+00 -1.975441e+01  0.000000e+00
     vertex  5.482963e+00 -1.975441e+01  7.100000e-01
   endloop
 endfacet
 facet normal -9.914449e-01 -1.305262e-01  0.000000e+00
   outer loop
     vertex  5.482963e+00 -1.949559e+01  0.000000e+00
     vertex  5.500000e+00 -1.962500e+01  7.100000e-01
     vertex  5.482963e+00 -1.949559e+01  7.100000e-01
   endloop
 endfacet
 facet normal -9.914449e-01 -1.305262e-01  0.000000e+00
   outer loop
     vertex  5.482963e+00 -1.949559e+01  0.000000e+00
     vertex  5.500000e+00 -1.962500e+01  0.000000e+00
     vertex  5.500000e+00 -1.962500e+01  7.100000e-01
   endloop
 endfacet
 facet normal -7.933533e-01 -6.087614e-01  0.000000e+00
   outer loop
     vertex  5.433013e+00 -1.937500e+01  0.000000e+00
     vertex  5.433013e+00 -1.937500e+01  7.100000e-01
     vertex  5.353553e+00 -1.927145e+01  7.100000e-01
   endloop
 endfacet
 facet normal -9.238795e-01 -3.826834e-01  0.000000e+00
   outer loop
     vertex  5.433013e+00 -1.937500e+01  0.000000e+00
     vertex  5.482963e+00 -1.949559e+01  7.100000e-01
     vertex  5.433013e+00 -1.937500e+01  7.100000e-01
   endloop
 endfacet
 facet normal -9.238795e-01 -3.826834e-01  0.000000e+00
   outer loop
     vertex  5.433013e+00 -1.937500e+01  0.000000e+00
     vertex  5.482963e+00 -1.949559e+01  0.000000e+00
     vertex  5.482963e+00 -1.949559e+01  7.100000e-01
   endloop
 endfacet
 facet normal -6.087614e-01 -7.933533e-01  0.000000e+00
   outer loop
     vertex  5.353553e+00 -1.927145e+01  0.000000e+00
     vertex  5.353553e+00 -1.927145e+01  7.100000e-01
     vertex  5.250000e+00 -1.919199e+01  7.100000e-01
   endloop
 endfacet
 facet normal -7.933533e-01 -6.087614e-01  0.000000e+00
   outer loop
     vertex  5.353553e+00 -1.927145e+01  0.000000e+00
     vertex  5.433013e+00 -1.937500e+01  0.000000e+00
     vertex  5.353553e+00 -1.927145e+01  7.100000e-01
   endloop
 endfacet
 facet normal -6.087614e-01 -7.933533e-01  0.000000e+00
   outer loop
     vertex  5.250000e+00 -1.919199e+01  0.000000e+00
     vertex  5.353553e+00 -1.927145e+01  0.000000e+00
     vertex  5.250000e+00 -1.919199e+01  7.100000e-01
   endloop
 endfacet
 facet normal -3.826834e-01 -9.238795e-01  0.000000e+00
   outer loop
     vertex  5.129410e+00 -1.914204e+01  0.000000e+00
     vertex  5.250000e+00 -1.919199e+01  0.000000e+00
     vertex  5.250000e+00 -1.919199e+01  7.100000e-01
   endloop
 endfacet
 facet normal -1.305262e-01 -9.914449e-01  0.000000e+00
   outer loop
     vertex  5.129410e+00 -1.914204e+01  0.000000e+00
     vertex  5.129410e+00 -1.914204e+01  7.100000e-01
     vertex  5.000000e+00 -1.912500e+01  7.100000e-01
   endloop
 endfacet
 facet normal -3.826834e-01 -9.238795e-01  0.000000e+00
   outer loop
     vertex  5.129410e+00 -1.914204e+01  0.000000e+00
     vertex  5.250000e+00 -1.919199e+01  7.100000e-01
     vertex  5.129410e+00 -1.914204e+01  7.100000e-01
   endloop
 endfacet
 facet normal -1.305262e-01 -9.914449e-01  0.000000e+00
   outer loop
     vertex  5.000000e+00 -1.912500e+01  0.000000e+00
     vertex  5.129410e+00 -1.914204e+01  0.000000e+00
     vertex  5.000000e+00 -1.912500e+01  7.100000e-01
   endloop
 endfacet
 facet normal  1.305262e-01 -9.914449e-01  0.000000e+00
   outer loop
     vertex  4.870590e+00 -1.914204e+01  0.000000e+00
     vertex  5.000000e+00 -1.912500e+01  0.000000e+00
     vertex  5.000000e+00 -1.912500e+01  7.100000e-01
   endloop
 endfacet
 facet normal  1.305262e-01 -9.914449e-01  0.000000e+00
   outer loop
     vertex  4.870590e+00 -1.914204e+01  0.000000e+00
     vertex  5.000000e+00 -1.912500e+01  7.100000e-01
     vertex  4.870590e+00 -1.914204e+01  7.100000e-01
   endloop
 endfacet
 facet normal  3.826834e-01 -9.238795e-01  0.000000e+00
   outer loop
     vertex  4.750000e+00 -1.919199e+01  0.000000e+00
     vertex  4.870590e+00 -1.914204e+01  0.000000e+00
     vertex  4.870590e+00 -1.914204e+01  7.100000e-01
   endloop
 endfacet
 facet normal  3.826834e-01 -9.238795e-01  0.000000e+00
   outer loop
     vertex  4.750000e+00 -1.919199e+01  0.000000e+00
     vertex  4.870590e+00 -1.914204e+01  7.100000e-01
     vertex  4.750000e+00 -1.919199e+01  7.100000e-01
   endloop
 endfacet
 facet normal  6.087614e-01 -7.933533e-01  0.000000e+00
   outer loop
     vertex  4.646447e+00 -1.927145e+01  0.000000e+00
     vertex  4.750000e+00 -1.919199e+01  0.000000e+00
     vertex  4.750000e+00 -1.919199e+01  7.100000e-01
   endloop
 endfacet
 facet normal  6.087614e-01 -7.933533e-01  0.000000e+00
   outer loop
     vertex  4.646447e+00 -1.927145e+01  0.000000e+00
     vertex  4.750000e+00 -1.919199e+01  7.100000e-01
     vertex  4.646447e+00 -1.927145e+01  7.100000e-01
   endloop
 endfacet
 facet normal  7.933533e-01 -6.087614e-01  0.000000e+00
   outer loop
     vertex  4.566987e+00 -1.937500e+01  0.000000e+00
     vertex  4.646447e+00 -1.927145e+01  0.000000e+00
     vertex  4.646447e+00 -1.927145e+01  7.100000e-01
   endloop
 endfacet
 facet normal  7.933533e-01 -6.087614e-01  0.000000e+00
   outer loop
     vertex  4.566987e+00 -1.937500e+01  0.000000e+00
     vertex  4.646447e+00 -1.927145e+01  7.100000e-01
     vertex  4.566987e+00 -1.937500e+01  7.100000e-01
   endloop
 endfacet
 facet normal  9.238795e-01 -3.826834e-01  0.000000e+00
   outer loop
     vertex  4.517037e+00 -1.949559e+01  0.000000e+00
     vertex  4.566987e+00 -1.937500e+01  0.000000e+00
     vertex  4.566987e+00 -1.937500e+01  7.100000e-01
   endloop
 endfacet
 facet normal  9.238795e-01 -3.826834e-01  0.000000e+00
   outer loop
     vertex  4.517037e+00 -1.949559e+01  0.000000e+00
     vertex  4.566987e+00 -1.937500e+01  7.100000e-01
     vertex  4.517037e+00 -1.949559e+01  7.100000e-01
   endloop
 endfacet
 facet normal  9.914449e-01 -1.305262e-01  0.000000e+00
   outer loop
     vertex  4.500000e+00 -1.962500e+01  0.000000e+00
     vertex  4.517037e+00 -1.949559e+01  0.000000e+00
     vertex  4.517037e+00 -1.949559e+01  7.100000e-01
   endloop
 endfacet
 facet normal  9.914449e-01 -1.305262e-01  0.000000e+00
   outer loop
     vertex  4.500000e+00 -1.962500e+01  0.000000e+00
     vertex  4.517037e+00 -1.949559e+01  7.100000e-01
     vertex  4.500000e+00 -1.962500e+01  7.100000e-01
   endloop
 endfacet
 facet normal  9.238795e-01  3.826834e-01 -0.000000e+00
   outer loop
     vertex  4.517037e+00 -1.975441e+01  0.000000e+00
     vertex  4.517037e+00 -1.975441e+01  7.100000e-01
     vertex  4.566987e+00 -1.987500e+01  7.100000e-01
   endloop
 endfacet
 facet normal  9.914449e-01  1.305262e-01 -0.000000e+00
   outer loop
     vertex  4.517037e+00 -1.975441e+01  0.000000e+00
     vertex  4.500000e+00 -1.962500e+01  7.100000e-01
     vertex  4.517037e+00 -1.975441e+01  7.100000e-01
   endloop
 endfacet
 facet normal  9.914449e-01  1.305262e-01  0.000000e+00
   outer loop
     vertex  4.517037e+00 -1.975441e+01  0.000000e+00
     vertex  4.500000e+00 -1.962500e+01  0.000000e+00
     vertex  4.500000e+00 -1.962500e+01  7.100000e-01
   endloop
 endfacet
 facet normal  9.238795e-01  3.826834e-01 -0.000000e+00
   outer loop
     vertex  4.566987e+00 -1.987500e+01  0.000000e+00
     vertex  4.517037e+00 -1.975441e+01  0.000000e+00
     vertex  4.566987e+00 -1.987500e+01  7.100000e-01
   endloop
 endfacet
 facet normal  7.933533e-01  6.087614e-01 -0.000000e+00
   outer loop
     vertex  4.566987e+00 -1.987500e+01  0.000000e+00
     vertex  4.566987e+00 -1.987500e+01  7.100000e-01
     vertex  4.646447e+00 -1.997855e+01  7.100000e-01
   endloop
 endfacet
 facet normal  6.087614e-01  7.933533e-01 -0.000000e+00
   outer loop
     vertex  4.646447e+00 -1.997855e+01  0.000000e+00
     vertex  4.646447e+00 -1.997855e+01  7.100000e-01
     vertex  4.750000e+00 -2.005801e+01  7.100000e-01
   endloop
 endfacet
 facet normal  7.933533e-01  6.087614e-01 -0.000000e+00
   outer loop
     vertex  4.646447e+00 -1.997855e+01  0.000000e+00
     vertex  4.566987e+00 -1.987500e+01  0.000000e+00
     vertex  4.646447e+00 -1.997855e+01  7.100000e-01
   endloop
 endfacet
 facet normal  6.087614e-01  7.933533e-01 -0.000000e+00
   outer loop
     vertex  4.750000e+00 -2.005801e+01  0.000000e+00
     vertex  4.646447e+00 -1.997855e+01  0.000000e+00
     vertex  4.750000e+00 -2.005801e+01  7.100000e-01
   endloop
 endfacet
 facet normal  3.826834e-01  9.238795e-01 -0.000000e+00
   outer loop
     vertex  4.870590e+00 -2.010796e+01  0.000000e+00
     vertex  4.750000e+00 -2.005801e+01  7.100000e-01
     vertex  4.870590e+00 -2.010796e+01  7.100000e-01
   endloop
 endfacet
 facet normal  3.826834e-01  9.238795e-01  0.000000e+00
   outer loop
     vertex  4.870590e+00 -2.010796e+01  0.000000e+00
     vertex  4.750000e+00 -2.005801e+01  0.000000e+00
     vertex  4.750000e+00 -2.005801e+01  7.100000e-01
   endloop
 endfacet
 facet normal  1.305262e-01  9.914449e-01 -0.000000e+00
   outer loop
     vertex  5.000000e+00 -2.012500e+01  0.000000e+00
     vertex  4.870590e+00 -2.010796e+01  7.100000e-01
     vertex  5.000000e+00 -2.012500e+01  7.100000e-01
   endloop
 endfacet
 facet normal  1.305262e-01  9.914449e-01  0.000000e+00
   outer loop
     vertex  5.000000e+00 -2.012500e+01  0.000000e+00
     vertex  4.870590e+00 -2.010796e+01  0.000000e+00
     vertex  4.870590e+00 -2.010796e+01  7.100000e-01
   endloop
 endfacet
 facet normal  9.999941e-01 -3.430509e-03  0.000000e+00
   outer loop
     vertex  1.134191e+01 -1.522399e+01  0.000000e+00
     vertex  1.134991e+01 -1.289082e+01  0.000000e+00
     vertex  1.134991e+01 -1.289082e+01  7.100000e-01
   endloop
 endfacet
 facet normal  9.999941e-01 -3.430509e-03  0.000000e+00
   outer loop
     vertex  1.134191e+01 -1.522399e+01  0.000000e+00
     vertex  1.134991e+01 -1.289082e+01  7.100000e-01
     vertex  1.134191e+01 -1.522399e+01  7.100000e-01
   endloop
 endfacet
 facet normal  4.231919e-01 -9.060401e-01  0.000000e+00
   outer loop
     vertex  1.134991e+01 -1.289082e+01  0.000000e+00
     vertex  1.137112e+01 -1.288092e+01  0.000000e+00
     vertex  1.137112e+01 -1.288092e+01  7.100000e-01
   endloop
 endfacet
 facet normal  4.231919e-01 -9.060401e-01  0.000000e+00
   outer loop
     vertex  1.134991e+01 -1.289082e+01  0.000000e+00
     vertex  1.137112e+01 -1.288092e+01  7.100000e-01
     vertex  1.134991e+01 -1.289082e+01  7.100000e-01
   endloop
 endfacet
 facet normal  9.999709e-01  7.633999e-03  0.000000e+00
   outer loop
     vertex  1.136361e+01 -1.806619e+01  0.000000e+00
     vertex  1.134191e+01 -1.522399e+01  0.000000e+00
     vertex  1.134191e+01 -1.522399e+01  7.100000e-01
   endloop
 endfacet
 facet normal  9.999709e-01  7.633999e-03 -0.000000e+00
   outer loop
     vertex  1.136361e+01 -1.806619e+01  0.000000e+00
     vertex  1.134191e+01 -1.522399e+01  7.100000e-01
     vertex  1.136361e+01 -1.806619e+01  7.100000e-01
   endloop
 endfacet
 facet normal -9.251686e-01  3.795564e-01  0.000000e+00
   outer loop
     vertex  1.137112e+01 -1.288092e+01  0.000000e+00
     vertex  1.137110e+01 -1.288096e+01  0.000000e+00
     vertex  1.137110e+01 -1.288096e+01  7.100000e-01
   endloop
 endfacet
 facet normal -9.251686e-01  3.795564e-01  0.000000e+00
   outer loop
     vertex  1.137112e+01 -1.288092e+01  0.000000e+00
     vertex  1.137110e+01 -1.288096e+01  7.100000e-01
     vertex  1.137112e+01 -1.288092e+01  7.100000e-01
   endloop
 endfacet
 facet normal -1.191476e-01  9.928765e-01  0.000000e+00
   outer loop
     vertex  1.149280e+01 -1.805069e+01  0.000000e+00
     vertex  1.136361e+01 -1.806619e+01  0.000000e+00
     vertex  1.136361e+01 -1.806619e+01  7.100000e-01
   endloop
 endfacet
 facet normal -1.191476e-01  9.928765e-01  0.000000e+00
   outer loop
     vertex  1.149280e+01 -1.805069e+01  0.000000e+00
     vertex  1.136361e+01 -1.806619e+01  7.100000e-01
     vertex  1.149280e+01 -1.805069e+01  7.100000e-01
   endloop
 endfacet
 facet normal -7.662147e-01 -6.425847e-01  0.000000e+00
   outer loop
     vertex  1.137110e+01 -1.288096e+01  0.000000e+00
     vertex  1.184652e+01 -1.344784e+01  0.000000e+00
     vertex  1.184652e+01 -1.344784e+01  7.100000e-01
   endloop
 endfacet
 facet normal -7.662147e-01 -6.425847e-01  0.000000e+00
   outer loop
     vertex  1.137110e+01 -1.288096e+01  0.000000e+00
     vertex  1.184652e+01 -1.344784e+01  7.100000e-01
     vertex  1.137110e+01 -1.288096e+01  7.100000e-01
   endloop
 endfacet
 facet normal -7.766666e-01  6.299119e-01  0.000000e+00
   outer loop
     vertex  1.201211e+01 -1.741039e+01  0.000000e+00
     vertex  1.149280e+01 -1.805069e+01  0.000000e+00
     vertex  1.149280e+01 -1.805069e+01  7.100000e-01
   endloop
 endfacet
 facet normal -7.766666e-01  6.299119e-01  0.000000e+00
   outer loop
     vertex  1.201211e+01 -1.741039e+01  0.000000e+00
     vertex  1.149280e+01 -1.805069e+01  7.100000e-01
     vertex  1.201211e+01 -1.741039e+01  7.100000e-01
   endloop
 endfacet
 facet normal -7.182275e-01 -6.958083e-01  0.000000e+00
   outer loop
     vertex  1.184652e+01 -1.344784e+01  0.000000e+00
     vertex  1.288884e+01 -1.452375e+01  0.000000e+00
     vertex  1.288884e+01 -1.452375e+01  7.100000e-01
   endloop
 endfacet
 facet normal -7.182275e-01 -6.958083e-01  0.000000e+00
   outer loop
     vertex  1.184652e+01 -1.344784e+01  0.000000e+00
     vertex  1.288884e+01 -1.452375e+01  7.100000e-01
     vertex  1.184652e+01 -1.344784e+01  7.100000e-01
   endloop
 endfacet
 facet normal -8.799486e-01  4.750690e-01  0.000000e+00
   outer loop
     vertex  1.293195e+01 -1.570662e+01  0.000000e+00
     vertex  1.201211e+01 -1.741039e+01  0.000000e+00
     vertex  1.201211e+01 -1.741039e+01  7.100000e-01
   endloop
 endfacet
 facet normal -8.799486e-01  4.750690e-01  0.000000e+00
   outer loop
     vertex  1.293195e+01 -1.570662e+01  0.000000e+00
     vertex  1.201211e+01 -1.741039e+01  7.100000e-01
     vertex  1.293195e+01 -1.570662e+01  7.100000e-01
   endloop
 endfacet
 facet normal -9.878225e-01 -1.555849e-01  0.000000e+00
   outer loop
     vertex  1.288884e+01 -1.452375e+01  0.000000e+00
     vertex  1.292294e+01 -1.474027e+01  0.000000e+00
     vertex  1.292294e+01 -1.474027e+01  7.100000e-01
   endloop
 endfacet
 facet normal -9.878225e-01 -1.555849e-01  0.000000e+00
   outer loop
     vertex  1.288884e+01 -1.452375e+01  0.000000e+00
     vertex  1.292294e+01 -1.474027e+01  7.100000e-01
     vertex  1.288884e+01 -1.452375e+01  7.100000e-01
   endloop
 endfacet
 facet normal -9.999566e-01 -9.316134e-03  0.000000e+00
   outer loop
     vertex  1.292294e+01 -1.474027e+01  0.000000e+00
     vertex  1.293195e+01 -1.570662e+01  0.000000e+00
     vertex  1.293195e+01 -1.570662e+01  7.100000e-01
   endloop
 endfacet
 facet normal -9.999566e-01 -9.316134e-03  0.000000e+00
   outer loop
     vertex  1.292294e+01 -1.474027e+01  0.000000e+00
     vertex  1.293195e+01 -1.570662e+01  7.100000e-01
     vertex  1.292294e+01 -1.474027e+01  7.100000e-01
   endloop
 endfacet
 facet normal  6.389934e-01 -7.692122e-01  0.000000e+00
   outer loop
     vertex  1.045006e+00 -8.252258e+00  0.000000e+00
     vertex  1.405190e+00 -7.953049e+00  0.000000e+00
     vertex  1.405190e+00 -7.953049e+00  7.100000e-01
   endloop
 endfacet
 facet normal  6.389934e-01 -7.692122e-01  0.000000e+00
   outer loop
     vertex  1.045006e+00 -8.252258e+00  0.000000e+00
     vertex  1.405190e+00 -7.953049e+00  7.100000e-01
     vertex  1.045006e+00 -8.252258e+00  7.100000e-01
   endloop
 endfacet
 facet normal  1.950969e-02 -9.998097e-01  0.000000e+00
   outer loop
     vertex  1.405190e+00 -7.953049e+00  0.000000e+00
     vertex  2.650078e+00 -7.928757e+00  0.000000e+00
     vertex  2.650078e+00 -7.928757e+00  7.100000e-01
   endloop
 endfacet
 facet normal  1.950969e-02 -9.998097e-01  0.000000e+00
   outer loop
     vertex  1.405190e+00 -7.953049e+00  0.000000e+00
     vertex  2.650078e+00 -7.928757e+00  7.100000e-01
     vertex  1.405190e+00 -7.953049e+00  7.100000e-01
   endloop
 endfacet
 facet normal  7.094502e-01 -7.047555e-01  0.000000e+00
   outer loop
     vertex -8.928680e-01 -1.020304e+01  0.000000e+00
     vertex  1.045006e+00 -8.252258e+00  0.000000e+00
     vertex  1.045006e+00 -8.252258e+00  7.100000e-01
   endloop
 endfacet
 facet normal  7.094502e-01 -7.047555e-01  0.000000e+00
   outer loop
     vertex -8.928680e-01 -1.020304e+01  0.000000e+00
     vertex  1.045006e+00 -8.252258e+00  7.100000e-01
     vertex -8.928680e-01 -1.020304e+01  7.100000e-01
   endloop
 endfacet
 facet normal -9.765238e-01  2.154097e-01  0.000000e+00
   outer loop
     vertex  2.650078e+00 -7.928757e+00  0.000000e+00
     vertex  2.650063e+00 -7.928825e+00  0.000000e+00
     vertex  2.650063e+00 -7.928825e+00  7.100000e-01
   endloop
 endfacet
 facet normal -9.765238e-01  2.154097e-01  0.000000e+00
   outer loop
     vertex  2.650078e+00 -7.928757e+00  0.000000e+00
     vertex  2.650063e+00 -7.928825e+00  7.100000e-01
     vertex  2.650078e+00 -7.928757e+00  7.100000e-01
   endloop
 endfacet
 facet normal  9.999790e-01  6.477124e-03  0.000000e+00
   outer loop
     vertex -8.830640e-01 -1.171664e+01  0.000000e+00
     vertex -8.928680e-01 -1.020304e+01  0.000000e+00
     vertex -8.928680e-01 -1.020304e+01  7.100000e-01
   endloop
 endfacet
 facet normal  9.999790e-01  6.477124e-03 -0.000000e+00
   outer loop
     vertex -8.830640e-01 -1.171664e+01  0.000000e+00
     vertex -8.928680e-01 -1.020304e+01  7.100000e-01
     vertex -8.830640e-01 -1.171664e+01  7.100000e-01
   endloop
 endfacet
 facet normal -2.913185e-03 -9.999958e-01  0.000000e+00
   outer loop
     vertex  2.650063e+00 -7.928825e+00  0.000000e+00
     vertex  3.886162e+00 -7.932426e+00  0.000000e+00
     vertex  3.886162e+00 -7.932426e+00  7.100000e-01
   endloop
 endfacet
 facet normal -2.913185e-03 -9.999958e-01  0.000000e+00
   outer loop
     vertex  2.650063e+00 -7.928825e+00  0.000000e+00
     vertex  3.886162e+00 -7.932426e+00  7.100000e-01
     vertex  2.650063e+00 -7.928825e+00  7.100000e-01
   endloop
 endfacet
 facet normal  0.000000e+00  1.000000e+00  0.000000e+00
   outer loop
     vertex -6.407010e-01 -1.171664e+01  0.000000e+00
     vertex -8.830640e-01 -1.171664e+01  0.000000e+00
     vertex -8.830640e-01 -1.171664e+01  7.100000e-01
   endloop
 endfacet
 facet normal  0.000000e+00  1.000000e+00 -0.000000e+00
   outer loop
     vertex -6.407010e-01 -1.171664e+01  0.000000e+00
     vertex -8.830640e-01 -1.171664e+01  7.100000e-01
     vertex -6.407010e-01 -1.171664e+01  7.100000e-01
   endloop
 endfacet
 facet normal -9.436714e-03 -9.999555e-01  0.000000e+00
   outer loop
     vertex  3.886162e+00 -7.932426e+00  0.000000e+00
     vertex  5.748062e+00 -7.949997e+00  0.000000e+00
     vertex  5.748062e+00 -7.949997e+00  7.100000e-01
   endloop
 endfacet
 facet normal -9.436714e-03 -9.999555e-01  0.000000e+00
   outer loop
     vertex  3.886162e+00 -7.932426e+00  0.000000e+00
     vertex  5.748062e+00 -7.949997e+00  7.100000e-01
     vertex  3.886162e+00 -7.932426e+00  7.100000e-01
   endloop
 endfacet
 facet normal  1.000000e+00  0.000000e+00  0.000000e+00
   outer loop
     vertex -6.407010e-01 -1.287575e+01  0.000000e+00
     vertex -6.407010e-01 -1.171664e+01  0.000000e+00
     vertex -6.407010e-01 -1.171664e+01  7.100000e-01
   endloop
 endfacet
 facet normal  1.000000e+00  0.000000e+00  0.000000e+00
   outer loop
     vertex -6.407010e-01 -1.287575e+01  0.000000e+00
     vertex -6.407010e-01 -1.171664e+01  7.100000e-01
     vertex -6.407010e-01 -1.287575e+01  7.100000e-01
   endloop
 endfacet
 facet normal -5.249662e-01 -8.511231e-01  0.000000e+00
   outer loop
     vertex  5.748062e+00 -7.949997e+00  0.000000e+00
     vertex  6.535614e+00 -8.435753e+00  0.000000e+00
     vertex  6.535614e+00 -8.435753e+00  7.100000e-01
   endloop
 endfacet
 facet normal -5.249662e-01 -8.511231e-01  0.000000e+00
   outer loop
     vertex  5.748062e+00 -7.949997e+00  0.000000e+00
     vertex  6.535614e+00 -8.435753e+00  7.100000e-01
     vertex  5.748062e+00 -7.949997e+00  7.100000e-01
   endloop
 endfacet
 facet normal  7.164137e-01  6.976757e-01  0.000000e+00
   outer loop
     vertex -6.347700e-02 -1.346847e+01  0.000000e+00
     vertex -6.407010e-01 -1.287575e+01  0.000000e+00
     vertex -6.407010e-01 -1.287575e+01  7.100000e-01
   endloop
 endfacet
 facet normal  7.164137e-01  6.976757e-01 -0.000000e+00
   outer loop
     vertex -6.347700e-02 -1.346847e+01  0.000000e+00
     vertex -6.407010e-01 -1.287575e+01  7.100000e-01
     vertex -6.347700e-02 -1.346847e+01  7.100000e-01
   endloop
 endfacet
 facet normal -7.098193e-01 -7.043838e-01  0.000000e+00
   outer loop
     vertex  6.535614e+00 -8.435753e+00  0.000000e+00
     vertex  8.210442e+00 -1.012350e+01  0.000000e+00
     vertex  8.210442e+00 -1.012350e+01  7.100000e-01
   endloop
 endfacet
 facet normal -7.098193e-01 -7.043838e-01  0.000000e+00
   outer loop
     vertex  6.535614e+00 -8.435753e+00  0.000000e+00
     vertex  8.210442e+00 -1.012350e+01  7.100000e-01
     vertex  6.535614e+00 -8.435753e+00  7.100000e-01
   endloop
 endfacet
 facet normal  7.035122e-01  7.106832e-01  0.000000e+00
   outer loop
     vertex  2.956770e-01 -1.382400e+01  0.000000e+00
     vertex -6.347700e-02 -1.346847e+01  0.000000e+00
     vertex -6.347700e-02 -1.346847e+01  7.100000e-01
   endloop
 endfacet
 facet normal  7.035122e-01  7.106832e-01 -0.000000e+00
   outer loop
     vertex  2.956770e-01 -1.382400e+01  0.000000e+00
     vertex -6.347700e-02 -1.346847e+01  7.100000e-01
     vertex  2.956770e-01 -1.382400e+01  7.100000e-01
   endloop
 endfacet
 facet normal -9.999966e-01 -2.610733e-03  0.000000e+00
   outer loop
     vertex  8.210442e+00 -1.012350e+01  0.000000e+00
     vertex  8.230644e+00 -1.786153e+01  0.000000e+00
     vertex  8.230644e+00 -1.786153e+01  7.100000e-01
   endloop
 endfacet
 facet normal -9.999966e-01 -2.610733e-03  0.000000e+00
   outer loop
     vertex  8.210442e+00 -1.012350e+01  0.000000e+00
     vertex  8.230644e+00 -1.786153e+01  7.100000e-01
     vertex  8.210442e+00 -1.012350e+01  7.100000e-01
   endloop
 endfacet
 facet normal -7.736370e-01  6.336291e-01  0.000000e+00
   outer loop
     vertex  4.827500e-01 -1.359560e+01  0.000000e+00
     vertex  2.956770e-01 -1.382400e+01  0.000000e+00
     vertex  2.956770e-01 -1.382400e+01  7.100000e-01
   endloop
 endfacet
 facet normal -7.736370e-01  6.336291e-01  0.000000e+00
   outer loop
     vertex  4.827500e-01 -1.359560e+01  0.000000e+00
     vertex  2.956770e-01 -1.382400e+01  7.100000e-01
     vertex  4.827500e-01 -1.359560e+01  7.100000e-01
   endloop
 endfacet
 facet normal  4.706462e-02  9.988918e-01  0.000000e+00
   outer loop
     vertex  8.230644e+00 -1.786153e+01  0.000000e+00
     vertex  7.693214e+00 -1.783621e+01  0.000000e+00
     vertex  7.693214e+00 -1.783621e+01  7.100000e-01
   endloop
 endfacet
 facet normal  4.706462e-02  9.988918e-01 -0.000000e+00
   outer loop
     vertex  8.230644e+00 -1.786153e+01  0.000000e+00
     vertex  7.693214e+00 -1.783621e+01  7.100000e-01
     vertex  8.230644e+00 -1.786153e+01  7.100000e-01
   endloop
 endfacet
 facet normal -6.711388e-01  7.413317e-01  0.000000e+00
   outer loop
     vertex  6.191710e-01 -1.347209e+01  0.000000e+00
     vertex  4.827500e-01 -1.359560e+01  0.000000e+00
     vertex  4.827500e-01 -1.359560e+01  7.100000e-01
   endloop
 endfacet
 facet normal -6.711388e-01  7.413317e-01  0.000000e+00
   outer loop
     vertex  6.191710e-01 -1.347209e+01  0.000000e+00
     vertex  4.827500e-01 -1.359560e+01  7.100000e-01
     vertex  6.191710e-01 -1.347209e+01  7.100000e-01
   endloop
 endfacet
 facet normal -1.234751e-01  9.923477e-01  0.000000e+00
   outer loop
     vertex  7.693214e+00 -1.783621e+01  0.000000e+00
     vertex  6.908241e+00 -1.793388e+01  0.000000e+00
     vertex  6.908241e+00 -1.793388e+01  7.100000e-01
   endloop
 endfacet
 facet normal -1.234751e-01  9.923477e-01  0.000000e+00
   outer loop
     vertex  7.693214e+00 -1.783621e+01  0.000000e+00
     vertex  6.908241e+00 -1.793388e+01  7.100000e-01
     vertex  7.693214e+00 -1.783621e+01  7.100000e-01
   endloop
 endfacet
 facet normal -9.998504e-01  1.729441e-02  0.000000e+00
   outer loop
     vertex  6.403730e-01 -1.224633e+01  0.000000e+00
     vertex  6.191710e-01 -1.347209e+01  0.000000e+00
     vertex  6.191710e-01 -1.347209e+01  7.100000e-01
   endloop
 endfacet
 facet normal -9.998504e-01  1.729441e-02  0.000000e+00
   outer loop
     vertex  6.403730e-01 -1.224633e+01  0.000000e+00
     vertex  6.191710e-01 -1.347209e+01  7.100000e-01
     vertex  6.403730e-01 -1.224633e+01  7.100000e-01
   endloop
 endfacet
 facet normal  1.000000e+00  0.000000e+00  0.000000e+00
   outer loop
     vertex  6.908241e+00 -1.793388e+01  0.000000e+00
     vertex  6.908241e+00 -1.771684e+01  0.000000e+00
     vertex  6.908241e+00 -1.771684e+01  7.100000e-01
   endloop
 endfacet
 facet normal  1.000000e+00  0.000000e+00  0.000000e+00
   outer loop
     vertex  6.908241e+00 -1.793388e+01  0.000000e+00
     vertex  6.908241e+00 -1.771684e+01  7.100000e-01
     vertex  6.908241e+00 -1.793388e+01  7.100000e-01
   endloop
 endfacet
 facet normal -1.000000e+00  0.000000e+00  0.000000e+00
   outer loop
     vertex  6.403730e-01 -1.171664e+01  0.000000e+00
     vertex  6.403730e-01 -1.224633e+01  0.000000e+00
     vertex  6.403730e-01 -1.224633e+01  7.100000e-01
   endloop
 endfacet
 facet normal -1.000000e+00  0.000000e+00  0.000000e+00
   outer loop
     vertex  6.403730e-01 -1.171664e+01  0.000000e+00
     vertex  6.403730e-01 -1.224633e+01  7.100000e-01
     vertex  6.403730e-01 -1.171664e+01  7.100000e-01
   endloop
 endfacet
 facet normal  0.000000e+00  1.000000e+00  0.000000e+00
   outer loop
     vertex  6.908241e+00 -1.771684e+01  0.000000e+00
     vertex  5.294899e+00 -1.771684e+01  0.000000e+00
     vertex  5.294899e+00 -1.771684e+01  7.100000e-01
   endloop
 endfacet
 facet normal  0.000000e+00  1.000000e+00 -0.000000e+00
   outer loop
     vertex  6.908241e+00 -1.771684e+01  0.000000e+00
     vertex  5.294899e+00 -1.771684e+01  7.100000e-01
     vertex  6.908241e+00 -1.771684e+01  7.100000e-01
   endloop
 endfacet
 facet normal  0.000000e+00  1.000000e+00  0.000000e+00
   outer loop
     vertex  4.257721e+00 -1.171664e+01  0.000000e+00
     vertex  6.403730e-01 -1.171664e+01  0.000000e+00
     vertex  6.403730e-01 -1.171664e+01  7.100000e-01
   endloop
 endfacet
 facet normal  0.000000e+00  1.000000e+00 -0.000000e+00
   outer loop
     vertex  4.257721e+00 -1.171664e+01  0.000000e+00
     vertex  6.403730e-01 -1.171664e+01  7.100000e-01
     vertex  4.257721e+00 -1.171664e+01  7.100000e-01
   endloop
 endfacet
 facet normal  7.200810e-01  6.938900e-01  0.000000e+00
   outer loop
     vertex  5.294899e+00 -1.771684e+01  0.000000e+00
     vertex  4.801910e+00 -1.720525e+01  0.000000e+00
     vertex  4.801910e+00 -1.720525e+01  7.100000e-01
   endloop
 endfacet
 facet normal  7.200810e-01  6.938900e-01 -0.000000e+00
   outer loop
     vertex  5.294899e+00 -1.771684e+01  0.000000e+00
     vertex  4.801910e+00 -1.720525e+01  7.100000e-01
     vertex  5.294899e+00 -1.771684e+01  7.100000e-01
   endloop
 endfacet
 facet normal  1.000000e+00  0.000000e+00  0.000000e+00
   outer loop
     vertex  4.257721e+00 -1.433405e+01  0.000000e+00
     vertex  4.257721e+00 -1.171664e+01  0.000000e+00
     vertex  4.257721e+00 -1.171664e+01  7.100000e-01
   endloop
 endfacet
 facet normal  1.000000e+00  0.000000e+00  0.000000e+00
   outer loop
     vertex  4.257721e+00 -1.433405e+01  0.000000e+00
     vertex  4.257721e+00 -1.171664e+01  7.100000e-01
     vertex  4.257721e+00 -1.433405e+01  7.100000e-01
   endloop
 endfacet
 facet normal  7.097782e-01  7.044253e-01  0.000000e+00
   outer loop
     vertex  4.801910e+00 -1.720525e+01  0.000000e+00
     vertex  4.257759e+00 -1.665696e+01  0.000000e+00
     vertex  4.257759e+00 -1.665696e+01  7.100000e-01
   endloop
 endfacet
 facet normal  7.097782e-01  7.044253e-01 -0.000000e+00
   outer loop
     vertex  4.801910e+00 -1.720525e+01  0.000000e+00
     vertex  4.257759e+00 -1.665696e+01  7.100000e-01
     vertex  4.801910e+00 -1.720525e+01  7.100000e-01
   endloop
 endfacet
 facet normal  1.000000e+00  6.530062e-05  0.000000e+00
   outer loop
     vertex  4.257759e+00 -1.491598e+01  0.000000e+00
     vertex  4.257721e+00 -1.433405e+01  0.000000e+00
     vertex  4.257721e+00 -1.433405e+01  7.100000e-01
   endloop
 endfacet
 facet normal  1.000000e+00  6.530062e-05 -0.000000e+00
   outer loop
     vertex  4.257759e+00 -1.491598e+01  0.000000e+00
     vertex  4.257721e+00 -1.433405e+01  7.100000e-01
     vertex  4.257759e+00 -1.491598e+01  7.100000e-01
   endloop
 endfacet
 facet normal  1.000000e+00  0.000000e+00  0.000000e+00
   outer loop
     vertex  4.257759e+00 -1.665696e+01  0.000000e+00
     vertex  4.257759e+00 -1.491598e+01  0.000000e+00
     vertex  4.257759e+00 -1.491598e+01  7.100000e-01
   endloop
 endfacet
 facet normal  1.000000e+00  0.000000e+00  0.000000e+00
   outer loop
     vertex  4.257759e+00 -1.665696e+01  0.000000e+00
     vertex  4.257759e+00 -1.491598e+01  7.100000e-01
     vertex  4.257759e+00 -1.665696e+01  7.100000e-01
   endloop
 endfacet
 facet normal  7.151091e-01  6.990128e-01  0.000000e+00
   outer loop
     vertex  1.655308e+01 -1.321889e+01  0.000000e+00
     vertex  1.486998e+01 -1.149703e+01  0.000000e+00
     vertex  1.486998e+01 -1.149703e+01  7.100000e-01
   endloop
 endfacet
 facet normal  7.151091e-01  6.990128e-01 -0.000000e+00
   outer loop
     vertex  1.655308e+01 -1.321889e+01  0.000000e+00
     vertex  1.486998e+01 -1.149703e+01  7.100000e-01
     vertex  1.655308e+01 -1.321889e+01  7.100000e-01
   endloop
 endfacet
 facet normal  9.999883e-01 -4.828656e-03  0.000000e+00
   outer loop
     vertex  1.486998e+01 -1.149703e+01  0.000000e+00
     vertex  1.488858e+01 -7.645073e+00  0.000000e+00
     vertex  1.488858e+01 -7.645073e+00  7.100000e-01
   endloop
 endfacet
 facet normal  9.999883e-01 -4.828656e-03  0.000000e+00
   outer loop
     vertex  1.486998e+01 -1.149703e+01  0.000000e+00
     vertex  1.488858e+01 -7.645073e+00  7.100000e-01
     vertex  1.486998e+01 -1.149703e+01  7.100000e-01
   endloop
 endfacet
 facet normal  5.012404e-01  8.653081e-01  0.000000e+00
   outer loop
     vertex  1.802328e+01 -1.407052e+01  0.000000e+00
     vertex  1.655308e+01 -1.321889e+01  0.000000e+00
     vertex  1.655308e+01 -1.321889e+01  7.100000e-01
   endloop
 endfacet
 facet normal  5.012404e-01  8.653081e-01 -0.000000e+00
   outer loop
     vertex  1.802328e+01 -1.407052e+01  0.000000e+00
     vertex  1.655308e+01 -1.321889e+01  7.100000e-01
     vertex  1.802328e+01 -1.407052e+01  7.100000e-01
   endloop
 endfacet
 facet normal -8.653260e-01 -5.012094e-01  0.000000e+00
   outer loop
     vertex  1.488858e+01 -7.645073e+00  0.000000e+00
     vertex  1.872194e+01 -1.426328e+01  0.000000e+00
     vertex  1.872194e+01 -1.426328e+01  7.100000e-01
   endloop
 endfacet
 facet normal -8.653260e-01 -5.012094e-01  0.000000e+00
   outer loop
     vertex  1.488858e+01 -7.645073e+00  0.000000e+00
     vertex  1.872194e+01 -1.426328e+01  7.100000e-01
     vertex  1.488858e+01 -7.645073e+00  7.100000e-01
   endloop
 endfacet
 facet normal  2.659580e-01  9.639846e-01  0.000000e+00
   outer loop
     vertex  1.872194e+01 -1.426328e+01  0.000000e+00
     vertex  1.802328e+01 -1.407052e+01  0.000000e+00
     vertex  1.802328e+01 -1.407052e+01  7.100000e-01
   endloop
 endfacet
 facet normal  2.659580e-01  9.639846e-01 -0.000000e+00
   outer loop
     vertex  1.872194e+01 -1.426328e+01  0.000000e+00
     vertex  1.802328e+01 -1.407052e+01  7.100000e-01
     vertex  1.872194e+01 -1.426328e+01  7.100000e-01
   endloop
 endfacet
 facet normal -1.305262e-01  9.914449e-01  0.000000e+00
   outer loop
     vertex -1.320059e+01 -5.656781e+00  0.000000e+00
     vertex -1.333000e+01 -5.673818e+00  0.000000e+00
     vertex -1.333000e+01 -5.673818e+00  7.100000e-01
   endloop
 endfacet
 facet normal -1.305262e-01  9.914449e-01  0.000000e+00
   outer loop
     vertex -1.320059e+01 -5.656781e+00  0.000000e+00
     vertex -1.333000e+01 -5.673818e+00  7.100000e-01
     vertex -1.320059e+01 -5.656781e+00  7.100000e-01
   endloop
 endfacet
 facet normal -3.826834e-01  9.238795e-01  0.000000e+00
   outer loop
     vertex -1.308000e+01 -5.606831e+00  0.000000e+00
     vertex -1.320059e+01 -5.656781e+00  7.100000e-01
     vertex -1.308000e+01 -5.606831e+00  7.100000e-01
   endloop
 endfacet
 facet normal -3.826834e-01  9.238795e-01  0.000000e+00
   outer loop
     vertex -1.308000e+01 -5.606831e+00  0.000000e+00
     vertex -1.320059e+01 -5.656781e+00  0.000000e+00
     vertex -1.320059e+01 -5.656781e+00  7.100000e-01
   endloop
 endfacet
 facet normal -6.087614e-01  7.933533e-01  0.000000e+00
   outer loop
     vertex -1.297645e+01 -5.527371e+00  0.000000e+00
     vertex -1.308000e+01 -5.606831e+00  7.100000e-01
     vertex -1.297645e+01 -5.527371e+00  7.100000e-01
   endloop
 endfacet
 facet normal -6.087614e-01  7.933533e-01  0.000000e+00
   outer loop
     vertex -1.297645e+01 -5.527371e+00  0.000000e+00
     vertex -1.308000e+01 -5.606831e+00  0.000000e+00
     vertex -1.308000e+01 -5.606831e+00  7.100000e-01
   endloop
 endfacet
 facet normal -7.933533e-01  6.087614e-01  0.000000e+00
   outer loop
     vertex -1.289699e+01 -5.423818e+00  0.000000e+00
     vertex -1.297645e+01 -5.527371e+00  7.100000e-01
     vertex -1.289699e+01 -5.423818e+00  7.100000e-01
   endloop
 endfacet
 facet normal -7.933533e-01  6.087614e-01  0.000000e+00
   outer loop
     vertex -1.289699e+01 -5.423818e+00  0.000000e+00
     vertex -1.297645e+01 -5.527371e+00  0.000000e+00
     vertex -1.297645e+01 -5.527371e+00  7.100000e-01
   endloop
 endfacet
 facet normal -9.238795e-01  3.826834e-01  0.000000e+00
   outer loop
     vertex -1.284704e+01 -5.303228e+00  0.000000e+00
     vertex -1.289699e+01 -5.423818e+00  7.100000e-01
     vertex -1.284704e+01 -5.303228e+00  7.100000e-01
   endloop
 endfacet
 facet normal -9.238795e-01  3.826834e-01  0.000000e+00
   outer loop
     vertex -1.284704e+01 -5.303228e+00  0.000000e+00
     vertex -1.289699e+01 -5.423818e+00  0.000000e+00
     vertex -1.289699e+01 -5.423818e+00  7.100000e-01
   endloop
 endfacet
 facet normal -9.914449e-01  1.305262e-01  0.000000e+00
   outer loop
     vertex -1.283000e+01 -5.173818e+00  0.000000e+00
     vertex -1.284704e+01 -5.303228e+00  7.100000e-01
     vertex -1.283000e+01 -5.173818e+00  7.100000e-01
   endloop
 endfacet
 facet normal -9.914449e-01  1.305262e-01  0.000000e+00
   outer loop
     vertex -1.283000e+01 -5.173818e+00  0.000000e+00
     vertex -1.284704e+01 -5.303228e+00  0.000000e+00
     vertex -1.284704e+01 -5.303228e+00  7.100000e-01
   endloop
 endfacet
 facet normal -9.914449e-01 -1.305262e-01  0.000000e+00
   outer loop
     vertex -1.284704e+01 -5.044408e+00  0.000000e+00
     vertex -1.283000e+01 -5.173818e+00  7.100000e-01
     vertex -1.284704e+01 -5.044408e+00  7.100000e-01
   endloop
 endfacet
 facet normal -9.914449e-01 -1.305262e-01  0.000000e+00
   outer loop
     vertex -1.284704e+01 -5.044408e+00  0.000000e+00
     vertex -1.283000e+01 -5.173818e+00  0.000000e+00
     vertex -1.283000e+01 -5.173818e+00  7.100000e-01
   endloop
 endfacet
 facet normal -7.933533e-01 -6.087614e-01  0.000000e+00
   outer loop
     vertex -1.289699e+01 -4.923818e+00  0.000000e+00
     vertex -1.289699e+01 -4.923818e+00  7.100000e-01
     vertex -1.297645e+01 -4.820265e+00  7.100000e-01
   endloop
 endfacet
 facet normal -9.238795e-01 -3.826834e-01  0.000000e+00
   outer loop
     vertex -1.289699e+01 -4.923818e+00  0.000000e+00
     vertex -1.284704e+01 -5.044408e+00  7.100000e-01
     vertex -1.289699e+01 -4.923818e+00  7.100000e-01
   endloop
 endfacet
 facet normal -9.238795e-01 -3.826834e-01  0.000000e+00
   outer loop
     vertex -1.289699e+01 -4.923818e+00  0.000000e+00
     vertex -1.284704e+01 -5.044408e+00  0.000000e+00
     vertex -1.284704e+01 -5.044408e+00  7.100000e-01
   endloop
 endfacet
 facet normal -6.087614e-01 -7.933533e-01  0.000000e+00
   outer loop
     vertex -1.297645e+01 -4.820265e+00  0.000000e+00
     vertex -1.297645e+01 -4.820265e+00  7.100000e-01
     vertex -1.308000e+01 -4.740805e+00  7.100000e-01
   endloop
 endfacet
 facet normal -7.933533e-01 -6.087614e-01  0.000000e+00
   outer loop
     vertex -1.297645e+01 -4.820265e+00  0.000000e+00
     vertex -1.289699e+01 -4.923818e+00  0.000000e+00
     vertex -1.297645e+01 -4.820265e+00  7.100000e-01
   endloop
 endfacet
 facet normal -6.087614e-01 -7.933533e-01  0.000000e+00
   outer loop
     vertex -1.308000e+01 -4.740805e+00  0.000000e+00
     vertex -1.297645e+01 -4.820265e+00  0.000000e+00
     vertex -1.308000e+01 -4.740805e+00  7.100000e-01
   endloop
 endfacet
 facet normal -3.826834e-01 -9.238795e-01  0.000000e+00
   outer loop
     vertex -1.320059e+01 -4.690855e+00  0.000000e+00
     vertex -1.308000e+01 -4.740805e+00  0.000000e+00
     vertex -1.308000e+01 -4.740805e+00  7.100000e-01
   endloop
 endfacet
 facet normal -1.305262e-01 -9.914449e-01  0.000000e+00
   outer loop
     vertex -1.320059e+01 -4.690855e+00  0.000000e+00
     vertex -1.320059e+01 -4.690855e+00  7.100000e-01
     vertex -1.333000e+01 -4.673818e+00  7.100000e-01
   endloop
 endfacet
 facet normal -3.826834e-01 -9.238795e-01  0.000000e+00
   outer loop
     vertex -1.320059e+01 -4.690855e+00  0.000000e+00
     vertex -1.308000e+01 -4.740805e+00  7.100000e-01
     vertex -1.320059e+01 -4.690855e+00  7.100000e-01
   endloop
 endfacet
 facet normal -1.305262e-01 -9.914449e-01  0.000000e+00
   outer loop
     vertex -1.333000e+01 -4.673818e+00  0.000000e+00
     vertex -1.320059e+01 -4.690855e+00  0.000000e+00
     vertex -1.333000e+01 -4.673818e+00  7.100000e-01
   endloop
 endfacet
 facet normal  1.305262e-01 -9.914449e-01  0.000000e+00
   outer loop
     vertex -1.345941e+01 -4.690855e+00  0.000000e+00
     vertex -1.333000e+01 -4.673818e+00  0.000000e+00
     vertex -1.333000e+01 -4.673818e+00  7.100000e-01
   endloop
 endfacet
 facet normal  1.305262e-01 -9.914449e-01  0.000000e+00
   outer loop
     vertex -1.345941e+01 -4.690855e+00  0.000000e+00
     vertex -1.333000e+01 -4.673818e+00  7.100000e-01
     vertex -1.345941e+01 -4.690855e+00  7.100000e-01
   endloop
 endfacet
 facet normal  3.826834e-01 -9.238795e-01  0.000000e+00
   outer loop
     vertex -1.358000e+01 -4.740805e+00  0.000000e+00
     vertex -1.345941e+01 -4.690855e+00  0.000000e+00
     vertex -1.345941e+01 -4.690855e+00  7.100000e-01
   endloop
 endfacet
 facet normal  3.826834e-01 -9.238795e-01  0.000000e+00
   outer loop
     vertex -1.358000e+01 -4.740805e+00  0.000000e+00
     vertex -1.345941e+01 -4.690855e+00  7.100000e-01
     vertex -1.358000e+01 -4.740805e+00  7.100000e-01
   endloop
 endfacet
 facet normal  6.087614e-01 -7.933533e-01  0.000000e+00
   outer loop
     vertex -1.368355e+01 -4.820265e+00  0.000000e+00
     vertex -1.358000e+01 -4.740805e+00  0.000000e+00
     vertex -1.358000e+01 -4.740805e+00  7.100000e-01
   endloop
 endfacet
 facet normal  6.087614e-01 -7.933533e-01  0.000000e+00
   outer loop
     vertex -1.368355e+01 -4.820265e+00  0.000000e+00
     vertex -1.358000e+01 -4.740805e+00  7.100000e-01
     vertex -1.368355e+01 -4.820265e+00  7.100000e-01
   endloop
 endfacet
 facet normal  7.933533e-01 -6.087614e-01  0.000000e+00
   outer loop
     vertex -1.376301e+01 -4.923818e+00  0.000000e+00
     vertex -1.368355e+01 -4.820265e+00  0.000000e+00
     vertex -1.368355e+01 -4.820265e+00  7.100000e-01
   endloop
 endfacet
 facet normal  7.933533e-01 -6.087614e-01  0.000000e+00
   outer loop
     vertex -1.376301e+01 -4.923818e+00  0.000000e+00
     vertex -1.368355e+01 -4.820265e+00  7.100000e-01
     vertex -1.376301e+01 -4.923818e+00  7.100000e-01
   endloop
 endfacet
 facet normal  9.238795e-01 -3.826834e-01  0.000000e+00
   outer loop
     vertex -1.381296e+01 -5.044408e+00  0.000000e+00
     vertex -1.376301e+01 -4.923818e+00  0.000000e+00
     vertex -1.376301e+01 -4.923818e+00  7.100000e-01
   endloop
 endfacet
 facet normal  9.238795e-01 -3.826834e-01  0.000000e+00
   outer loop
     vertex -1.381296e+01 -5.044408e+00  0.000000e+00
     vertex -1.376301e+01 -4.923818e+00  7.100000e-01
     vertex -1.381296e+01 -5.044408e+00  7.100000e-01
   endloop
 endfacet
 facet normal  9.914449e-01 -1.305262e-01  0.000000e+00
   outer loop
     vertex -1.383000e+01 -5.173818e+00  0.000000e+00
     vertex -1.381296e+01 -5.044408e+00  0.000000e+00
     vertex -1.381296e+01 -5.044408e+00  7.100000e-01
   endloop
 endfacet
 facet normal  9.914449e-01 -1.305262e-01  0.000000e+00
   outer loop
     vertex -1.383000e+01 -5.173818e+00  0.000000e+00
     vertex -1.381296e+01 -5.044408e+00  7.100000e-01
     vertex -1.383000e+01 -5.173818e+00  7.100000e-01
   endloop
 endfacet
 facet normal  9.238795e-01  3.826834e-01 -0.000000e+00
   outer loop
     vertex -1.381296e+01 -5.303228e+00  0.000000e+00
     vertex -1.381296e+01 -5.303228e+00  7.100000e-01
     vertex -1.376301e+01 -5.423818e+00  7.100000e-01
   endloop
 endfacet
 facet normal  9.914449e-01  1.305262e-01 -0.000000e+00
   outer loop
     vertex -1.381296e+01 -5.303228e+00  0.000000e+00
     vertex -1.383000e+01 -5.173818e+00  7.100000e-01
     vertex -1.381296e+01 -5.303228e+00  7.100000e-01
   endloop
 endfacet
 facet normal  9.914449e-01  1.305262e-01  0.000000e+00
   outer loop
     vertex -1.381296e+01 -5.303228e+00  0.000000e+00
     vertex -1.383000e+01 -5.173818e+00  0.000000e+00
     vertex -1.383000e+01 -5.173818e+00  7.100000e-01
   endloop
 endfacet
 facet normal  9.238795e-01  3.826834e-01 -0.000000e+00
   outer loop
     vertex -1.376301e+01 -5.423818e+00  0.000000e+00
     vertex -1.381296e+01 -5.303228e+00  0.000000e+00
     vertex -1.376301e+01 -5.423818e+00  7.100000e-01
   endloop
 endfacet
 facet normal  7.933533e-01  6.087614e-01 -0.000000e+00
   outer loop
     vertex -1.376301e+01 -5.423818e+00  0.000000e+00
     vertex -1.376301e+01 -5.423818e+00  7.100000e-01
     vertex -1.368355e+01 -5.527371e+00  7.100000e-01
   endloop
 endfacet
 facet normal  6.087614e-01  7.933533e-01 -0.000000e+00
   outer loop
     vertex -1.368355e+01 -5.527371e+00  0.000000e+00
     vertex -1.368355e+01 -5.527371e+00  7.100000e-01
     vertex -1.358000e+01 -5.606831e+00  7.100000e-01
   endloop
 endfacet
 facet normal  7.933533e-01  6.087614e-01 -0.000000e+00
   outer loop
     vertex -1.368355e+01 -5.527371e+00  0.000000e+00
     vertex -1.376301e+01 -5.423818e+00  0.000000e+00
     vertex -1.368355e+01 -5.527371e+00  7.100000e-01
   endloop
 endfacet
 facet normal  6.087614e-01  7.933533e-01 -0.000000e+00
   outer loop
     vertex -1.358000e+01 -5.606831e+00  0.000000e+00
     vertex -1.368355e+01 -5.527371e+00  0.000000e+00
     vertex -1.358000e+01 -5.606831e+00  7.100000e-01
   endloop
 endfacet
 facet normal  3.826834e-01  9.238795e-01 -0.000000e+00
   outer loop
     vertex -1.345941e+01 -5.656781e+00  0.000000e+00
     vertex -1.358000e+01 -5.606831e+00  7.100000e-01
     vertex -1.345941e+01 -5.656781e+00  7.100000e-01
   endloop
 endfacet
 facet normal  3.826834e-01  9.238795e-01  0.000000e+00
   outer loop
     vertex -1.345941e+01 -5.656781e+00  0.000000e+00
     vertex -1.358000e+01 -5.606831e+00  0.000000e+00
     vertex -1.358000e+01 -5.606831e+00  7.100000e-01
   endloop
 endfacet
 facet normal  1.305262e-01  9.914449e-01 -0.000000e+00
   outer loop
     vertex -1.333000e+01 -5.673818e+00  0.000000e+00
     vertex -1.345941e+01 -5.656781e+00  7.100000e-01
     vertex -1.333000e+01 -5.673818e+00  7.100000e-01
   endloop
 endfacet
 facet normal  1.305262e-01  9.914449e-01  0.000000e+00
   outer loop
     vertex -1.333000e+01 -5.673818e+00  0.000000e+00
     vertex -1.345941e+01 -5.656781e+00  0.000000e+00
     vertex -1.345941e+01 -5.656781e+00  7.100000e-01
   endloop
 endfacet
 facet normal -1.305262e-01  9.914449e-01  0.000000e+00
   outer loop
     vertex -1.193059e+01 -3.457077e+00  0.000000e+00
     vertex -1.206000e+01 -3.474114e+00  0.000000e+00
     vertex -1.206000e+01 -3.474114e+00  7.100000e-01
   endloop
 endfacet
 facet normal -1.305262e-01  9.914449e-01  0.000000e+00
   outer loop
     vertex -1.193059e+01 -3.457077e+00  0.000000e+00
     vertex -1.206000e+01 -3.474114e+00  7.100000e-01
     vertex -1.193059e+01 -3.457077e+00  7.100000e-01
   endloop
 endfacet
 facet normal -3.826834e-01  9.238795e-01  0.000000e+00
   outer loop
     vertex -1.181000e+01 -3.407127e+00  0.000000e+00
     vertex -1.193059e+01 -3.457077e+00  7.100000e-01
     vertex -1.181000e+01 -3.407127e+00  7.100000e-01
   endloop
 endfacet
 facet normal -3.826834e-01  9.238795e-01  0.000000e+00
   outer loop
     vertex -1.181000e+01 -3.407127e+00  0.000000e+00
     vertex -1.193059e+01 -3.457077e+00  0.000000e+00
     vertex -1.193059e+01 -3.457077e+00  7.100000e-01
   endloop
 endfacet
 facet normal -6.087614e-01  7.933533e-01  0.000000e+00
   outer loop
     vertex -1.170645e+01 -3.327667e+00  0.000000e+00
     vertex -1.181000e+01 -3.407127e+00  7.100000e-01
     vertex -1.170645e+01 -3.327667e+00  7.100000e-01
   endloop
 endfacet
 facet normal -6.087614e-01  7.933533e-01  0.000000e+00
   outer loop
     vertex -1.170645e+01 -3.327667e+00  0.000000e+00
     vertex -1.181000e+01 -3.407127e+00  0.000000e+00
     vertex -1.181000e+01 -3.407127e+00  7.100000e-01
   endloop
 endfacet
 facet normal -7.933533e-01  6.087614e-01  0.000000e+00
   outer loop
     vertex -1.162699e+01 -3.224114e+00  0.000000e+00
     vertex -1.170645e+01 -3.327667e+00  7.100000e-01
     vertex -1.162699e+01 -3.224114e+00  7.100000e-01
   endloop
 endfacet
 facet normal -7.933533e-01  6.087614e-01  0.000000e+00
   outer loop
     vertex -1.162699e+01 -3.224114e+00  0.000000e+00
     vertex -1.170645e+01 -3.327667e+00  0.000000e+00
     vertex -1.170645e+01 -3.327667e+00  7.100000e-01
   endloop
 endfacet
 facet normal -9.238795e-01  3.826834e-01  0.000000e+00
   outer loop
     vertex -1.157704e+01 -3.103524e+00  0.000000e+00
     vertex -1.162699e+01 -3.224114e+00  7.100000e-01
     vertex -1.157704e+01 -3.103524e+00  7.100000e-01
   endloop
 endfacet
 facet normal -9.238795e-01  3.826834e-01  0.000000e+00
   outer loop
     vertex -1.157704e+01 -3.103524e+00  0.000000e+00
     vertex -1.162699e+01 -3.224114e+00  0.000000e+00
     vertex -1.162699e+01 -3.224114e+00  7.100000e-01
   endloop
 endfacet
 facet normal -9.914449e-01  1.305262e-01  0.000000e+00
   outer loop
     vertex -1.156000e+01 -2.974114e+00  0.000000e+00
     vertex -1.157704e+01 -3.103524e+00  7.100000e-01
     vertex -1.156000e+01 -2.974114e+00  7.100000e-01
   endloop
 endfacet
 facet normal -9.914449e-01  1.305262e-01  0.000000e+00
   outer loop
     vertex -1.156000e+01 -2.974114e+00  0.000000e+00
     vertex -1.157704e+01 -3.103524e+00  0.000000e+00
     vertex -1.157704e+01 -3.103524e+00  7.100000e-01
   endloop
 endfacet
 facet normal -9.914449e-01 -1.305262e-01  0.000000e+00
   outer loop
     vertex -1.157704e+01 -2.844704e+00  0.000000e+00
     vertex -1.156000e+01 -2.974114e+00  7.100000e-01
     vertex -1.157704e+01 -2.844704e+00  7.100000e-01
   endloop
 endfacet
 facet normal -9.914449e-01 -1.305262e-01  0.000000e+00
   outer loop
     vertex -1.157704e+01 -2.844704e+00  0.000000e+00
     vertex -1.156000e+01 -2.974114e+00  0.000000e+00
     vertex -1.156000e+01 -2.974114e+00  7.100000e-01
   endloop
 endfacet
 facet normal -7.933533e-01 -6.087614e-01  0.000000e+00
   outer loop
     vertex -1.162699e+01 -2.724114e+00  0.000000e+00
     vertex -1.162699e+01 -2.724114e+00  7.100000e-01
     vertex -1.170645e+01 -2.620561e+00  7.100000e-01
   endloop
 endfacet
 facet normal -9.238795e-01 -3.826834e-01  0.000000e+00
   outer loop
     vertex -1.162699e+01 -2.724114e+00  0.000000e+00
     vertex -1.157704e+01 -2.844704e+00  7.100000e-01
     vertex -1.162699e+01 -2.724114e+00  7.100000e-01
   endloop
 endfacet
 facet normal -9.238795e-01 -3.826834e-01  0.000000e+00
   outer loop
     vertex -1.162699e+01 -2.724114e+00  0.000000e+00
     vertex -1.157704e+01 -2.844704e+00  0.000000e+00
     vertex -1.157704e+01 -2.844704e+00  7.100000e-01
   endloop
 endfacet
 facet normal -6.087614e-01 -7.933533e-01  0.000000e+00
   outer loop
     vertex -1.170645e+01 -2.620561e+00  0.000000e+00
     vertex -1.170645e+01 -2.620561e+00  7.100000e-01
     vertex -1.181000e+01 -2.541101e+00  7.100000e-01
   endloop
 endfacet
 facet normal -7.933533e-01 -6.087614e-01  0.000000e+00
   outer loop
     vertex -1.170645e+01 -2.620561e+00  0.000000e+00
     vertex -1.162699e+01 -2.724114e+00  0.000000e+00
     vertex -1.170645e+01 -2.620561e+00  7.100000e-01
   endloop
 endfacet
 facet normal -6.087614e-01 -7.933533e-01  0.000000e+00
   outer loop
     vertex -1.181000e+01 -2.541101e+00  0.000000e+00
     vertex -1.170645e+01 -2.620561e+00  0.000000e+00
     vertex -1.181000e+01 -2.541101e+00  7.100000e-01
   endloop
 endfacet
 facet normal -3.826834e-01 -9.238795e-01  0.000000e+00
   outer loop
     vertex -1.193059e+01 -2.491151e+00  0.000000e+00
     vertex -1.181000e+01 -2.541101e+00  0.000000e+00
     vertex -1.181000e+01 -2.541101e+00  7.100000e-01
   endloop
 endfacet
 facet normal -1.305262e-01 -9.914449e-01  0.000000e+00
   outer loop
     vertex -1.193059e+01 -2.491151e+00  0.000000e+00
     vertex -1.193059e+01 -2.491151e+00  7.100000e-01
     vertex -1.206000e+01 -2.474114e+00  7.100000e-01
   endloop
 endfacet
 facet normal -3.826834e-01 -9.238795e-01  0.000000e+00
   outer loop
     vertex -1.193059e+01 -2.491151e+00  0.000000e+00
     vertex -1.181000e+01 -2.541101e+00  7.100000e-01
     vertex -1.193059e+01 -2.491151e+00  7.100000e-01
   endloop
 endfacet
 facet normal -1.305262e-01 -9.914449e-01  0.000000e+00
   outer loop
     vertex -1.206000e+01 -2.474114e+00  0.000000e+00
     vertex -1.193059e+01 -2.491151e+00  0.000000e+00
     vertex -1.206000e+01 -2.474114e+00  7.100000e-01
   endloop
 endfacet
 facet normal  1.305262e-01 -9.914449e-01  0.000000e+00
   outer loop
     vertex -1.218941e+01 -2.491151e+00  0.000000e+00
     vertex -1.206000e+01 -2.474114e+00  0.000000e+00
     vertex -1.206000e+01 -2.474114e+00  7.100000e-01
   endloop
 endfacet
 facet normal  1.305262e-01 -9.914449e-01  0.000000e+00
   outer loop
     vertex -1.218941e+01 -2.491151e+00  0.000000e+00
     vertex -1.206000e+01 -2.474114e+00  7.100000e-01
     vertex -1.218941e+01 -2.491151e+00  7.100000e-01
   endloop
 endfacet
 facet normal  3.826834e-01 -9.238795e-01  0.000000e+00
   outer loop
     vertex -1.231000e+01 -2.541101e+00  0.000000e+00
     vertex -1.218941e+01 -2.491151e+00  0.000000e+00
     vertex -1.218941e+01 -2.491151e+00  7.100000e-01
   endloop
 endfacet
 facet normal  3.826834e-01 -9.238795e-01  0.000000e+00
   outer loop
     vertex -1.231000e+01 -2.541101e+00  0.000000e+00
     vertex -1.218941e+01 -2.491151e+00  7.100000e-01
     vertex -1.231000e+01 -2.541101e+00  7.100000e-01
   endloop
 endfacet
 facet normal  6.087614e-01 -7.933533e-01  0.000000e+00
   outer loop
     vertex -1.241355e+01 -2.620561e+00  0.000000e+00
     vertex -1.231000e+01 -2.541101e+00  0.000000e+00
     vertex -1.231000e+01 -2.541101e+00  7.100000e-01
   endloop
 endfacet
 facet normal  6.087614e-01 -7.933533e-01  0.000000e+00
   outer loop
     vertex -1.241355e+01 -2.620561e+00  0.000000e+00
     vertex -1.231000e+01 -2.541101e+00  7.100000e-01
     vertex -1.241355e+01 -2.620561e+00  7.100000e-01
   endloop
 endfacet
 facet normal  7.933533e-01 -6.087614e-01  0.000000e+00
   outer loop
     vertex -1.249301e+01 -2.724114e+00  0.000000e+00
     vertex -1.241355e+01 -2.620561e+00  0.000000e+00
     vertex -1.241355e+01 -2.620561e+00  7.100000e-01
   endloop
 endfacet
 facet normal  7.933533e-01 -6.087614e-01  0.000000e+00
   outer loop
     vertex -1.249301e+01 -2.724114e+00  0.000000e+00
     vertex -1.241355e+01 -2.620561e+00  7.100000e-01
     vertex -1.249301e+01 -2.724114e+00  7.100000e-01
   endloop
 endfacet
 facet normal  9.238795e-01 -3.826834e-01  0.000000e+00
   outer loop
     vertex -1.254296e+01 -2.844704e+00  0.000000e+00
     vertex -1.249301e+01 -2.724114e+00  0.000000e+00
     vertex -1.249301e+01 -2.724114e+00  7.100000e-01
   endloop
 endfacet
 facet normal  9.238795e-01 -3.826834e-01  0.000000e+00
   outer loop
     vertex -1.254296e+01 -2.844704e+00  0.000000e+00
     vertex -1.249301e+01 -2.724114e+00  7.100000e-01
     vertex -1.254296e+01 -2.844704e+00  7.100000e-01
   endloop
 endfacet
 facet normal  9.914449e-01 -1.305262e-01  0.000000e+00
   outer loop
     vertex -1.256000e+01 -2.974114e+00  0.000000e+00
     vertex -1.254296e+01 -2.844704e+00  0.000000e+00
     vertex -1.254296e+01 -2.844704e+00  7.100000e-01
   endloop
 endfacet
 facet normal  9.914449e-01 -1.305262e-01  0.000000e+00
   outer loop
     vertex -1.256000e+01 -2.974114e+00  0.000000e+00
     vertex -1.254296e+01 -2.844704e+00  7.100000e-01
     vertex -1.256000e+01 -2.974114e+00  7.100000e-01
   endloop
 endfacet
 facet normal  9.238795e-01  3.826834e-01 -0.000000e+00
   outer loop
     vertex -1.254296e+01 -3.103524e+00  0.000000e+00
     vertex -1.254296e+01 -3.103524e+00  7.100000e-01
     vertex -1.249301e+01 -3.224114e+00  7.100000e-01
   endloop
 endfacet
 facet normal  9.914449e-01  1.305262e-01 -0.000000e+00
   outer loop
     vertex -1.254296e+01 -3.103524e+00  0.000000e+00
     vertex -1.256000e+01 -2.974114e+00  7.100000e-01
     vertex -1.254296e+01 -3.103524e+00  7.100000e-01
   endloop
 endfacet
 facet normal  9.914449e-01  1.305262e-01  0.000000e+00
   outer loop
     vertex -1.254296e+01 -3.103524e+00  0.000000e+00
     vertex -1.256000e+01 -2.974114e+00  0.000000e+00
     vertex -1.256000e+01 -2.974114e+00  7.100000e-01
   endloop
 endfacet
 facet normal  9.238795e-01  3.826834e-01 -0.000000e+00
   outer loop
     vertex -1.249301e+01 -3.224114e+00  0.000000e+00
     vertex -1.254296e+01 -3.103524e+00  0.000000e+00
     vertex -1.249301e+01 -3.224114e+00  7.100000e-01
   endloop
 endfacet
 facet normal  7.933533e-01  6.087614e-01 -0.000000e+00
   outer loop
     vertex -1.249301e+01 -3.224114e+00  0.000000e+00
     vertex -1.249301e+01 -3.224114e+00  7.100000e-01
     vertex -1.241355e+01 -3.327667e+00  7.100000e-01
   endloop
 endfacet
 facet normal  6.087614e-01  7.933533e-01 -0.000000e+00
   outer loop
     vertex -1.241355e+01 -3.327667e+00  0.000000e+00
     vertex -1.241355e+01 -3.327667e+00  7.100000e-01
     vertex -1.231000e+01 -3.407127e+00  7.100000e-01
   endloop
 endfacet
 facet normal  7.933533e-01  6.087614e-01 -0.000000e+00
   outer loop
     vertex -1.241355e+01 -3.327667e+00  0.000000e+00
     vertex -1.249301e+01 -3.224114e+00  0.000000e+00
     vertex -1.241355e+01 -3.327667e+00  7.100000e-01
   endloop
 endfacet
 facet normal  6.087614e-01  7.933533e-01 -0.000000e+00
   outer loop
     vertex -1.231000e+01 -3.407127e+00  0.000000e+00
     vertex -1.241355e+01 -3.327667e+00  0.000000e+00
     vertex -1.231000e+01 -3.407127e+00  7.100000e-01
   endloop
 endfacet
 facet normal  3.826834e-01  9.238795e-01 -0.000000e+00
   outer loop
     vertex -1.218941e+01 -3.457077e+00  0.000000e+00
     vertex -1.231000e+01 -3.407127e+00  7.100000e-01
     vertex -1.218941e+01 -3.457077e+00  7.100000e-01
   endloop
 endfacet
 facet normal  3.826834e-01  9.238795e-01  0.000000e+00
   outer loop
     vertex -1.218941e+01 -3.457077e+00  0.000000e+00
     vertex -1.231000e+01 -3.407127e+00  0.000000e+00
     vertex -1.231000e+01 -3.407127e+00  7.100000e-01
   endloop
 endfacet
 facet normal  1.305262e-01  9.914449e-01 -0.000000e+00
   outer loop
     vertex -1.206000e+01 -3.474114e+00  0.000000e+00
     vertex -1.218941e+01 -3.457077e+00  7.100000e-01
     vertex -1.206000e+01 -3.474114e+00  7.100000e-01
   endloop
 endfacet
 facet normal  1.305262e-01  9.914449e-01  0.000000e+00
   outer loop
     vertex -1.206000e+01 -3.474114e+00  0.000000e+00
     vertex -1.218941e+01 -3.457077e+00  0.000000e+00
     vertex -1.218941e+01 -3.457077e+00  7.100000e-01
   endloop
 endfacet
 facet normal -1.305262e-01  9.914449e-01  0.000000e+00
   outer loop
     vertex -1.066059e+01 -1.257372e+00  0.000000e+00
     vertex -1.079000e+01 -1.274409e+00  0.000000e+00
     vertex -1.079000e+01 -1.274409e+00  7.100000e-01
   endloop
 endfacet
 facet normal -1.305262e-01  9.914449e-01  0.000000e+00
   outer loop
     vertex -1.066059e+01 -1.257372e+00  0.000000e+00
     vertex -1.079000e+01 -1.274409e+00  7.100000e-01
     vertex -1.066059e+01 -1.257372e+00  7.100000e-01
   endloop
 endfacet
 facet normal -3.826834e-01  9.238795e-01  0.000000e+00
   outer loop
     vertex -1.054000e+01 -1.207422e+00  0.000000e+00
     vertex -1.066059e+01 -1.257372e+00  7.100000e-01
     vertex -1.054000e+01 -1.207422e+00  7.100000e-01
   endloop
 endfacet
 facet normal -3.826834e-01  9.238795e-01  0.000000e+00
   outer loop
     vertex -1.054000e+01 -1.207422e+00  0.000000e+00
     vertex -1.066059e+01 -1.257372e+00  0.000000e+00
     vertex -1.066059e+01 -1.257372e+00  7.100000e-01
   endloop
 endfacet
 facet normal -6.087614e-01  7.933533e-01  0.000000e+00
   outer loop
     vertex -1.043645e+01 -1.127962e+00  0.000000e+00
     vertex -1.054000e+01 -1.207422e+00  7.100000e-01
     vertex -1.043645e+01 -1.127962e+00  7.100000e-01
   endloop
 endfacet
 facet normal -6.087614e-01  7.933533e-01  0.000000e+00
   outer loop
     vertex -1.043645e+01 -1.127962e+00  0.000000e+00
     vertex -1.054000e+01 -1.207422e+00  0.000000e+00
     vertex -1.054000e+01 -1.207422e+00  7.100000e-01
   endloop
 endfacet
 facet normal -7.933533e-01  6.087614e-01  0.000000e+00
   outer loop
     vertex -1.035699e+01 -1.024409e+00  0.000000e+00
     vertex -1.043645e+01 -1.127962e+00  7.100000e-01
     vertex -1.035699e+01 -1.024409e+00  7.100000e-01
   endloop
 endfacet
 facet normal -7.933533e-01  6.087614e-01  0.000000e+00
   outer loop
     vertex -1.035699e+01 -1.024409e+00  0.000000e+00
     vertex -1.043645e+01 -1.127962e+00  0.000000e+00
     vertex -1.043645e+01 -1.127962e+00  7.100000e-01
   endloop
 endfacet
 facet normal -9.238795e-01  3.826834e-01  0.000000e+00
   outer loop
     vertex -1.030704e+01 -9.038185e-01  0.000000e+00
     vertex -1.035699e+01 -1.024409e+00  7.100000e-01
     vertex -1.030704e+01 -9.038185e-01  7.100000e-01
   endloop
 endfacet
 facet normal -9.238795e-01  3.826834e-01  0.000000e+00
   outer loop
     vertex -1.030704e+01 -9.038185e-01  0.000000e+00
     vertex -1.035699e+01 -1.024409e+00  0.000000e+00
     vertex -1.035699e+01 -1.024409e+00  7.100000e-01
   endloop
 endfacet
 facet normal -9.914449e-01  1.305262e-01  0.000000e+00
   outer loop
     vertex -1.029000e+01 -7.744090e-01  0.000000e+00
     vertex -1.030704e+01 -9.038185e-01  7.100000e-01
     vertex -1.029000e+01 -7.744090e-01  7.100000e-01
   endloop
 endfacet
 facet normal -9.914449e-01  1.305262e-01  0.000000e+00
   outer loop
     vertex -1.029000e+01 -7.744090e-01  0.000000e+00
     vertex -1.030704e+01 -9.038185e-01  0.000000e+00
     vertex -1.030704e+01 -9.038185e-01  7.100000e-01
   endloop
 endfacet
 facet normal -9.914449e-01 -1.305262e-01  0.000000e+00
   outer loop
     vertex -1.030704e+01 -6.449995e-01  0.000000e+00
     vertex -1.029000e+01 -7.744090e-01  7.100000e-01
     vertex -1.030704e+01 -6.449995e-01  7.100000e-01
   endloop
 endfacet
 facet normal -9.914449e-01 -1.305262e-01  0.000000e+00
   outer loop
     vertex -1.030704e+01 -6.449995e-01  0.000000e+00
     vertex -1.029000e+01 -7.744090e-01  0.000000e+00
     vertex -1.029000e+01 -7.744090e-01  7.100000e-01
   endloop
 endfacet
 facet normal -7.933533e-01 -6.087614e-01  0.000000e+00
   outer loop
     vertex -1.035699e+01 -5.244090e-01  0.000000e+00
     vertex -1.035699e+01 -5.244090e-01  7.100000e-01
     vertex -1.043645e+01 -4.208556e-01  7.100000e-01
   endloop
 endfacet
 facet normal -9.238795e-01 -3.826834e-01  0.000000e+00
   outer loop
     vertex -1.035699e+01 -5.244090e-01  0.000000e+00
     vertex -1.030704e+01 -6.449995e-01  7.100000e-01
     vertex -1.035699e+01 -5.244090e-01  7.100000e-01
   endloop
 endfacet
 facet normal -9.238795e-01 -3.826834e-01  0.000000e+00
   outer loop
     vertex -1.035699e+01 -5.244090e-01  0.000000e+00
     vertex -1.030704e+01 -6.449995e-01  0.000000e+00
     vertex -1.030704e+01 -6.449995e-01  7.100000e-01
   endloop
 endfacet
 facet normal -6.087614e-01 -7.933533e-01  0.000000e+00
   outer loop
     vertex -1.043645e+01 -4.208556e-01  0.000000e+00
     vertex -1.043645e+01 -4.208556e-01  7.100000e-01
     vertex -1.054000e+01 -3.413963e-01  7.100000e-01
   endloop
 endfacet
 facet normal -7.933533e-01 -6.087614e-01  0.000000e+00
   outer loop
     vertex -1.043645e+01 -4.208556e-01  0.000000e+00
     vertex -1.035699e+01 -5.244090e-01  0.000000e+00
     vertex -1.043645e+01 -4.208556e-01  7.100000e-01
   endloop
 endfacet
 facet normal -6.087614e-01 -7.933533e-01  0.000000e+00
   outer loop
     vertex -1.054000e+01 -3.413963e-01  0.000000e+00
     vertex -1.043645e+01 -4.208556e-01  0.000000e+00
     vertex -1.054000e+01 -3.413963e-01  7.100000e-01
   endloop
 endfacet
 facet normal -3.826834e-01 -9.238795e-01  0.000000e+00
   outer loop
     vertex -1.066059e+01 -2.914461e-01  0.000000e+00
     vertex -1.054000e+01 -3.413963e-01  0.000000e+00
     vertex -1.054000e+01 -3.413963e-01  7.100000e-01
   endloop
 endfacet
 facet normal -1.305262e-01 -9.914449e-01  0.000000e+00
   outer loop
     vertex -1.066059e+01 -2.914461e-01  0.000000e+00
     vertex -1.066059e+01 -2.914461e-01  7.100000e-01
     vertex -1.079000e+01 -2.744090e-01  7.100000e-01
   endloop
 endfacet
 facet normal -3.826834e-01 -9.238795e-01  0.000000e+00
   outer loop
     vertex -1.066059e+01 -2.914461e-01  0.000000e+00
     vertex -1.054000e+01 -3.413963e-01  7.100000e-01
     vertex -1.066059e+01 -2.914461e-01  7.100000e-01
   endloop
 endfacet
 facet normal -1.305262e-01 -9.914449e-01  0.000000e+00
   outer loop
     vertex -1.079000e+01 -2.744090e-01  0.000000e+00
     vertex -1.066059e+01 -2.914461e-01  0.000000e+00
     vertex -1.079000e+01 -2.744090e-01  7.100000e-01
   endloop
 endfacet
 facet normal  1.305262e-01 -9.914449e-01  0.000000e+00
   outer loop
     vertex -1.091941e+01 -2.914461e-01  0.000000e+00
     vertex -1.079000e+01 -2.744090e-01  0.000000e+00
     vertex -1.079000e+01 -2.744090e-01  7.100000e-01
   endloop
 endfacet
 facet normal  1.305262e-01 -9.914449e-01  0.000000e+00
   outer loop
     vertex -1.091941e+01 -2.914461e-01  0.000000e+00
     vertex -1.079000e+01 -2.744090e-01  7.100000e-01
     vertex -1.091941e+01 -2.914461e-01  7.100000e-01
   endloop
 endfacet
 facet normal  3.826834e-01 -9.238795e-01  0.000000e+00
   outer loop
     vertex -1.104000e+01 -3.413963e-01  0.000000e+00
     vertex -1.091941e+01 -2.914461e-01  0.000000e+00
     vertex -1.091941e+01 -2.914461e-01  7.100000e-01
   endloop
 endfacet
 facet normal  3.826834e-01 -9.238795e-01  0.000000e+00
   outer loop
     vertex -1.104000e+01 -3.413963e-01  0.000000e+00
     vertex -1.091941e+01 -2.914461e-01  7.100000e-01
     vertex -1.104000e+01 -3.413963e-01  7.100000e-01
   endloop
 endfacet
 facet normal  6.087614e-01 -7.933533e-01  0.000000e+00
   outer loop
     vertex -1.114355e+01 -4.208556e-01  0.000000e+00
     vertex -1.104000e+01 -3.413963e-01  0.000000e+00
     vertex -1.104000e+01 -3.413963e-01  7.100000e-01
   endloop
 endfacet
 facet normal  6.087614e-01 -7.933533e-01  0.000000e+00
   outer loop
     vertex -1.114355e+01 -4.208556e-01  0.000000e+00
     vertex -1.104000e+01 -3.413963e-01  7.100000e-01
     vertex -1.114355e+01 -4.208556e-01  7.100000e-01
   endloop
 endfacet
 facet normal  7.933533e-01 -6.087614e-01  0.000000e+00
   outer loop
     vertex -1.122301e+01 -5.244090e-01  0.000000e+00
     vertex -1.114355e+01 -4.208556e-01  0.000000e+00
     vertex -1.114355e+01 -4.208556e-01  7.100000e-01
   endloop
 endfacet
 facet normal  7.933533e-01 -6.087614e-01  0.000000e+00
   outer loop
     vertex -1.122301e+01 -5.244090e-01  0.000000e+00
     vertex -1.114355e+01 -4.208556e-01  7.100000e-01
     vertex -1.122301e+01 -5.244090e-01  7.100000e-01
   endloop
 endfacet
 facet normal  9.238795e-01 -3.826834e-01  0.000000e+00
   outer loop
     vertex -1.127296e+01 -6.449995e-01  0.000000e+00
     vertex -1.122301e+01 -5.244090e-01  0.000000e+00
     vertex -1.122301e+01 -5.244090e-01  7.100000e-01
   endloop
 endfacet
 facet normal  9.238795e-01 -3.826834e-01  0.000000e+00
   outer loop
     vertex -1.127296e+01 -6.449995e-01  0.000000e+00
     vertex -1.122301e+01 -5.244090e-01  7.100000e-01
     vertex -1.127296e+01 -6.449995e-01  7.100000e-01
   endloop
 endfacet
 facet normal  9.914449e-01 -1.305262e-01  0.000000e+00
   outer loop
     vertex -1.129000e+01 -7.744090e-01  0.000000e+00
     vertex -1.127296e+01 -6.449995e-01  0.000000e+00
     vertex -1.127296e+01 -6.449995e-01  7.100000e-01
   endloop
 endfacet
 facet normal  9.914449e-01 -1.305262e-01  0.000000e+00
   outer loop
     vertex -1.129000e+01 -7.744090e-01  0.000000e+00
     vertex -1.127296e+01 -6.449995e-01  7.100000e-01
     vertex -1.129000e+01 -7.744090e-01  7.100000e-01
   endloop
 endfacet
 facet normal  9.238795e-01  3.826834e-01 -0.000000e+00
   outer loop
     vertex -1.127296e+01 -9.038185e-01  0.000000e+00
     vertex -1.127296e+01 -9.038185e-01  7.100000e-01
     vertex -1.122301e+01 -1.024409e+00  7.100000e-01
   endloop
 endfacet
 facet normal  9.914449e-01  1.305262e-01 -0.000000e+00
   outer loop
     vertex -1.127296e+01 -9.038185e-01  0.000000e+00
     vertex -1.129000e+01 -7.744090e-01  7.100000e-01
     vertex -1.127296e+01 -9.038185e-01  7.100000e-01
   endloop
 endfacet
 facet normal  9.914449e-01  1.305262e-01  0.000000e+00
   outer loop
     vertex -1.127296e+01 -9.038185e-01  0.000000e+00
     vertex -1.129000e+01 -7.744090e-01  0.000000e+00
     vertex -1.129000e+01 -7.744090e-01  7.100000e-01
   endloop
 endfacet
 facet normal  9.238795e-01  3.826834e-01 -0.000000e+00
   outer loop
     vertex -1.122301e+01 -1.024409e+00  0.000000e+00
     vertex -1.127296e+01 -9.038185e-01  0.000000e+00
     vertex -1.122301e+01 -1.024409e+00  7.100000e-01
   endloop
 endfacet
 facet normal  7.933533e-01  6.087614e-01 -0.000000e+00
   outer loop
     vertex -1.122301e+01 -1.024409e+00  0.000000e+00
     vertex -1.122301e+01 -1.024409e+00  7.100000e-01
     vertex -1.114355e+01 -1.127962e+00  7.100000e-01
   endloop
 endfacet
 facet normal  6.087614e-01  7.933533e-01 -0.000000e+00
   outer loop
     vertex -1.114355e+01 -1.127962e+00  0.000000e+00
     vertex -1.114355e+01 -1.127962e+00  7.100000e-01
     vertex -1.104000e+01 -1.207422e+00  7.100000e-01
   endloop
 endfacet
 facet normal  7.933533e-01  6.087614e-01 -0.000000e+00
   outer loop
     vertex -1.114355e+01 -1.127962e+00  0.000000e+00
     vertex -1.122301e+01 -1.024409e+00  0.000000e+00
     vertex -1.114355e+01 -1.127962e+00  7.100000e-01
   endloop
 endfacet
 facet normal  6.087614e-01  7.933533e-01 -0.000000e+00
   outer loop
     vertex -1.104000e+01 -1.207422e+00  0.000000e+00
     vertex -1.114355e+01 -1.127962e+00  0.000000e+00
     vertex -1.104000e+01 -1.207422e+00  7.100000e-01
   endloop
 endfacet
 facet normal  3.826834e-01  9.238795e-01 -0.000000e+00
   outer loop
     vertex -1.091941e+01 -1.257372e+00  0.000000e+00
     vertex -1.104000e+01 -1.207422e+00  7.100000e-01
     vertex -1.091941e+01 -1.257372e+00  7.100000e-01
   endloop
 endfacet
 facet normal  3.826834e-01  9.238795e-01  0.000000e+00
   outer loop
     vertex -1.091941e+01 -1.257372e+00  0.000000e+00
     vertex -1.104000e+01 -1.207422e+00  0.000000e+00
     vertex -1.104000e+01 -1.207422e+00  7.100000e-01
   endloop
 endfacet
 facet normal  1.305262e-01  9.914449e-01 -0.000000e+00
   outer loop
     vertex -1.079000e+01 -1.274409e+00  0.000000e+00
     vertex -1.091941e+01 -1.257372e+00  7.100000e-01
     vertex -1.079000e+01 -1.274409e+00  7.100000e-01
   endloop
 endfacet
 facet normal  1.305262e-01  9.914449e-01  0.000000e+00
   outer loop
     vertex -1.079000e+01 -1.274409e+00  0.000000e+00
     vertex -1.091941e+01 -1.257372e+00  0.000000e+00
     vertex -1.091941e+01 -1.257372e+00  7.100000e-01
   endloop
 endfacet
 facet normal -1.305262e-01  9.914449e-01  0.000000e+00
   outer loop
     vertex -9.390590e+00  9.423321e-01  0.000000e+00
     vertex -9.520000e+00  9.252950e-01  0.000000e+00
     vertex -9.520000e+00  9.252950e-01  7.100000e-01
   endloop
 endfacet
 facet normal -1.305262e-01  9.914449e-01  0.000000e+00
   outer loop
     vertex -9.390590e+00  9.423321e-01  0.000000e+00
     vertex -9.520000e+00  9.252950e-01  7.100000e-01
     vertex -9.390590e+00  9.423321e-01  7.100000e-01
   endloop
 endfacet
 facet normal -3.826834e-01  9.238795e-01  0.000000e+00
   outer loop
     vertex -9.270000e+00  9.922823e-01  0.000000e+00
     vertex -9.390590e+00  9.423321e-01  7.100000e-01
     vertex -9.270000e+00  9.922823e-01  7.100000e-01
   endloop
 endfacet
 facet normal -3.826834e-01  9.238795e-01  0.000000e+00
   outer loop
     vertex -9.270000e+00  9.922823e-01  0.000000e+00
     vertex -9.390590e+00  9.423321e-01  0.000000e+00
     vertex -9.390590e+00  9.423321e-01  7.100000e-01
   endloop
 endfacet
 facet normal -6.087614e-01  7.933533e-01  0.000000e+00
   outer loop
     vertex -9.166447e+00  1.071742e+00  0.000000e+00
     vertex -9.270000e+00  9.922823e-01  7.100000e-01
     vertex -9.166447e+00  1.071742e+00  7.100000e-01
   endloop
 endfacet
 facet normal -6.087614e-01  7.933533e-01  0.000000e+00
   outer loop
     vertex -9.166447e+00  1.071742e+00  0.000000e+00
     vertex -9.270000e+00  9.922823e-01  0.000000e+00
     vertex -9.270000e+00  9.922823e-01  7.100000e-01
   endloop
 endfacet
 facet normal -7.933533e-01  6.087614e-01  0.000000e+00
   outer loop
     vertex -9.086987e+00  1.175295e+00  0.000000e+00
     vertex -9.166447e+00  1.071742e+00  7.100000e-01
     vertex -9.086987e+00  1.175295e+00  7.100000e-01
   endloop
 endfacet
 facet normal -7.933533e-01  6.087614e-01  0.000000e+00
   outer loop
     vertex -9.086987e+00  1.175295e+00  0.000000e+00
     vertex -9.166447e+00  1.071742e+00  0.000000e+00
     vertex -9.166447e+00  1.071742e+00  7.100000e-01
   endloop
 endfacet
 facet normal -9.238795e-01  3.826834e-01  0.000000e+00
   outer loop
     vertex -9.037037e+00  1.295885e+00  0.000000e+00
     vertex -9.086987e+00  1.175295e+00  7.100000e-01
     vertex -9.037037e+00  1.295885e+00  7.100000e-01
   endloop
 endfacet
 facet normal -9.238795e-01  3.826834e-01  0.000000e+00
   outer loop
     vertex -9.037037e+00  1.295885e+00  0.000000e+00
     vertex -9.086987e+00  1.175295e+00  0.000000e+00
     vertex -9.086987e+00  1.175295e+00  7.100000e-01
   endloop
 endfacet
 facet normal -9.914449e-01  1.305262e-01  0.000000e+00
   outer loop
     vertex -9.020000e+00  1.425295e+00  0.000000e+00
     vertex -9.037037e+00  1.295885e+00  7.100000e-01
     vertex -9.020000e+00  1.425295e+00  7.100000e-01
   endloop
 endfacet
 facet normal -9.914449e-01  1.305262e-01  0.000000e+00
   outer loop
     vertex -9.020000e+00  1.425295e+00  0.000000e+00
     vertex -9.037037e+00  1.295885e+00  0.000000e+00
     vertex -9.037037e+00  1.295885e+00  7.100000e-01
   endloop
 endfacet
 facet normal -9.914449e-01 -1.305262e-01  0.000000e+00
   outer loop
     vertex -9.037037e+00  1.554705e+00  0.000000e+00
     vertex -9.020000e+00  1.425295e+00  7.100000e-01
     vertex -9.037037e+00  1.554705e+00  7.100000e-01
   endloop
 endfacet
 facet normal -9.914449e-01 -1.305262e-01  0.000000e+00
   outer loop
     vertex -9.037037e+00  1.554705e+00  0.000000e+00
     vertex -9.020000e+00  1.425295e+00  0.000000e+00
     vertex -9.020000e+00  1.425295e+00  7.100000e-01
   endloop
 endfacet
 facet normal -7.933533e-01 -6.087614e-01  0.000000e+00
   outer loop
     vertex -9.086987e+00  1.675295e+00  0.000000e+00
     vertex -9.086987e+00  1.675295e+00  7.100000e-01
     vertex -9.166447e+00  1.778848e+00  7.100000e-01
   endloop
 endfacet
 facet normal -9.238795e-01 -3.826834e-01  0.000000e+00
   outer loop
     vertex -9.086987e+00  1.675295e+00  0.000000e+00
     vertex -9.037037e+00  1.554705e+00  7.100000e-01
     vertex -9.086987e+00  1.675295e+00  7.100000e-01
   endloop
 endfacet
 facet normal -9.238795e-01 -3.826834e-01  0.000000e+00
   outer loop
     vertex -9.086987e+00  1.675295e+00  0.000000e+00
     vertex -9.037037e+00  1.554705e+00  0.000000e+00
     vertex -9.037037e+00  1.554705e+00  7.100000e-01
   endloop
 endfacet
 facet normal -6.087614e-01 -7.933533e-01  0.000000e+00
   outer loop
     vertex -9.166447e+00  1.778848e+00  0.000000e+00
     vertex -9.166447e+00  1.778848e+00  7.100000e-01
     vertex -9.270000e+00  1.858308e+00  7.100000e-01
   endloop
 endfacet
 facet normal -7.933533e-01 -6.087614e-01  0.000000e+00
   outer loop
     vertex -9.166447e+00  1.778848e+00  0.000000e+00
     vertex -9.086987e+00  1.675295e+00  0.000000e+00
     vertex -9.166447e+00  1.778848e+00  7.100000e-01
   endloop
 endfacet
 facet normal -6.087614e-01 -7.933533e-01  0.000000e+00
   outer loop
     vertex -9.270000e+00  1.858308e+00  0.000000e+00
     vertex -9.166447e+00  1.778848e+00  0.000000e+00
     vertex -9.270000e+00  1.858308e+00  7.100000e-01
   endloop
 endfacet
 facet normal -3.826834e-01 -9.238795e-01  0.000000e+00
   outer loop
     vertex -9.390590e+00  1.908258e+00  0.000000e+00
     vertex -9.270000e+00  1.858308e+00  0.000000e+00
     vertex -9.270000e+00  1.858308e+00  7.100000e-01
   endloop
 endfacet
 facet normal -1.305262e-01 -9.914449e-01  0.000000e+00
   outer loop
     vertex -9.390590e+00  1.908258e+00  0.000000e+00
     vertex -9.390590e+00  1.908258e+00  7.100000e-01
     vertex -9.520000e+00  1.925295e+00  7.100000e-01
   endloop
 endfacet
 facet normal -3.826834e-01 -9.238795e-01  0.000000e+00
   outer loop
     vertex -9.390590e+00  1.908258e+00  0.000000e+00
     vertex -9.270000e+00  1.858308e+00  7.100000e-01
     vertex -9.390590e+00  1.908258e+00  7.100000e-01
   endloop
 endfacet
 facet normal -1.305262e-01 -9.914449e-01  0.000000e+00
   outer loop
     vertex -9.520000e+00  1.925295e+00  0.000000e+00
     vertex -9.390590e+00  1.908258e+00  0.000000e+00
     vertex -9.520000e+00  1.925295e+00  7.100000e-01
   endloop
 endfacet
 facet normal  1.305262e-01 -9.914449e-01  0.000000e+00
   outer loop
     vertex -9.649410e+00  1.908258e+00  0.000000e+00
     vertex -9.520000e+00  1.925295e+00  0.000000e+00
     vertex -9.520000e+00  1.925295e+00  7.100000e-01
   endloop
 endfacet
 facet normal  1.305262e-01 -9.914449e-01  0.000000e+00
   outer loop
     vertex -9.649410e+00  1.908258e+00  0.000000e+00
     vertex -9.520000e+00  1.925295e+00  7.100000e-01
     vertex -9.649410e+00  1.908258e+00  7.100000e-01
   endloop
 endfacet
 facet normal  3.826834e-01 -9.238795e-01  0.000000e+00
   outer loop
     vertex -9.770000e+00  1.858308e+00  0.000000e+00
     vertex -9.649410e+00  1.908258e+00  0.000000e+00
     vertex -9.649410e+00  1.908258e+00  7.100000e-01
   endloop
 endfacet
 facet normal  3.826834e-01 -9.238795e-01  0.000000e+00
   outer loop
     vertex -9.770000e+00  1.858308e+00  0.000000e+00
     vertex -9.649410e+00  1.908258e+00  7.100000e-01
     vertex -9.770000e+00  1.858308e+00  7.100000e-01
   endloop
 endfacet
 facet normal  6.087614e-01 -7.933533e-01  0.000000e+00
   outer loop
     vertex -9.873553e+00  1.778848e+00  0.000000e+00
     vertex -9.770000e+00  1.858308e+00  0.000000e+00
     vertex -9.770000e+00  1.858308e+00  7.100000e-01
   endloop
 endfacet
 facet normal  6.087614e-01 -7.933533e-01  0.000000e+00
   outer loop
     vertex -9.873553e+00  1.778848e+00  0.000000e+00
     vertex -9.770000e+00  1.858308e+00  7.100000e-01
     vertex -9.873553e+00  1.778848e+00  7.100000e-01
   endloop
 endfacet
 facet normal  7.933533e-01 -6.087614e-01  0.000000e+00
   outer loop
     vertex -9.953013e+00  1.675295e+00  0.000000e+00
     vertex -9.873553e+00  1.778848e+00  0.000000e+00
     vertex -9.873553e+00  1.778848e+00  7.100000e-01
   endloop
 endfacet
 facet normal  7.933533e-01 -6.087614e-01  0.000000e+00
   outer loop
     vertex -9.953013e+00  1.675295e+00  0.000000e+00
     vertex -9.873553e+00  1.778848e+00  7.100000e-01
     vertex -9.953013e+00  1.675295e+00  7.100000e-01
   endloop
 endfacet
 facet normal  9.238795e-01 -3.826834e-01  0.000000e+00
   outer loop
     vertex -1.000296e+01  1.554705e+00  0.000000e+00
     vertex -9.953013e+00  1.675295e+00  0.000000e+00
     vertex -9.953013e+00  1.675295e+00  7.100000e-01
   endloop
 endfacet
 facet normal  9.238795e-01 -3.826834e-01  0.000000e+00
   outer loop
     vertex -1.000296e+01  1.554705e+00  0.000000e+00
     vertex -9.953013e+00  1.675295e+00  7.100000e-01
     vertex -1.000296e+01  1.554705e+00  7.100000e-01
   endloop
 endfacet
 facet normal  9.914449e-01 -1.305262e-01  0.000000e+00
   outer loop
     vertex -1.002000e+01  1.425295e+00  0.000000e+00
     vertex -1.000296e+01  1.554705e+00  0.000000e+00
     vertex -1.000296e+01  1.554705e+00  7.100000e-01
   endloop
 endfacet
 facet normal  9.914449e-01 -1.305262e-01  0.000000e+00
   outer loop
     vertex -1.002000e+01  1.425295e+00  0.000000e+00
     vertex -1.000296e+01  1.554705e+00  7.100000e-01
     vertex -1.002000e+01  1.425295e+00  7.100000e-01
   endloop
 endfacet
 facet normal  9.238795e-01  3.826834e-01 -0.000000e+00
   outer loop
     vertex -1.000296e+01  1.295885e+00  0.000000e+00
     vertex -1.000296e+01  1.295885e+00  7.100000e-01
     vertex -9.953013e+00  1.175295e+00  7.100000e-01
   endloop
 endfacet
 facet normal  9.914449e-01  1.305262e-01 -0.000000e+00
   outer loop
     vertex -1.000296e+01  1.295885e+00  0.000000e+00
     vertex -1.002000e+01  1.425295e+00  7.100000e-01
     vertex -1.000296e+01  1.295885e+00  7.100000e-01
   endloop
 endfacet
 facet normal  9.914449e-01  1.305262e-01  0.000000e+00
   outer loop
     vertex -1.000296e+01  1.295885e+00  0.000000e+00
     vertex -1.002000e+01  1.425295e+00  0.000000e+00
     vertex -1.002000e+01  1.425295e+00  7.100000e-01
   endloop
 endfacet
 facet normal  9.238795e-01  3.826834e-01 -0.000000e+00
   outer loop
     vertex -9.953013e+00  1.175295e+00  0.000000e+00
     vertex -1.000296e+01  1.295885e+00  0.000000e+00
     vertex -9.953013e+00  1.175295e+00  7.100000e-01
   endloop
 endfacet
 facet normal  7.933533e-01  6.087614e-01 -0.000000e+00
   outer loop
     vertex -9.953013e+00  1.175295e+00  0.000000e+00
     vertex -9.953013e+00  1.175295e+00  7.100000e-01
     vertex -9.873553e+00  1.071742e+00  7.100000e-01
   endloop
 endfacet
 facet normal  6.087614e-01  7.933533e-01 -0.000000e+00
   outer loop
     vertex -9.873553e+00  1.071742e+00  0.000000e+00
     vertex -9.873553e+00  1.071742e+00  7.100000e-01
     vertex -9.770000e+00  9.922823e-01  7.100000e-01
   endloop
 endfacet
 facet normal  7.933533e-01  6.087614e-01 -0.000000e+00
   outer loop
     vertex -9.873553e+00  1.071742e+00  0.000000e+00
     vertex -9.953013e+00  1.175295e+00  0.000000e+00
     vertex -9.873553e+00  1.071742e+00  7.100000e-01
   endloop
 endfacet
 facet normal  6.087614e-01  7.933533e-01 -0.000000e+00
   outer loop
     vertex -9.770000e+00  9.922823e-01  0.000000e+00
     vertex -9.873553e+00  1.071742e+00  0.000000e+00
     vertex -9.770000e+00  9.922823e-01  7.100000e-01
   endloop
 endfacet
 facet normal  3.826834e-01  9.238795e-01 -0.000000e+00
   outer loop
     vertex -9.649410e+00  9.423321e-01  0.000000e+00
     vertex -9.770000e+00  9.922823e-01  7.100000e-01
     vertex -9.649410e+00  9.423321e-01  7.100000e-01
   endloop
 endfacet
 facet normal  3.826834e-01  9.238795e-01  0.000000e+00
   outer loop
     vertex -9.649410e+00  9.423321e-01  0.000000e+00
     vertex -9.770000e+00  9.922823e-01  0.000000e+00
     vertex -9.770000e+00  9.922823e-01  7.100000e-01
   endloop
 endfacet
 facet normal  1.305262e-01  9.914449e-01 -0.000000e+00
   outer loop
     vertex -9.520000e+00  9.252950e-01  0.000000e+00
     vertex -9.649410e+00  9.423321e-01  7.100000e-01
     vertex -9.520000e+00  9.252950e-01  7.100000e-01
   endloop
 endfacet
 facet normal  1.305262e-01  9.914449e-01  0.000000e+00
   outer loop
     vertex -9.520000e+00  9.252950e-01  0.000000e+00
     vertex -9.649410e+00  9.423321e-01  0.000000e+00
     vertex -9.649410e+00  9.423321e-01  7.100000e-01
   endloop
 endfacet
 facet normal -1.305262e-01  9.914449e-01  0.000000e+00
   outer loop
     vertex -8.120590e+00  3.142037e+00  0.000000e+00
     vertex -8.250000e+00  3.125000e+00  0.000000e+00
     vertex -8.250000e+00  3.125000e+00  7.100000e-01
   endloop
 endfacet
 facet normal -1.305262e-01  9.914449e-01  0.000000e+00
   outer loop
     vertex -8.120590e+00  3.142037e+00  0.000000e+00
     vertex -8.250000e+00  3.125000e+00  7.100000e-01
     vertex -8.120590e+00  3.142037e+00  7.100000e-01
   endloop
 endfacet
 facet normal -3.826834e-01  9.238795e-01  0.000000e+00
   outer loop
     vertex -8.000000e+00  3.191987e+00  0.000000e+00
     vertex -8.120590e+00  3.142037e+00  7.100000e-01
     vertex -8.000000e+00  3.191987e+00  7.100000e-01
   endloop
 endfacet
 facet normal -3.826834e-01  9.238795e-01  0.000000e+00
   outer loop
     vertex -8.000000e+00  3.191987e+00  0.000000e+00
     vertex -8.120590e+00  3.142037e+00  0.000000e+00
     vertex -8.120590e+00  3.142037e+00  7.100000e-01
   endloop
 endfacet
 facet normal -6.087614e-01  7.933533e-01  0.000000e+00
   outer loop
     vertex -7.896447e+00  3.271447e+00  0.000000e+00
     vertex -8.000000e+00  3.191987e+00  7.100000e-01
     vertex -7.896447e+00  3.271447e+00  7.100000e-01
   endloop
 endfacet
 facet normal -6.087614e-01  7.933533e-01  0.000000e+00
   outer loop
     vertex -7.896447e+00  3.271447e+00  0.000000e+00
     vertex -8.000000e+00  3.191987e+00  0.000000e+00
     vertex -8.000000e+00  3.191987e+00  7.100000e-01
   endloop
 endfacet
 facet normal -7.933533e-01  6.087614e-01  0.000000e+00
   outer loop
     vertex -7.816987e+00  3.375000e+00  0.000000e+00
     vertex -7.896447e+00  3.271447e+00  7.100000e-01
     vertex -7.816987e+00  3.375000e+00  7.100000e-01
   endloop
 endfacet
 facet normal -7.933533e-01  6.087614e-01  0.000000e+00
   outer loop
     vertex -7.816987e+00  3.375000e+00  0.000000e+00
     vertex -7.896447e+00  3.271447e+00  0.000000e+00
     vertex -7.896447e+00  3.271447e+00  7.100000e-01
   endloop
 endfacet
 facet normal -9.238795e-01  3.826834e-01  0.000000e+00
   outer loop
     vertex -7.767037e+00  3.495590e+00  0.000000e+00
     vertex -7.816987e+00  3.375000e+00  7.100000e-01
     vertex -7.767037e+00  3.495590e+00  7.100000e-01
   endloop
 endfacet
 facet normal -9.238795e-01  3.826834e-01  0.000000e+00
   outer loop
     vertex -7.767037e+00  3.495590e+00  0.000000e+00
     vertex -7.816987e+00  3.375000e+00  0.000000e+00
     vertex -7.816987e+00  3.375000e+00  7.100000e-01
   endloop
 endfacet
 facet normal -9.914449e-01  1.305262e-01  0.000000e+00
   outer loop
     vertex -7.750000e+00  3.625000e+00  0.000000e+00
     vertex -7.767037e+00  3.495590e+00  7.100000e-01
     vertex -7.750000e+00  3.625000e+00  7.100000e-01
   endloop
 endfacet
 facet normal -9.914449e-01  1.305262e-01  0.000000e+00
   outer loop
     vertex -7.750000e+00  3.625000e+00  0.000000e+00
     vertex -7.767037e+00  3.495590e+00  0.000000e+00
     vertex -7.767037e+00  3.495590e+00  7.100000e-01
   endloop
 endfacet
 facet normal -9.914449e-01 -1.305262e-01  0.000000e+00
   outer loop
     vertex -7.767037e+00  3.754410e+00  0.000000e+00
     vertex -7.750000e+00  3.625000e+00  7.100000e-01
     vertex -7.767037e+00  3.754410e+00  7.100000e-01
   endloop
 endfacet
 facet normal -9.914449e-01 -1.305262e-01  0.000000e+00
   outer loop
     vertex -7.767037e+00  3.754410e+00  0.000000e+00
     vertex -7.750000e+00  3.625000e+00  0.000000e+00
     vertex -7.750000e+00  3.625000e+00  7.100000e-01
   endloop
 endfacet
 facet normal -7.933533e-01 -6.087614e-01  0.000000e+00
   outer loop
     vertex -7.816987e+00  3.875000e+00  0.000000e+00
     vertex -7.816987e+00  3.875000e+00  7.100000e-01
     vertex -7.896447e+00  3.978553e+00  7.100000e-01
   endloop
 endfacet
 facet normal -9.238795e-01 -3.826834e-01  0.000000e+00
   outer loop
     vertex -7.816987e+00  3.875000e+00  0.000000e+00
     vertex -7.767037e+00  3.754410e+00  7.100000e-01
     vertex -7.816987e+00  3.875000e+00  7.100000e-01
   endloop
 endfacet
 facet normal -9.238795e-01 -3.826834e-01  0.000000e+00
   outer loop
     vertex -7.816987e+00  3.875000e+00  0.000000e+00
     vertex -7.767037e+00  3.754410e+00  0.000000e+00
     vertex -7.767037e+00  3.754410e+00  7.100000e-01
   endloop
 endfacet
 facet normal -6.087614e-01 -7.933533e-01  0.000000e+00
   outer loop
     vertex -7.896447e+00  3.978553e+00  0.000000e+00
     vertex -7.896447e+00  3.978553e+00  7.100000e-01
     vertex -8.000000e+00  4.058013e+00  7.100000e-01
   endloop
 endfacet
 facet normal -7.933533e-01 -6.087614e-01  0.000000e+00
   outer loop
     vertex -7.896447e+00  3.978553e+00  0.000000e+00
     vertex -7.816987e+00  3.875000e+00  0.000000e+00
     vertex -7.896447e+00  3.978553e+00  7.100000e-01
   endloop
 endfacet
 facet normal -6.087614e-01 -7.933533e-01  0.000000e+00
   outer loop
     vertex -8.000000e+00  4.058013e+00  0.000000e+00
     vertex -7.896447e+00  3.978553e+00  0.000000e+00
     vertex -8.000000e+00  4.058013e+00  7.100000e-01
   endloop
 endfacet
 facet normal -3.826834e-01 -9.238795e-01  0.000000e+00
   outer loop
     vertex -8.120590e+00  4.107963e+00  0.000000e+00
     vertex -8.000000e+00  4.058013e+00  0.000000e+00
     vertex -8.000000e+00  4.058013e+00  7.100000e-01
   endloop
 endfacet
 facet normal -1.305262e-01 -9.914449e-01  0.000000e+00
   outer loop
     vertex -8.120590e+00  4.107963e+00  0.000000e+00
     vertex -8.120590e+00  4.107963e+00  7.100000e-01
     vertex -8.250000e+00  4.125000e+00  7.100000e-01
   endloop
 endfacet
 facet normal -3.826834e-01 -9.238795e-01  0.000000e+00
   outer loop
     vertex -8.120590e+00  4.107963e+00  0.000000e+00
     vertex -8.000000e+00  4.058013e+00  7.100000e-01
     vertex -8.120590e+00  4.107963e+00  7.100000e-01
   endloop
 endfacet
 facet normal -1.305262e-01 -9.914449e-01  0.000000e+00
   outer loop
     vertex -8.250000e+00  4.125000e+00  0.000000e+00
     vertex -8.120590e+00  4.107963e+00  0.000000e+00
     vertex -8.250000e+00  4.125000e+00  7.100000e-01
   endloop
 endfacet
 facet normal  1.305262e-01 -9.914449e-01  0.000000e+00
   outer loop
     vertex -8.379410e+00  4.107963e+00  0.000000e+00
     vertex -8.250000e+00  4.125000e+00  0.000000e+00
     vertex -8.250000e+00  4.125000e+00  7.100000e-01
   endloop
 endfacet
 facet normal  1.305262e-01 -9.914449e-01  0.000000e+00
   outer loop
     vertex -8.379410e+00  4.107963e+00  0.000000e+00
     vertex -8.250000e+00  4.125000e+00  7.100000e-01
     vertex -8.379410e+00  4.107963e+00  7.100000e-01
   endloop
 endfacet
 facet normal  3.826834e-01 -9.238795e-01  0.000000e+00
   outer loop
     vertex -8.500000e+00  4.058013e+00  0.000000e+00
     vertex -8.379410e+00  4.107963e+00  0.000000e+00
     vertex -8.379410e+00  4.107963e+00  7.100000e-01
   endloop
 endfacet
 facet normal  3.826834e-01 -9.238795e-01  0.000000e+00
   outer loop
     vertex -8.500000e+00  4.058013e+00  0.000000e+00
     vertex -8.379410e+00  4.107963e+00  7.100000e-01
     vertex -8.500000e+00  4.058013e+00  7.100000e-01
   endloop
 endfacet
 facet normal  6.087614e-01 -7.933533e-01  0.000000e+00
   outer loop
     vertex -8.603553e+00  3.978553e+00  0.000000e+00
     vertex -8.500000e+00  4.058013e+00  0.000000e+00
     vertex -8.500000e+00  4.058013e+00  7.100000e-01
   endloop
 endfacet
 facet normal  6.087614e-01 -7.933533e-01  0.000000e+00
   outer loop
     vertex -8.603553e+00  3.978553e+00  0.000000e+00
     vertex -8.500000e+00  4.058013e+00  7.100000e-01
     vertex -8.603553e+00  3.978553e+00  7.100000e-01
   endloop
 endfacet
 facet normal  7.933533e-01 -6.087614e-01  0.000000e+00
   outer loop
     vertex -8.683013e+00  3.875000e+00  0.000000e+00
     vertex -8.603553e+00  3.978553e+00  0.000000e+00
     vertex -8.603553e+00  3.978553e+00  7.100000e-01
   endloop
 endfacet
 facet normal  7.933533e-01 -6.087614e-01  0.000000e+00
   outer loop
     vertex -8.683013e+00  3.875000e+00  0.000000e+00
     vertex -8.603553e+00  3.978553e+00  7.100000e-01
     vertex -8.683013e+00  3.875000e+00  7.100000e-01
   endloop
 endfacet
 facet normal  9.238795e-01 -3.826834e-01  0.000000e+00
   outer loop
     vertex -8.732963e+00  3.754410e+00  0.000000e+00
     vertex -8.683013e+00  3.875000e+00  0.000000e+00
     vertex -8.683013e+00  3.875000e+00  7.100000e-01
   endloop
 endfacet
 facet normal  9.238795e-01 -3.826834e-01  0.000000e+00
   outer loop
     vertex -8.732963e+00  3.754410e+00  0.000000e+00
     vertex -8.683013e+00  3.875000e+00  7.100000e-01
     vertex -8.732963e+00  3.754410e+00  7.100000e-01
   endloop
 endfacet
 facet normal  9.914449e-01 -1.305262e-01  0.000000e+00
   outer loop
     vertex -8.750000e+00  3.625000e+00  0.000000e+00
     vertex -8.732963e+00  3.754410e+00  0.000000e+00
     vertex -8.732963e+00  3.754410e+00  7.100000e-01
   endloop
 endfacet
 facet normal  9.914449e-01 -1.305262e-01  0.000000e+00
   outer loop
     vertex -8.750000e+00  3.625000e+00  0.000000e+00
     vertex -8.732963e+00  3.754410e+00  7.100000e-01
     vertex -8.750000e+00  3.625000e+00  7.100000e-01
   endloop
 endfacet
 facet normal  9.238795e-01  3.826834e-01 -0.000000e+00
   outer loop
     vertex -8.732963e+00  3.495590e+00  0.000000e+00
     vertex -8.732963e+00  3.495590e+00  7.100000e-01
     vertex -8.683013e+00  3.375000e+00  7.100000e-01
   endloop
 endfacet
 facet normal  9.914449e-01  1.305262e-01 -0.000000e+00
   outer loop
     vertex -8.732963e+00  3.495590e+00  0.000000e+00
     vertex -8.750000e+00  3.625000e+00  7.100000e-01
     vertex -8.732963e+00  3.495590e+00  7.100000e-01
   endloop
 endfacet
 facet normal  9.914449e-01  1.305262e-01  0.000000e+00
   outer loop
     vertex -8.732963e+00  3.495590e+00  0.000000e+00
     vertex -8.750000e+00  3.625000e+00  0.000000e+00
     vertex -8.750000e+00  3.625000e+00  7.100000e-01
   endloop
 endfacet
 facet normal  9.238795e-01  3.826834e-01 -0.000000e+00
   outer loop
     vertex -8.683013e+00  3.375000e+00  0.000000e+00
     vertex -8.732963e+00  3.495590e+00  0.000000e+00
     vertex -8.683013e+00  3.375000e+00  7.100000e-01
   endloop
 endfacet
 facet normal  7.933533e-01  6.087614e-01 -0.000000e+00
   outer loop
     vertex -8.683013e+00  3.375000e+00  0.000000e+00
     vertex -8.683013e+00  3.375000e+00  7.100000e-01
     vertex -8.603553e+00  3.271447e+00  7.100000e-01
   endloop
 endfacet
 facet normal  6.087614e-01  7.933533e-01 -0.000000e+00
   outer loop
     vertex -8.603553e+00  3.271447e+00  0.000000e+00
     vertex -8.603553e+00  3.271447e+00  7.100000e-01
     vertex -8.500000e+00  3.191987e+00  7.100000e-01
   endloop
 endfacet
 facet normal  7.933533e-01  6.087614e-01 -0.000000e+00
   outer loop
     vertex -8.603553e+00  3.271447e+00  0.000000e+00
     vertex -8.683013e+00  3.375000e+00  0.000000e+00
     vertex -8.603553e+00  3.271447e+00  7.100000e-01
   endloop
 endfacet
 facet normal  6.087614e-01  7.933533e-01 -0.000000e+00
   outer loop
     vertex -8.500000e+00  3.191987e+00  0.000000e+00
     vertex -8.603553e+00  3.271447e+00  0.000000e+00
     vertex -8.500000e+00  3.191987e+00  7.100000e-01
   endloop
 endfacet
 facet normal  3.826834e-01  9.238795e-01 -0.000000e+00
   outer loop
     vertex -8.379410e+00  3.142037e+00  0.000000e+00
     vertex -8.500000e+00  3.191987e+00  7.100000e-01
     vertex -8.379410e+00  3.142037e+00  7.100000e-01
   endloop
 endfacet
 facet normal  3.826834e-01  9.238795e-01  0.000000e+00
   outer loop
     vertex -8.379410e+00  3.142037e+00  0.000000e+00
     vertex -8.500000e+00  3.191987e+00  0.000000e+00
     vertex -8.500000e+00  3.191987e+00  7.100000e-01
   endloop
 endfacet
 facet normal  1.305262e-01  9.914449e-01 -0.000000e+00
   outer loop
     vertex -8.250000e+00  3.125000e+00  0.000000e+00
     vertex -8.379410e+00  3.142037e+00  7.100000e-01
     vertex -8.250000e+00  3.125000e+00  7.100000e-01
   endloop
 endfacet
 facet normal  1.305262e-01  9.914449e-01  0.000000e+00
   outer loop
     vertex -8.250000e+00  3.125000e+00  0.000000e+00
     vertex -8.379410e+00  3.142037e+00  0.000000e+00
     vertex -8.379410e+00  3.142037e+00  7.100000e-01
   endloop
 endfacet
 facet normal  9.999946e-01  3.282259e-03  0.000000e+00
   outer loop
     vertex -2.333183e+00  2.448364e+00  7.100000e-01
     vertex -2.349724e+00  7.487854e+00  0.000000e+00
     vertex -2.349724e+00  7.487854e+00  7.100000e-01
   endloop
 endfacet
 facet normal  9.999946e-01  3.282259e-03 -0.000000e+00
   outer loop
     vertex -2.333183e+00  2.448364e+00  0.000000e+00
     vertex -2.349724e+00  7.487854e+00  0.000000e+00
     vertex -2.333183e+00  2.448364e+00  7.100000e-01
   endloop
 endfacet
 facet normal  6.936469e-01 -7.203152e-01  0.000000e+00
   outer loop
     vertex -2.349724e+00  7.487854e+00  0.000000e+00
     vertex -1.177185e+00  8.616982e+00  0.000000e+00
     vertex -1.177185e+00  8.616982e+00  7.100000e-01
   endloop
 endfacet
 facet normal  6.936469e-01 -7.203152e-01  0.000000e+00
   outer loop
     vertex -2.349724e+00  7.487854e+00  0.000000e+00
     vertex -1.177185e+00  8.616982e+00  7.100000e-01
     vertex -2.349724e+00  7.487854e+00  7.100000e-01
   endloop
 endfacet
 facet normal  9.999816e-01  6.061873e-03  0.000000e+00
   outer loop
     vertex -2.313034e+00 -8.754650e-01  0.000000e+00
     vertex -2.333183e+00  2.448364e+00  0.000000e+00
     vertex -2.333183e+00  2.448364e+00  7.100000e-01
   endloop
 endfacet
 facet normal  9.999816e-01  6.061873e-03 -0.000000e+00
   outer loop
     vertex -2.313034e+00 -8.754650e-01  0.000000e+00
     vertex -2.333183e+00  2.448364e+00  7.100000e-01
     vertex -2.313034e+00 -8.754650e-01  7.100000e-01
   endloop
 endfacet
 facet normal  0.000000e+00 -1.000000e+00  0.000000e+00
   outer loop
     vertex -1.177185e+00  8.616982e+00  0.000000e+00
     vertex -4.133600e-02  8.616982e+00  0.000000e+00
     vertex -4.133600e-02  8.616982e+00  7.100000e-01
   endloop
 endfacet
 facet normal  0.000000e+00 -1.000000e+00  0.000000e+00
   outer loop
     vertex -1.177185e+00  8.616982e+00  0.000000e+00
     vertex -4.133600e-02  8.616982e+00  7.100000e-01
     vertex -1.177185e+00  8.616982e+00  7.100000e-01
   endloop
 endfacet
 facet normal  5.016127e-01  8.650923e-01  0.000000e+00
   outer loop
     vertex -1.636589e+00 -1.267693e+00  0.000000e+00
     vertex -2.313034e+00 -8.754650e-01  0.000000e+00
     vertex -2.313034e+00 -8.754650e-01  7.100000e-01
   endloop
 endfacet
 facet normal  5.016127e-01  8.650923e-01 -0.000000e+00
   outer loop
     vertex -1.636589e+00 -1.267693e+00  0.000000e+00
     vertex -2.313034e+00 -8.754650e-01  7.100000e-01
     vertex -1.636589e+00 -1.267693e+00  7.100000e-01
   endloop
 endfacet
 facet normal  0.000000e+00 -1.000000e+00  0.000000e+00
   outer loop
     vertex -4.133600e-02  8.616982e+00  0.000000e+00
     vertex  4.090900e-02  8.616982e+00  0.000000e+00
     vertex  4.090900e-02  8.616982e+00  7.100000e-01
   endloop
 endfacet
 facet normal  0.000000e+00 -1.000000e+00  0.000000e+00
   outer loop
     vertex -4.133600e-02  8.616982e+00  0.000000e+00
     vertex  4.090900e-02  8.616982e+00  7.100000e-01
     vertex -4.133600e-02  8.616982e+00  7.100000e-01
   endloop
 endfacet
 facet normal  8.664282e-01 -4.993018e-01  0.000000e+00
   outer loop
     vertex -2.311996e+00 -2.439713e+00  0.000000e+00
     vertex -1.636589e+00 -1.267693e+00  0.000000e+00
     vertex -1.636589e+00 -1.267693e+00  7.100000e-01
   endloop
 endfacet
 facet normal  8.664282e-01 -4.993018e-01  0.000000e+00
   outer loop
     vertex -2.311996e+00 -2.439713e+00  0.000000e+00
     vertex -1.636589e+00 -1.267693e+00  7.100000e-01
     vertex -2.311996e+00 -2.439713e+00  7.100000e-01
   endloop
 endfacet
 facet normal  0.000000e+00 -1.000000e+00  0.000000e+00
   outer loop
     vertex  4.090900e-02  8.616982e+00  0.000000e+00
     vertex  3.158028e+00  8.616982e+00  0.000000e+00
     vertex  3.158028e+00  8.616982e+00  7.100000e-01
   endloop
 endfacet
 facet normal  0.000000e+00 -1.000000e+00  0.000000e+00
   outer loop
     vertex  4.090900e-02  8.616982e+00  0.000000e+00
     vertex  3.158028e+00  8.616982e+00  7.100000e-01
     vertex  4.090900e-02  8.616982e+00  7.100000e-01
   endloop
 endfacet
 facet normal  1.000000e+00  0.000000e+00  0.000000e+00
   outer loop
     vertex -2.311996e+00 -2.622131e+00  0.000000e+00
     vertex -2.311996e+00 -2.439713e+00  0.000000e+00
     vertex -2.311996e+00 -2.439713e+00  7.100000e-01
   endloop
 endfacet
 facet normal  1.000000e+00  0.000000e+00  0.000000e+00
   outer loop
     vertex -2.311996e+00 -2.622131e+00  0.000000e+00
     vertex -2.311996e+00 -2.439713e+00  7.100000e-01
     vertex -2.311996e+00 -2.622131e+00  7.100000e-01
   endloop
 endfacet
 facet normal -6.650242e-01 -7.468218e-01  0.000000e+00
   outer loop
     vertex  3.158028e+00  8.616982e+00  0.000000e+00
     vertex  5.078331e+00  6.907005e+00  0.000000e+00
     vertex  5.078331e+00  6.907005e+00  7.100000e-01
   endloop
 endfacet
 facet normal -6.650242e-01 -7.468218e-01  0.000000e+00
   outer loop
     vertex  3.158028e+00  8.616982e+00  0.000000e+00
     vertex  5.078331e+00  6.907005e+00  7.100000e-01
     vertex  3.158028e+00  8.616982e+00  7.100000e-01
   endloop
 endfacet
 facet normal  7.019956e-01  7.121813e-01  0.000000e+00
   outer loop
     vertex  3.617900e-02 -4.936722e+00  0.000000e+00
     vertex -2.311996e+00 -2.622131e+00  0.000000e+00
     vertex -2.311996e+00 -2.622131e+00  7.100000e-01
   endloop
 endfacet
 facet normal  7.019956e-01  7.121813e-01 -0.000000e+00
   outer loop
     vertex  3.617900e-02 -4.936722e+00  0.000000e+00
     vertex -2.311996e+00 -2.622131e+00  7.100000e-01
     vertex  3.617900e-02 -4.936722e+00  7.100000e-01
   endloop
 endfacet
 facet normal -8.578528e-01 -5.138955e-01  0.000000e+00
   outer loop
     vertex  5.078331e+00  6.907005e+00  0.000000e+00
     vertex  6.253448e+00  4.945366e+00  0.000000e+00
     vertex  6.253448e+00  4.945366e+00  7.100000e-01
   endloop
 endfacet
 facet normal -8.578528e-01 -5.138955e-01  0.000000e+00
   outer loop
     vertex  5.078331e+00  6.907005e+00  0.000000e+00
     vertex  6.253448e+00  4.945366e+00  7.100000e-01
     vertex  5.078331e+00  6.907005e+00  7.100000e-01
   endloop
 endfacet
 facet normal -2.700347e-01  9.628506e-01  0.000000e+00
   outer loop
     vertex  6.810990e-01 -4.755852e+00  0.000000e+00
     vertex  3.617900e-02 -4.936722e+00  0.000000e+00
     vertex  3.617900e-02 -4.936722e+00  7.100000e-01
   endloop
 endfacet
 facet normal -2.700347e-01  9.628506e-01  0.000000e+00
   outer loop
     vertex  6.810990e-01 -4.755852e+00  0.000000e+00
     vertex  3.617900e-02 -4.936722e+00  7.100000e-01
     vertex  6.810990e-01 -4.755852e+00  7.100000e-01
   endloop
 endfacet
 facet normal -7.329095e-01  6.803261e-01  0.000000e+00
   outer loop
     vertex  6.253448e+00  4.945366e+00  0.000000e+00
     vertex  5.457642e+00  4.088051e+00  0.000000e+00
     vertex  5.457642e+00  4.088051e+00  7.100000e-01
   endloop
 endfacet
 facet normal -7.329095e-01  6.803261e-01  0.000000e+00
   outer loop
     vertex  6.253448e+00  4.945366e+00  0.000000e+00
     vertex  5.457642e+00  4.088051e+00  7.100000e-01
     vertex  6.253448e+00  4.945366e+00  7.100000e-01
   endloop
 endfacet
 facet normal -1.205727e-01  9.927045e-01  0.000000e+00
   outer loop
     vertex  8.087390e-01 -4.740349e+00  0.000000e+00
     vertex  6.810990e-01 -4.755852e+00  0.000000e+00
     vertex  6.810990e-01 -4.755852e+00  7.100000e-01
   endloop
 endfacet
 facet normal -1.205727e-01  9.927045e-01  0.000000e+00
   outer loop
     vertex  8.087390e-01 -4.740349e+00  0.000000e+00
     vertex  6.810990e-01 -4.755852e+00  7.100000e-01
     vertex  8.087390e-01 -4.740349e+00  7.100000e-01
   endloop
 endfacet
 facet normal -7.243927e-01  6.893876e-01  0.000000e+00
   outer loop
     vertex  5.457642e+00  4.088051e+00  0.000000e+00
     vertex  5.193054e+00  3.810028e+00  0.000000e+00
     vertex  5.193054e+00  3.810028e+00  7.100000e-01
   endloop
 endfacet
 facet normal -7.243927e-01  6.893876e-01  0.000000e+00
   outer loop
     vertex  5.457642e+00  4.088051e+00  0.000000e+00
     vertex  5.193054e+00  3.810028e+00  7.100000e-01
     vertex  5.457642e+00  4.088051e+00  7.100000e-01
   endloop
 endfacet
 facet normal  5.310327e-02  9.985890e-01  0.000000e+00
   outer loop
     vertex  1.051620e+00 -4.753265e+00  0.000000e+00
     vertex  8.087390e-01 -4.740349e+00  0.000000e+00
     vertex  8.087390e-01 -4.740349e+00  7.100000e-01
   endloop
 endfacet
 facet normal  5.310327e-02  9.985890e-01 -0.000000e+00
   outer loop
     vertex  1.051620e+00 -4.753265e+00  0.000000e+00
     vertex  8.087390e-01 -4.740349e+00  7.100000e-01
     vertex  1.051620e+00 -4.753265e+00  7.100000e-01
   endloop
 endfacet
 facet normal -6.975641e-01  7.165224e-01  0.000000e+00
   outer loop
     vertex  5.193054e+00  3.810028e+00  0.000000e+00
     vertex  5.096451e+00  3.715981e+00  0.000000e+00
     vertex  5.096451e+00  3.715981e+00  7.100000e-01
   endloop
 endfacet
 facet normal -6.975641e-01  7.165224e-01  0.000000e+00
   outer loop
     vertex  5.193054e+00  3.810028e+00  0.000000e+00
     vertex  5.096451e+00  3.715981e+00  7.100000e-01
     vertex  5.193054e+00  3.810028e+00  7.100000e-01
   endloop
 endfacet
 facet normal -6.465419e-03  9.999791e-01  0.000000e+00
   outer loop
     vertex  4.021667e+00 -4.734062e+00  0.000000e+00
     vertex  1.051620e+00 -4.753265e+00  0.000000e+00
     vertex  1.051620e+00 -4.753265e+00  7.100000e-01
   endloop
 endfacet
 facet normal -6.465419e-03  9.999791e-01  0.000000e+00
   outer loop
     vertex  4.021667e+00 -4.734062e+00  0.000000e+00
     vertex  1.051620e+00 -4.753265e+00  7.100000e-01
     vertex  4.021667e+00 -4.734062e+00  7.100000e-01
   endloop
 endfacet
 facet normal -9.614916e-01  2.748342e-01  0.000000e+00
   outer loop
     vertex  5.096451e+00  3.715981e+00  0.000000e+00
     vertex  4.925400e+00  3.117569e+00  0.000000e+00
     vertex  4.925400e+00  3.117569e+00  7.100000e-01
   endloop
 endfacet
 facet normal -9.614916e-01  2.748342e-01  0.000000e+00
   outer loop
     vertex  5.096451e+00  3.715981e+00  0.000000e+00
     vertex  4.925400e+00  3.117569e+00  7.100000e-01
     vertex  5.096451e+00  3.715981e+00  7.100000e-01
   endloop
 endfacet
 facet normal -9.167017e-01 -3.995723e-01  0.000000e+00
   outer loop
     vertex  3.847198e+00 -4.333794e+00  0.000000e+00
     vertex  4.021667e+00 -4.734062e+00  0.000000e+00
     vertex  4.021667e+00 -4.734062e+00  7.100000e-01
   endloop
 endfacet
 facet normal -9.167017e-01 -3.995723e-01  0.000000e+00
   outer loop
     vertex  3.847198e+00 -4.333794e+00  0.000000e+00
     vertex  4.021667e+00 -4.734062e+00  7.100000e-01
     vertex  3.847198e+00 -4.333794e+00  7.100000e-01
   endloop
 endfacet
 facet normal -9.992388e-01 -3.901122e-02  0.000000e+00
   outer loop
     vertex  4.925400e+00  3.117569e+00  0.000000e+00
     vertex  4.943497e+00  2.654030e+00  0.000000e+00
     vertex  4.943497e+00  2.654030e+00  7.100000e-01
   endloop
 endfacet
 facet normal -9.992388e-01 -3.901122e-02  0.000000e+00
   outer loop
     vertex  4.925400e+00  3.117569e+00  0.000000e+00
     vertex  4.943497e+00  2.654030e+00  7.100000e-01
     vertex  4.925400e+00  3.117569e+00  7.100000e-01
   endloop
 endfacet
 facet normal -7.968959e-01 -6.041166e-01  0.000000e+00
   outer loop
     vertex  3.051048e+00 -3.283585e+00  0.000000e+00
     vertex  3.847198e+00 -4.333794e+00  0.000000e+00
     vertex  3.847198e+00 -4.333794e+00  7.100000e-01
   endloop
 endfacet
 facet normal -7.968959e-01 -6.041166e-01  0.000000e+00
   outer loop
     vertex  3.051048e+00 -3.283585e+00  0.000000e+00
     vertex  3.847198e+00 -4.333794e+00  7.100000e-01
     vertex  3.051048e+00 -3.283585e+00  7.100000e-01
   endloop
 endfacet
 facet normal -9.999524e-01  9.759708e-03  0.000000e+00
   outer loop
     vertex  4.943497e+00  2.654030e+00  0.000000e+00
     vertex  4.928497e+00  1.117172e+00  0.000000e+00
     vertex  4.928497e+00  1.117172e+00  7.100000e-01
   endloop
 endfacet
 facet normal -9.999524e-01  9.759708e-03  0.000000e+00
   outer loop
     vertex  4.943497e+00  2.654030e+00  0.000000e+00
     vertex  4.928497e+00  1.117172e+00  7.100000e-01
     vertex  4.943497e+00  2.654030e+00  7.100000e-01
   endloop
 endfacet
 facet normal -8.853689e-01 -4.648891e-01  0.000000e+00
   outer loop
     vertex  1.987144e+00 -1.257408e+00  0.000000e+00
     vertex  3.051048e+00 -3.283585e+00  0.000000e+00
     vertex  3.051048e+00 -3.283585e+00  7.100000e-01
   endloop
 endfacet
 facet normal -8.853689e-01 -4.648891e-01  0.000000e+00
   outer loop
     vertex  1.987144e+00 -1.257408e+00  0.000000e+00
     vertex  3.051048e+00 -3.283585e+00  7.100000e-01
     vertex  1.987144e+00 -1.257408e+00  7.100000e-01
   endloop
 endfacet
 facet normal -7.422525e-01  6.701203e-01  0.000000e+00
   outer loop
     vertex  4.928497e+00  1.117172e+00  0.000000e+00
     vertex  4.366776e+00  4.949870e-01  0.000000e+00
     vertex  4.366776e+00  4.949870e-01  7.100000e-01
   endloop
 endfacet
 facet normal -7.422525e-01  6.701203e-01  0.000000e+00
   outer loop
     vertex  4.928497e+00  1.117172e+00  0.000000e+00
     vertex  4.366776e+00  4.949870e-01  7.100000e-01
     vertex  4.928497e+00  1.117172e+00  7.100000e-01
   endloop
 endfacet
 facet normal -5.073296e-01  8.617521e-01  0.000000e+00
   outer loop
     vertex  3.881485e+00 -1.421740e-01  0.000000e+00
     vertex  1.987144e+00 -1.257408e+00  0.000000e+00
     vertex  1.987144e+00 -1.257408e+00  7.100000e-01
   endloop
 endfacet
 facet normal -5.073296e-01  8.617521e-01  0.000000e+00
   outer loop
     vertex  3.881485e+00 -1.421740e-01  0.000000e+00
     vertex  1.987144e+00 -1.257408e+00  7.100000e-01
     vertex  3.881485e+00 -1.421740e-01  7.100000e-01
   endloop
 endfacet
 facet normal -7.456506e-01  6.663371e-01  0.000000e+00
   outer loop
     vertex  4.366776e+00  4.949870e-01  0.000000e+00
     vertex  4.019508e+00  1.063840e-01  0.000000e+00
     vertex  4.019508e+00  1.063840e-01  7.100000e-01
   endloop
 endfacet
 facet normal -7.456506e-01  6.663371e-01  0.000000e+00
   outer loop
     vertex  4.366776e+00  4.949870e-01  0.000000e+00
     vertex  4.019508e+00  1.063840e-01  7.100000e-01
     vertex  4.366776e+00  4.949870e-01  7.100000e-01
   endloop
 endfacet
 facet normal -8.956938e-01  4.446713e-01  0.000000e+00
   outer loop
     vertex  3.990005e+00  7.641600e-02  0.000000e+00
     vertex  3.881485e+00 -1.421740e-01  0.000000e+00
     vertex  3.881485e+00 -1.421740e-01  7.100000e-01
   endloop
 endfacet
 facet normal -8.956938e-01  4.446713e-01  0.000000e+00
   outer loop
     vertex  3.990005e+00  7.641600e-02  0.000000e+00
     vertex  3.881485e+00 -1.421740e-01  7.100000e-01
     vertex  3.990005e+00  7.641600e-02  7.100000e-01
   endloop
 endfacet
 facet normal -7.126138e-01  7.015565e-01  0.000000e+00
   outer loop
     vertex  4.019508e+00  1.063840e-01  0.000000e+00
     vertex  3.990005e+00  7.641600e-02  0.000000e+00
     vertex  3.990005e+00  7.641600e-02  7.100000e-01
   endloop
 endfacet
 facet normal -7.126138e-01  7.015565e-01  0.000000e+00
   outer loop
     vertex  4.019508e+00  1.063840e-01  0.000000e+00
     vertex  3.990005e+00  7.641600e-02  7.100000e-01
     vertex  4.019508e+00  1.063840e-01  7.100000e-01
   endloop
 endfacet
 facet normal -1.305262e-01  9.914449e-01  0.000000e+00
   outer loop
     vertex  9.649410e+00  6.923321e-01  0.000000e+00
     vertex  9.520000e+00  6.752950e-01  0.000000e+00
     vertex  9.520000e+00  6.752950e-01  7.100000e-01
   endloop
 endfacet
 facet normal -1.305262e-01  9.914449e-01  0.000000e+00
   outer loop
     vertex  9.649410e+00  6.923321e-01  0.000000e+00
     vertex  9.520000e+00  6.752950e-01  7.100000e-01
     vertex  9.649410e+00  6.923321e-01  7.100000e-01
   endloop
 endfacet
 facet normal -3.826834e-01  9.238795e-01  0.000000e+00
   outer loop
     vertex  9.770000e+00  7.422823e-01  0.000000e+00
     vertex  9.649410e+00  6.923321e-01  7.100000e-01
     vertex  9.770000e+00  7.422823e-01  7.100000e-01
   endloop
 endfacet
 facet normal -3.826834e-01  9.238795e-01  0.000000e+00
   outer loop
     vertex  9.770000e+00  7.422823e-01  0.000000e+00
     vertex  9.649410e+00  6.923321e-01  0.000000e+00
     vertex  9.649410e+00  6.923321e-01  7.100000e-01
   endloop
 endfacet
 facet normal -6.087614e-01  7.933533e-01  0.000000e+00
   outer loop
     vertex  9.873553e+00  8.217416e-01  0.000000e+00
     vertex  9.770000e+00  7.422823e-01  7.100000e-01
     vertex  9.873553e+00  8.217416e-01  7.100000e-01
   endloop
 endfacet
 facet normal -6.087614e-01  7.933533e-01  0.000000e+00
   outer loop
     vertex  9.873553e+00  8.217416e-01  0.000000e+00
     vertex  9.770000e+00  7.422823e-01  0.000000e+00
     vertex  9.770000e+00  7.422823e-01  7.100000e-01
   endloop
 endfacet
 facet normal -7.933533e-01  6.087614e-01  0.000000e+00
   outer loop
     vertex  9.953013e+00  9.252950e-01  0.000000e+00
     vertex  9.873553e+00  8.217416e-01  7.100000e-01
     vertex  9.953013e+00  9.252950e-01  7.100000e-01
   endloop
 endfacet
 facet normal -7.933533e-01  6.087614e-01  0.000000e+00
   outer loop
     vertex  9.953013e+00  9.252950e-01  0.000000e+00
     vertex  9.873553e+00  8.217416e-01  0.000000e+00
     vertex  9.873553e+00  8.217416e-01  7.100000e-01
   endloop
 endfacet
 facet normal -9.238795e-01  3.826834e-01  0.000000e+00
   outer loop
     vertex  1.000296e+01  1.045885e+00  0.000000e+00
     vertex  9.953013e+00  9.252950e-01  7.100000e-01
     vertex  1.000296e+01  1.045885e+00  7.100000e-01
   endloop
 endfacet
 facet normal -9.238795e-01  3.826834e-01  0.000000e+00
   outer loop
     vertex  1.000296e+01  1.045885e+00  0.000000e+00
     vertex  9.953013e+00  9.252950e-01  0.000000e+00
     vertex  9.953013e+00  9.252950e-01  7.100000e-01
   endloop
 endfacet
 facet normal -9.914449e-01  1.305262e-01  0.000000e+00
   outer loop
     vertex  1.002000e+01  1.175295e+00  0.000000e+00
     vertex  1.000296e+01  1.045885e+00  7.100000e-01
     vertex  1.002000e+01  1.175295e+00  7.100000e-01
   endloop
 endfacet
 facet normal -9.914449e-01  1.305262e-01  0.000000e+00
   outer loop
     vertex  1.002000e+01  1.175295e+00  0.000000e+00
     vertex  1.000296e+01  1.045885e+00  0.000000e+00
     vertex  1.000296e+01  1.045885e+00  7.100000e-01
   endloop
 endfacet
 facet normal -9.914449e-01 -1.305262e-01  0.000000e+00
   outer loop
     vertex  1.000296e+01  1.304705e+00  0.000000e+00
     vertex  1.002000e+01  1.175295e+00  7.100000e-01
     vertex  1.000296e+01  1.304705e+00  7.100000e-01
   endloop
 endfacet
 facet normal -9.914449e-01 -1.305262e-01  0.000000e+00
   outer loop
     vertex  1.000296e+01  1.304705e+00  0.000000e+00
     vertex  1.002000e+01  1.175295e+00  0.000000e+00
     vertex  1.002000e+01  1.175295e+00  7.100000e-01
   endloop
 endfacet
 facet normal -7.933533e-01 -6.087614e-01  0.000000e+00
   outer loop
     vertex  9.953013e+00  1.425295e+00  0.000000e+00
     vertex  9.953013e+00  1.425295e+00  7.100000e-01
     vertex  9.873553e+00  1.528848e+00  7.100000e-01
   endloop
 endfacet
 facet normal -9.238795e-01 -3.826834e-01  0.000000e+00
   outer loop
     vertex  9.953013e+00  1.425295e+00  0.000000e+00
     vertex  1.000296e+01  1.304705e+00  7.100000e-01
     vertex  9.953013e+00  1.425295e+00  7.100000e-01
   endloop
 endfacet
 facet normal -9.238795e-01 -3.826834e-01  0.000000e+00
   outer loop
     vertex  9.953013e+00  1.425295e+00  0.000000e+00
     vertex  1.000296e+01  1.304705e+00  0.000000e+00
     vertex  1.000296e+01  1.304705e+00  7.100000e-01
   endloop
 endfacet
 facet normal -6.087614e-01 -7.933533e-01  0.000000e+00
   outer loop
     vertex  9.873553e+00  1.528848e+00  0.000000e+00
     vertex  9.873553e+00  1.528848e+00  7.100000e-01
     vertex  9.770000e+00  1.608308e+00  7.100000e-01
   endloop
 endfacet
 facet normal -7.933533e-01 -6.087614e-01  0.000000e+00
   outer loop
     vertex  9.873553e+00  1.528848e+00  0.000000e+00
     vertex  9.953013e+00  1.425295e+00  0.000000e+00
     vertex  9.873553e+00  1.528848e+00  7.100000e-01
   endloop
 endfacet
 facet normal -6.087614e-01 -7.933533e-01  0.000000e+00
   outer loop
     vertex  9.770000e+00  1.608308e+00  0.000000e+00
     vertex  9.873553e+00  1.528848e+00  0.000000e+00
     vertex  9.770000e+00  1.608308e+00  7.100000e-01
   endloop
 endfacet
 facet normal -3.826834e-01 -9.238795e-01  0.000000e+00
   outer loop
     vertex  9.649410e+00  1.658258e+00  0.000000e+00
     vertex  9.770000e+00  1.608308e+00  0.000000e+00
     vertex  9.770000e+00  1.608308e+00  7.100000e-01
   endloop
 endfacet
 facet normal -1.305262e-01 -9.914449e-01  0.000000e+00
   outer loop
     vertex  9.649410e+00  1.658258e+00  0.000000e+00
     vertex  9.649410e+00  1.658258e+00  7.100000e-01
     vertex  9.520000e+00  1.675295e+00  7.100000e-01
   endloop
 endfacet
 facet normal -3.826834e-01 -9.238795e-01  0.000000e+00
   outer loop
     vertex  9.649410e+00  1.658258e+00  0.000000e+00
     vertex  9.770000e+00  1.608308e+00  7.100000e-01
     vertex  9.649410e+00  1.658258e+00  7.100000e-01
   endloop
 endfacet
 facet normal -1.305262e-01 -9.914449e-01  0.000000e+00
   outer loop
     vertex  9.520000e+00  1.675295e+00  0.000000e+00
     vertex  9.649410e+00  1.658258e+00  0.000000e+00
     vertex  9.520000e+00  1.675295e+00  7.100000e-01
   endloop
 endfacet
 facet normal  1.305262e-01 -9.914449e-01  0.000000e+00
   outer loop
     vertex  9.390590e+00  1.658258e+00  0.000000e+00
     vertex  9.520000e+00  1.675295e+00  0.000000e+00
     vertex  9.520000e+00  1.675295e+00  7.100000e-01
   endloop
 endfacet
 facet normal  1.305262e-01 -9.914449e-01  0.000000e+00
   outer loop
     vertex  9.390590e+00  1.658258e+00  0.000000e+00
     vertex  9.520000e+00  1.675295e+00  7.100000e-01
     vertex  9.390590e+00  1.658258e+00  7.100000e-01
   endloop
 endfacet
 facet normal  3.826834e-01 -9.238795e-01  0.000000e+00
   outer loop
     vertex  9.270000e+00  1.608308e+00  0.000000e+00
     vertex  9.390590e+00  1.658258e+00  0.000000e+00
     vertex  9.390590e+00  1.658258e+00  7.100000e-01
   endloop
 endfacet
 facet normal  3.826834e-01 -9.238795e-01  0.000000e+00
   outer loop
     vertex  9.270000e+00  1.608308e+00  0.000000e+00
     vertex  9.390590e+00  1.658258e+00  7.100000e-01
     vertex  9.270000e+00  1.608308e+00  7.100000e-01
   endloop
 endfacet
 facet normal  6.087614e-01 -7.933533e-01  0.000000e+00
   outer loop
     vertex  9.166447e+00  1.528848e+00  0.000000e+00
     vertex  9.270000e+00  1.608308e+00  0.000000e+00
     vertex  9.270000e+00  1.608308e+00  7.100000e-01
   endloop
 endfacet
 facet normal  6.087614e-01 -7.933533e-01  0.000000e+00
   outer loop
     vertex  9.166447e+00  1.528848e+00  0.000000e+00
     vertex  9.270000e+00  1.608308e+00  7.100000e-01
     vertex  9.166447e+00  1.528848e+00  7.100000e-01
   endloop
 endfacet
 facet normal  7.933533e-01 -6.087614e-01  0.000000e+00
   outer loop
     vertex  9.086987e+00  1.425295e+00  0.000000e+00
     vertex  9.166447e+00  1.528848e+00  0.000000e+00
     vertex  9.166447e+00  1.528848e+00  7.100000e-01
   endloop
 endfacet
 facet normal  7.933533e-01 -6.087614e-01  0.000000e+00
   outer loop
     vertex  9.086987e+00  1.425295e+00  0.000000e+00
     vertex  9.166447e+00  1.528848e+00  7.100000e-01
     vertex  9.086987e+00  1.425295e+00  7.100000e-01
   endloop
 endfacet
 facet normal  9.238795e-01 -3.826834e-01  0.000000e+00
   outer loop
     vertex  9.037037e+00  1.304705e+00  0.000000e+00
     vertex  9.086987e+00  1.425295e+00  0.000000e+00
     vertex  9.086987e+00  1.425295e+00  7.100000e-01
   endloop
 endfacet
 facet normal  9.238795e-01 -3.826834e-01  0.000000e+00
   outer loop
     vertex  9.037037e+00  1.304705e+00  0.000000e+00
     vertex  9.086987e+00  1.425295e+00  7.100000e-01
     vertex  9.037037e+00  1.304705e+00  7.100000e-01
   endloop
 endfacet
 facet normal  9.914449e-01 -1.305262e-01  0.000000e+00
   outer loop
     vertex  9.020000e+00  1.175295e+00  0.000000e+00
     vertex  9.037037e+00  1.304705e+00  0.000000e+00
     vertex  9.037037e+00  1.304705e+00  7.100000e-01
   endloop
 endfacet
 facet normal  9.914449e-01 -1.305262e-01  0.000000e+00
   outer loop
     vertex  9.020000e+00  1.175295e+00  0.000000e+00
     vertex  9.037037e+00  1.304705e+00  7.100000e-01
     vertex  9.020000e+00  1.175295e+00  7.100000e-01
   endloop
 endfacet
 facet normal  9.238795e-01  3.826834e-01 -0.000000e+00
   outer loop
     vertex  9.037037e+00  1.045885e+00  0.000000e+00
     vertex  9.037037e+00  1.045885e+00  7.100000e-01
     vertex  9.086987e+00  9.252950e-01  7.100000e-01
   endloop
 endfacet
 facet normal  9.914449e-01  1.305262e-01 -0.000000e+00
   outer loop
     vertex  9.037037e+00  1.045885e+00  0.000000e+00
     vertex  9.020000e+00  1.175295e+00  7.100000e-01
     vertex  9.037037e+00  1.045885e+00  7.100000e-01
   endloop
 endfacet
 facet normal  9.914449e-01  1.305262e-01  0.000000e+00
   outer loop
     vertex  9.037037e+00  1.045885e+00  0.000000e+00
     vertex  9.020000e+00  1.175295e+00  0.000000e+00
     vertex  9.020000e+00  1.175295e+00  7.100000e-01
   endloop
 endfacet
 facet normal  9.238795e-01  3.826834e-01 -0.000000e+00
   outer loop
     vertex  9.086987e+00  9.252950e-01  0.000000e+00
     vertex  9.037037e+00  1.045885e+00  0.000000e+00
     vertex  9.086987e+00  9.252950e-01  7.100000e-01
   endloop
 endfacet
 facet normal  7.933533e-01  6.087614e-01 -0.000000e+00
   outer loop
     vertex  9.086987e+00  9.252950e-01  0.000000e+00
     vertex  9.086987e+00  9.252950e-01  7.100000e-01
     vertex  9.166447e+00  8.217416e-01  7.100000e-01
   endloop
 endfacet
 facet normal  6.087614e-01  7.933533e-01 -0.000000e+00
   outer loop
     vertex  9.166447e+00  8.217416e-01  0.000000e+00
     vertex  9.166447e+00  8.217416e-01  7.100000e-01
     vertex  9.270000e+00  7.422823e-01  7.100000e-01
   endloop
 endfacet
 facet normal  7.933533e-01  6.087614e-01 -0.000000e+00
   outer loop
     vertex  9.166447e+00  8.217416e-01  0.000000e+00
     vertex  9.086987e+00  9.252950e-01  0.000000e+00
     vertex  9.166447e+00  8.217416e-01  7.100000e-01
   endloop
 endfacet
 facet normal  6.087614e-01  7.933533e-01 -0.000000e+00
   outer loop
     vertex  9.270000e+00  7.422823e-01  0.000000e+00
     vertex  9.166447e+00  8.217416e-01  0.000000e+00
     vertex  9.270000e+00  7.422823e-01  7.100000e-01
   endloop
 endfacet
 facet normal  3.826834e-01  9.238795e-01 -0.000000e+00
   outer loop
     vertex  9.390590e+00  6.923321e-01  0.000000e+00
     vertex  9.270000e+00  7.422823e-01  7.100000e-01
     vertex  9.390590e+00  6.923321e-01  7.100000e-01
   endloop
 endfacet
 facet normal  3.826834e-01  9.238795e-01  0.000000e+00
   outer loop
     vertex  9.390590e+00  6.923321e-01  0.000000e+00
     vertex  9.270000e+00  7.422823e-01  0.000000e+00
     vertex  9.270000e+00  7.422823e-01  7.100000e-01
   endloop
 endfacet
 facet normal  1.305262e-01  9.914449e-01 -0.000000e+00
   outer loop
     vertex  9.520000e+00  6.752950e-01  0.000000e+00
     vertex  9.390590e+00  6.923321e-01  7.100000e-01
     vertex  9.520000e+00  6.752950e-01  7.100000e-01
   endloop
 endfacet
 facet normal  1.305262e-01  9.914449e-01  0.000000e+00
   outer loop
     vertex  9.520000e+00  6.752950e-01  0.000000e+00
     vertex  9.390590e+00  6.923321e-01  0.000000e+00
     vertex  9.390590e+00  6.923321e-01  7.100000e-01
   endloop
 endfacet
 facet normal -1.305262e-01  9.914449e-01  0.000000e+00
   outer loop
     vertex  1.345941e+01 -5.906781e+00  0.000000e+00
     vertex  1.333000e+01 -5.923818e+00  0.000000e+00
     vertex  1.333000e+01 -5.923818e+00  7.100000e-01
   endloop
 endfacet
 facet normal -1.305262e-01  9.914449e-01  0.000000e+00
   outer loop
     vertex  1.345941e+01 -5.906781e+00  0.000000e+00
     vertex  1.333000e+01 -5.923818e+00  7.100000e-01
     vertex  1.345941e+01 -5.906781e+00  7.100000e-01
   endloop
 endfacet
 facet normal -3.826834e-01  9.238795e-01  0.000000e+00
   outer loop
     vertex  1.358000e+01 -5.856831e+00  0.000000e+00
     vertex  1.345941e+01 -5.906781e+00  7.100000e-01
     vertex  1.358000e+01 -5.856831e+00  7.100000e-01
   endloop
 endfacet
 facet normal -3.826834e-01  9.238795e-01  0.000000e+00
   outer loop
     vertex  1.358000e+01 -5.856831e+00  0.000000e+00
     vertex  1.345941e+01 -5.906781e+00  0.000000e+00
     vertex  1.345941e+01 -5.906781e+00  7.100000e-01
   endloop
 endfacet
 facet normal -6.087614e-01  7.933533e-01  0.000000e+00
   outer loop
     vertex  1.368355e+01 -5.777371e+00  0.000000e+00
     vertex  1.358000e+01 -5.856831e+00  7.100000e-01
     vertex  1.368355e+01 -5.777371e+00  7.100000e-01
   endloop
 endfacet
 facet normal -6.087614e-01  7.933533e-01  0.000000e+00
   outer loop
     vertex  1.368355e+01 -5.777371e+00  0.000000e+00
     vertex  1.358000e+01 -5.856831e+00  0.000000e+00
     vertex  1.358000e+01 -5.856831e+00  7.100000e-01
   endloop
 endfacet
 facet normal -7.933533e-01  6.087614e-01  0.000000e+00
   outer loop
     vertex  1.376301e+01 -5.673818e+00  0.000000e+00
     vertex  1.368355e+01 -5.777371e+00  7.100000e-01
     vertex  1.376301e+01 -5.673818e+00  7.100000e-01
   endloop
 endfacet
 facet normal -7.933533e-01  6.087614e-01  0.000000e+00
   outer loop
     vertex  1.376301e+01 -5.673818e+00  0.000000e+00
     vertex  1.368355e+01 -5.777371e+00  0.000000e+00
     vertex  1.368355e+01 -5.777371e+00  7.100000e-01
   endloop
 endfacet
 facet normal -9.238795e-01  3.826834e-01  0.000000e+00
   outer loop
     vertex  1.381296e+01 -5.553228e+00  0.000000e+00
     vertex  1.376301e+01 -5.673818e+00  7.100000e-01
     vertex  1.381296e+01 -5.553228e+00  7.100000e-01
   endloop
 endfacet
 facet normal -9.238795e-01  3.826834e-01  0.000000e+00
   outer loop
     vertex  1.381296e+01 -5.553228e+00  0.000000e+00
     vertex  1.376301e+01 -5.673818e+00  0.000000e+00
     vertex  1.376301e+01 -5.673818e+00  7.100000e-01
   endloop
 endfacet
 facet normal -9.914449e-01  1.305262e-01  0.000000e+00
   outer loop
     vertex  1.383000e+01 -5.423818e+00  0.000000e+00
     vertex  1.381296e+01 -5.553228e+00  7.100000e-01
     vertex  1.383000e+01 -5.423818e+00  7.100000e-01
   endloop
 endfacet
 facet normal -9.914449e-01  1.305262e-01  0.000000e+00
   outer loop
     vertex  1.383000e+01 -5.423818e+00  0.000000e+00
     vertex  1.381296e+01 -5.553228e+00  0.000000e+00
     vertex  1.381296e+01 -5.553228e+00  7.100000e-01
   endloop
 endfacet
 facet normal -9.914449e-01 -1.305262e-01  0.000000e+00
   outer loop
     vertex  1.381296e+01 -5.294408e+00  0.000000e+00
     vertex  1.383000e+01 -5.423818e+00  7.100000e-01
     vertex  1.381296e+01 -5.294408e+00  7.100000e-01
   endloop
 endfacet
 facet normal -9.914449e-01 -1.305262e-01  0.000000e+00
   outer loop
     vertex  1.381296e+01 -5.294408e+00  0.000000e+00
     vertex  1.383000e+01 -5.423818e+00  0.000000e+00
     vertex  1.383000e+01 -5.423818e+00  7.100000e-01
   endloop
 endfacet
 facet normal -7.933533e-01 -6.087614e-01  0.000000e+00
   outer loop
     vertex  1.376301e+01 -5.173818e+00  0.000000e+00
     vertex  1.376301e+01 -5.173818e+00  7.100000e-01
     vertex  1.368355e+01 -5.070265e+00  7.100000e-01
   endloop
 endfacet
 facet normal -9.238795e-01 -3.826834e-01  0.000000e+00
   outer loop
     vertex  1.376301e+01 -5.173818e+00  0.000000e+00
     vertex  1.381296e+01 -5.294408e+00  7.100000e-01
     vertex  1.376301e+01 -5.173818e+00  7.100000e-01
   endloop
 endfacet
 facet normal -9.238795e-01 -3.826834e-01  0.000000e+00
   outer loop
     vertex  1.376301e+01 -5.173818e+00  0.000000e+00
     vertex  1.381296e+01 -5.294408e+00  0.000000e+00
     vertex  1.381296e+01 -5.294408e+00  7.100000e-01
   endloop
 endfacet
 facet normal -6.087614e-01 -7.933533e-01  0.000000e+00
   outer loop
     vertex  1.368355e+01 -5.070265e+00  0.000000e+00
     vertex  1.368355e+01 -5.070265e+00  7.100000e-01
     vertex  1.358000e+01 -4.990805e+00  7.100000e-01
   endloop
 endfacet
 facet normal -7.933533e-01 -6.087614e-01  0.000000e+00
   outer loop
     vertex  1.368355e+01 -5.070265e+00  0.000000e+00
     vertex  1.376301e+01 -5.173818e+00  0.000000e+00
     vertex  1.368355e+01 -5.070265e+00  7.100000e-01
   endloop
 endfacet
 facet normal -6.087614e-01 -7.933533e-01  0.000000e+00
   outer loop
     vertex  1.358000e+01 -4.990805e+00  0.000000e+00
     vertex  1.368355e+01 -5.070265e+00  0.000000e+00
     vertex  1.358000e+01 -4.990805e+00  7.100000e-01
   endloop
 endfacet
 facet normal -3.826834e-01 -9.238795e-01  0.000000e+00
   outer loop
     vertex  1.345941e+01 -4.940855e+00  0.000000e+00
     vertex  1.358000e+01 -4.990805e+00  0.000000e+00
     vertex  1.358000e+01 -4.990805e+00  7.100000e-01
   endloop
 endfacet
 facet normal -1.305262e-01 -9.914449e-01  0.000000e+00
   outer loop
     vertex  1.345941e+01 -4.940855e+00  0.000000e+00
     vertex  1.345941e+01 -4.940855e+00  7.100000e-01
     vertex  1.333000e+01 -4.923818e+00  7.100000e-01
   endloop
 endfacet
 facet normal -3.826834e-01 -9.238795e-01  0.000000e+00
   outer loop
     vertex  1.345941e+01 -4.940855e+00  0.000000e+00
     vertex  1.358000e+01 -4.990805e+00  7.100000e-01
     vertex  1.345941e+01 -4.940855e+00  7.100000e-01
   endloop
 endfacet
 facet normal -1.305262e-01 -9.914449e-01  0.000000e+00
   outer loop
     vertex  1.333000e+01 -4.923818e+00  0.000000e+00
     vertex  1.345941e+01 -4.940855e+00  0.000000e+00
     vertex  1.333000e+01 -4.923818e+00  7.100000e-01
   endloop
 endfacet
 facet normal  1.305262e-01 -9.914449e-01  0.000000e+00
   outer loop
     vertex  1.320059e+01 -4.940855e+00  0.000000e+00
     vertex  1.333000e+01 -4.923818e+00  0.000000e+00
     vertex  1.333000e+01 -4.923818e+00  7.100000e-01
   endloop
 endfacet
 facet normal  1.305262e-01 -9.914449e-01  0.000000e+00
   outer loop
     vertex  1.320059e+01 -4.940855e+00  0.000000e+00
     vertex  1.333000e+01 -4.923818e+00  7.100000e-01
     vertex  1.320059e+01 -4.940855e+00  7.100000e-01
   endloop
 endfacet
 facet normal  3.826834e-01 -9.238795e-01  0.000000e+00
   outer loop
     vertex  1.308000e+01 -4.990805e+00  0.000000e+00
     vertex  1.320059e+01 -4.940855e+00  0.000000e+00
     vertex  1.320059e+01 -4.940855e+00  7.100000e-01
   endloop
 endfacet
 facet normal  3.826834e-01 -9.238795e-01  0.000000e+00
   outer loop
     vertex  1.308000e+01 -4.990805e+00  0.000000e+00
     vertex  1.320059e+01 -4.940855e+00  7.100000e-01
     vertex  1.308000e+01 -4.990805e+00  7.100000e-01
   endloop
 endfacet
 facet normal  6.087614e-01 -7.933533e-01  0.000000e+00
   outer loop
     vertex  1.297645e+01 -5.070265e+00  0.000000e+00
     vertex  1.308000e+01 -4.990805e+00  0.000000e+00
     vertex  1.308000e+01 -4.990805e+00  7.100000e-01
   endloop
 endfacet
 facet normal  6.087614e-01 -7.933533e-01  0.000000e+00
   outer loop
     vertex  1.297645e+01 -5.070265e+00  0.000000e+00
     vertex  1.308000e+01 -4.990805e+00  7.100000e-01
     vertex  1.297645e+01 -5.070265e+00  7.100000e-01
   endloop
 endfacet
 facet normal  7.933533e-01 -6.087614e-01  0.000000e+00
   outer loop
     vertex  1.289699e+01 -5.173818e+00  0.000000e+00
     vertex  1.297645e+01 -5.070265e+00  0.000000e+00
     vertex  1.297645e+01 -5.070265e+00  7.100000e-01
   endloop
 endfacet
 facet normal  7.933533e-01 -6.087614e-01  0.000000e+00
   outer loop
     vertex  1.289699e+01 -5.173818e+00  0.000000e+00
     vertex  1.297645e+01 -5.070265e+00  7.100000e-01
     vertex  1.289699e+01 -5.173818e+00  7.100000e-01
   endloop
 endfacet
 facet normal  9.238795e-01 -3.826834e-01  0.000000e+00
   outer loop
     vertex  1.284704e+01 -5.294408e+00  0.000000e+00
     vertex  1.289699e+01 -5.173818e+00  0.000000e+00
     vertex  1.289699e+01 -5.173818e+00  7.100000e-01
   endloop
 endfacet
 facet normal  9.238795e-01 -3.826834e-01  0.000000e+00
   outer loop
     vertex  1.284704e+01 -5.294408e+00  0.000000e+00
     vertex  1.289699e+01 -5.173818e+00  7.100000e-01
     vertex  1.284704e+01 -5.294408e+00  7.100000e-01
   endloop
 endfacet
 facet normal  9.914449e-01 -1.305262e-01  0.000000e+00
   outer loop
     vertex  1.283000e+01 -5.423818e+00  0.000000e+00
     vertex  1.284704e+01 -5.294408e+00  0.000000e+00
     vertex  1.284704e+01 -5.294408e+00  7.100000e-01
   endloop
 endfacet
 facet normal  9.914449e-01 -1.305262e-01  0.000000e+00
   outer loop
     vertex  1.283000e+01 -5.423818e+00  0.000000e+00
     vertex  1.284704e+01 -5.294408e+00  7.100000e-01
     vertex  1.283000e+01 -5.423818e+00  7.100000e-01
   endloop
 endfacet
 facet normal  9.238795e-01  3.826834e-01 -0.000000e+00
   outer loop
     vertex  1.284704e+01 -5.553228e+00  0.000000e+00
     vertex  1.284704e+01 -5.553228e+00  7.100000e-01
     vertex  1.289699e+01 -5.673818e+00  7.100000e-01
   endloop
 endfacet
 facet normal  9.914449e-01  1.305262e-01 -0.000000e+00
   outer loop
     vertex  1.284704e+01 -5.553228e+00  0.000000e+00
     vertex  1.283000e+01 -5.423818e+00  7.100000e-01
     vertex  1.284704e+01 -5.553228e+00  7.100000e-01
   endloop
 endfacet
 facet normal  9.914449e-01  1.305262e-01  0.000000e+00
   outer loop
     vertex  1.284704e+01 -5.553228e+00  0.000000e+00
     vertex  1.283000e+01 -5.423818e+00  0.000000e+00
     vertex  1.283000e+01 -5.423818e+00  7.100000e-01
   endloop
 endfacet
 facet normal  9.238795e-01  3.826834e-01 -0.000000e+00
   outer loop
     vertex  1.289699e+01 -5.673818e+00  0.000000e+00
     vertex  1.284704e+01 -5.553228e+00  0.000000e+00
     vertex  1.289699e+01 -5.673818e+00  7.100000e-01
   endloop
 endfacet
 facet normal  7.933533e-01  6.087614e-01 -0.000000e+00
   outer loop
     vertex  1.289699e+01 -5.673818e+00  0.000000e+00
     vertex  1.289699e+01 -5.673818e+00  7.100000e-01
     vertex  1.297645e+01 -5.777371e+00  7.100000e-01
   endloop
 endfacet
 facet normal  6.087614e-01  7.933533e-01 -0.000000e+00
   outer loop
     vertex  1.297645e+01 -5.777371e+00  0.000000e+00
     vertex  1.297645e+01 -5.777371e+00  7.100000e-01
     vertex  1.308000e+01 -5.856831e+00  7.100000e-01
   endloop
 endfacet
 facet normal  7.933533e-01  6.087614e-01 -0.000000e+00
   outer loop
     vertex  1.297645e+01 -5.777371e+00  0.000000e+00
     vertex  1.289699e+01 -5.673818e+00  0.000000e+00
     vertex  1.297645e+01 -5.777371e+00  7.100000e-01
   endloop
 endfacet
 facet normal  6.087614e-01  7.933533e-01 -0.000000e+00
   outer loop
     vertex  1.308000e+01 -5.856831e+00  0.000000e+00
     vertex  1.297645e+01 -5.777371e+00  0.000000e+00
     vertex  1.308000e+01 -5.856831e+00  7.100000e-01
   endloop
 endfacet
 facet normal  3.826834e-01  9.238795e-01 -0.000000e+00
   outer loop
     vertex  1.320059e+01 -5.906781e+00  0.000000e+00
     vertex  1.308000e+01 -5.856831e+00  7.100000e-01
     vertex  1.320059e+01 -5.906781e+00  7.100000e-01
   endloop
 endfacet
 facet normal  3.826834e-01  9.238795e-01  0.000000e+00
   outer loop
     vertex  1.320059e+01 -5.906781e+00  0.000000e+00
     vertex  1.308000e+01 -5.856831e+00  0.000000e+00
     vertex  1.308000e+01 -5.856831e+00  7.100000e-01
   endloop
 endfacet
 facet normal  1.305262e-01  9.914449e-01 -0.000000e+00
   outer loop
     vertex  1.333000e+01 -5.923818e+00  0.000000e+00
     vertex  1.320059e+01 -5.906781e+00  7.100000e-01
     vertex  1.333000e+01 -5.923818e+00  7.100000e-01
   endloop
 endfacet
 facet normal  1.305262e-01  9.914449e-01  0.000000e+00
   outer loop
     vertex  1.333000e+01 -5.923818e+00  0.000000e+00
     vertex  1.320059e+01 -5.906781e+00  0.000000e+00
     vertex  1.320059e+01 -5.906781e+00  7.100000e-01
   endloop
 endfacet
 facet normal -1.305262e-01  9.914449e-01  0.000000e+00
   outer loop
     vertex  1.218941e+01 -3.707077e+00  0.000000e+00
     vertex  1.206000e+01 -3.724114e+00  0.000000e+00
     vertex  1.206000e+01 -3.724114e+00  7.100000e-01
   endloop
 endfacet
 facet normal -1.305262e-01  9.914449e-01  0.000000e+00
   outer loop
     vertex  1.218941e+01 -3.707077e+00  0.000000e+00
     vertex  1.206000e+01 -3.724114e+00  7.100000e-01
     vertex  1.218941e+01 -3.707077e+00  7.100000e-01
   endloop
 endfacet
 facet normal -3.826834e-01  9.238795e-01  0.000000e+00
   outer loop
     vertex  1.231000e+01 -3.657127e+00  0.000000e+00
     vertex  1.218941e+01 -3.707077e+00  7.100000e-01
     vertex  1.231000e+01 -3.657127e+00  7.100000e-01
   endloop
 endfacet
 facet normal -3.826834e-01  9.238795e-01  0.000000e+00
   outer loop
     vertex  1.231000e+01 -3.657127e+00  0.000000e+00
     vertex  1.218941e+01 -3.707077e+00  0.000000e+00
     vertex  1.218941e+01 -3.707077e+00  7.100000e-01
   endloop
 endfacet
 facet normal -6.087614e-01  7.933533e-01  0.000000e+00
   outer loop
     vertex  1.241355e+01 -3.577667e+00  0.000000e+00
     vertex  1.231000e+01 -3.657127e+00  7.100000e-01
     vertex  1.241355e+01 -3.577667e+00  7.100000e-01
   endloop
 endfacet
 facet normal -6.087614e-01  7.933533e-01  0.000000e+00
   outer loop
     vertex  1.241355e+01 -3.577667e+00  0.000000e+00
     vertex  1.231000e+01 -3.657127e+00  0.000000e+00
     vertex  1.231000e+01 -3.657127e+00  7.100000e-01
   endloop
 endfacet
 facet normal -7.933533e-01  6.087614e-01  0.000000e+00
   outer loop
     vertex  1.249301e+01 -3.474114e+00  0.000000e+00
     vertex  1.241355e+01 -3.577667e+00  7.100000e-01
     vertex  1.249301e+01 -3.474114e+00  7.100000e-01
   endloop
 endfacet
 facet normal -7.933533e-01  6.087614e-01  0.000000e+00
   outer loop
     vertex  1.249301e+01 -3.474114e+00  0.000000e+00
     vertex  1.241355e+01 -3.577667e+00  0.000000e+00
     vertex  1.241355e+01 -3.577667e+00  7.100000e-01
   endloop
 endfacet
 facet normal -9.238795e-01  3.826834e-01  0.000000e+00
   outer loop
     vertex  1.254296e+01 -3.353524e+00  0.000000e+00
     vertex  1.249301e+01 -3.474114e+00  7.100000e-01
     vertex  1.254296e+01 -3.353524e+00  7.100000e-01
   endloop
 endfacet
 facet normal -9.238795e-01  3.826834e-01  0.000000e+00
   outer loop
     vertex  1.254296e+01 -3.353524e+00  0.000000e+00
     vertex  1.249301e+01 -3.474114e+00  0.000000e+00
     vertex  1.249301e+01 -3.474114e+00  7.100000e-01
   endloop
 endfacet
 facet normal -9.914449e-01  1.305262e-01  0.000000e+00
   outer loop
     vertex  1.256000e+01 -3.224114e+00  0.000000e+00
     vertex  1.254296e+01 -3.353524e+00  7.100000e-01
     vertex  1.256000e+01 -3.224114e+00  7.100000e-01
   endloop
 endfacet
 facet normal -9.914449e-01  1.305262e-01  0.000000e+00
   outer loop
     vertex  1.256000e+01 -3.224114e+00  0.000000e+00
     vertex  1.254296e+01 -3.353524e+00  0.000000e+00
     vertex  1.254296e+01 -3.353524e+00  7.100000e-01
   endloop
 endfacet
 facet normal -9.914449e-01 -1.305262e-01  0.000000e+00
   outer loop
     vertex  1.254296e+01 -3.094704e+00  0.000000e+00
     vertex  1.256000e+01 -3.224114e+00  7.100000e-01
     vertex  1.254296e+01 -3.094704e+00  7.100000e-01
   endloop
 endfacet
 facet normal -9.914449e-01 -1.305262e-01  0.000000e+00
   outer loop
     vertex  1.254296e+01 -3.094704e+00  0.000000e+00
     vertex  1.256000e+01 -3.224114e+00  0.000000e+00
     vertex  1.256000e+01 -3.224114e+00  7.100000e-01
   endloop
 endfacet
 facet normal -7.933533e-01 -6.087614e-01  0.000000e+00
   outer loop
     vertex  1.249301e+01 -2.974114e+00  0.000000e+00
     vertex  1.249301e+01 -2.974114e+00  7.100000e-01
     vertex  1.241355e+01 -2.870561e+00  7.100000e-01
   endloop
 endfacet
 facet normal -9.238795e-01 -3.826834e-01  0.000000e+00
   outer loop
     vertex  1.249301e+01 -2.974114e+00  0.000000e+00
     vertex  1.254296e+01 -3.094704e+00  7.100000e-01
     vertex  1.249301e+01 -2.974114e+00  7.100000e-01
   endloop
 endfacet
 facet normal -9.238795e-01 -3.826834e-01  0.000000e+00
   outer loop
     vertex  1.249301e+01 -2.974114e+00  0.000000e+00
     vertex  1.254296e+01 -3.094704e+00  0.000000e+00
     vertex  1.254296e+01 -3.094704e+00  7.100000e-01
   endloop
 endfacet
 facet normal -6.087614e-01 -7.933533e-01  0.000000e+00
   outer loop
     vertex  1.241355e+01 -2.870561e+00  0.000000e+00
     vertex  1.241355e+01 -2.870561e+00  7.100000e-01
     vertex  1.231000e+01 -2.791101e+00  7.100000e-01
   endloop
 endfacet
 facet normal -7.933533e-01 -6.087614e-01  0.000000e+00
   outer loop
     vertex  1.241355e+01 -2.870561e+00  0.000000e+00
     vertex  1.249301e+01 -2.974114e+00  0.000000e+00
     vertex  1.241355e+01 -2.870561e+00  7.100000e-01
   endloop
 endfacet
 facet normal -6.087614e-01 -7.933533e-01  0.000000e+00
   outer loop
     vertex  1.231000e+01 -2.791101e+00  0.000000e+00
     vertex  1.241355e+01 -2.870561e+00  0.000000e+00
     vertex  1.231000e+01 -2.791101e+00  7.100000e-01
   endloop
 endfacet
 facet normal -3.826834e-01 -9.238795e-01  0.000000e+00
   outer loop
     vertex  1.218941e+01 -2.741151e+00  0.000000e+00
     vertex  1.231000e+01 -2.791101e+00  0.000000e+00
     vertex  1.231000e+01 -2.791101e+00  7.100000e-01
   endloop
 endfacet
 facet normal -1.305262e-01 -9.914449e-01  0.000000e+00
   outer loop
     vertex  1.218941e+01 -2.741151e+00  0.000000e+00
     vertex  1.218941e+01 -2.741151e+00  7.100000e-01
     vertex  1.206000e+01 -2.724114e+00  7.100000e-01
   endloop
 endfacet
 facet normal -3.826834e-01 -9.238795e-01  0.000000e+00
   outer loop
     vertex  1.218941e+01 -2.741151e+00  0.000000e+00
     vertex  1.231000e+01 -2.791101e+00  7.100000e-01
     vertex  1.218941e+01 -2.741151e+00  7.100000e-01
   endloop
 endfacet
 facet normal -1.305262e-01 -9.914449e-01  0.000000e+00
   outer loop
     vertex  1.206000e+01 -2.724114e+00  0.000000e+00
     vertex  1.218941e+01 -2.741151e+00  0.000000e+00
     vertex  1.206000e+01 -2.724114e+00  7.100000e-01
   endloop
 endfacet
 facet normal  1.305262e-01 -9.914449e-01  0.000000e+00
   outer loop
     vertex  1.193059e+01 -2.741151e+00  0.000000e+00
     vertex  1.206000e+01 -2.724114e+00  0.000000e+00
     vertex  1.206000e+01 -2.724114e+00  7.100000e-01
   endloop
 endfacet
 facet normal  1.305262e-01 -9.914449e-01  0.000000e+00
   outer loop
     vertex  1.193059e+01 -2.741151e+00  0.000000e+00
     vertex  1.206000e+01 -2.724114e+00  7.100000e-01
     vertex  1.193059e+01 -2.741151e+00  7.100000e-01
   endloop
 endfacet
 facet normal  3.826834e-01 -9.238795e-01  0.000000e+00
   outer loop
     vertex  1.181000e+01 -2.791101e+00  0.000000e+00
     vertex  1.193059e+01 -2.741151e+00  0.000000e+00
     vertex  1.193059e+01 -2.741151e+00  7.100000e-01
   endloop
 endfacet
 facet normal  3.826834e-01 -9.238795e-01  0.000000e+00
   outer loop
     vertex  1.181000e+01 -2.791101e+00  0.000000e+00
     vertex  1.193059e+01 -2.741151e+00  7.100000e-01
     vertex  1.181000e+01 -2.791101e+00  7.100000e-01
   endloop
 endfacet
 facet normal  6.087614e-01 -7.933533e-01  0.000000e+00
   outer loop
     vertex  1.170645e+01 -2.870561e+00  0.000000e+00
     vertex  1.181000e+01 -2.791101e+00  0.000000e+00
     vertex  1.181000e+01 -2.791101e+00  7.100000e-01
   endloop
 endfacet
 facet normal  6.087614e-01 -7.933533e-01  0.000000e+00
   outer loop
     vertex  1.170645e+01 -2.870561e+00  0.000000e+00
     vertex  1.181000e+01 -2.791101e+00  7.100000e-01
     vertex  1.170645e+01 -2.870561e+00  7.100000e-01
   endloop
 endfacet
 facet normal  7.933533e-01 -6.087614e-01  0.000000e+00
   outer loop
     vertex  1.162699e+01 -2.974114e+00  0.000000e+00
     vertex  1.170645e+01 -2.870561e+00  0.000000e+00
     vertex  1.170645e+01 -2.870561e+00  7.100000e-01
   endloop
 endfacet
 facet normal  7.933533e-01 -6.087614e-01  0.000000e+00
   outer loop
     vertex  1.162699e+01 -2.974114e+00  0.000000e+00
     vertex  1.170645e+01 -2.870561e+00  7.100000e-01
     vertex  1.162699e+01 -2.974114e+00  7.100000e-01
   endloop
 endfacet
 facet normal  9.238795e-01 -3.826834e-01  0.000000e+00
   outer loop
     vertex  1.157704e+01 -3.094704e+00  0.000000e+00
     vertex  1.162699e+01 -2.974114e+00  0.000000e+00
     vertex  1.162699e+01 -2.974114e+00  7.100000e-01
   endloop
 endfacet
 facet normal  9.238795e-01 -3.826834e-01  0.000000e+00
   outer loop
     vertex  1.157704e+01 -3.094704e+00  0.000000e+00
     vertex  1.162699e+01 -2.974114e+00  7.100000e-01
     vertex  1.157704e+01 -3.094704e+00  7.100000e-01
   endloop
 endfacet
 facet normal  9.914449e-01 -1.305262e-01  0.000000e+00
   outer loop
     vertex  1.156000e+01 -3.224114e+00  0.000000e+00
     vertex  1.157704e+01 -3.094704e+00  0.000000e+00
     vertex  1.157704e+01 -3.094704e+00  7.100000e-01
   endloop
 endfacet
 facet normal  9.914449e-01 -1.305262e-01  0.000000e+00
   outer loop
     vertex  1.156000e+01 -3.224114e+00  0.000000e+00
     vertex  1.157704e+01 -3.094704e+00  7.100000e-01
     vertex  1.156000e+01 -3.224114e+00  7.100000e-01
   endloop
 endfacet
 facet normal  9.238795e-01  3.826834e-01 -0.000000e+00
   outer loop
     vertex  1.157704e+01 -3.353524e+00  0.000000e+00
     vertex  1.157704e+01 -3.353524e+00  7.100000e-01
     vertex  1.162699e+01 -3.474114e+00  7.100000e-01
   endloop
 endfacet
 facet normal  9.914449e-01  1.305262e-01 -0.000000e+00
   outer loop
     vertex  1.157704e+01 -3.353524e+00  0.000000e+00
     vertex  1.156000e+01 -3.224114e+00  7.100000e-01
     vertex  1.157704e+01 -3.353524e+00  7.100000e-01
   endloop
 endfacet
 facet normal  9.914449e-01  1.305262e-01  0.000000e+00
   outer loop
     vertex  1.157704e+01 -3.353524e+00  0.000000e+00
     vertex  1.156000e+01 -3.224114e+00  0.000000e+00
     vertex  1.156000e+01 -3.224114e+00  7.100000e-01
   endloop
 endfacet
 facet normal  9.238795e-01  3.826834e-01 -0.000000e+00
   outer loop
     vertex  1.162699e+01 -3.474114e+00  0.000000e+00
     vertex  1.157704e+01 -3.353524e+00  0.000000e+00
     vertex  1.162699e+01 -3.474114e+00  7.100000e-01
   endloop
 endfacet
 facet normal  7.933533e-01  6.087614e-01 -0.000000e+00
   outer loop
     vertex  1.162699e+01 -3.474114e+00  0.000000e+00
     vertex  1.162699e+01 -3.474114e+00  7.100000e-01
     vertex  1.170645e+01 -3.577667e+00  7.100000e-01
   endloop
 endfacet
 facet normal  6.087614e-01  7.933533e-01 -0.000000e+00
   outer loop
     vertex  1.170645e+01 -3.577667e+00  0.000000e+00
     vertex  1.170645e+01 -3.577667e+00  7.100000e-01
     vertex  1.181000e+01 -3.657127e+00  7.100000e-01
   endloop
 endfacet
 facet normal  7.933533e-01  6.087614e-01 -0.000000e+00
   outer loop
     vertex  1.170645e+01 -3.577667e+00  0.000000e+00
     vertex  1.162699e+01 -3.474114e+00  0.000000e+00
     vertex  1.170645e+01 -3.577667e+00  7.100000e-01
   endloop
 endfacet
 facet normal  6.087614e-01  7.933533e-01 -0.000000e+00
   outer loop
     vertex  1.181000e+01 -3.657127e+00  0.000000e+00
     vertex  1.170645e+01 -3.577667e+00  0.000000e+00
     vertex  1.181000e+01 -3.657127e+00  7.100000e-01
   endloop
 endfacet
 facet normal  3.826834e-01  9.238795e-01 -0.000000e+00
   outer loop
     vertex  1.193059e+01 -3.707077e+00  0.000000e+00
     vertex  1.181000e+01 -3.657127e+00  7.100000e-01
     vertex  1.193059e+01 -3.707077e+00  7.100000e-01
   endloop
 endfacet
 facet normal  3.826834e-01  9.238795e-01  0.000000e+00
   outer loop
     vertex  1.193059e+01 -3.707077e+00  0.000000e+00
     vertex  1.181000e+01 -3.657127e+00  0.000000e+00
     vertex  1.181000e+01 -3.657127e+00  7.100000e-01
   endloop
 endfacet
 facet normal  1.305262e-01  9.914449e-01 -0.000000e+00
   outer loop
     vertex  1.206000e+01 -3.724114e+00  0.000000e+00
     vertex  1.193059e+01 -3.707077e+00  7.100000e-01
     vertex  1.206000e+01 -3.724114e+00  7.100000e-01
   endloop
 endfacet
 facet normal  1.305262e-01  9.914449e-01  0.000000e+00
   outer loop
     vertex  1.206000e+01 -3.724114e+00  0.000000e+00
     vertex  1.193059e+01 -3.707077e+00  0.000000e+00
     vertex  1.193059e+01 -3.707077e+00  7.100000e-01
   endloop
 endfacet
 facet normal -1.305262e-01  9.914449e-01  0.000000e+00
   outer loop
     vertex  1.091941e+01 -1.507372e+00  0.000000e+00
     vertex  1.079000e+01 -1.524409e+00  0.000000e+00
     vertex  1.079000e+01 -1.524409e+00  7.100000e-01
   endloop
 endfacet
 facet normal -1.305262e-01  9.914449e-01  0.000000e+00
   outer loop
     vertex  1.091941e+01 -1.507372e+00  0.000000e+00
     vertex  1.079000e+01 -1.524409e+00  7.100000e-01
     vertex  1.091941e+01 -1.507372e+00  7.100000e-01
   endloop
 endfacet
 facet normal -3.826834e-01  9.238795e-01  0.000000e+00
   outer loop
     vertex  1.104000e+01 -1.457422e+00  0.000000e+00
     vertex  1.091941e+01 -1.507372e+00  7.100000e-01
     vertex  1.104000e+01 -1.457422e+00  7.100000e-01
   endloop
 endfacet
 facet normal -3.826834e-01  9.238795e-01  0.000000e+00
   outer loop
     vertex  1.104000e+01 -1.457422e+00  0.000000e+00
     vertex  1.091941e+01 -1.507372e+00  0.000000e+00
     vertex  1.091941e+01 -1.507372e+00  7.100000e-01
   endloop
 endfacet
 facet normal -6.087614e-01  7.933533e-01  0.000000e+00
   outer loop
     vertex  1.114355e+01 -1.377962e+00  0.000000e+00
     vertex  1.104000e+01 -1.457422e+00  7.100000e-01
     vertex  1.114355e+01 -1.377962e+00  7.100000e-01
   endloop
 endfacet
 facet normal -6.087614e-01  7.933533e-01  0.000000e+00
   outer loop
     vertex  1.114355e+01 -1.377962e+00  0.000000e+00
     vertex  1.104000e+01 -1.457422e+00  0.000000e+00
     vertex  1.104000e+01 -1.457422e+00  7.100000e-01
   endloop
 endfacet
 facet normal -7.933533e-01  6.087614e-01  0.000000e+00
   outer loop
     vertex  1.122301e+01 -1.274409e+00  0.000000e+00
     vertex  1.114355e+01 -1.377962e+00  7.100000e-01
     vertex  1.122301e+01 -1.274409e+00  7.100000e-01
   endloop
 endfacet
 facet normal -7.933533e-01  6.087614e-01  0.000000e+00
   outer loop
     vertex  1.122301e+01 -1.274409e+00  0.000000e+00
     vertex  1.114355e+01 -1.377962e+00  0.000000e+00
     vertex  1.114355e+01 -1.377962e+00  7.100000e-01
   endloop
 endfacet
 facet normal -9.238795e-01  3.826834e-01  0.000000e+00
   outer loop
     vertex  1.127296e+01 -1.153819e+00  0.000000e+00
     vertex  1.122301e+01 -1.274409e+00  7.100000e-01
     vertex  1.127296e+01 -1.153819e+00  7.100000e-01
   endloop
 endfacet
 facet normal -9.238795e-01  3.826834e-01  0.000000e+00
   outer loop
     vertex  1.127296e+01 -1.153819e+00  0.000000e+00
     vertex  1.122301e+01 -1.274409e+00  0.000000e+00
     vertex  1.122301e+01 -1.274409e+00  7.100000e-01
   endloop
 endfacet
 facet normal -9.914449e-01  1.305262e-01  0.000000e+00
   outer loop
     vertex  1.129000e+01 -1.024409e+00  0.000000e+00
     vertex  1.127296e+01 -1.153819e+00  7.100000e-01
     vertex  1.129000e+01 -1.024409e+00  7.100000e-01
   endloop
 endfacet
 facet normal -9.914449e-01  1.305262e-01  0.000000e+00
   outer loop
     vertex  1.129000e+01 -1.024409e+00  0.000000e+00
     vertex  1.127296e+01 -1.153819e+00  0.000000e+00
     vertex  1.127296e+01 -1.153819e+00  7.100000e-01
   endloop
 endfacet
 facet normal -9.914449e-01 -1.305262e-01  0.000000e+00
   outer loop
     vertex  1.127296e+01 -8.949995e-01  0.000000e+00
     vertex  1.129000e+01 -1.024409e+00  7.100000e-01
     vertex  1.127296e+01 -8.949995e-01  7.100000e-01
   endloop
 endfacet
 facet normal -9.914449e-01 -1.305262e-01  0.000000e+00
   outer loop
     vertex  1.127296e+01 -8.949995e-01  0.000000e+00
     vertex  1.129000e+01 -1.024409e+00  0.000000e+00
     vertex  1.129000e+01 -1.024409e+00  7.100000e-01
   endloop
 endfacet
 facet normal -7.933533e-01 -6.087614e-01  0.000000e+00
   outer loop
     vertex  1.122301e+01 -7.744090e-01  0.000000e+00
     vertex  1.122301e+01 -7.744090e-01  7.100000e-01
     vertex  1.114355e+01 -6.708556e-01  7.100000e-01
   endloop
 endfacet
 facet normal -9.238795e-01 -3.826834e-01  0.000000e+00
   outer loop
     vertex  1.122301e+01 -7.744090e-01  0.000000e+00
     vertex  1.127296e+01 -8.949995e-01  7.100000e-01
     vertex  1.122301e+01 -7.744090e-01  7.100000e-01
   endloop
 endfacet
 facet normal -9.238795e-01 -3.826834e-01  0.000000e+00
   outer loop
     vertex  1.122301e+01 -7.744090e-01  0.000000e+00
     vertex  1.127296e+01 -8.949995e-01  0.000000e+00
     vertex  1.127296e+01 -8.949995e-01  7.100000e-01
   endloop
 endfacet
 facet normal -6.087614e-01 -7.933533e-01  0.000000e+00
   outer loop
     vertex  1.114355e+01 -6.708556e-01  0.000000e+00
     vertex  1.114355e+01 -6.708556e-01  7.100000e-01
     vertex  1.104000e+01 -5.913963e-01  7.100000e-01
   endloop
 endfacet
 facet normal -7.933533e-01 -6.087614e-01  0.000000e+00
   outer loop
     vertex  1.114355e+01 -6.708556e-01  0.000000e+00
     vertex  1.122301e+01 -7.744090e-01  0.000000e+00
     vertex  1.114355e+01 -6.708556e-01  7.100000e-01
   endloop
 endfacet
 facet normal -6.087614e-01 -7.933533e-01  0.000000e+00
   outer loop
     vertex  1.104000e+01 -5.913963e-01  0.000000e+00
     vertex  1.114355e+01 -6.708556e-01  0.000000e+00
     vertex  1.104000e+01 -5.913963e-01  7.100000e-01
   endloop
 endfacet
 facet normal -3.826834e-01 -9.238795e-01  0.000000e+00
   outer loop
     vertex  1.091941e+01 -5.414461e-01  0.000000e+00
     vertex  1.104000e+01 -5.913963e-01  0.000000e+00
     vertex  1.104000e+01 -5.913963e-01  7.100000e-01
   endloop
 endfacet
 facet normal -1.305262e-01 -9.914449e-01  0.000000e+00
   outer loop
     vertex  1.091941e+01 -5.414461e-01  0.000000e+00
     vertex  1.091941e+01 -5.414461e-01  7.100000e-01
     vertex  1.079000e+01 -5.244090e-01  7.100000e-01
   endloop
 endfacet
 facet normal -3.826834e-01 -9.238795e-01  0.000000e+00
   outer loop
     vertex  1.091941e+01 -5.414461e-01  0.000000e+00
     vertex  1.104000e+01 -5.913963e-01  7.100000e-01
     vertex  1.091941e+01 -5.414461e-01  7.100000e-01
   endloop
 endfacet
 facet normal -1.305262e-01 -9.914449e-01  0.000000e+00
   outer loop
     vertex  1.079000e+01 -5.244090e-01  0.000000e+00
     vertex  1.091941e+01 -5.414461e-01  0.000000e+00
     vertex  1.079000e+01 -5.244090e-01  7.100000e-01
   endloop
 endfacet
 facet normal  1.305262e-01 -9.914449e-01  0.000000e+00
   outer loop
     vertex  1.066059e+01 -5.414461e-01  0.000000e+00
     vertex  1.079000e+01 -5.244090e-01  0.000000e+00
     vertex  1.079000e+01 -5.244090e-01  7.100000e-01
   endloop
 endfacet
 facet normal  1.305262e-01 -9.914449e-01  0.000000e+00
   outer loop
     vertex  1.066059e+01 -5.414461e-01  0.000000e+00
     vertex  1.079000e+01 -5.244090e-01  7.100000e-01
     vertex  1.066059e+01 -5.414461e-01  7.100000e-01
   endloop
 endfacet
 facet normal  3.826834e-01 -9.238795e-01  0.000000e+00
   outer loop
     vertex  1.054000e+01 -5.913963e-01  0.000000e+00
     vertex  1.066059e+01 -5.414461e-01  0.000000e+00
     vertex  1.066059e+01 -5.414461e-01  7.100000e-01
   endloop
 endfacet
 facet normal  3.826834e-01 -9.238795e-01  0.000000e+00
   outer loop
     vertex  1.054000e+01 -5.913963e-01  0.000000e+00
     vertex  1.066059e+01 -5.414461e-01  7.100000e-01
     vertex  1.054000e+01 -5.913963e-01  7.100000e-01
   endloop
 endfacet
 facet normal  6.087614e-01 -7.933533e-01  0.000000e+00
   outer loop
     vertex  1.043645e+01 -6.708556e-01  0.000000e+00
     vertex  1.054000e+01 -5.913963e-01  0.000000e+00
     vertex  1.054000e+01 -5.913963e-01  7.100000e-01
   endloop
 endfacet
 facet normal  6.087614e-01 -7.933533e-01  0.000000e+00
   outer loop
     vertex  1.043645e+01 -6.708556e-01  0.000000e+00
     vertex  1.054000e+01 -5.913963e-01  7.100000e-01
     vertex  1.043645e+01 -6.708556e-01  7.100000e-01
   endloop
 endfacet
 facet normal  7.933533e-01 -6.087614e-01  0.000000e+00
   outer loop
     vertex  1.035699e+01 -7.744090e-01  0.000000e+00
     vertex  1.043645e+01 -6.708556e-01  0.000000e+00
     vertex  1.043645e+01 -6.708556e-01  7.100000e-01
   endloop
 endfacet
 facet normal  7.933533e-01 -6.087614e-01  0.000000e+00
   outer loop
     vertex  1.035699e+01 -7.744090e-01  0.000000e+00
     vertex  1.043645e+01 -6.708556e-01  7.100000e-01
     vertex  1.035699e+01 -7.744090e-01  7.100000e-01
   endloop
 endfacet
 facet normal  9.238795e-01 -3.826834e-01  0.000000e+00
   outer loop
     vertex  1.030704e+01 -8.949995e-01  0.000000e+00
     vertex  1.035699e+01 -7.744090e-01  0.000000e+00
     vertex  1.035699e+01 -7.744090e-01  7.100000e-01
   endloop
 endfacet
 facet normal  9.238795e-01 -3.826834e-01  0.000000e+00
   outer loop
     vertex  1.030704e+01 -8.949995e-01  0.000000e+00
     vertex  1.035699e+01 -7.744090e-01  7.100000e-01
     vertex  1.030704e+01 -8.949995e-01  7.100000e-01
   endloop
 endfacet
 facet normal  9.914449e-01 -1.305262e-01  0.000000e+00
   outer loop
     vertex  1.029000e+01 -1.024409e+00  0.000000e+00
     vertex  1.030704e+01 -8.949995e-01  0.000000e+00
     vertex  1.030704e+01 -8.949995e-01  7.100000e-01
   endloop
 endfacet
 facet normal  9.914449e-01 -1.305262e-01  0.000000e+00
   outer loop
     vertex  1.029000e+01 -1.024409e+00  0.000000e+00
     vertex  1.030704e+01 -8.949995e-01  7.100000e-01
     vertex  1.029000e+01 -1.024409e+00  7.100000e-01
   endloop
 endfacet
 facet normal  9.238795e-01  3.826834e-01 -0.000000e+00
   outer loop
     vertex  1.030704e+01 -1.153819e+00  0.000000e+00
     vertex  1.030704e+01 -1.153819e+00  7.100000e-01
     vertex  1.035699e+01 -1.274409e+00  7.100000e-01
   endloop
 endfacet
 facet normal  9.914449e-01  1.305262e-01 -0.000000e+00
   outer loop
     vertex  1.030704e+01 -1.153819e+00  0.000000e+00
     vertex  1.029000e+01 -1.024409e+00  7.100000e-01
     vertex  1.030704e+01 -1.153819e+00  7.100000e-01
   endloop
 endfacet
 facet normal  9.914449e-01  1.305262e-01  0.000000e+00
   outer loop
     vertex  1.030704e+01 -1.153819e+00  0.000000e+00
     vertex  1.029000e+01 -1.024409e+00  0.000000e+00
     vertex  1.029000e+01 -1.024409e+00  7.100000e-01
   endloop
 endfacet
 facet normal  9.238795e-01  3.826834e-01 -0.000000e+00
   outer loop
     vertex  1.035699e+01 -1.274409e+00  0.000000e+00
     vertex  1.030704e+01 -1.153819e+00  0.000000e+00
     vertex  1.035699e+01 -1.274409e+00  7.100000e-01
   endloop
 endfacet
 facet normal  7.933533e-01  6.087614e-01 -0.000000e+00
   outer loop
     vertex  1.035699e+01 -1.274409e+00  0.000000e+00
     vertex  1.035699e+01 -1.274409e+00  7.100000e-01
     vertex  1.043645e+01 -1.377962e+00  7.100000e-01
   endloop
 endfacet
 facet normal  6.087614e-01  7.933533e-01 -0.000000e+00
   outer loop
     vertex  1.043645e+01 -1.377962e+00  0.000000e+00
     vertex  1.043645e+01 -1.377962e+00  7.100000e-01
     vertex  1.054000e+01 -1.457422e+00  7.100000e-01
   endloop
 endfacet
 facet normal  7.933533e-01  6.087614e-01 -0.000000e+00
   outer loop
     vertex  1.043645e+01 -1.377962e+00  0.000000e+00
     vertex  1.035699e+01 -1.274409e+00  0.000000e+00
     vertex  1.043645e+01 -1.377962e+00  7.100000e-01
   endloop
 endfacet
 facet normal  6.087614e-01  7.933533e-01 -0.000000e+00
   outer loop
     vertex  1.054000e+01 -1.457422e+00  0.000000e+00
     vertex  1.043645e+01 -1.377962e+00  0.000000e+00
     vertex  1.054000e+01 -1.457422e+00  7.100000e-01
   endloop
 endfacet
 facet normal  3.826834e-01  9.238795e-01 -0.000000e+00
   outer loop
     vertex  1.066059e+01 -1.507372e+00  0.000000e+00
     vertex  1.054000e+01 -1.457422e+00  7.100000e-01
     vertex  1.066059e+01 -1.507372e+00  7.100000e-01
   endloop
 endfacet
 facet normal  3.826834e-01  9.238795e-01  0.000000e+00
   outer loop
     vertex  1.066059e+01 -1.507372e+00  0.000000e+00
     vertex  1.054000e+01 -1.457422e+00  0.000000e+00
     vertex  1.054000e+01 -1.457422e+00  7.100000e-01
   endloop
 endfacet
 facet normal  1.305262e-01  9.914449e-01 -0.000000e+00
   outer loop
     vertex  1.079000e+01 -1.524409e+00  0.000000e+00
     vertex  1.066059e+01 -1.507372e+00  7.100000e-01
     vertex  1.079000e+01 -1.524409e+00  7.100000e-01
   endloop
 endfacet
 facet normal  1.305262e-01  9.914449e-01  0.000000e+00
   outer loop
     vertex  1.079000e+01 -1.524409e+00  0.000000e+00
     vertex  1.066059e+01 -1.507372e+00  0.000000e+00
     vertex  1.066059e+01 -1.507372e+00  7.100000e-01
   endloop
 endfacet
 facet normal -1.305262e-01  9.914449e-01  0.000000e+00
   outer loop
     vertex  8.379410e+00  2.892037e+00  0.000000e+00
     vertex  8.250000e+00  2.875000e+00  0.000000e+00
     vertex  8.250000e+00  2.875000e+00  7.100000e-01
   endloop
 endfacet
 facet normal -1.305262e-01  9.914449e-01  0.000000e+00
   outer loop
     vertex  8.379410e+00  2.892037e+00  0.000000e+00
     vertex  8.250000e+00  2.875000e+00  7.100000e-01
     vertex  8.379410e+00  2.892037e+00  7.100000e-01
   endloop
 endfacet
 facet normal -3.826834e-01  9.238795e-01  0.000000e+00
   outer loop
     vertex  8.500000e+00  2.941987e+00  0.000000e+00
     vertex  8.379410e+00  2.892037e+00  7.100000e-01
     vertex  8.500000e+00  2.941987e+00  7.100000e-01
   endloop
 endfacet
 facet normal -3.826834e-01  9.238795e-01  0.000000e+00
   outer loop
     vertex  8.500000e+00  2.941987e+00  0.000000e+00
     vertex  8.379410e+00  2.892037e+00  0.000000e+00
     vertex  8.379410e+00  2.892037e+00  7.100000e-01
   endloop
 endfacet
 facet normal -6.087614e-01  7.933533e-01  0.000000e+00
   outer loop
     vertex  8.603553e+00  3.021447e+00  0.000000e+00
     vertex  8.500000e+00  2.941987e+00  7.100000e-01
     vertex  8.603553e+00  3.021447e+00  7.100000e-01
   endloop
 endfacet
 facet normal -6.087614e-01  7.933533e-01  0.000000e+00
   outer loop
     vertex  8.603553e+00  3.021447e+00  0.000000e+00
     vertex  8.500000e+00  2.941987e+00  0.000000e+00
     vertex  8.500000e+00  2.941987e+00  7.100000e-01
   endloop
 endfacet
 facet normal -7.933533e-01  6.087614e-01  0.000000e+00
   outer loop
     vertex  8.683013e+00  3.125000e+00  0.000000e+00
     vertex  8.603553e+00  3.021447e+00  7.100000e-01
     vertex  8.683013e+00  3.125000e+00  7.100000e-01
   endloop
 endfacet
 facet normal -7.933533e-01  6.087614e-01  0.000000e+00
   outer loop
     vertex  8.683013e+00  3.125000e+00  0.000000e+00
     vertex  8.603553e+00  3.021447e+00  0.000000e+00
     vertex  8.603553e+00  3.021447e+00  7.100000e-01
   endloop
 endfacet
 facet normal -9.238795e-01  3.826834e-01  0.000000e+00
   outer loop
     vertex  8.732963e+00  3.245590e+00  0.000000e+00
     vertex  8.683013e+00  3.125000e+00  7.100000e-01
     vertex  8.732963e+00  3.245590e+00  7.100000e-01
   endloop
 endfacet
 facet normal -9.238795e-01  3.826834e-01  0.000000e+00
   outer loop
     vertex  8.732963e+00  3.245590e+00  0.000000e+00
     vertex  8.683013e+00  3.125000e+00  0.000000e+00
     vertex  8.683013e+00  3.125000e+00  7.100000e-01
   endloop
 endfacet
 facet normal -9.914449e-01  1.305262e-01  0.000000e+00
   outer loop
     vertex  8.750000e+00  3.375000e+00  0.000000e+00
     vertex  8.732963e+00  3.245590e+00  7.100000e-01
     vertex  8.750000e+00  3.375000e+00  7.100000e-01
   endloop
 endfacet
 facet normal -9.914449e-01  1.305262e-01  0.000000e+00
   outer loop
     vertex  8.750000e+00  3.375000e+00  0.000000e+00
     vertex  8.732963e+00  3.245590e+00  0.000000e+00
     vertex  8.732963e+00  3.245590e+00  7.100000e-01
   endloop
 endfacet
 facet normal -9.914449e-01 -1.305262e-01  0.000000e+00
   outer loop
     vertex  8.732963e+00  3.504410e+00  0.000000e+00
     vertex  8.750000e+00  3.375000e+00  7.100000e-01
     vertex  8.732963e+00  3.504410e+00  7.100000e-01
   endloop
 endfacet
 facet normal -9.914449e-01 -1.305262e-01  0.000000e+00
   outer loop
     vertex  8.732963e+00  3.504410e+00  0.000000e+00
     vertex  8.750000e+00  3.375000e+00  0.000000e+00
     vertex  8.750000e+00  3.375000e+00  7.100000e-01
   endloop
 endfacet
 facet normal -7.933533e-01 -6.087614e-01  0.000000e+00
   outer loop
     vertex  8.683013e+00  3.625000e+00  0.000000e+00
     vertex  8.683013e+00  3.625000e+00  7.100000e-01
     vertex  8.603553e+00  3.728553e+00  7.100000e-01
   endloop
 endfacet
 facet normal -9.238795e-01 -3.826834e-01  0.000000e+00
   outer loop
     vertex  8.683013e+00  3.625000e+00  0.000000e+00
     vertex  8.732963e+00  3.504410e+00  7.100000e-01
     vertex  8.683013e+00  3.625000e+00  7.100000e-01
   endloop
 endfacet
 facet normal -9.238795e-01 -3.826834e-01  0.000000e+00
   outer loop
     vertex  8.683013e+00  3.625000e+00  0.000000e+00
     vertex  8.732963e+00  3.504410e+00  0.000000e+00
     vertex  8.732963e+00  3.504410e+00  7.100000e-01
   endloop
 endfacet
 facet normal -6.087614e-01 -7.933533e-01  0.000000e+00
   outer loop
     vertex  8.603553e+00  3.728553e+00  0.000000e+00
     vertex  8.603553e+00  3.728553e+00  7.100000e-01
     vertex  8.500000e+00  3.808013e+00  7.100000e-01
   endloop
 endfacet
 facet normal -7.933533e-01 -6.087614e-01  0.000000e+00
   outer loop
     vertex  8.603553e+00  3.728553e+00  0.000000e+00
     vertex  8.683013e+00  3.625000e+00  0.000000e+00
     vertex  8.603553e+00  3.728553e+00  7.100000e-01
   endloop
 endfacet
 facet normal -6.087614e-01 -7.933533e-01  0.000000e+00
   outer loop
     vertex  8.500000e+00  3.808013e+00  0.000000e+00
     vertex  8.603553e+00  3.728553e+00  0.000000e+00
     vertex  8.500000e+00  3.808013e+00  7.100000e-01
   endloop
 endfacet
 facet normal -3.826834e-01 -9.238795e-01  0.000000e+00
   outer loop
     vertex  8.379410e+00  3.857963e+00  0.000000e+00
     vertex  8.500000e+00  3.808013e+00  0.000000e+00
     vertex  8.500000e+00  3.808013e+00  7.100000e-01
   endloop
 endfacet
 facet normal -1.305262e-01 -9.914449e-01  0.000000e+00
   outer loop
     vertex  8.379410e+00  3.857963e+00  0.000000e+00
     vertex  8.379410e+00  3.857963e+00  7.100000e-01
     vertex  8.250000e+00  3.875000e+00  7.100000e-01
   endloop
 endfacet
 facet normal -3.826834e-01 -9.238795e-01  0.000000e+00
   outer loop
     vertex  8.379410e+00  3.857963e+00  0.000000e+00
     vertex  8.500000e+00  3.808013e+00  7.100000e-01
     vertex  8.379410e+00  3.857963e+00  7.100000e-01
   endloop
 endfacet
 facet normal -1.305262e-01 -9.914449e-01  0.000000e+00
   outer loop
     vertex  8.250000e+00  3.875000e+00  0.000000e+00
     vertex  8.379410e+00  3.857963e+00  0.000000e+00
     vertex  8.250000e+00  3.875000e+00  7.100000e-01
   endloop
 endfacet
 facet normal  1.305262e-01 -9.914449e-01  0.000000e+00
   outer loop
     vertex  8.120590e+00  3.857963e+00  0.000000e+00
     vertex  8.250000e+00  3.875000e+00  0.000000e+00
     vertex  8.250000e+00  3.875000e+00  7.100000e-01
   endloop
 endfacet
 facet normal  1.305262e-01 -9.914449e-01  0.000000e+00
   outer loop
     vertex  8.120590e+00  3.857963e+00  0.000000e+00
     vertex  8.250000e+00  3.875000e+00  7.100000e-01
     vertex  8.120590e+00  3.857963e+00  7.100000e-01
   endloop
 endfacet
 facet normal  3.826834e-01 -9.238795e-01  0.000000e+00
   outer loop
     vertex  8.000000e+00  3.808013e+00  0.000000e+00
     vertex  8.120590e+00  3.857963e+00  0.000000e+00
     vertex  8.120590e+00  3.857963e+00  7.100000e-01
   endloop
 endfacet
 facet normal  3.826834e-01 -9.238795e-01  0.000000e+00
   outer loop
     vertex  8.000000e+00  3.808013e+00  0.000000e+00
     vertex  8.120590e+00  3.857963e+00  7.100000e-01
     vertex  8.000000e+00  3.808013e+00  7.100000e-01
   endloop
 endfacet
 facet normal  6.087614e-01 -7.933533e-01  0.000000e+00
   outer loop
     vertex  7.896447e+00  3.728553e+00  0.000000e+00
     vertex  8.000000e+00  3.808013e+00  0.000000e+00
     vertex  8.000000e+00  3.808013e+00  7.100000e-01
   endloop
 endfacet
 facet normal  6.087614e-01 -7.933533e-01  0.000000e+00
   outer loop
     vertex  7.896447e+00  3.728553e+00  0.000000e+00
     vertex  8.000000e+00  3.808013e+00  7.100000e-01
     vertex  7.896447e+00  3.728553e+00  7.100000e-01
   endloop
 endfacet
 facet normal  7.933533e-01 -6.087614e-01  0.000000e+00
   outer loop
     vertex  7.816987e+00  3.625000e+00  0.000000e+00
     vertex  7.896447e+00  3.728553e+00  0.000000e+00
     vertex  7.896447e+00  3.728553e+00  7.100000e-01
   endloop
 endfacet
 facet normal  7.933533e-01 -6.087614e-01  0.000000e+00
   outer loop
     vertex  7.816987e+00  3.625000e+00  0.000000e+00
     vertex  7.896447e+00  3.728553e+00  7.100000e-01
     vertex  7.816987e+00  3.625000e+00  7.100000e-01
   endloop
 endfacet
 facet normal  9.238795e-01 -3.826834e-01  0.000000e+00
   outer loop
     vertex  7.767037e+00  3.504410e+00  0.000000e+00
     vertex  7.816987e+00  3.625000e+00  0.000000e+00
     vertex  7.816987e+00  3.625000e+00  7.100000e-01
   endloop
 endfacet
 facet normal  9.238795e-01 -3.826834e-01  0.000000e+00
   outer loop
     vertex  7.767037e+00  3.504410e+00  0.000000e+00
     vertex  7.816987e+00  3.625000e+00  7.100000e-01
     vertex  7.767037e+00  3.504410e+00  7.100000e-01
   endloop
 endfacet
 facet normal  9.914449e-01 -1.305262e-01  0.000000e+00
   outer loop
     vertex  7.750000e+00  3.375000e+00  0.000000e+00
     vertex  7.767037e+00  3.504410e+00  0.000000e+00
     vertex  7.767037e+00  3.504410e+00  7.100000e-01
   endloop
 endfacet
 facet normal  9.914449e-01 -1.305262e-01  0.000000e+00
   outer loop
     vertex  7.750000e+00  3.375000e+00  0.000000e+00
     vertex  7.767037e+00  3.504410e+00  7.100000e-01
     vertex  7.750000e+00  3.375000e+00  7.100000e-01
   endloop
 endfacet
 facet normal  9.238795e-01  3.826834e-01 -0.000000e+00
   outer loop
     vertex  7.767037e+00  3.245590e+00  0.000000e+00
     vertex  7.767037e+00  3.245590e+00  7.100000e-01
     vertex  7.816987e+00  3.125000e+00  7.100000e-01
   endloop
 endfacet
 facet normal  9.914449e-01  1.305262e-01 -0.000000e+00
   outer loop
     vertex  7.767037e+00  3.245590e+00  0.000000e+00
     vertex  7.750000e+00  3.375000e+00  7.100000e-01
     vertex  7.767037e+00  3.245590e+00  7.100000e-01
   endloop
 endfacet
 facet normal  9.914449e-01  1.305262e-01  0.000000e+00
   outer loop
     vertex  7.767037e+00  3.245590e+00  0.000000e+00
     vertex  7.750000e+00  3.375000e+00  0.000000e+00
     vertex  7.750000e+00  3.375000e+00  7.100000e-01
   endloop
 endfacet
 facet normal  9.238795e-01  3.826834e-01 -0.000000e+00
   outer loop
     vertex  7.816987e+00  3.125000e+00  0.000000e+00
     vertex  7.767037e+00  3.245590e+00  0.000000e+00
     vertex  7.816987e+00  3.125000e+00  7.100000e-01
   endloop
 endfacet
 facet normal  7.933533e-01  6.087614e-01 -0.000000e+00
   outer loop
     vertex  7.816987e+00  3.125000e+00  0.000000e+00
     vertex  7.816987e+00  3.125000e+00  7.100000e-01
     vertex  7.896447e+00  3.021447e+00  7.100000e-01
   endloop
 endfacet
 facet normal  6.087614e-01  7.933533e-01 -0.000000e+00
   outer loop
     vertex  7.896447e+00  3.021447e+00  0.000000e+00
     vertex  7.896447e+00  3.021447e+00  7.100000e-01
     vertex  8.000000e+00  2.941987e+00  7.100000e-01
   endloop
 endfacet
 facet normal  7.933533e-01  6.087614e-01 -0.000000e+00
   outer loop
     vertex  7.896447e+00  3.021447e+00  0.000000e+00
     vertex  7.816987e+00  3.125000e+00  0.000000e+00
     vertex  7.896447e+00  3.021447e+00  7.100000e-01
   endloop
 endfacet
 facet normal  6.087614e-01  7.933533e-01 -0.000000e+00
   outer loop
     vertex  8.000000e+00  2.941987e+00  0.000000e+00
     vertex  7.896447e+00  3.021447e+00  0.000000e+00
     vertex  8.000000e+00  2.941987e+00  7.100000e-01
   endloop
 endfacet
 facet normal  3.826834e-01  9.238795e-01 -0.000000e+00
   outer loop
     vertex  8.120590e+00  2.892037e+00  0.000000e+00
     vertex  8.000000e+00  2.941987e+00  7.100000e-01
     vertex  8.120590e+00  2.892037e+00  7.100000e-01
   endloop
 endfacet
 facet normal  3.826834e-01  9.238795e-01  0.000000e+00
   outer loop
     vertex  8.120590e+00  2.892037e+00  0.000000e+00
     vertex  8.000000e+00  2.941987e+00  0.000000e+00
     vertex  8.000000e+00  2.941987e+00  7.100000e-01
   endloop
 endfacet
 facet normal  1.305262e-01  9.914449e-01 -0.000000e+00
   outer loop
     vertex  8.250000e+00  2.875000e+00  0.000000e+00
     vertex  8.120590e+00  2.892037e+00  7.100000e-01
     vertex  8.250000e+00  2.875000e+00  7.100000e-01
   endloop
 endfacet
 facet normal  1.305262e-01  9.914449e-01  0.000000e+00
   outer loop
     vertex  8.250000e+00  2.875000e+00  0.000000e+00
     vertex  8.120590e+00  2.892037e+00  0.000000e+00
     vertex  8.120590e+00  2.892037e+00  7.100000e-01
   endloop
 endfacet
endsolid
